Date,DBC,EEM,EFA,GLD,IEF,IWM,QQQ,SPY,TLT,VNQ
2006-02-06,19.18509864807129,21.803115844726562,33.987098693847656,56.720001220703125,48.67744064331055,55.22732162475586,34.846832275390625,86.93225860595703,47.63731384277344,27.02301788330078
2006-02-07,18.630155563354492,21.231090545654297,33.73529052734375,54.599998474121094,48.618751525878906,54.335079193115234,34.69313049316406,86.16322326660156,47.412330627441406,26.810503005981445
2006-02-08,18.550880432128906,21.29709815979004,33.85572052001953,54.83000183105469,48.589393615722656,54.678260803222656,35.094451904296875,86.94601440429688,47.302391052246094,26.69149398803711
2006-02-09,18.725290298461914,21.35209083557129,33.921409606933594,56.18000030517578,48.63637161254883,54.39609909057617,34.76142883300781,86.8017578125,47.516963958740234,26.818994522094727
2006-02-10,18.384397506713867,21.31909942626953,33.844783782958984,54.790000915527344,48.49549865722656,54.281707763671875,34.97490310668945,86.95970153808594,47.255287170410156,26.844499588012695
2006-02-13,18.0989990234375,20.79326629638672,33.609397888183594,53.720001220703125,48.49549865722656,53.92329025268555,34.57359313964844,86.8017578125,47.26050567626953,26.882747650146484
2006-02-14,17.948375701904297,21.31909942626953,33.98161697387695,54.4900016784668,48.425048828125,54.54861068725586,34.923675537109375,87.721923828125,47.09308624267578,27.03151512145996
2006-02-15,17.686758041381836,21.209091186523438,33.675079345703125,53.7599983215332,48.51310729980469,55.0290641784668,35.14569854736328,88.03091430664062,47.208229064941406,27.269521713256836
2006-02-16,17.90080451965332,21.759119033813477,33.998043060302734,54.52000045776367,48.489627838134766,55.51712417602539,35.47016525268555,88.69013977050781,47.21865463256836,27.45229148864746
2006-02-17,18.154491424560547,21.73050880432129,33.89952087402344,54.959999084472656,48.65399169921875,55.4027214050293,35.18837356567383,88.44976806640625,47.59547424316406,27.745559692382812
2006-02-21,18.455747604370117,21.539104461669922,33.90498733520508,55.119998931884766,48.59529495239258,55.158668518066406,34.79558563232422,88.23006439208984,47.516963958740234,27.711549758911133
2006-02-22,18.154491424560547,21.655712127685547,34.16226577758789,55.34000015258789,48.77725601196289,55.53236770629883,35.23107147216797,88.76564025878906,47.84141159057617,28.0218448638916
2006-02-23,18.0910701751709,21.649112701416016,34.249839782714844,54.63999938964844,48.65985107421875,55.49425506591797,35.13713836669922,88.63520812988281,47.721046447753906,27.975065231323242
2006-02-24,18.582590103149414,21.69091033935547,34.36478805541992,55.63999938964844,48.60116958618164,55.9365348815918,35.23107147216797,88.86177825927734,47.64780807495117,27.826309204101562
2006-02-27,18.21791648864746,21.888919830322266,34.48522186279297,55.220001220703125,48.507259368896484,56.08906936645508,35.62384796142578,88.89612579345703,47.56927490234375,27.830564498901367
2006-02-28,18.46367645263672,21.31909942626953,34.16773986816406,56.06999969482422,48.700958251953125,55.349334716796875,35.094451904296875,88.051513671875,47.80476760864258,27.728559494018555
2006-03-01,18.42403793334961,21.908727645874023,34.518070220947266,56.099998474121094,48.604984283447266,56.35595703125,35.572601318359375,88.83433532714844,47.51594924926758,27.890066146850586
2006-03-02,18.756999969482422,21.926326751708984,34.45238494873047,56.7400016784668,48.410614013671875,56.11954879760742,35.59823989868164,88.82743835449219,47.18510818481445,27.856063842773438
2006-03-03,18.931413650512695,21.561111450195312,34.31005859375,56.279998779296875,48.29286575317383,55.83739471435547,35.393314361572266,88.41544342041016,46.91200637817383,27.70304298400879
2006-03-06,18.630155563354492,21.231090545654297,34.178672790527344,55.22999954223633,48.139774322509766,55.4027214050293,35.08591842651367,88.01033020019531,46.502403259277344,28.204572677612305
2006-03-07,18.30512046813965,20.48305320739746,33.76267623901367,54.95000076293945,48.1633186340332,54.601959228515625,34.8809814453125,87.87300872802734,46.53389358520508,27.864572525024414
2006-03-08,18.011795043945312,20.604061126708984,33.87761688232422,53.970001220703125,48.1868782043457,54.792633056640625,34.89805221557617,88.05838775634766,46.51814270019531,28.009061813354492
2006-03-09,18.194133758544922,20.395044326782227,33.83930587768555,54.2400016784668,48.23394775390625,54.312191009521484,34.599205017089844,87.46783447265625,46.53389358520508,28.238588333129883
2006-03-10,18.114856719970703,20.82406997680664,34.353843688964844,53.83000183105469,48.139774322509766,55.15105056762695,34.63335037231445,88.29871368408203,46.36062240600586,28.49359703063965
2006-03-13,18.35268783569336,20.80206871032715,34.63848114013672,54.310001373291016,48.09854507446289,55.265445709228516,34.735809326171875,88.46351623535156,46.323829650878906,28.306583404541016
2006-03-14,18.622228622436523,21.45110511779785,35.005226135253906,54.869998931884766,48.37531661987305,55.875511169433594,35.325016021728516,89.39054107666016,46.63371276855469,28.51059913635254
2006-03-15,18.416109085083008,21.69971466064453,35.131126403808594,55.119998931884766,48.286964416503906,56.386478424072266,35.62384796142578,89.7887954711914,46.38161087036133,29.05037498474121
2006-03-16,18.574665069580078,21.5061092376709,35.24608612060547,55.34000015258789,48.59317398071289,56.25682830810547,35.325016021728516,89.97420501708984,46.80170822143555,29.35213851928711
2006-03-17,18.48746109008789,21.65791130065918,35.415771484375,55.119998931884766,48.49308776855469,56.48561477661133,35.41813659667969,90.04936218261719,46.65993881225586,29.61565399169922
2006-03-20,18.10692596435547,21.781124114990234,35.4869270324707,55.16999816894531,48.58729934692383,56.45509338378906,35.50358581542969,89.90457916259766,46.73344421386719,29.1171875
2006-03-21,18.170351028442383,21.34109878540039,35.12019348144531,54.83000183105469,48.3870964050293,55.66965103149414,35.12760925292969,89.3392333984375,46.491886138916016,28.779457092285156
2006-03-22,18.13863754272461,21.576507568359375,35.4486083984375,54.75,48.44596862792969,56.531368255615234,35.213069915771484,89.88390350341797,46.591644287109375,28.84358024597168
2006-03-23,18.447818756103516,21.376298904418945,35.02164840698242,54.70000076293945,48.32231521606445,56.77540588378906,35.11053466796875,89.69771575927734,46.44464874267578,28.920549392700195
2006-03-24,18.40818214416504,21.561111450195312,35.300811767578125,55.709999084472656,48.534278869628906,57.24851989746094,35.289955139160156,89.7667007446289,46.78594207763672,28.87778091430664
2006-03-27,18.519166946411133,21.6931209564209,35.2406120300293,56.38999938964844,48.428314208984375,57.256160736083984,35.29850387573242,89.63565826416016,46.6126823425293,28.54433822631836
2006-03-28,18.756999969482422,21.29709815979004,34.9012336730957,56.060001373291016,48.192779541015625,56.95805358886719,35.15324401855469,89.08416748046875,46.17677307128906,28.860692977905273
2006-03-29,18.88384437561035,21.704116821289062,35.361019134521484,57.06999969482422,48.14564514160156,58.01284408569336,35.819732666015625,89.6426010131836,45.95624542236328,29.399328231811523
2006-03-30,19.113746643066406,21.814119338989258,35.78799057006836,58.599998474121094,48.00433349609375,57.859954833984375,35.930824279785156,89.48405456542969,45.63588333129883,28.97611427307129
2006-03-31,18.97897720336914,21.781124114990234,35.536190032958984,58.099998474121094,48.039649963378906,58.06633377075195,35.828277587890625,89.50471496582031,45.62018966674805,29.035959243774414
2006-04-03,19.066181182861328,22.39715003967285,35.92483901977539,58.470001220703125,47.98647689819336,57.5848274230957,35.871002197265625,89.43577575683594,45.634891510009766,28.53578758239746
2006-04-04,18.96312141418457,22.529155731201172,36.20948028564453,58.33000183105469,47.99240493774414,57.84471893310547,36.067543029785156,90.0079574584961,45.58746337890625,28.339126586914062
2006-04-05,19.082035064697266,22.76016616821289,36.32990264892578,58.65999984741211,48.10463333129883,58.142784118652344,36.40933609008789,90.31822204589844,45.650718688964844,28.493040084838867
2006-04-06,19.422929763793945,22.64356803894043,36.362754821777344,59.279998779296875,47.96875,58.265106201171875,36.511878967285156,90.22167205810547,45.302791595458984,28.377614974975586
2006-04-07,19.335723876953125,22.29814338684082,35.94675064086914,58.59000015258789,47.75018310546875,57.33259582519531,36.16152572631836,89.3047866821289,44.8599967956543,27.950115203857422
2006-04-10,19.69247055053711,22.22114372253418,36.01241683959961,59.599998474121094,47.809261322021484,57.271453857421875,36.11025619506836,89.44268035888672,44.94429397583008,27.685049057006836
2006-04-11,19.771751403808594,22.03193473815918,35.771583557128906,59.0099983215332,47.897857666015625,56.2548828125,35.819732666015625,88.684326171875,45.10247802734375,27.61665916442871
2006-04-12,19.732112884521484,22.1595401763916,35.596405029296875,59.43000030517578,47.78561782836914,56.84340286254883,35.828277587890625,88.84980773925781,44.82838439941406,27.61665916442871
2006-04-13,19.858951568603516,22.26514434814453,35.689456939697266,59.5,47.5316162109375,56.98862075805664,35.973541259765625,88.73257446289062,44.51210021972656,27.253284454345703
2006-04-17,20.0730037689209,22.529155731201172,35.85367965698242,61.09000015258789,47.71474075317383,57.026851654052734,35.597564697265625,88.6981201171875,44.67549133300781,27.176328659057617
2006-04-18,20.334619522094727,23.277193069458008,36.5871696472168,61.849998474121094,47.86832809448242,58.62431716918945,36.281150817871094,90.10449981689453,44.75455856323242,27.838958740234375
2006-04-19,20.53281021118164,23.42020606994629,36.838966369628906,63.75,47.73244857788086,59.052330017089844,36.44350051879883,90.27685546875,44.4804573059082,28.18095588684082
2006-04-20,20.294979095458984,23.336599349975586,36.67476272583008,60.959999084472656,47.69114685058594,58.73896408081055,36.31533432006836,90.40090942382812,44.44356155395508,28.210886001586914
2006-04-21,20.723073959350586,23.519210815429688,36.92107391357422,63.20000076293945,47.79154586791992,58.60902404785156,35.88809585571289,90.41474151611328,44.701866149902344,28.21515655517578
2006-04-24,20.310836791992188,23.211196899414062,36.95940017700195,61.650001525878906,47.85063934326172,58.142784118652344,35.853912353515625,90.24930572509766,44.881080627441406,28.069808959960938
2006-04-25,20.374256134033203,22.89217758178711,36.9375,62.779998779296875,47.549339294433594,58.180992126464844,35.77701950073242,89.8769760131836,44.34869384765625,27.85605239868164
2006-04-26,20.294979095458984,23.343204498291016,37.16740417480469,63.650001525878906,47.525672912597656,58.13515090942383,35.768463134765625,89.89765167236328,44.274871826171875,27.77054786682129
2006-04-27,19.97787094116211,22.975780487060547,37.233089447021484,62.959999084472656,47.65566635131836,57.65364074707031,36.11025619506836,90.33203125,44.332828521728516,27.945844650268555
2006-04-28,20.310836791992188,23.200191497802734,37.238563537597656,65.08999633789062,47.73836135864258,58.242149353027344,35.75993728637695,90.6352767944336,44.36445617675781,28.048433303833008
2006-05-01,20.53281021118164,23.193588256835938,37.222145080566406,65.16000366210938,47.4798583984375,57.523677825927734,35.40960693359375,89.89765167236328,44.03107833862305,27.710712432861328
2006-05-02,20.770645141601562,23.602813720703125,37.79141616821289,66.55000305175781,47.55694580078125,58.310935974121094,35.50358581542969,90.57331848144531,44.14751052856445,27.42855453491211
2006-05-03,20.398042678833008,23.62921714782715,37.566993713378906,66.45999908447266,47.491695404052734,58.21158981323242,35.45229721069336,90.23548126220703,44.0522575378418,27.479862213134766
2006-05-04,20.152280807495117,23.860227584838867,37.85710525512695,67.4800033569336,47.46205139160156,58.92238235473633,35.742835998535156,90.55948638916016,43.97816467285156,27.86888313293457
2006-05-05,20.374256134033203,24.24524688720703,38.43732833862305,67.98999786376953,47.57469940185547,59.251075744628906,36.02481460571289,91.35918426513672,44.24274826049805,28.227981567382812
2006-05-08,20.318761825561523,24.421253204345703,38.404483795166016,67.55999755859375,47.59844970703125,59.335147857666016,36.05900192260742,91.2489242553711,44.26919937133789,28.351953506469727
2006-05-09,20.6358699798584,24.443254470825195,38.6343879699707,69.68000030517578,47.58068084716797,59.251075744628906,35.92227554321289,91.42815399169922,44.24274826049805,28.339126586914062
2006-05-10,21.151172637939453,24.179235458374023,38.51397705078125,70.37999725341797,47.60438537597656,58.891822814941406,35.606117248535156,91.3798828125,44.322147369384766,28.236536026000977
2006-05-11,21.357295989990234,23.563217163085938,38.12532043457031,71.02999877929688,47.521358489990234,57.561859130859375,34.81146240234375,90.27685546875,44.10515213012695,27.714988708496094
2006-05-12,21.28594398498535,22.947179794311523,37.63268280029297,71.12000274658203,47.34351348876953,56.17844772338867,34.34149169921875,89.09797668457031,43.74001693725586,27.364423751831055
2006-05-15,20.56451988220215,22.39715003967285,37.30972671508789,67.41000366210938,47.444271087646484,55.926212310791016,34.315860748291016,89.2771987915039,43.91463088989258,27.74062728881836
2006-05-16,20.627944946289062,22.50935935974121,37.25498580932617,68.61000061035156,47.62212371826172,56.01791763305664,34.05951690673828,89.14625549316406,44.24274826049805,27.633756637573242
2006-05-17,20.596233367919922,21.73711585998535,36.06715774536133,68.1500015258789,47.485801696777344,54.99370574951172,33.59811019897461,87.4503402709961,43.967552185058594,27.116479873657227
2006-05-18,20.604158401489258,21.31909942626953,35.95768356323242,67.45999908447266,47.823768615722656,54.47398376464844,33.36737823486328,87.00910186767578,44.565582275390625,26.907001495361328
2006-05-19,20.152280807495117,21.778921127319336,36.1383056640625,65.58000183105469,47.79408645629883,54.955535888671875,33.62371826171875,87.62263488769531,44.68199920654297,26.97113037109375
2006-05-22,20.310836791992188,20.753664016723633,35.3446044921875,65.30000305175781,47.85931396484375,54.344051361083984,33.29903793334961,86.95391845703125,44.77727508544922,26.898448944091797
2006-05-23,20.627944946289062,20.527055740356445,35.35555648803711,66.37999725341797,47.841552734375,53.640865325927734,32.97433090209961,86.29210662841797,44.75079345703125,26.60348129272461
2006-05-24,20.104713439941406,20.38404655456543,35.33366394042969,64.05999755859375,47.912681579589844,54.05358123779297,33.19648742675781,86.98149108886719,44.771949768066406,26.64623260498047
2006-05-25,20.453536987304688,21.250890731811523,35.80989074707031,64.69999694824219,47.835594177246094,55.19245529174805,33.63226318359375,88.05695343017578,44.597312927246094,27.146411895751953
2006-05-26,20.65172576904297,21.187084197998047,36.099998474121094,65.0999984741211,47.87709426879883,55.5211181640625,33.74335861206055,88.50509643554688,44.565582275390625,27.471294403076172
2006-05-30,20.540739059448242,20.27404022216797,35.5526237487793,65.11000061035156,47.835594177246094,53.992462158203125,33.017059326171875,86.93327331542969,44.54438781738281,27.24472427368164
2006-05-31,20.231557846069336,20.615062713623047,35.81535339355469,64.2300033569336,47.6873664855957,54.932586669921875,33.17085266113281,87.90531158447266,44.27983093261719,27.291744232177734
2006-06-01,19.985797882080078,21.03748321533203,36.045265197753906,62.560001373291016,47.767093658447266,56.002647399902344,33.95698547363281,88.74637603759766,44.47748947143555,27.791915893554688
2006-06-02,20.382184982299805,21.25308609008789,36.39558792114258,63.5,48.136051177978516,55.96442794799805,33.87152099609375,88.9325180053711,45.05126953125,28.112577438354492
2006-06-05,20.326690673828125,20.351051330566406,35.60736083984375,63.290000915527344,48.040863037109375,54.3364372253418,33.13666915893555,87.63643646240234,44.992862701416016,28.249351501464844
2006-06-06,20.152280807495117,20.201435089111328,35.17491149902344,62.54999923706055,48.08250045776367,54.107120513916016,33.11106872558594,87.42273712158203,45.20536422729492,27.911632537841797
2006-06-07,20.01751136779785,19.75701332092285,34.69321823120117,62.279998779296875,48.01704788208008,53.57971954345703,32.863243103027344,86.76779174804688,45.21601104736328,28.1082763671875
2006-06-08,19.80345916748047,19.404996871948242,33.9268798828125,60.90999984741211,48.08250045776367,53.6255989074707,32.811981201171875,86.69197845458984,45.30633544921875,28.048433303833008
2006-06-09,19.83517074584961,19.151981353759766,33.88856506347656,60.45000076293945,48.2015266418457,53.151702880859375,32.59834671020508,86.41621398925781,45.545413970947266,28.23225975036621
2006-06-12,19.597339630126953,18.439149856567383,33.59845733642578,60.029998779296875,48.177730560302734,51.928775787353516,31.957502365112305,85.47859191894531,45.582611083984375,27.89453887939453
2006-06-13,19.066181182861328,18.029926300048828,32.5474853515625,55.91999816894531,48.243160247802734,50.942779541015625,31.82932472229004,84.48590850830078,45.614505767822266,27.60809898376465
2006-06-14,19.05825424194336,18.546955108642578,33.01822280883789,55.619998931884766,47.92182540893555,51.55421829223633,32.15404510498047,85.14083862304688,45.15753173828125,27.372968673706055
2006-06-15,19.264375686645508,19.62720489501953,34.15678405761719,57.31999969482422,47.8147087097168,53.31985855102539,33.02559280395508,86.94702911376953,44.89720153808594,27.945844650268555
2006-06-16,19.304014205932617,19.515005111694336,33.88310623168945,57.68000030517578,47.78498077392578,52.624305725097656,32.78276062011719,86.31346893310547,44.79624938964844,27.8902587890625
2006-06-19,18.947265625,18.788970947265625,33.713409423828125,56.36000061035156,47.73143768310547,51.592437744140625,32.51768112182617,85.63485717773438,44.732486724853516,27.697877883911133
2006-06-20,19.105823516845703,19.019981384277344,33.91594314575195,57.29999923706055,47.695701599121094,51.53129577636719,32.56044387817383,85.92572021484375,44.65808868408203,27.552526473999023
2006-06-21,19.383289337158203,19.636009216308594,34.353843688964844,58.33000183105469,47.68974685668945,52.433223724365234,33.07347106933594,86.56273651123047,44.668758392333984,27.873153686523438
2006-06-22,19.375364303588867,19.28399658203125,34.17321014404297,57.72999954223633,47.53504180908203,52.2380256652832,32.65448760986328,86.18189239501953,44.413700103759766,27.6765079498291
2006-06-23,19.335723876953125,19.250993728637695,34.074668884277344,57.9900016784668,47.49336242675781,52.55187225341797,32.620304107666016,86.16805267333984,44.3233757019043,27.46702766418457
2006-06-26,19.549774169921875,19.250993728637695,34.3428955078125,58.279998779296875,47.46366500854492,53.20256423950195,32.705810546875,86.54888916015625,44.23835754394531,27.759958267211914
2006-06-27,19.621122360229492,18.887977600097656,33.70793914794922,57.68000030517578,47.58859634399414,52.28394317626953,32.09016418457031,85.80104064941406,44.45622634887695,27.729719161987305
2006-06-28,19.541847229003906,19.47980308532715,34.09109878540039,57.540000915527344,47.43386459350586,52.51359939575195,32.329586029052734,86.38270568847656,44.22240447998047,27.81182289123535
2006-06-29,19.969942092895508,20.63705825805664,35.35009002685547,59.52000045776367,47.630226135253906,54.54217529296875,33.31289291381836,88.12765502929688,44.37118911743164,28.42966651916504
2006-06-30,20.057144165039062,20.659067153930664,35.79346466064453,61.22999954223633,47.79686737060547,54.90962600708008,33.15043640136719,88.13459014892578,44.801597595214844,28.645692825317383
2006-07-03,20.58830451965332,21.116683959960938,35.979576110839844,62.18000030517578,47.774173736572266,55.598594665527344,33.34709548950195,88.49466705322266,44.757286071777344,29.177125930786133
2006-07-05,20.429750442504883,20.4610538482666,35.29535675048828,62.5,47.60093688964844,54.78715133666992,32.620304107666016,87.9891586303711,44.39991760253906,29.12959861755371
2006-07-06,20.56451988220215,20.879072189331055,35.66756820678711,63.02000045776367,47.750282287597656,54.77185821533203,32.58610534667969,88.24541473388672,44.67194747924805,29.19874382019043
2006-07-07,20.413894653320312,20.48305320739746,35.50334548950195,62.630001068115234,47.89962387084961,53.96039962768555,32.22697448730469,87.67062377929688,44.959999084472656,29.077756881713867
2006-07-10,20.271196365356445,20.648059844970703,35.7989387512207,62.02000045776367,47.935462951660156,53.968055725097656,31.944795608520508,87.83683776855469,45.00267791748047,29.306747436523438
2006-07-11,20.71514892578125,20.7470645904541,35.89748001098633,63.810001373291016,47.989234924316406,54.44266128540039,32.18422317504883,88.224609375,45.14667510986328,29.354272842407227
2006-07-12,20.921268463134766,20.285043716430664,35.224185943603516,64.91999816894531,48.03103256225586,53.31737518310547,31.57713508605957,87.28288269042969,45.15731430053711,29.432056427001953
2006-07-13,20.91334342956543,19.48200035095215,34.60564041137695,65.55000305175781,48.13855743408203,52.10788345336914,31.0469970703125,85.86337280273438,45.33333206176758,29.0345458984375
2006-07-14,21.008474349975586,19.581010818481445,34.31005859375,65.8499984741211,48.17438888549805,51.69453048706055,30.73062515258789,85.53099060058594,45.36005401611328,28.63705062866211
2006-07-17,20.53281021118164,19.272993087768555,33.8283576965332,63.95000076293945,48.132591247558594,51.6255989074707,30.807592391967773,85.40634155273438,45.42938995361328,28.63705062866211
2006-07-18,20.405967712402344,19.541404724121094,33.773624420166016,62.900001525878906,47.94746017456055,51.97774887084961,30.910202026367188,85.84262084960938,45.03998947143555,29.069116592407227
2006-07-19,20.47731590270996,20.7470645904541,34.60564041137695,64.02999877929688,48.25204849243164,53.20256423950195,31.312061309814453,87.03357696533203,45.466712951660156,29.518449783325195
2006-07-20,20.26327133178711,20.150835037231445,34.41953659057617,62.540000915527344,48.353668212890625,51.83995056152344,30.850339889526367,86.4380874633789,45.60006332397461,29.27651023864746
2006-07-21,20.20777702331543,19.75921630859375,34.41953659057617,61.709999084472656,48.32377243041992,51.097408294677734,30.52543067932129,85.82874298095703,45.514732360839844,28.796920776367188
2006-07-24,20.294979095458984,20.648059844970703,35.04354476928711,61.13999938964844,48.32377243041992,52.72791290283203,31.13251495361328,87.39366912841797,45.488037109375,29.272180557250977
2006-07-25,20.120569229125977,20.70306396484375,35.0325927734375,61.54999923706055,48.27598190307617,52.858070373535156,31.312061309814453,87.70526885986328,45.35472106933594,29.42339515686035
2006-07-26,19.985797882080078,20.615062713623047,35.27892303466797,62.0,48.39547348022461,52.743255615234375,31.286409378051758,87.82301330566406,45.52003479003906,29.5271053314209
2006-07-27,20.374256134033203,20.898876190185547,35.49787521362305,62.900001525878906,48.389495849609375,52.2380256652832,31.081193923950195,87.73991394042969,45.45071029663086,29.432056427001953
2006-07-28,20.302907943725586,21.347692489624023,36.20948028564453,63.11000061035156,48.520931243896484,53.33267593383789,31.731050491333008,88.61929321289062,45.71206283569336,29.859779357910156
2006-07-31,20.501100540161133,21.14308738708496,36.083587646484375,63.15999984741211,48.598567962646484,53.34033966064453,31.722484588623047,88.52928161621094,45.770748138427734,29.76039695739746
2006-08-01,20.596233367919922,20.80206871032715,35.831787109375,64.31999969482422,48.60999298095703,52.505958557128906,31.192363739013672,88.09305572509766,45.76646423339844,29.604867935180664
2006-08-02,20.87370491027832,21.077083587646484,36.225894927978516,64.75,48.65194320678711,53.20256423950195,31.54292869567871,88.68858337402344,45.93783950805664,29.548702239990234
2006-08-03,20.675508499145508,21.055082321166992,36.165679931640625,64.12000274658203,48.663963317871094,53.8455810546875,31.739606857299805,88.92396545410156,45.94853973388672,29.829524993896484
2006-08-04,20.65172576904297,21.099084854125977,36.193050384521484,64.27999877929688,48.90384292602539,53.29438781738281,31.594242095947266,88.77167510986328,46.22700881958008,30.300485610961914
2006-08-07,20.976762771606445,20.967077255249023,35.9686279296875,64.5,48.837890625,53.08771896362305,31.38901710510254,88.56390380859375,46.2537727355957,30.002365112304688
2006-08-08,20.683441162109375,20.967077255249023,35.84273910522461,63.970001220703125,48.84386444091797,52.352840423583984,31.192363739013672,88.224609375,46.152034759521484,29.557336807250977
2006-08-09,20.71514892578125,21.046283721923828,36.01791000366211,64.62999725341797,48.819889068603516,51.82464599609375,31.23512077331543,87.92686462402344,46.00212478637695,29.375885009765625
2006-08-10,20.445608139038086,21.26189422607422,36.099998474121094,63.25,48.831851959228516,52.28394317626953,31.45742416381836,88.19692993164062,45.932472229003906,29.3974666595459
2006-08-11,20.24741554260254,21.004484176635742,35.78799057006836,62.709999084472656,48.67597198486328,51.74808120727539,31.23512077331543,87.9476547241211,45.734344482421875,29.216020584106445
2006-08-14,20.057144165039062,21.08808708190918,35.908416748046875,62.25,48.59200668334961,52.054298400878906,31.440319061279297,88.016845703125,45.653995513916016,29.496849060058594
2006-08-15,20.08885955810547,21.6051082611084,36.685691833496094,62.0099983215332,48.825927734375,53.14129638671875,32.23554611206055,89.06941223144531,46.03959655761719,29.833873748779297
2006-08-16,19.87480926513672,21.81632423400879,37.01961135864258,62.4900016784668,49.02981948852539,53.90679168701172,32.99652099609375,89.81029510498047,46.35020065307617,29.89002799987793
2006-08-17,19.565629959106445,21.847118377685547,36.88275146484375,61.029998779296875,49.01783752441406,53.991024017333984,33.116214752197266,90.03883361816406,46.33412170410156,29.846824645996094
2006-08-18,19.66868782043457,21.64031410217285,37.03602981567383,61.040000915527344,49.149742126464844,54.304874420166016,33.16754913330078,90.49583435058594,46.468021392822266,29.98076057434082
2006-08-21,19.82724380493164,21.52811050415039,36.92107391357422,62.439998626708984,49.20974349975586,53.72309494018555,32.851173400878906,90.10803985595703,46.634002685546875,30.15359115600586
2006-08-22,19.7955322265625,21.521507263183594,36.817081451416016,62.04999923706055,49.227718353271484,53.899139404296875,32.859710693359375,90.10112762451172,46.650089263916016,30.36530303955078
2006-08-23,19.58941078186035,21.132091522216797,36.685691833496094,61.83000183105469,49.17970275878906,53.2790641784668,32.61174392700195,89.85186004638672,46.671485900878906,30.131982803344727
2006-08-24,19.87480926513672,21.074880599975586,36.581695556640625,61.75,49.227718353271484,53.18724822998047,32.705810546875,89.7756576538086,46.7571907043457,30.248645782470703
2006-08-25,19.86688232421875,21.13429069519043,36.5543327331543,61.77000045776367,49.2936897277832,53.2790641784668,32.765663146972656,89.88645935058594,46.82686996459961,30.2270450592041
2006-08-28,19.557697296142578,21.374095916748047,36.70759201049805,61.0,49.287723541259766,53.8455810546875,33.013641357421875,90.31576538085938,46.86963653564453,30.585649490356445
2006-08-29,19.525989532470703,21.446699142456055,37.0031852722168,60.939998626708984,49.32971954345703,54.54217529296875,33.116214752197266,90.4196548461914,46.933937072753906,30.589988708496094
2006-08-30,19.819316864013672,21.539104461669922,37.0031852722168,61.41999816894531,49.389652252197266,54.96320724487305,33.27016067504883,90.47505187988281,47.05710220336914,30.771442413330078
2006-08-31,19.819316864013672,21.477508544921875,37.0031852722168,62.290000915527344,49.455596923828125,54.94023132324219,33.235939025878906,90.46122741699219,47.16957092285156,30.79735565185547
2006-09-01,19.77967643737793,21.71731948852539,37.27688980102539,62.13999938964844,49.52908706665039,54.9785270690918,33.415496826171875,91.00132751464844,47.1856689453125,30.620210647583008
2006-09-05,19.74796485900879,21.83611488342285,37.473934173583984,63.36000061035156,49.36648941040039,55.476097106933594,33.74041748046875,91.17440795898438,46.88994216918945,30.931283950805664
2006-09-06,19.644906997680664,21.209091186523438,36.84444046020508,62.86000061035156,49.330379486083984,54.297237396240234,33.06494140625,90.37117767333984,46.82545852661133,30.784395217895508
2006-09-07,19.581485748291016,20.967077255249023,36.401065826416016,61.25,49.36648941040039,53.81495666503906,32.91102981567383,89.95574188232422,46.9168586730957,30.5338134765625
2006-09-08,19.422929763793945,21.13868522644043,36.412017822265625,60.63999938964844,49.4146842956543,54.02164077758789,33.107696533203125,90.21192932128906,46.954490661621094,30.823299407958984
2006-09-11,18.971050262451172,20.683269500732422,36.193050384521484,58.5,49.32436752319336,53.9527587890625,33.31289291381836,90.30197143554688,46.91149139404297,30.92265510559082
2006-09-12,18.669795989990234,21.03748321533203,36.60906219482422,58.31999969482422,49.46289825439453,55.22346878051758,33.92854690551758,91.1882553100586,47.148033142089844,31.32015037536621
2006-09-13,18.622228622436523,21.35209083557129,36.537906646728516,58.619998931884766,49.51103973388672,55.69044494628906,34.15939712524414,91.55530548095703,47.16957092285156,31.497297286987305
2006-09-14,18.511240005493164,21.176088333129883,36.5871696472168,57.189998626708984,49.4146842956543,55.491397857666016,34.19362258911133,91.56216430664062,47.06200408935547,31.328807830810547
2006-09-15,18.455747604370117,21.301498413085938,36.51054000854492,57.400001525878906,49.38462448120117,55.621551513671875,34.315940856933594,91.77714538574219,47.02436828613281,31.579397201538086
2006-09-18,18.677722930908203,21.54130744934082,36.66381072998047,58.22999954223633,49.31234359741211,55.606231689453125,34.3244743347168,91.90229797363281,46.949119567871094,31.354711532592773
2006-09-19,18.400249481201172,21.209091186523438,36.32442855834961,56.91999816894531,49.60736083984375,55.361270904541016,34.09349822998047,91.67276000976562,47.476016998291016,31.588037490844727
2006-09-20,18.289264678955078,21.644710540771484,36.680233001708984,57.2599983215332,49.619380950927734,56.10379409790039,34.589717864990234,92.15960693359375,47.545928955078125,31.518896102905273
2006-09-21,18.606369018554688,21.116683959960938,36.76780700683594,57.95000076293945,49.97457504272461,55.49906539916992,34.375831604003906,91.71450805664062,47.981414794921875,31.168922424316406
2006-09-22,18.392324447631836,20.848268508911133,36.5871696472168,58.5,50.12510299682617,54.76418685913086,34.11061477661133,91.43628692626953,48.218013763427734,31.251022338867188
2006-09-25,18.431962966918945,21.09027862548828,36.74045181274414,58.5,50.29363250732422,55.41484832763672,34.709495544433594,92.1387710571289,48.55670166015625,31.298139572143555
2006-09-26,18.511240005493164,21.338895797729492,36.828025817871094,58.7400016784668,50.167236328125,55.592247009277344,34.88058853149414,92.90380096435547,48.35240173339844,31.22397804260254
2006-09-27,18.788715362548828,21.290494918823242,37.06340026855469,59.810001373291016,50.15515899658203,55.99928283691406,34.837833404541016,93.0151138305664,48.21261978149414,31.498764038085938
2006-09-28,18.9393367767334,21.46210479736328,37.16740417480469,59.790000915527344,50.10702896118164,55.77657699584961,34.93193817138672,92.98031616210938,48.1319694519043,31.433330535888672
2006-09-29,18.986906051635742,21.290494918823242,37.08530807495117,59.470001220703125,50.05284881591797,55.29275131225586,34.77793884277344,92.90380096435547,48.07286071777344,31.40280532836914
2006-10-02,18.780780792236328,21.25529670715332,37.189300537109375,59.150001525878906,50.141082763671875,54.77053451538086,34.34159851074219,92.55603790283203,48.20457077026367,31.341747283935547
2006-10-03,18.471599578857422,20.967077255249023,37.222145080566406,57.11000061035156,50.13502883911133,54.6937370300293,34.4870491027832,92.75079345703125,48.1397819519043,31.647058486938477
2006-10-04,18.606369018554688,21.52811050415039,37.57793426513672,56.369998931884766,50.36467361450195,56.022300720214844,35.33403778076172,93.83574676513672,48.49069595336914,32.013427734375
2006-10-05,18.70943832397461,21.814119338989258,37.621726989746094,56.91999816894531,50.189422607421875,56.73649597167969,35.505149841308594,94.0166015625,48.15056610107422,32.2227668762207
2006-10-06,18.780780792236328,21.759119033813477,37.2878303527832,56.9900016784668,49.91749572753906,56.444671630859375,35.42815399169922,93.8983383178711,47.64850616455078,32.02213668823242
2006-10-09,19.304014205932617,21.677711486816406,37.315185546875,57.20000076293945,49.9778938293457,56.87472915649414,35.54792022705078,93.95401000976562,47.778114318847656,32.20530319213867
2006-10-10,18.788715362548828,21.87352752685547,37.358978271484375,57.0,49.67573165893555,56.905460357666016,35.607810974121094,94.07918548583984,47.400230407714844,32.209678649902344
2006-10-11,18.535022735595703,21.756916046142578,37.33161163330078,56.880001068115234,49.615333557128906,56.6827507019043,35.53938293457031,93.96792602539062,47.25988006591797,32.08755874633789
2006-10-12,18.74114418029785,22.287141799926758,37.73120880126953,57.4900016784668,49.64554977416992,57.826988220214844,36.104034423828125,94.7816162109375,47.28689193725586,32.37978744506836
2006-10-13,19.145462036132812,22.41914939880371,37.796897888183594,58.56999969482422,49.560916900634766,58.287784576416016,36.30080032348633,95.02503967285156,47.04935073852539,32.75050354003906
2006-10-16,19.31193733215332,22.48075294494629,37.939208984375,59.16999816894531,49.64554977416992,58.633358001708984,36.33503723144531,95.1711196899414,47.25988006591797,32.8203010559082
2006-10-17,19.327795028686523,22.185941696166992,37.70383834838867,58.650001525878906,49.6999397277832,58.34151840209961,35.932918548583984,94.87202453613281,47.29768371582031,32.71125411987305
2006-10-18,19.018617630004883,22.40375328063965,37.796897888183594,58.59000015258789,49.68785858154297,58.349220275878906,35.761817932128906,94.99720001220703,47.394866943359375,32.87700653076172
2006-10-19,19.335723876953125,22.50275993347168,38.08153533935547,59.40999984741211,49.64554977416992,58.633358001708984,35.84735870361328,95.15023040771484,47.30845642089844,32.798492431640625
2006-10-20,19.066181182861328,22.39715003967285,38.20195770263672,58.779998779296875,49.63345718383789,58.057403564453125,35.932918548583984,95.1711196899414,47.25988006591797,32.75486755371094
2006-10-23,19.105823516845703,22.377347946166992,38.234798431396484,57.7599983215332,49.494468688964844,58.17259979248047,36.30080032348633,95.60924530029297,47.0709342956543,32.951133728027344
2006-10-24,19.2405948638916,22.504955291748047,38.24027633666992,58.16999816894531,49.560916900634766,58.287784576416016,36.05269241333008,95.8944091796875,47.0709342956543,32.78104019165039
2006-10-25,19.581485748291016,22.766773223876953,38.50849914550781,58.7599983215332,49.74223709106445,58.6717529296875,36.30080032348633,96.22126770019531,47.443450927734375,32.9467658996582
2006-10-26,19.446712493896484,22.821767807006836,38.8040885925293,59.290000915527344,49.911415100097656,59.16324996948242,36.63445281982422,96.52033233642578,47.7510871887207,33.273895263671875
2006-10-27,19.502206802368164,22.4411563873291,38.53586959838867,59.400001525878906,50.07460403442383,58.472110748291016,36.11259078979492,95.91524505615234,47.972450256347656,33.05145263671875
2006-10-30,19.29608726501465,22.364152908325195,38.453758239746094,59.900001525878906,50.09878921508789,58.72550582885742,36.34358215332031,95.84573364257812,48.10736846923828,33.23899459838867
2006-10-31,19.177173614501953,22.793174743652344,38.47564697265625,60.2400016784668,50.322330474853516,58.541221618652344,36.42914962768555,95.83180236816406,48.47985076904297,33.29568862915039
2006-11-01,19.422929763793945,22.564363479614258,38.40997314453125,61.36000061035156,50.497066497802734,57.27406692504883,35.932918548583984,95.18504333496094,48.74811553955078,33.03835678100586
2006-11-02,19.28023338317871,22.634763717651367,38.55229187011719,61.91999816894531,50.35753631591797,57.189613342285156,35.96714782714844,95.12933349609375,48.54759216308594,32.41030502319336
2006-11-03,19.518062591552734,22.705169677734375,38.404483795166016,62.29999923706055,49.97541809082031,57.4660758972168,35.873050689697266,94.9624252319336,47.97318649291992,32.05266189575195
2006-11-06,19.858951568603516,23.24419403076172,38.9737663269043,61.88999938964844,50.02392578125,58.13416290283203,36.3949089050293,96.03351593017578,48.114078521728516,32.34922790527344
2006-11-07,19.811389923095703,23.145191192626953,39.017555236816406,62.040000915527344,50.19381332397461,58.518165588378906,36.64303207397461,96.402099609375,48.33624267578125,31.99596405029297
2006-11-08,19.7876033782959,23.204593658447266,39.02851104736328,61.11000061035156,50.302940368652344,58.81764602661133,36.81413650512695,96.61077117919922,48.50966262817383,32.10499572753906
2006-11-09,20.049219131469727,23.283798217773438,38.831443786621094,62.95000076293945,50.29690933227539,58.28010940551758,36.64303207397461,96.10305786132812,48.482566833496094,32.152976989746094
2006-11-10,19.62904930114746,23.316801071166992,38.984718322753906,62.4900016784668,50.40607452392578,58.763893127441406,36.81413650512695,96.144775390625,48.693912506103516,32.283836364746094
2006-11-13,19.486352920532227,23.39600372314453,38.73838806152344,62.189998626708984,50.38181686401367,58.84839630126953,37.190582275390625,96.3812255859375,48.68305587768555,32.36233139038086
2006-11-14,19.541847229003906,23.761220932006836,39.16535949707031,61.630001068115234,50.48493957519531,59.984954833984375,37.584110260009766,97.10456848144531,48.87272262573242,32.772315979003906
2006-11-15,19.69247055053711,23.805219650268555,39.154396057128906,61.84000015258789,50.345428466796875,60.438045501708984,37.73813247680664,97.38275909423828,48.68849563598633,32.81156921386719
2006-11-16,19.200952529907227,23.565414428710938,39.072303771972656,61.310001373291016,50.21806716918945,60.3919563293457,37.900691986083984,97.6331558227539,48.46630859375,33.034000396728516
2006-11-17,19.438785552978516,23.53900718688965,38.95734405517578,61.779998779296875,50.400028228759766,60.35356903076172,37.900691986083984,97.66096496582031,48.74267578125,32.90753936767578
2006-11-20,19.367433547973633,23.446603775024414,38.66176986694336,61.77000045776367,50.43031692504883,60.438045501708984,37.977664947509766,97.7166519165039,48.81853485107422,34.045875549316406
2006-11-21,19.549774169921875,23.820627212524414,38.85335159301758,62.27000045776367,50.5031852722168,60.53786849975586,38.02900695800781,97.81396484375,48.93771743774414,34.59541702270508
2006-11-22,19.621122360229492,23.987831115722656,39.23104476928711,62.5,50.58199691772461,60.606964111328125,38.268558502197266,98.00867462158203,49.01898956298828,34.748069763183594
2006-11-24,19.89066505432129,23.98343849182129,39.02303695678711,63.5,50.63656997680664,60.3305549621582,38.20011520385742,97.61228942871094,49.105709075927734,34.896366119384766
2006-11-27,19.9461612701416,23.530210494995117,38.7000732421875,63.70000076293945,50.685115814208984,58.97895431518555,37.33601760864258,96.2699966430664,49.2845458984375,33.954288482666016
2006-11-28,20.001651763916016,23.66661262512207,39.04493713378906,63.56999969482422,50.77604675292969,59.17863464355469,37.44722366333008,96.68727111816406,49.38754653930664,34.045875549316406
2006-11-29,20.255340576171875,24.049442291259766,39.488311767578125,63.15999984741211,50.71542739868164,59.9465446472168,37.70391845703125,97.69570922851562,49.273719787597656,34.5256233215332
2006-11-30,20.437681198120117,24.15723991394043,39.657997131347656,64.38999938964844,50.98234558105469,59.9542236328125,37.67823791503906,97.73750305175781,49.598846435546875,34.88764572143555
2006-12-01,20.429750442504883,24.058242797851562,39.608734130859375,64.12000274658203,51.100433349609375,59.73154067993164,37.35314178466797,97.52185821533203,49.725032806396484,34.82222366333008
2006-12-04,20.334619522094727,24.559860229492188,39.86602020263672,64.12000274658203,51.09434509277344,60.914188385009766,37.866485595703125,98.2660140991211,49.81202697753906,35.22785568237305
2006-12-05,20.398042678833008,24.988882064819336,40.09043884277344,63.810001373291016,51.027400970458984,60.96027374267578,38.00333786010742,98.69031524658203,49.57817077636719,34.957420349121094
2006-12-06,20.128494262695312,24.817277908325195,40.00286102294922,62.689998626708984,50.94821548461914,60.75289535522461,37.866485595703125,98.60682678222656,49.480262756347656,34.76115798950195
2006-12-07,20.057144165039062,24.729272842407227,40.13970184326172,62.72999954223633,50.92995834350586,60.491798400878906,37.38735580444336,98.17562866210938,49.442195892333984,34.54744338989258
2006-12-08,19.89859390258789,24.619260787963867,40.041168212890625,62.04999923706055,50.69865798950195,60.4995002746582,37.55845642089844,98.35643768310547,49.08324432373047,34.66084671020508
2006-12-11,19.9303035736084,24.630264282226562,40.20538330078125,62.56999969482422,50.856929779052734,60.6530647277832,37.69535446166992,98.64154815673828,49.29533767700195,34.73935317993164
2006-12-12,19.89859390258789,24.3332462310791,40.36960220336914,62.52000045776367,50.94821548461914,60.32286071777344,37.472904205322266,98.56511688232422,49.398651123046875,34.58235549926758
2006-12-13,19.906522750854492,24.465255737304688,40.52286148071289,62.47999954223633,50.68643569946289,60.399681091308594,37.54135513305664,98.66946411132812,48.9581298828125,34.40351486206055
2006-12-14,20.136423110961914,24.883272171020508,40.68708419799805,62.119998931884766,50.607330322265625,60.64542007446289,37.96054458618164,99.5387954711914,48.77857208251953,34.429683685302734
2006-12-15,20.231557846069336,24.993288040161133,40.52286148071289,61.0,50.61953353881836,60.5916748046875,38.058223724365234,99.54785919189453,48.805843353271484,34.1723518371582
2006-12-18,19.874195098876953,24.81947898864746,40.46267318725586,61.040000915527344,50.64384460449219,59.83136749267578,37.681297302246094,99.27513885498047,48.82210922241211,33.958656311035156
2006-12-19,20.109729766845703,24.663265228271484,40.643287658691406,61.79999923706055,50.63166809082031,59.79297637939453,37.561397552490234,99.46393585205078,48.756839752197266,33.6707878112793
2006-12-20,20.150339126586914,24.936172485351562,40.57213592529297,61.619998931884766,50.61953353881836,60.139259338378906,37.424339294433594,99.40804290771484,48.75141525268555,34.02406692504883
2006-12-21,19.947290420532227,24.891538619995117,40.551448822021484,61.380001068115234,50.802146911621094,59.861572265625,37.15879821777344,99.04432678222656,48.99617385864258,33.744930267333984
2006-12-22,20.101608276367188,24.980796813964844,40.4564208984375,61.650001525878906,50.5708122253418,59.46828079223633,36.773338317871094,98.4358901977539,48.62087631225586,33.448734283447266
2006-12-26,19.79297637939453,25.212873458862305,40.439659118652344,61.97999954223633,50.607330322265625,60.316627502441406,36.927528381347656,99.0163803100586,48.76771926879883,33.68889617919922
2006-12-27,19.73612403869629,25.572124481201172,40.94272232055664,62.220001220703125,50.472412109375,61.03387451171875,37.115970611572266,99.66675567626953,48.40919876098633,33.991329193115234
2006-12-28,19.882320404052734,25.52303695678711,40.97066879272461,62.900001525878906,50.35640335083008,60.7562255859375,36.936092376708984,99.45696258544922,48.30001449584961,34.084716796875
2006-12-29,19.963537216186523,25.476177215576172,40.925933837890625,63.209999084472656,50.33195495605469,60.17781448364258,36.9703483581543,99.04432678222656,48.26179504394531,34.24481964111328
2007-01-03,19.33003044128418,25.692623138427734,41.08803939819336,62.279998779296875,50.47848892211914,60.27804183959961,37.03888702392578,98.86949157714844,48.60563659667969,34.29819869995117
2007-01-04,18.82647705078125,25.33782958984375,40.97066879272461,61.650001525878906,50.661678314208984,60.44003677368164,37.741302490234375,99.07931518554688,48.90033721923828,34.3426513671875
2007-01-05,18.761503219604492,24.59699249267578,40.35581970214844,60.16999816894531,50.4968147277832,59.175228118896484,37.561397552490234,98.28900909423828,48.68747329711914,33.70668029785156
2007-01-08,18.85896110534668,24.7755069732666,40.411712646484375,60.47999954223633,50.53343200683594,58.94384765625,37.58710479736328,98.7436294555664,48.77485656738281,33.7556037902832
2007-01-09,18.6965274810791,24.22211456298828,40.45085525512695,60.849998474121094,50.52122116088867,59.499149322509766,37.77555465698242,98.65968322753906,48.77485656738281,34.182552337646484
2007-01-10,18.42038345336914,24.166324615478516,40.14342498779297,60.59000015258789,50.435768127441406,59.96184158325195,38.22096252441406,98.98838806152344,48.55647277832031,34.62285232543945
2007-01-11,18.39601707458496,24.47203254699707,40.400535583496094,60.630001068115234,50.30145263671875,60.33203887939453,38.6150016784668,99.4219970703125,48.27273178100586,35.07204055786133
2007-01-12,18.82647705078125,24.969636917114258,40.85886764526367,62.16999816894531,50.19765853881836,60.91044235229492,38.81201171875,100.17725372314453,48.0489616394043,35.1832160949707
2007-01-16,18.39601707458496,25.05890655517578,40.80856704711914,61.970001220703125,50.29531478881836,60.5017204284668,38.78630447387695,99.98147583007812,48.152671813964844,35.68132781982422
2007-01-17,18.558456420898438,24.954023361206055,40.8309211730957,62.63999938964844,50.19765853881836,60.239505767822266,38.46938705444336,100.0234603881836,48.00529479980469,35.66797637939453
2007-01-18,18.36353302001953,24.690706253051758,40.69118881225586,62.2599983215332,50.264835357666016,59.73817825317383,37.7584228515625,99.68775177001953,48.152671813964844,35.623512268066406
2007-01-19,18.639673233032227,25.134761810302734,41.188655853271484,63.0,50.185447692871094,59.96961212158203,37.83550262451172,99.88357543945312,48.02165222167969,35.97929382324219
2007-01-22,18.655914306640625,25.105749130249023,40.981849670410156,62.720001220703125,50.27701187133789,59.52997589111328,37.424339294433594,99.57584381103516,48.136287689208984,35.67687225341797
2007-01-23,19.24881362915039,25.677005767822266,41.34515380859375,64.2300033569336,50.13051223754883,60.09299087524414,37.330108642578125,99.8696060180664,47.819740295410156,35.845863342285156
2007-01-24,19.086374282836914,25.900148391723633,41.61344909667969,64.33000183105469,50.136627197265625,60.748504638671875,37.94685363769531,100.673828125,47.81430435180664,36.3128662109375
2007-01-25,18.915815353393555,25.103530883789062,40.937129974365234,64.05999755859375,49.94123077392578,59.985015869140625,37.45859146118164,99.49198150634766,47.47044372558594,36.53521728515625
2007-01-26,19.151348114013672,25.25749969482422,41.01537322998047,64.16999816894531,49.935157775878906,60.20864486694336,37.32155227661133,99.4010238647461,47.432228088378906,36.65528869628906
2007-01-29,18.761503219604492,24.92278289794922,41.060089111328125,63.77000045776367,49.89847946166992,60.73310089111328,37.35582733154297,99.34508514404297,47.32859420776367,36.775390625
2007-01-30,19.281301498413086,25.308822631835938,41.339569091796875,64.22000122070312,49.947349548339844,61.064720153808594,37.37295150756836,99.86255645751953,47.38312530517578,36.95772171020508
2007-01-31,19.484346389770508,25.505184173583984,41.49605941772461,64.83000183105469,50.13051223754883,61.19581985473633,37.74985122680664,100.53394317626953,47.78152847290039,37.251243591308594
2007-02-01,19.41124725341797,25.81759262084961,41.842613220214844,65.22000122070312,50.09433364868164,61.85133743286133,37.68988800048828,101.1354751586914,47.72399139404297,37.39799499511719
2007-02-02,19.66302490234375,25.73949432373047,41.75877380371094,64.27999877929688,50.13724136352539,61.88991165161133,37.826934814453125,101.27529907226562,47.78426742553711,37.46471405029297
2007-02-05,19.598051071166992,25.764034271240234,41.62461471557617,64.30999755859375,50.19236755371094,61.882179260253906,37.792667388916016,101.30328369140625,47.85002899169922,37.46471405029297
2007-02-06,19.50058937072754,26.018413543701172,41.94881820678711,64.79000091552734,50.33333969116211,62.036415100097656,37.741302490234375,101.33129119873047,48.11306381225586,38.016178131103516
2007-02-07,19.26505470275879,25.917999267578125,42.06619644165039,64.62999725341797,50.443668365478516,62.60714340209961,38.083919525146484,101.5550308227539,48.25556945800781,38.81227111816406
2007-02-08,19.711755752563477,25.779653549194336,41.89850616455078,65.5199966430664,50.45594787597656,62.506900787353516,38.075355529785156,101.42221069335938,48.293914794921875,38.514305114746094
2007-02-09,19.833585739135742,25.47170639038086,41.71965026855469,66.12000274658203,50.302711486816406,61.93617248535156,37.58710479736328,100.66686248779297,48.019901275634766,38.069576263427734
2007-02-12,19.459978103637695,25.297658920288086,41.557552337646484,65.66999816894531,50.23528289794922,61.76654052734375,37.44145965576172,100.32418823242188,47.91033935546875,37.38022232055664
2007-02-13,19.817344665527344,25.699317932128906,42.08854675292969,65.83999633789062,50.198551177978516,62.22150802612305,37.569969177246094,101.17039489746094,47.80622482299805,38.105133056640625
2007-02-14,19.5493221282959,26.25271224975586,42.6586799621582,66.37000274658203,50.48653030395508,62.31403350830078,38.20384216308594,101.83480834960938,48.261016845703125,37.8338623046875
2007-02-15,19.5493221282959,26.268333435058594,42.708980560302734,66.41000366210938,50.56623458862305,62.36033630371094,38.42656326293945,101.96768188476562,48.40348815917969,38.11403274536133
2007-02-16,19.89044189453125,26.328584671020508,42.69221115112305,66.36000061035156,50.62138366699219,62.599430084228516,38.29804611206055,101.91875457763672,48.573368072509766,38.016178131103516
2007-02-20,19.671152114868164,26.39775276184082,42.75368881225586,65.30999755859375,50.68267059326172,63.20097351074219,38.58929443359375,102.13555908203125,48.682960510253906,38.309715270996094
2007-02-21,20.09348487854004,26.475849151611328,42.53569793701172,67.3499984741211,50.67652893066406,63.3166389465332,38.70922088623047,102.09356689453125,48.60078048706055,38.18521499633789
2007-02-22,20.369626998901367,26.408918380737305,42.72574996948242,67.1500015258789,50.5478630065918,63.54026412963867,38.9062385559082,102.01661682128906,48.337745666503906,37.98061752319336
2007-02-23,20.49957847595215,26.219242095947266,42.859893798828125,67.72000122070312,50.750099182128906,63.20097351074219,38.76920700073242,101.61797332763672,48.682960510253906,37.31796646118164
2007-02-26,20.556432723999023,26.208086013793945,42.88225173950195,68.0999984741211,50.90947723388672,63.154666900634766,38.58073806762695,101.52705383300781,49.006263732910156,37.13116455078125
2007-02-27,20.166584014892578,24.077068328857422,41.15510940551758,65.41000366210938,51.33842086791992,60.19322967529297,36.99604034423828,97.56169891357422,49.6254997253418,35.97929382324219
2007-02-28,20.4752140045166,24.679548263549805,41.44575119018555,66.4800033569336,51.160682678222656,60.79475784301758,37.115970611572266,98.561767578125,49.40083694458008,36.24613571166992
2007-03-01,20.329021453857422,24.32476806640625,41.020965576171875,65.81999969482422,51.206809997558594,60.47860336303711,36.94465637207031,98.26802825927734,49.36945724487305,35.88145065307617
2007-03-02,20.1422176361084,24.09938621520996,40.46761703491211,63.709999084472656,51.37284469604492,59.275482177734375,36.38787078857422,96.981201171875,49.617008209228516,35.31218719482422
2007-03-05,19.84170913696289,23.481279373168945,39.629207611083984,62.93000030517578,51.403587341308594,57.972129821777344,36.10520935058594,96.05806732177734,49.699520111083984,33.937950134277344
2007-03-06,20.02851104736328,24.512205123901367,40.85886764526367,64.1500015258789,51.3359260559082,59.5531120300293,36.704803466796875,97.70155334472656,49.55100631713867,35.1832160949707
2007-03-07,20.304656982421875,24.362701416015625,40.87005615234375,64.30000305175781,51.42817306518555,59.360321044921875,36.559200286865234,97.60366821289062,49.74354553222656,34.68955993652344
2007-03-08,20.337142944335938,24.991952896118164,41.350738525390625,64.4800033569336,51.42202377319336,59.80758285522461,36.80759811401367,98.42887878417969,49.699520111083984,35.2454719543457
2007-03-09,20.069120407104492,25.036582946777344,41.417816162109375,64.25,51.13299560546875,60.293479919433594,36.773338317871094,98.45686340332031,49.176963806152344,35.71245574951172
2007-03-12,19.882320404052734,25.159313201904297,41.68611145019531,64.37000274658203,51.2744255065918,60.46316146850586,37.01317596435547,98.60372161865234,49.36945724487305,35.890342712402344
2007-03-13,19.72800064086914,24.427410125732422,40.69118881225586,63.720001220703125,51.501930236816406,58.91301345825195,36.29365539550781,96.68748474121094,49.66653823852539,35.04534149169922
2007-03-14,19.768611907958984,24.62822914123535,40.70795822143555,63.939998626708984,51.43431854248047,59.53768539428711,36.824729919433594,97.40779876708984,49.441009521484375,35.214332580566406
2007-03-15,19.64678192138672,24.829059600830078,40.89241409301758,63.97999954223633,51.379005432128906,60.00040054321289,36.739078521728516,97.54073333740234,49.435482025146484,35.53010559082031
2007-03-16,19.695514678955078,24.617076873779297,40.94272232055664,64.62000274658203,51.37284469604492,59.591670989990234,36.71077346801758,97.26761627197266,49.42454147338867,35.134300231933594
2007-03-19,19.79297637939453,25.157089233398438,41.574317932128906,64.73999786376953,51.30518341064453,60.33203887939453,37.087921142578125,98.44019317626953,49.32000732421875,35.48562240600586
2007-03-20,19.817344665527344,25.32221221923828,41.92646408081055,65.2699966430664,51.379005432128906,60.81019973754883,37.353633880615234,98.9808120727539,49.34751892089844,35.627952575683594
2007-03-21,19.849830627441406,26.080896377563477,42.82076644897461,65.81999969482422,51.45276641845703,61.90532684326172,38.0736083984375,100.60972595214844,49.36945724487305,36.05934143066406
2007-03-22,20.174705505371094,25.969318389892578,42.6586799621582,65.76000213623047,51.280609130859375,61.90532684326172,37.936485290527344,100.53252410888672,48.97892379760742,36.09492492675781
2007-03-23,20.182825088500977,26.089811325073242,42.75929260253906,65.1500015258789,51.20065689086914,62.00114059448242,37.81649398803711,100.67994689941406,48.841392517089844,36.11716842651367
2007-03-26,20.272167205810547,26.074190139770508,42.77604675292969,65.83999633789062,51.24367904663086,61.869789123535156,37.970760345458984,100.54656219482422,48.901939392089844,35.53880310058594
2007-03-27,20.329021453857422,25.958160400390625,42.586002349853516,65.69999694824219,51.23143005371094,61.5838623046875,37.70505905151367,100.3078384399414,48.81938171386719,35.16753387451172
2007-03-28,20.523944854736328,25.4940242767334,42.211517333984375,66.05000305175781,51.22523498535156,61.15889358520508,37.30220413208008,99.57762145996094,48.72038650512695,34.93492889404297
2007-03-29,20.921916961669922,26.000560760498047,42.58042526245117,65.6500015258789,51.15147399902344,61.23615646362305,37.345062255859375,99.68292236328125,48.65436935424805,34.993080139160156
2007-03-30,20.613285064697266,25.99610137939453,42.64748764038086,65.73999786376953,51.08998489379883,61.39069366455078,37.3107795715332,99.70397186279297,48.56087112426758,35.494056701660156
2007-04-02,20.41023826599121,26.17461395263672,42.75929260253906,65.8499984741211,51.146785736083984,61.545230865478516,37.362205505371094,99.8163070678711,48.64149856567383,35.717716217041016
2007-04-03,20.329021453857422,26.603044509887695,43.11701583862305,65.83000183105469,51.10355758666992,62.202049255371094,37.85076904296875,100.89060974121094,48.58075714111328,36.03083038330078
2007-04-04,20.556432723999023,26.770402908325195,43.295875549316406,66.80999755859375,51.183807373046875,62.19431686401367,38.00505828857422,101.00298309326172,48.63041305541992,35.851905822753906
2007-04-05,20.597042083740234,26.794950485229492,43.45237350463867,66.86000061035156,51.05418395996094,62.155677795410156,38.19361114501953,101.27678680419922,48.44822692871094,35.81612777709961
2007-04-09,20.385875701904297,26.94892692565918,43.41884231567383,66.52999877929688,50.81962585449219,62.240665435791016,38.099327087402344,101.4172134399414,48.1280403137207,35.883216857910156
2007-04-10,20.67013931274414,27.076112747192383,43.74303436279297,67.16000366210938,50.924560546875,62.433837890625,38.29647445678711,101.53659057617188,48.27153396606445,36.03083038330078
2007-04-11,20.637649536132812,26.826187133789062,43.5306282043457,67.08000183105469,50.86284255981445,62.047523498535156,37.89362335205078,101.12232208251953,48.23844909667969,35.494056701660156
2007-04-12,20.759479522705078,27.274709701538086,43.82129669189453,66.98999786376953,50.9122314453125,62.46475601196289,38.19361114501953,101.57167053222656,48.24946212768555,35.25251007080078
2007-04-13,20.873186111450195,27.408586502075195,43.96660614013672,67.83999633789062,50.82581329345703,62.866580963134766,38.270751953125,102.03512573242188,48.10037612915039,35.65060806274414
2007-04-16,20.71074676513672,27.734376907348633,44.430519104003906,68.4000015258789,50.88134002685547,63.73199462890625,38.6221809387207,103.0040283203125,48.365394592285156,35.69534683227539
2007-04-17,20.49957847595215,27.584877014160156,44.436126708984375,68.0,51.0974006652832,63.538780212402344,38.707881927490234,103.27784729003906,48.635955810546875,36.16055679321289
2007-04-18,20.507701873779297,27.37957763671875,44.41936492919922,68.37999725341797,51.214698791503906,63.16790771484375,38.57933044433594,103.4042739868164,48.878875732421875,35.9369010925293
2007-04-19,20.450849533081055,27.15867805480957,44.25165939331055,67.52999877929688,51.208492279052734,62.866580963134766,38.69931411743164,103.3761978149414,48.796104431152344,35.69534683227539
2007-04-20,20.735116958618164,27.48223114013672,44.760318756103516,68.69999694824219,51.15296173095703,63.60062026977539,38.91358947753906,104.3521728515625,48.66907501220703,35.96372604370117
2007-04-23,20.873186111450195,27.372892379760742,44.3243293762207,68.26000213623047,51.25785827636719,63.531089782714844,38.97362518310547,103.9590072631836,48.84579086303711,36.3663215637207
2007-04-24,20.58892250061035,27.368425369262695,44.2963981628418,67.7300033569336,51.35665512084961,63.50017547607422,39.170745849609375,104.0011215209961,49.0279426574707,36.120304107666016
2007-04-25,20.995014190673828,27.707605361938477,44.71000671386719,67.88999938964844,51.325775146484375,63.67790222167969,39.693599700927734,104.95598602294922,48.856807708740234,36.09791564941406
2007-04-26,20.848819732666016,27.63395881652832,44.50320053100586,66.87000274658203,51.17761993408203,64.03333282470703,39.89931106567383,105.07536315917969,48.50344467163086,36.120304107666016
2007-04-27,20.954404830932617,27.49561882019043,44.408172607421875,67.55999755859375,51.17761993408203,63.762908935546875,39.916439056396484,104.99113464355469,48.49241256713867,36.03083038330078
2007-04-30,20.767601013183594,26.96452522277832,44.24608612060547,67.08999633789062,51.39982604980469,62.387489318847656,39.39360427856445,104.12039947509766,49.000335693359375,35.44932556152344
2007-05-01,20.808210372924805,27.071643829345703,44.201358795166016,66.69000244140625,51.402320861816406,62.64247512817383,39.35931396484375,104.38726043701172,49.03581619262695,35.14068603515625
2007-05-02,20.645771026611328,27.609418869018555,44.536720275878906,66.66000366210938,51.34037780761719,63.477012634277344,39.78788375854492,104.99811553955078,49.00812911987305,35.41801834106445
2007-05-03,20.743236541748047,27.84149169921875,44.59821319580078,67.48999786376953,51.28462219238281,63.59287643432617,39.93359375,105.5668716430664,48.897281646728516,35.511962890625
2007-05-04,20.702627182006836,27.832569122314453,45.017417907714844,68.19000244140625,51.414695739746094,63.99468231201172,39.9678840637207,105.96704864501953,49.096778869628906,35.20331573486328
2007-05-07,20.605165481567383,28.0133113861084,45.084503173828125,68.25,51.45812225341797,63.809234619140625,39.9678840637207,105.98815155029297,49.22972106933594,35.30172348022461
2007-05-08,20.4752140045166,27.649587631225586,44.71559143066406,67.87999725341797,51.45812225341797,63.58517837524414,40.0535888671875,105.84776306152344,49.11893081665039,35.06912612915039
2007-05-09,20.369626998901367,28.09586524963379,44.96151351928711,67.44999694824219,51.290809631347656,63.840145111083984,40.13929748535156,106.13556671142578,48.92497253417969,35.44932556152344
2007-05-10,20.288408279418945,27.408586502075195,44.07279968261719,66.0,51.4209098815918,63.05202102661133,39.590736389160156,105.02622985839844,49.04140090942383,34.975181579589844
2007-05-11,20.58892250061035,28.10478401184082,44.81620788574219,66.44999694824219,51.315589904785156,63.623809814453125,40.09645462036133,105.92497253417969,48.86963653564453,35.44932556152344
2007-05-14,20.515823364257812,27.82585906982422,44.64851760864258,66.27999877929688,51.24125671386719,63.06748962402344,39.822147369384766,105.6932601928711,48.742095947265625,35.248050689697266
2007-05-15,20.718868255615234,27.859333038330078,44.726768493652344,66.54000091552734,51.235076904296875,62.56520080566406,39.51362228393555,105.72139739990234,48.725528717041016,34.711273193359375
2007-05-16,20.515823364257812,28.26323127746582,44.793846130371094,65.5999984741211,51.204036712646484,62.90522003173828,39.89931106567383,106.44453430175781,48.69221496582031,34.2818603515625
2007-05-17,20.68638038635254,28.16057586669922,44.56468200683594,65.05999755859375,51.067752838134766,62.418399810791016,39.71074676513672,106.23390197753906,48.49274826049805,33.686920166015625
2007-05-18,20.65389633178711,28.305625915527344,44.905643463134766,65.5199966430664,50.919063568115234,63.15247344970703,40.03644943237305,107.16075134277344,48.17135238647461,33.34696960449219
2007-05-21,20.8569393157959,28.356943130493164,44.698822021484375,65.66999816894531,50.987159729003906,63.948368072509766,40.2935676574707,107.1046142578125,48.31544876098633,33.481163024902344
2007-05-22,20.556432723999023,28.361408233642578,44.737953186035156,65.19999694824219,50.844669342041016,64.34239959716797,40.32786178588867,107.02030944824219,48.06607437133789,33.97767639160156
2007-05-23,20.65389633178711,28.316781997680664,44.96711730957031,65.54000091552734,50.745506286621094,64.17240142822266,40.13929748535156,107.03433990478516,47.92750930786133,33.71824645996094
2007-05-24,20.540191650390625,27.63619041442871,44.536720275878906,64.75,50.813724517822266,63.33015441894531,39.56502151489258,106.06539916992188,47.971866607666016,33.15461730957031
2007-05-25,20.791967391967773,28.06016731262207,44.82179260253906,64.94000244140625,50.75795364379883,63.73970413208008,39.81358337402344,106.5077133178711,47.86104202270508,33.342506408691406
2007-05-29,20.337142944335938,27.96422004699707,44.877685546875,65.06999969482422,50.652645111083984,64.32696533203125,40.12217712402344,106.89393615722656,47.85548782348633,34.532344818115234
2007-05-30,20.532068252563477,28.249835968017578,45.06772232055664,64.72000122070312,50.702171325683594,64.7596435546875,40.44785690307617,107.76457977294922,47.95522689819336,35.45826721191406
2007-05-31,20.718868255615234,28.330163955688477,45.29131317138672,65.54000091552734,50.683597564697266,65.11511993408203,40.63644027709961,107.6522216796875,47.866600036621094,35.31513977050781
2007-06-01,20.873186111450195,29.03752326965332,45.587547302246094,66.44000244140625,50.465206146240234,65.44739532470703,40.66214370727539,108.18585205078125,47.6151008605957,35.364349365234375
2007-06-04,21.059988021850586,28.908111572265625,45.710506439208984,66.54000091552734,50.546119689941406,65.51690673828125,40.78214645385742,108.19992065429688,47.8320426940918,35.507469177246094
2007-06-05,20.978769302368164,28.807695388793945,45.47575378417969,66.37000274658203,50.38436508178711,65.25415802001953,40.78214645385742,107.77159118652344,47.53165817260742,34.94386672973633
2007-06-06,20.970645904541016,28.08248519897461,44.82179260253906,66.41000366210938,50.40922927856445,64.52787017822266,40.34500503540039,106.61307525634766,47.50946044921875,34.706783294677734
2007-06-07,21.07623291015625,27.649587631225586,44.05603790283203,65.26000213623047,49.905372619628906,63.19109344482422,39.71931457519531,104.68914794921875,46.65825653076172,33.6153678894043
2007-06-08,20.702627182006836,28.138261795043945,44.536720275878906,64.22000122070312,49.998661041259766,64.01786041259766,40.20786666870117,106.05133056640625,46.61930847167969,34.017940521240234
2007-06-11,21.100597381591797,28.3792667388916,44.687652587890625,64.69999694824219,49.86800765991211,64.03333282470703,40.130714416503906,106.23390197753906,46.485774993896484,33.50801086425781
2007-06-12,21.043745040893555,27.8861083984375,43.89393615722656,64.0999984741211,49.51337814331055,62.974735260009766,39.89072799682617,105.07536315917969,45.81269454956055,32.92649459838867
2007-06-13,21.311767578125,28.443986892700195,44.464073181152344,64.52999877929688,49.67514419555664,63.81696319580078,40.32786178588867,106.64818572998047,46.35786056518555,33.655609130859375
2007-06-14,21.514814376831055,28.890254974365234,44.793846130371094,64.5999984741211,49.687625885009766,64.39647674560547,40.59356689453125,107.32925415039062,46.24101257324219,33.293304443359375
2007-06-15,21.64476203918457,29.548526763916016,45.15715026855469,64.8499984741211,49.905372619628906,65.16145324707031,40.96842956542969,107.9399185180664,46.5581169128418,33.66008758544922
2007-06-18,21.64476203918457,29.57530403137207,45.40867614746094,64.94999694824219,49.88044738769531,65.03785705566406,40.97701644897461,107.81294250488281,46.46358871459961,33.14120864868164
2007-06-19,21.433591842651367,29.608768463134766,45.453392028808594,65.4800033569336,50.12306213378906,65.20783233642578,40.96842956542969,108.08094787597656,46.897491455078125,33.203834533691406
2007-06-20,21.45796012878418,29.35662269592285,44.91680908203125,64.70999908447266,49.96137619018555,64.0797119140625,40.582427978515625,106.57899475097656,46.51921844482422,32.20632553100586
2007-06-21,21.360496520996094,29.72258758544922,45.324832916259766,64.55999755859375,49.89912033081055,64.58194732666016,40.951290130615234,107.17127990722656,46.29663848876953,32.38526153564453
2007-06-22,21.311767578125,29.329845428466797,44.698822021484375,64.77999877929688,50.048423767089844,64.07198333740234,40.56526565551758,106.16290283203125,46.59709548950195,32.26448440551758
2007-06-25,21.230546951293945,29.106708526611328,44.687652587890625,64.43000030517578,50.21017074584961,63.73970413208008,40.393707275390625,105.6551742553711,46.85298156738281,31.735475540161133
2007-06-26,20.986892700195312,28.85232162475586,44.464073181152344,63.619998931884766,50.22260665893555,63.26835250854492,40.16209411621094,104.56917572021484,46.86410140991211,31.61319923400879
2007-06-27,20.954404830932617,29.262901306152344,44.78266143798828,63.66999816894531,50.21638870239258,64.58966827392578,40.779720306396484,106.0571060180664,46.908599853515625,32.42390441894531
2007-06-28,20.889429092407227,29.269588470458984,44.81620788574219,64.26000213623047,50.185302734375,64.58111572265625,40.76256561279297,106.04297637939453,46.897491455078125,32.25632858276367
2007-06-29,20.873186111450195,29.372241973876953,45.14598083496094,64.2699966430664,50.44655227661133,64.1786117553711,40.83118438720703,106.07829284667969,47.38144302368164,32.13405227661133
2007-07-02,21.003135681152344,29.968034744262695,45.79995346069336,65.0199966430664,50.52339553833008,65.0069580078125,41.200042724609375,107.03730773925781,47.63056564331055,32.8768196105957
2007-07-03,21.027502059936523,30.206790924072266,46.01792907714844,64.73999786376953,50.37349319458008,65.31659698486328,41.44021987915039,107.42518615722656,47.34014129638672,32.78623962402344
2007-07-05,21.22242546081543,30.340675354003906,45.78877639770508,64.41999816894531,50.092464447021484,65.42501068115234,41.740447998046875,107.31230926513672,46.80961227416992,33.279903411865234
2007-07-06,21.401105880737305,30.860593795776367,46.11853790283203,64.95999908447266,49.97382354736328,65.64952087402344,41.912017822265625,107.87648010253906,46.6197395324707,33.2391357421875
2007-07-09,21.352373123168945,31.159605026245117,46.230323791503906,65.37999725341797,50.15494155883789,65.58753967285156,41.937740325927734,107.9610595703125,46.787296295166016,33.216495513916016
2007-07-10,21.506690979003906,30.545976638793945,45.66578674316406,65.61000061035156,50.49842834472656,64.511474609375,41.586063385009766,106.42376708984375,47.580299377441406,32.37408447265625
2007-07-11,21.555421829223633,30.798120498657227,46.09618377685547,65.44000244140625,50.32353591918945,64.89856719970703,41.869110107421875,107.1783447265625,47.088844299316406,32.310672760009766
2007-07-12,21.61227798461914,31.47425079345703,46.738990783691406,66.0199966430664,50.179927825927734,65.66498565673828,42.512481689453125,108.87071228027344,46.926910400390625,32.72736740112305
2007-07-13,21.64476203918457,31.864744186401367,46.70543670654297,66.02999877929688,50.29228973388672,65.72694396972656,42.80413055419922,109.19512176513672,47.05534362792969,33.03987121582031
2007-07-16,21.263036727905273,31.55234718322754,46.59923553466797,65.81999969482422,50.492164611816406,65.40178680419922,42.76123046875,109.18099212646484,47.507686614990234,32.763580322265625
2007-07-17,21.133085250854492,31.527795791625977,46.44274139404297,65.75,50.38597106933594,65.4482421875,43.08720397949219,109.1246337890625,47.40714645385742,32.64582443237305
2007-07-18,21.376741409301758,31.141752243041992,46.28064727783203,66.62000274658203,50.567108154296875,65.2392349243164,43.035728454589844,108.92715454101562,47.585853576660156,32.57335662841797
2007-07-19,21.449838638305664,31.45192527770996,46.54335403442383,67.01000213623047,50.560855865478516,65.42501068115234,43.164398193359375,109.35023498535156,47.574710845947266,32.6956672668457
2007-07-20,21.44171714782715,31.235485076904297,46.062652587890625,67.58000183105469,50.81065368652344,64.4495620727539,42.932804107666016,108.24312591552734,48.00471496582031,32.12498474121094
2007-07-23,21.344253540039062,32.13921356201172,46.34210205078125,67.47000122070312,50.79192352294922,64.2095718383789,42.9499626159668,108.57454681396484,47.926551818847656,31.56790542602539
2007-07-24,21.181814193725586,31.039125442504883,45.64344787597656,67.47000122070312,50.929351806640625,62.707679748535156,42.31517028808594,106.69178009033203,48.10525131225586,30.92930030822754
2007-07-25,21.36861801147461,31.217628479003906,45.52046585083008,66.9000015258789,50.99801254272461,62.475406646728516,42.37521743774414,106.9103775024414,48.20014190673828,30.594141006469727
2007-07-26,21.141206741333008,29.62662124633789,44.005733489990234,65.6500015258789,51.403953552246094,60.80321502685547,42.01496124267578,104.37882995605469,48.60225296020508,30.032533645629883
2007-07-27,21.344253540039062,29.24282455444336,43.396484375,65.41000366210938,51.50387954711914,59.32455062866211,41.165714263916016,102.32678985595703,48.741886138916016,29.036142349243164
2007-07-30,21.100597381591797,30.200105667114258,44.167816162109375,65.7699966430664,51.372737884521484,60.35417938232422,41.646095275878906,103.92753601074219,48.60225296020508,29.597740173339844
2007-07-31,21.271156311035156,29.58200454711914,44.11193084716797,65.79000091552734,51.58505630493164,59.688419342041016,40.771148681640625,102.75694274902344,48.954063415527344,29.4799861907959
2007-08-01,21.23866844177246,29.46596908569336,44.184593200683594,65.93000030517578,51.442100524902344,60.013553619384766,41.088531494140625,103.2575912475586,48.84811019897461,29.86948585510254
2007-08-02,21.271156311035156,29.791749954223633,44.31874084472656,65.88999938964844,51.47977066040039,60.48581314086914,41.465972900390625,104.08265686035156,48.971439361572266,30.363147735595703
2007-08-03,21.035621643066406,28.50644302368164,43.51945495605469,66.69000244140625,51.812042236328125,58.333614349365234,40.67677307128906,101.40303802490234,49.29665756225586,29.190120697021484
2007-08-06,20.743236541748047,29.01521110534668,43.99456024169922,66.5199966430664,51.60511779785156,58.860050201416016,41.14857864379883,103.10250091552734,48.93783187866211,30.209178924560547
2007-08-07,20.8569393157959,29.231664657592773,44.14548110961914,66.4800033569336,51.598873138427734,59.76584243774414,41.44021987915039,104.20249938964844,48.898536682128906,30.376754760742188
2007-08-08,20.824453353881836,30.213478088378906,44.860923767089844,66.7699966430664,51.241485595703125,61.56188201904297,41.89484786987305,105.6551742553711,48.304283142089844,31.57695770263672
2007-08-09,20.662017822265625,28.963890075683594,43.580936431884766,65.45999908447266,51.529937744140625,60.145164489746094,40.9255485534668,102.52423095703125,48.371551513671875,31.22821807861328
2007-08-10,20.735116958618164,28.461830139160156,42.831947326660156,66.56999969482422,51.454708099365234,60.43160629272461,40.55668640136719,102.04474639892578,48.25944519042969,30.286161422729492
2007-08-13,20.58892250061035,28.742984771728516,42.91579055786133,66.26000213623047,51.53618621826172,60.10646057128906,40.83118438720703,102.41143798828125,48.39957809448242,30.1412353515625
2007-08-14,20.65389633178711,27.99991798400879,42.50217819213867,66.29000091552734,51.72425079345703,59.076820373535156,40.1363639831543,100.84596252441406,48.5285758972168,29.27617073059082
2007-08-15,20.808210372924805,26.899826049804688,41.50724792480469,66.12999725341797,51.818302154541016,58.21748733520508,39.37293243408203,99.45677185058594,48.354766845703125,28.782495498657227
2007-08-16,20.450849533081055,26.4423885345459,41.3283805847168,64.68000030517578,52.018959045410156,59.51035690307617,38.986915588378906,100.20423889160156,48.853729248046875,29.937419891357422
2007-08-17,20.434602737426758,27.2791690826416,41.70848846435547,65.01000213623047,52.05653381347656,60.70258712768555,39.72462844848633,102.04474639892578,48.65748977661133,30.616802215576172
2007-08-20,20.491456985473633,27.33495330810547,41.842613220214844,65.12000274658203,52.16934585571289,60.74900817871094,39.91334533691406,101.99535369873047,48.685523986816406,31.17839241027832
2007-08-21,20.45897102355957,27.234546661376953,41.814659118652344,65.06999969482422,52.395084381103516,60.919342041015625,40.33366394042969,102.19986724853516,48.92098617553711,31.32334327697754
2007-08-22,20.507701873779297,28.406036376953125,42.80400466918945,65.4000015258789,52.22583770751953,61.64706802368164,40.882659912109375,103.4127426147461,48.84251022338867,31.703765869140625
2007-08-23,20.572675704956055,28.55107879638672,42.99403762817383,65.30999755859375,52.24462127685547,60.8574333190918,40.771148681640625,103.32105255126953,49.01070785522461,31.160282135009766
2007-08-24,20.81633186340332,29.231664657592773,43.74303436279297,66.11000061035156,52.263431549072266,61.64706802368164,41.34587097167969,104.59745788574219,49.25175857543945,31.327861785888672
2007-08-27,20.840700149536133,29.36554718017578,43.27911376953125,65.9800033569336,52.40762710571289,60.79545593261719,41.07136917114258,103.624267578125,49.5096435546875,30.648494720458984
2007-08-28,20.62140655517578,28.171741485595703,42.40715026855469,65.58999633789062,52.67721939086914,59.26260757446289,40.09348678588867,101.3465805053711,49.59376525878906,29.71096420288086
2007-08-29,20.81633186340332,29.287446975708008,43.37971496582031,66.06999969482422,52.47659683227539,60.818702697753906,41.24292755126953,103.33518981933594,49.459224700927734,30.797958374023438
2007-08-30,20.8569393157959,29.1379451751709,43.07788848876953,65.80000305175781,52.73992156982422,60.40837860107422,41.4573860168457,103.06014251708984,49.79000473022461,30.956472396850586
2007-08-31,20.865062713623047,29.889944076538086,43.83246994018555,66.5199966430664,52.75244903564453,60.95806884765625,41.920597076416016,104.07557678222656,49.8292121887207,31.468271255493164
2007-09-04,21.100597381591797,30.39423179626465,44.23490905761719,67.44000244140625,52.654273986816406,61.739990234375,42.615413665771484,105.12628936767578,49.85283660888672,31.88494300842285
2007-09-05,21.141206741333008,29.9345645904541,43.59211730957031,67.55999755859375,52.98158645629883,61.167083740234375,42.186500549316406,104.21663665771484,50.2525634765625,31.11952018737793
2007-09-06,21.059988021850586,30.16885757446289,43.75420379638672,68.86000061035156,52.86824417114258,61.18256759643555,42.152198791503906,104.4564208984375,50.123077392578125,31.395793914794922
2007-09-07,21.198060989379883,29.488271713256836,43.223209381103516,69.38999938964844,53.434791564941406,60.176151275634766,41.371604919433594,103.0037612915039,50.832366943359375,30.639436721801758
2007-09-10,21.344253540039062,29.510591506958008,43.04435729980469,69.62000274658203,53.55442428588867,59.34003829956055,41.34587097167969,102.80628204345703,51.22642135620117,30.32239532470703
2007-09-11,21.39298439025879,30.10637664794922,43.78774642944336,70.5199966430664,53.44108581542969,60.37742614746094,41.97205352783203,104.0051040649414,51.18699645996094,30.95195198059082
2007-09-12,21.62039566040039,30.213478088378906,43.83246994018555,70.45999908447266,53.308895111083984,59.998077392578125,41.98064422607422,104.27304077148438,50.9956169128418,30.770790100097656
2007-09-13,21.45796012878418,30.548198699951172,44.01691436767578,70.08000183105469,52.99415588378906,60.145164489746094,42.186500549316406,105.00643920898438,50.539642333984375,31.4637393951416
2007-09-14,21.47420310974121,30.608449935913086,43.75979995727539,69.98999786376953,53.063472747802734,60.454833984375,42.220821380615234,104.99932861328125,50.612831115722656,31.667543411254883
2007-09-17,21.725982666015625,30.414318084716797,43.144962310791016,70.97000122070312,53.094905853271484,59.789066314697266,41.869110107421875,104.43523406982422,50.854896545410156,31.43655776977539
2007-09-18,21.807199478149414,31.887056350708008,44.547908782958984,71.69999694824219,53.0382080078125,62.336055755615234,42.92420959472656,107.50975036621094,50.472110748291016,32.55525207519531
2007-09-19,21.994001388549805,32.03209686279297,44.95035171508789,71.43000030517578,52.84939956665039,63.172176361083984,43.035728454589844,108.14442443847656,50.004878997802734,33.166683197021484
2007-09-20,22.335121154785156,31.931686401367188,44.91120910644531,72.72000122070312,52.25145721435547,62.545066833496094,42.91564178466797,107.3828125,49.059120178222656,32.3061637878418
2007-09-21,22.48943519592285,32.35564422607422,45.106842041015625,72.33999633789062,52.515785217285156,62.67670440673828,43.22117614746094,107.67261505126953,49.475711822509766,32.5371208190918
2007-09-24,22.448827743530273,32.75731658935547,45.207454681396484,72.27999877929688,52.585018157958984,62.19675064086914,43.41856384277344,107.47420501708984,49.61643981933594,33.153995513916016
2007-09-25,22.28639030456543,32.63458251953125,45.26337432861328,72.33000183105469,52.59129333496094,61.944496154785156,43.83051681518555,107.26168823242188,49.44192886352539,32.330291748046875
2007-09-26,22.318876266479492,33.06970977783203,45.48693084716797,72.0,52.610206604003906,62.48771286010742,44.04508972167969,107.82850646972656,49.48696517944336,32.801631927490234
2007-09-27,22.90365219116211,33.56062316894531,46.09059143066406,72.69999694824219,52.78015899658203,62.8602409362793,44.26822280883789,108.46615600585938,49.83034133911133,33.053314208984375
2007-09-28,22.830554962158203,33.34864807128906,46.16324996948242,73.51000213623047,52.7990608215332,62.115230560302734,44.12232208251953,108.10482025146484,49.942928314208984,32.700965881347656
2007-10-01,22.595020294189453,34.397403717041016,46.7557487487793,73.9000015258789,52.86222839355469,63.65958023071289,44.628684997558594,109.32344055175781,50.22830581665039,33.49721145629883
2007-10-02,22.140195846557617,34.6317138671875,46.63837432861328,72.3499984741211,52.97593688964844,64.07086181640625,44.63727951049805,109.1746597290039,50.38656997680664,34.1058349609375
2007-10-03,22.164562225341797,33.582942962646484,46.425968170166016,71.9000015258789,52.93803405761719,63.89236831665039,44.32830047607422,108.95503997802734,50.23967742919922,33.94108200073242
2007-10-04,22.47319221496582,33.91764831542969,46.588043212890625,72.87000274658203,53.03281021118164,63.993282318115234,44.431304931640625,109.12507629394531,50.43178176879883,34.28886413574219
2007-10-05,22.538164138793945,35.04899978637695,47.06314468383789,73.4000015258789,52.56527328491211,65.28923797607422,45.33245086669922,110.4216537475586,49.88931655883789,35.09426498413086
2007-10-08,22.06709861755371,34.67633819580078,46.62718963623047,72.52999877929688,52.75482940673828,64.80037689208984,45.61568069458008,109.83364868164062,49.84968185424805,34.43073654174805
2007-10-09,22.221416473388672,35.21634292602539,47.14701461791992,73.08999633789062,52.59054183959961,65.32808685302734,45.81306838989258,110.86798858642578,49.78750991821289,34.81510925292969
2007-10-10,22.48131561279297,35.2631950378418,47.05756759643555,73.36000061035156,52.64106369018555,65.2737808227539,45.92463302612305,110.68378448486328,49.815773010253906,34.57257843017578
2007-10-11,22.73309326171875,34.95303726196289,47.27555465698242,73.91000366210938,52.64742660522461,64.53652954101562,45.19513702392578,110.15241241455078,49.76493835449219,34.43531036376953
2007-10-12,22.83867645263672,35.59122848510742,47.48237991333008,74.58999633789062,52.470516204833984,65.04871368408203,45.94179916381836,110.76176452636719,49.52193832397461,34.11042404174805
2007-10-15,23.228525161743164,35.15609359741211,47.096702575683594,75.13999938964844,52.52104187011719,64.29591369628906,45.58994674682617,109.82649993896484,49.53321075439453,33.46975326538086
2007-10-16,23.252891540527344,34.504512786865234,46.37006759643555,75.12000274658203,52.66635513305664,63.558692932128906,45.375362396240234,108.95503997802734,49.55017852783203,33.06248092651367
2007-10-17,23.131065368652344,35.30112838745117,46.861942291259766,74.5,52.98857879638672,63.807029724121094,45.95896530151367,109.28805541992188,50.092689514160156,33.012123107910156
2007-10-18,23.545278549194336,35.47964859008789,46.97373962402344,76.0,53.19076156616211,63.651817321777344,46.15636444091797,108.89124298095703,50.3696174621582,33.02128982543945
2007-10-19,23.480304718017578,33.962284088134766,45.93968200683594,75.69999694824219,53.64563751220703,61.37797546386719,45.006317138671875,106.04302215576172,51.121219635009766,31.61641502380371
2007-10-22,23.415328979492188,34.207740783691406,45.883785247802734,74.5999984741211,53.54456329345703,62.67396926879883,45.5470085144043,106.65945434570312,51.12687683105469,32.444698333740234
2007-10-23,23.252891540527344,35.15609359741211,46.53215789794922,75.2300033569336,53.531917572021484,63.1551399230957,46.499656677246094,107.52383422851562,51.05907440185547,32.78790283203125
2007-10-24,23.334110260009766,34.92626190185547,46.431556701660156,75.5199966430664,53.8035774230957,62.751617431640625,46.14777755737305,107.32547760009766,51.43770980834961,32.23876953125
2007-10-25,23.878273010253906,35.37031555175781,46.64394760131836,76.02999877929688,53.759376525878906,62.596405029296875,45.52983474731445,107.58055114746094,51.262481689453125,32.307411193847656
2007-10-26,24.243757247924805,36.372230529785156,47.48794937133789,77.69000244140625,53.626686096191406,63.644065856933594,46.28510665893555,108.84170532226562,51.143795013427734,32.79706573486328
2007-10-29,24.6417293548584,37.20901107788086,47.83451461791992,78.12000274658203,53.67092514038086,63.57417297363281,46.473915100097656,109.20298767089844,51.34159851074219,32.261661529541016
2007-10-30,24.089441299438477,36.5061149597168,47.45442199707031,77.3499984741211,53.72774124145508,63.06975173950195,46.56831741333008,108.44490814208984,51.31339645385742,32.70553207397461
2007-10-31,24.771678924560547,37.307193756103516,48.125144958496094,78.62000274658203,53.36769485473633,63.8846435546875,47.22916030883789,109.57146453857422,50.84998321533203,33.38737487792969
2007-11-01,24.454925537109375,35.80097961425781,47.11347961425781,77.93000030517578,53.8032112121582,61.41679382324219,46.34519958496094,107.00657653808594,51.51068878173828,31.82691192626953
2007-11-02,24.982847213745117,36.00404739379883,47.37617111206055,79.83000183105469,53.949039459228516,61.71945571899414,46.70564270019531,107.12709045410156,51.67528533935547,31.373882293701172
2007-11-05,24.82040786743164,34.7522087097168,46.62160110473633,79.75,53.885677337646484,60.90460968017578,46.40525436401367,106.31230163574219,51.6525764465332,30.92084503173828
2007-11-06,25.47015953063965,36.070980072021484,47.32585144042969,81.43000030517578,53.79054260253906,62.053165435791016,46.92878723144531,107.74346923828125,51.40279006958008,31.30982780456543
2007-11-07,25.3402099609375,34.92179489135742,46.504234313964844,82.23999786376953,53.987117767333984,60.12852096557617,45.78731155395508,104.79606628417969,51.49365234375,30.3350830078125
2007-11-08,25.275236129760742,35.10029983520508,46.588043212890625,82.2300033569336,54.107601165771484,60.307044982910156,44.3969612121582,104.26468658447266,51.40279006958008,30.426624298095703
2007-11-09,25.26711082458496,34.27470016479492,45.68257522583008,82.18000030517578,54.43095016479492,59.63961410522461,42.912193298339844,102.83350372314453,51.83987808227539,30.17951774597168
2007-11-12,24.714824676513672,32.377960205078125,44.93359375,78.30000305175781,54.5260124206543,59.06535720825195,41.82225036621094,101.8132553100586,52.02716827392578,30.52730369567871
2007-11-13,24.243757247924805,34.665184020996094,46.14089584350586,79.12000274658203,54.24705123901367,60.92012405395508,43.54730987548828,104.91654205322266,51.83420944213867,31.538616180419922
2007-11-14,24.787921905517578,34.69865417480469,46.06822967529297,80.27999877929688,54.28513717651367,60.57086944580078,42.98942947387695,104.62602996826172,51.890953063964844,30.89796257019043
2007-11-15,24.544269561767578,33.899803161621094,45.308074951171875,77.94999694824219,54.58943176269531,59.70945739746094,42.757720947265625,103.11689758300781,52.37908935546875,30.843069076538086
2007-11-16,24.625486373901367,34.31931686401367,45.453392028808594,77.75,54.58943176269531,59.20505905151367,43.152496337890625,103.29403686523438,52.452884674072266,30.266469955444336
2007-11-19,24.812288284301758,32.73722839355469,44.25165939331055,77.23999786376953,54.9825325012207,57.924560546875,42.654727935791016,101.855712890625,52.793479919433594,29.607505798339844
2007-11-20,25.429548263549805,33.63650131225586,45.24100875854492,79.47000122070312,54.83669662475586,58.25825119018555,42.82638168334961,102.4792251586914,52.73666000366211,29.035486221313477
2007-11-21,25.462039947509766,31.942832946777344,44.218135833740234,79.36000061035156,55.26785659790039,57.039833068847656,42.32001876831055,100.38201141357422,53.0432243347168,28.834142684936523
2007-11-23,25.697572708129883,32.8867301940918,45.330440521240234,81.25,55.10297775268555,58.25048065185547,42.77487564086914,102.11790466308594,53.202152252197266,29.401565551757812
2007-11-26,25.38081932067871,31.58135223388672,44.62057876586914,81.30000305175781,55.85746383666992,56.729427337646484,42.03679656982422,99.86483764648438,54.25222396850586,27.99212646484375
2007-11-27,25.17777442932129,32.7907829284668,45.224246978759766,80.0999984741211,55.3375358581543,57.38907241821289,42.87786865234375,101.01260375976562,53.73568344116211,28.646509170532227
2007-11-28,24.869138717651367,34.58708572387695,46.50979995727539,79.56999969482422,55.14102554321289,59.6551513671875,44.18242263793945,104.24341583251953,53.372432708740234,29.904949188232422
2007-11-29,24.925996780395508,34.16311264038086,46.129730224609375,78.27999877929688,55.45166778564453,59.14295959472656,44.37123107910156,104.27881622314453,53.83218002319336,29.424463272094727
2007-11-30,24.61736297607422,34.45319366455078,46.381248474121094,77.31999969482422,55.52775955200195,59.484413146972656,44.0364990234375,105.3274154663086,53.57107925415039,30.225284576416016
2007-12-03,24.796043395996094,34.15419387817383,46.207977294921875,78.27999877929688,55.747283935546875,58.78596496582031,43.66745376586914,104.6330795288086,53.99623489379883,29.900365829467773
2007-12-04,24.90974998474121,34.06492233276367,45.917320251464844,79.4000015258789,55.798118591308594,58.16515350341797,43.487220764160156,103.6978988647461,53.99052047729492,29.09497833251953
2007-12-05,24.72294807434082,35.57783508300781,46.448333740234375,78.62999725341797,55.58823776245117,59.321441650390625,44.26822280883789,105.43370056152344,53.346519470214844,30.074260711669922
2007-12-06,25.169647216796875,36.1379280090332,46.889896392822266,79.37000274658203,55.29555130004883,60.7260856628418,44.9033317565918,106.94283294677734,52.87928771972656,31.03067398071289
2007-12-07,25.088430404663086,35.70948791503906,46.70543670654297,78.5999984741211,54.93935012817383,60.91232681274414,44.91191482543945,106.92157745361328,52.28659439086914,30.92084503173828
2007-12-10,25.072187423706055,35.72065734863281,47.18611145019531,80.0,54.81210708618164,61.39348220825195,45.09214782714844,107.7506103515625,51.97315216064453,31.584383010864258
2007-12-11,25.291479110717773,34.207740783691406,45.956451416015625,78.83999633789062,55.5627555847168,59.25161361694336,44.04508972167969,104.79606628417969,52.99319839477539,29.918678283691406
2007-12-12,25.98183822631836,35.234195709228516,46.87870788574219,80.48999786376953,55.09836196899414,59.68617630004883,44.43987274169922,105.83049774169922,52.44610595703125,29.818010330200195
2007-12-13,25.705692291259766,34.265769958496094,45.922916412353516,78.5,54.69120788574219,59.3602294921875,44.19955825805664,105.61085510253906,51.876285552978516,29.479368209838867
2007-12-14,25.52701187133789,33.44904708862305,44.68205642700195,78.5199966430664,54.532188415527344,58.203941345214844,43.74471664428711,104.27177429199219,51.63691329956055,28.738046646118164
2007-12-17,25.40216636657715,32.023170471191406,43.73184585571289,78.12999725341797,54.85658264160156,57.31147384643555,42.68048858642578,102.78388214111328,52.09853744506836,27.850271224975586
2007-12-18,25.293962478637695,32.90235137939453,44.27962112426758,79.25,54.96476364135742,58.335853576660156,42.81780242919922,103.35779571533203,52.43474578857422,28.280418395996094
2007-12-19,25.535335540771484,33.1165771484375,43.91629409790039,79.23999786376953,55.4036979675293,58.747169494628906,42.80921936035156,103.35779571533203,53.130035400390625,28.5687255859375
2007-12-20,25.427133560180664,33.29731750488281,44.22930145263672,78.66999816894531,55.31467819213867,59.63185501098633,43.68463134765625,104.00959777832031,53.016021728515625,28.449634552001953
2007-12-21,25.72676658630371,34.30147171020508,44.860923767089844,80.0999984741211,54.91386413574219,60.99771499633789,44.54633331298828,105.50894165039062,52.24099349975586,29.007843017578125
2007-12-24,25.918201446533203,34.881622314453125,45.04436111450195,80.13999938964844,54.75482177734375,61.44005584716797,44.881412506103516,106.29243469238281,51.99595260620117,29.94748306274414
2007-12-26,26.226154327392578,35.06241989135742,45.170467376708984,81.5199966430664,54.49403381347656,61.72721862792969,45.104766845703125,106.52040100097656,51.540016174316406,29.449745178222656
2007-12-27,26.317707061767578,34.253318786621094,44.895301818847656,81.55999755859375,54.859901428222656,60.26097869873047,44.563514709472656,105.18125915527344,52.101932525634766,28.86363983154297
2007-12-28,26.23447608947754,34.38214111328125,45.27936553955078,83.0,55.3004035949707,59.61466979980469,44.52056884765625,104.91780853271484,52.91436767578125,28.356603622436523
2007-12-31,26.26776885986328,33.96855163574219,44.99849319458008,82.45999908447266,55.55583953857422,59.100772857666016,44.00507736206055,104.14141082763672,53.23480224609375,28.58918571472168
2008-01-02,26.991880416870117,33.4080696105957,44.83799743652344,84.86000061035156,55.95172882080078,58.52456283569336,43.309181213378906,103.22964477539062,54.00153732299805,28.500802993774414
2008-01-03,27.19995880126953,33.70865249633789,44.91250991821289,85.56999969482422,56.06661605834961,57.87826156616211,43.489601135253906,103.17981719970703,53.92715072631836,27.612337112426758
2008-01-04,27.04182243347168,32.696144104003906,43.89215087890625,85.12999725341797,56.213470458984375,56.13405227661133,41.582313537597656,100.6512451171875,53.9385871887207,26.491281509399414
2008-01-07,26.550756454467773,32.93571090698242,43.93801498413086,84.7699966430664,56.315650939941406,56.258636474609375,41.384708404541016,100.56578826904297,54.17321014404297,26.737821578979492
2008-01-08,26.792123794555664,32.68032455444336,43.69153594970703,86.77999877929688,56.43696975708008,54.522220611572266,40.3107795715332,98.94176483154297,54.110252380371094,25.81214714050293
2008-01-09,26.525789260864258,33.751583099365234,44.006797790527344,86.55000305175781,56.34754180908203,55.075077056884766,41.1699333190918,99.98173522949219,54.21322250366211,26.26800537109375
2008-01-10,26.40093994140625,34.14936447143555,43.96094512939453,88.25,56.19434356689453,55.830360412597656,41.230072021484375,100.63699340820312,53.48082733154297,26.672698974609375
2008-01-11,26.64230728149414,33.18883514404297,43.08390426635742,88.58000183105469,56.5518798828125,54.677940368652344,40.42246627807617,99.82501983642578,53.89854049682617,26.67735481262207
2008-01-14,26.975234985351562,33.67700958251953,43.771785736083984,89.54000091552734,56.57741165161133,55.12955856323242,41.1269645690918,100.62992095947266,54.09881591796875,26.56571388244629
2008-01-15,26.64230728149414,32.15373611450195,42.35017776489258,87.98999786376953,56.9477653503418,54.117313385009766,39.99290466308594,98.41471099853516,54.705322265625,26.026123046875
2008-01-16,26.392614364624023,30.815776824951172,41.496063232421875,86.69999694824219,56.8392219543457,54.17179870605469,39.56333541870117,97.5671157836914,54.31050491333008,26.323829650878906
2008-01-17,26.051366806030273,29.918537139892578,40.87125778198242,86.5,57.29894256591797,52.85585403442383,39.01350021362305,95.03855895996094,55.01425552368164,25.96564483642578
2008-01-18,26.1512451171875,30.601078033447266,41.10628128051758,87.41999816894531,57.21595001220703,52.341941833496094,38.961936950683594,94.06271362304688,54.63665008544922,25.621427536010742
2008-01-22,26.059688568115234,29.832651138305664,39.959800720214844,88.16999816894531,57.85444641113281,51.96820068359375,37.95673751831055,93.10826110839844,55.22021484375,26.23544692993164
2008-01-23,25.568628311157227,30.02252197265625,39.724769592285156,87.88999938964844,57.58626174926758,53.743560791015625,37.81068801879883,95.3448486328125,55.0943489074707,28.724082946777344
2008-01-24,26.201183319091797,30.605606079101562,41.11773681640625,90.08000183105469,57.062721252441406,53.70463180541992,38.58391571044922,96.14967346191406,53.99009323120117,28.049596786499023
2008-01-25,26.783803939819336,30.140029907226562,40.52157974243164,90.30000305175781,57.59260559082031,53.315303802490234,37.79350662231445,94.76071166992188,54.899837493896484,27.886796951293945
2008-01-28,26.90865135192871,30.885845184326172,40.97441482543945,91.75,57.381954193115234,54.4443473815918,38.08561325073242,96.32777404785156,54.69383239746094,28.831071853637695
2008-01-29,27.133373260498047,30.73442268371582,41.22090530395508,91.1500015258789,57.152095794677734,54.584495544433594,38.15433883666992,96.80497741699219,54.321956634521484,28.57058334350586
2008-01-30,26.900325775146484,30.329870223999023,41.0317497253418,92.05999755859375,57.12654113769531,53.89926528930664,38.11996841430664,96.09273529052734,53.96717834472656,27.80769920349121
2008-01-31,27.033496856689453,30.93783950805664,41.467403411865234,91.4000015258789,57.420223236083984,55.238582611083984,38.772926330566406,97.84487915039062,54.35054397583008,28.36590003967285
2008-02-01,26.559078216552734,31.55481719970703,42.16101837158203,89.3499984741211,57.606651306152344,56.5389518737793,39.168128967285156,99.41902160644531,54.6772346496582,29.552087783813477
2008-02-04,27.025175094604492,31.652009963989258,41.7310791015625,89.0999984741211,57.28635787963867,55.90044021606445,38.618282318115234,98.16544342041016,54.11452102661133,29.245075225830078
2008-02-05,26.800451278686523,29.947921752929688,39.81651306152344,87.68000030517578,57.68992614746094,54.46770095825195,37.51858139038086,95.53711700439453,54.52796936035156,28.21239471435547
2008-02-06,26.675601959228516,29.457489013671875,39.78211212158203,88.94999694824219,57.58742141723633,53.743560791015625,36.77973937988281,94.76786041259766,54.3614387512207,27.75187873840332
2008-02-07,27.000202178955078,29.95697021484375,39.58147430419922,89.8499984741211,56.94049072265625,54.592308044433594,37.0374641418457,95.39469146728516,53.190162658691406,28.407787322998047
2008-02-08,27.807546615600586,29.90045928955078,39.17448425292969,91.0,57.420894622802734,54.249664306640625,37.458431243896484,94.78211212158203,53.79875946044922,27.50069236755371
2008-02-11,27.99065589904785,30.271116256713867,39.38083267211914,91.33000183105469,57.549007415771484,54.27303695678711,37.86224365234375,95.26646423339844,54.022762298583984,26.942487716674805
2008-02-12,27.424684524536133,30.7592830657959,40.229217529296875,89.33000183105469,57.42731857299805,54.7013053894043,37.6474609375,96.14967346191406,53.7011604309082,27.710018157958984
2008-02-13,27.6494083404541,31.45085906982422,40.50437927246094,89.44000244140625,57.183860778808594,55.939388275146484,38.47224426269531,97.13258361816406,53.132755279541016,27.928653717041016
2008-02-14,28.207054138183594,31.046314239501953,40.320945739746094,89.70999908447266,56.870025634765625,54.646793365478516,37.776329040527344,96.27790832519531,52.35190963745117,27.407665252685547
2008-02-15,28.07388687133789,31.267807006835938,40.4699821472168,89.1500015258789,56.991756439208984,54.405391693115234,37.6474609375,96.25655364990234,52.75376892089844,27.63094139099121
2008-02-19,28.989431381225586,31.676860809326172,40.865516662597656,91.58000183105469,56.58185577392578,55.075077056884766,37.5787239074707,96.52719116210938,52.2198371887207,27.561172485351562
2008-02-20,29.13924217224121,31.94129180908203,40.653411865234375,93.23999786376953,56.53058624267578,55.1061897277832,37.750553131103516,96.81210327148438,52.581546783447266,27.733285903930664
2008-02-21,28.981107711791992,31.49379539489746,40.57889938354492,93.25,57.11344528198242,54.05499267578125,37.38970947265625,96.00724029541016,53.13850402832031,26.979721069335938
2008-02-22,29.380615234375,31.91642951965332,41.09479904174805,93.38999938964844,56.953346252441406,54.05499267578125,37.52716827392578,96.59840393066406,52.83415222167969,27.742589950561523
2008-02-25,29.66360092163086,32.51082229614258,41.7482795715332,92.73999786376953,56.57539367675781,55.1061897277832,37.7161865234375,97.81640625,52.29448699951172,28.58918571472168
2008-02-26,30.296159744262695,32.94023132324219,42.36737060546875,93.70999908447266,56.71632766723633,55.620121002197266,37.86224365234375,98.550048828125,52.31167984008789,28.584543228149414
2008-02-27,30.254539489746094,33.21821594238281,42.50493240356445,94.77999877929688,56.85084915161133,55.59678268432617,38.051239013671875,98.45033264160156,52.357608795166016,28.449634552001953
2008-02-28,30.545852661132812,32.86111831665039,42.09796142578125,95.98999786376953,57.5169677734375,54.755794525146484,37.90519332885742,97.48875427246094,53.28781509399414,27.863525390625
2008-02-29,30.046466827392578,31.55481719970703,41.043216705322266,96.18000030517578,58.131832122802734,53.61895751953125,36.89999771118164,95.31632232666016,54.103084564208984,27.46348762512207
2008-03-03,30.487594604492188,31.726585388183594,41.16359329223633,97.23999786376953,57.984066009521484,53.10503005981445,36.65943908691406,95.08836364746094,53.96363067626953,27.654211044311523
2008-03-04,30.379396438598633,30.989810943603516,40.53876876831055,95.18000030517578,57.76565933227539,52.7935676574707,36.86564636230469,94.72516632080078,53.43917465209961,27.393707275390625
2008-03-05,31.04524040222168,31.640708923339844,41.026023864746094,97.72000122070312,57.51507568359375,53.29969024658203,37.04607009887695,95.32344818115234,52.79951095581055,27.77049446105957
2008-03-06,31.278287887573242,30.555875778198242,40.441314697265625,96.5,57.977657318115234,51.524330139160156,36.22987365722656,93.3504409790039,53.08187484741211,26.505239486694336
2008-03-07,30.962013244628906,30.133249282836914,39.96553421020508,96.08999633789062,58.1767692565918,51.3608283996582,36.14397048950195,92.3888931274414,53.15107345581055,26.93784523010254
2008-03-10,31.544626235961914,29.604393005371094,39.7649040222168,95.87000274658203,58.59441375732422,50.223968505859375,35.44804000854492,91.17086791992188,53.9348030090332,26.55641746520996
2008-03-11,32.03569030761719,31.59549903869629,41.02028274536133,95.98999786376953,57.95841979980469,52.404266357421875,36.796905517578125,94.44733428955078,53.47372817993164,28.28217887878418
2008-03-12,32.3852653503418,31.010133743286133,41.02028274536133,97.01000213623047,58.626583099365234,51.796875,36.69381332397461,93.56412506103516,54.50536346435547,27.686771392822266
2008-03-13,32.41855239868164,30.727649688720703,41.089080810546875,98.33999633789062,58.318199157714844,52.832496643066406,36.97731018066406,93.77069854736328,54.0788688659668,28.01237678527832
2008-03-14,32.3769416809082,29.63829803466797,40.09738540649414,98.70999908447266,58.92209243774414,51.5009765625,36.298614501953125,92.31767272949219,54.74736785888672,27.44487762451172
2008-03-17,31.07853889465332,28.906044006347656,39.48976516723633,99.16999816894531,59.21761703491211,50.660030364990234,35.63705825805664,91.38459014892578,55.168052673339844,27.612337112426758
2008-03-18,31.76935577392578,30.408964157104492,40.69926834106445,96.5,58.81290054321289,52.988258361816406,37.226470947265625,95.18097686767578,54.954803466796875,28.826431274414062
2008-03-19,30.396039962768555,28.582857131958008,39.22606658935547,93.04000091552734,59.32044982910156,51.66448974609375,36.30719757080078,92.8233871459961,55.8653678894043,28.607805252075195
2008-03-20,29.17253875732422,29.064241409301758,39.81651306152344,89.91000366210938,59.44892120361328,52.54439926147461,37.04920959472656,94.54271697998047,56.00364685058594,29.561397552490234
2008-03-24,29.705217361450195,30.178455352783203,40.54450225830078,90.0999984741211,58.40171813964844,54.58782196044922,38.33034133911133,96.43241119384766,54.92027282714844,30.22657585144043
2008-03-25,30.004850387573242,30.64175796508789,41.134944915771484,92.7300033569336,58.60731506347656,54.767208099365234,38.545291900634766,96.52545928955078,55.15077209472656,30.303926467895508
2008-03-26,30.903751373291016,30.393156051635742,41.134944915771484,93.80000305175781,58.652278900146484,54.31485366821289,38.43352508544922,95.34437561035156,54.92027282714844,29.722688674926758
2008-03-27,31.2449951171875,30.246253967285156,41.10054016113281,93.45999908447266,58.57514953613281,53.81568145751953,37.58230209350586,95.0438003540039,54.534149169921875,29.47893714904785
2008-03-28,30.504241943359375,30.19200897216797,41.06614685058594,91.87999725341797,58.80649185180664,53.1839599609375,37.39313507080078,94.13471221923828,55.0643310546875,29.132081985473633
2008-03-31,29.77180290222168,30.370561599731445,41.215187072753906,90.41000366210938,58.909236907958984,53.26192855834961,37.590904235839844,94.4640121459961,55.2602424621582,29.24457550048828
2008-04-01,29.6053409576416,31.53673553466797,42.51640319824219,86.86000061035156,58.39414596557617,55.211795806884766,39.19874572753906,97.78531646728516,54.36087417602539,30.908601760864258
2008-04-02,30.487594604492188,31.55933952331543,42.60812759399414,89.2699966430664,58.20076370239258,55.34434127807617,39.112754821777344,97.84970092773438,54.476654052734375,30.758609771728516
2008-04-03,30.654056549072266,31.94355583190918,42.73423385620117,89.41999816894531,58.20076370239258,55.515960693359375,39.19874572753906,98.09306335449219,54.59821701049805,31.461708068847656
2008-04-04,30.87045669555664,31.814727783203125,42.87755584716797,90.25,58.6456184387207,55.500362396240234,39.43089294433594,97.98573303222656,55.09592056274414,30.964834213256836
2008-04-07,31.20338249206543,32.23736572265625,43.1412353515625,91.16999816894531,58.258785247802734,55.40678405761719,39.34489059448242,98.03581237792969,54.806549072265625,30.67890739440918
2008-04-08,31.32822608947754,32.061073303222656,42.68837356567383,90.3499984741211,58.26520919799805,55.3521614074707,39.04398727416992,97.93561553955078,54.615562438964844,30.636730194091797
2008-04-09,31.852582931518555,31.561603546142578,42.33871078491211,92.29000091552734,58.61335372924805,54.44744873046875,38.60546112060547,97.22698211669922,55.18270492553711,29.867996215820312
2008-04-10,31.711084365844727,32.013614654541016,42.20685577392578,91.7699966430664,58.38124084472656,55.024600982666016,39.15574264526367,97.36297607421875,54.99749755859375,30.158613204956055
2008-04-11,31.58624267578125,31.491535186767578,41.63937759399414,91.30000305175781,58.63274002075195,53.6129150390625,38.07240295410156,95.47325134277344,55.367889404296875,29.788305282592773
2008-04-14,31.802642822265625,31.41696548461914,41.7310791015625,91.11000061035156,58.48443603515625,53.44912338256836,37.90040969848633,95.15113830566406,55.04381561279297,29.614879608154297
2008-04-15,32.18550109863281,31.78534507751465,42.02344512939453,91.66000366210938,58.220115661621094,53.79230880737305,37.952022552490234,95.3730697631836,54.36087417602539,29.914875030517578
2008-04-16,32.493465423583984,32.725528717041016,43.347599029541016,93.2699966430664,57.82685852050781,55.53155517578125,39.009586334228516,97.95709228515625,53.82849884033203,31.12889862060547
2008-04-17,32.34364700317383,32.48822784423828,42.8660888671875,92.55999755859375,57.69149398803711,55.31316375732422,38.92360305786133,98.1002197265625,53.73585510253906,31.241397857666016
2008-04-18,32.360294342041016,32.97865676879883,43.16989517211914,90.62000274658203,57.63346481323242,55.898136138916016,40.16172790527344,99.12383270263672,53.689552307128906,31.063261032104492
2008-04-21,32.40190887451172,33.145896911621094,43.50809097290039,90.25,57.639892578125,55.90592575073242,40.44544982910156,99.17390441894531,53.903709411621094,30.833602905273438
2008-04-22,32.60166549682617,32.83853530883789,43.055240631103516,90.2699966430664,57.68501281738281,54.88422393798828,39.84359359741211,98.7373046875,54.08889389038086,30.758609771728516
2008-04-23,32.29370880126953,33.310874938964844,43.27880096435547,89.22000122070312,57.62699890136719,55.024600982666016,40.2820930480957,98.579833984375,53.90949249267578,31.142961502075195
2008-04-24,31.752704620361328,32.883731842041016,42.997928619384766,87.22000122070312,57.175750732421875,55.55495834350586,40.643218994140625,99.00930786132812,53.452301025390625,31.76169204711914
2008-04-25,32.335323333740234,33.12556457519531,43.35332489013672,87.2699966430664,57.09836959838867,56.0775032043457,40.54004669189453,99.92552947998047,53.139774322509766,31.939817428588867
2008-04-28,32.41023254394531,33.06227493286133,43.60554885864258,87.69000244140625,57.2015266418457,56.45188903808594,40.61742401123047,99.94700622558594,53.30179977416992,31.897634506225586
2008-04-29,31.627864837646484,32.476924896240234,43.221492767333984,85.80999755859375,57.30463409423828,55.95273208618164,40.92695236206055,99.55331420898438,53.50434112548828,31.550771713256836
2008-04-30,31.569597244262695,33.145896911621094,43.456504821777344,86.6500015258789,57.485198974609375,55.68754959106445,40.59163284301758,98.96634674072266,53.886329650878906,31.110153198242188
2008-05-01,30.837160110473633,33.49845886230469,43.720191955566406,83.98999786376953,57.47871780395508,56.64686584472656,41.87275695800781,101.01354217529297,53.889835357666016,31.78044319152832
2008-05-02,31.61954116821289,33.81938171386719,43.84056854248047,84.58000183105469,57.01308822631836,56.5844612121582,41.93292236328125,101.29267883300781,53.210227966308594,31.7523193359375
2008-05-05,32.27706527709961,33.79452896118164,43.91508865356445,86.2699966430664,57.0971565246582,56.366092681884766,41.81256103515625,100.80596160888672,53.210227966308594,31.663249969482422
2008-05-06,32.701541900634766,34.17196273803711,44.24184036254883,86.62999725341797,56.91607666015625,56.82624435424805,42.070491790771484,101.67926788330078,52.82691192626953,31.883567810058594
2008-05-07,32.75979995727539,33.154930114746094,43.46797180175781,85.81999969482422,57.142433166503906,55.812313079833984,41.30527114868164,99.86824798583984,53.05342483520508,31.01641273498535
2008-05-08,33.292484283447266,33.49620056152344,43.84629821777344,87.23999786376953,57.51104736328125,55.92932891845703,41.61480712890625,99.61054229736328,53.529693603515625,30.828887939453125
2008-05-09,33.80851745605469,33.22274398803711,43.49662780761719,87.41999816894531,57.57573699951172,55.76554489135742,41.451438903808594,99.42444610595703,53.72719192504883,30.66016387939453
2008-05-12,33.234222412109375,33.64989471435547,43.93229293823242,86.98999786376953,57.47871780395508,56.99003219604492,42.208065032958984,100.54115295410156,53.6458740234375,31.396087646484375
2008-05-13,33.417327880859375,33.81035614013672,43.78324890136719,85.38999938964844,57.0001335144043,57.31761932373047,42.31985855102539,100.5553970336914,53.059242248535156,31.52263832092285
2008-05-14,32.87632369995117,33.891727447509766,43.78324890136719,85.19999694824219,56.98076248168945,57.2474250793457,42.225250244140625,100.76303100585938,53.08246612548828,31.719520568847656
2008-05-15,33.25086975097656,34.61267852783203,44.52845001220703,87.0,57.2975959777832,57.36441421508789,42.964717864990234,102.02278137207031,53.564598083496094,32.10386276245117
2008-05-16,33.733604431152344,35.053367614746094,45.00996398925781,89.0999984741211,57.200599670410156,57.676387786865234,42.99909973144531,102.11585998535156,53.343841552734375,31.93512535095215
2008-05-19,33.783546447753906,35.0601692199707,44.8265266418457,89.38999938964844,57.32999801635742,57.69200134277344,42.689571380615234,102.39503479003906,53.413536071777344,31.986692428588867
2008-05-20,34.2496452331543,34.452205657958984,44.413787841796875,90.9000015258789,57.50457763671875,57.481380462646484,42.36283493041992,101.56470489501953,53.69231414794922,31.555452346801758
2008-05-21,35.2484130859375,34.10188674926758,43.90936279296875,91.95999908447266,57.368812561035156,56.662479400634766,41.4256477355957,99.8468017578125,53.703975677490234,30.796112060546875
2008-05-22,34.74070358276367,34.20134735107422,44.41952133178711,90.9800033569336,56.99369812011719,57.06803512573242,41.571815490722656,99.86112976074219,53.07085418701172,30.53359603881836
2008-05-23,34.80729293823242,33.604698181152344,43.91508865356445,91.2300033569336,57.24589157104492,56.31928253173828,41.44285202026367,98.52254486083984,53.30319595336914,30.388294219970703
2008-05-27,34.2496452331543,33.550445556640625,43.829105377197266,89.36000061035156,56.96781921386719,57.18502426147461,42.17369079589844,99.25269317626953,52.94302749633789,30.80546760559082
2008-05-28,34.466041564941406,34.0024528503418,43.82335662841797,89.13999938964844,56.541019439697266,57.45021057128906,42.34564971923828,99.71075439453125,52.472618103027344,30.857030868530273
2008-05-29,33.5255241394043,34.07704544067383,43.725921630859375,86.51000213623047,56.27584457397461,58.03516387939453,42.72396469116211,100.21182250976562,52.09502029418945,31.189844131469727
2008-05-30,33.75025177001953,34.19456100463867,43.9724235534668,87.44999694824219,56.46337890625,58.237937927246094,42.99909973144531,100.46238708496094,52.437747955322266,31.044540405273438
2008-06-02,34.19970703125,33.787742614746094,43.51382827758789,87.95999908447266,56.79892349243164,57.70761489868164,42.4746208190918,99.42444610595703,52.6400260925293,30.52423095703125
2008-06-03,33.39236068725586,33.17753601074219,43.422115325927734,86.87999725341797,57.09747314453125,57.590576171875,42.24246597290039,98.84469604492188,53.01893997192383,30.725788116455078
2008-06-04,32.892974853515625,32.888248443603516,43.16989517211914,86.6500015258789,56.889747619628906,57.94935607910156,42.784141540527344,98.79458618164062,52.5467643737793,30.885150909423828
2008-06-05,34.14144515991211,33.93464660644531,43.88641357421875,86.44999694824219,56.591270446777344,59.43122863769531,43.4633903503418,100.77014923095703,52.23196029663086,31.592952728271484
2008-06-06,35.01537322998047,32.7051887512207,42.62533187866211,89.05999755859375,57.08449172973633,57.65298843383789,42.15650177001953,97.55622100830078,52.90814208984375,30.271114349365234
2008-06-09,35.37326431274414,32.6215705871582,42.56800079345703,87.98999786376953,56.675636291503906,57.46580123901367,41.93292236328125,97.79244995117188,52.90814208984375,29.67112922668457
2008-06-10,35.23176956176758,31.86897087097168,41.84572982788086,85.55000305175781,56.33812713623047,57.04463195800781,41.73517608642578,97.30569458007812,52.564212799072266,29.685176849365234
2008-06-11,36.53017807006836,31.3920955657959,41.312625885009766,87.0199966430664,56.39651107788086,56.054134368896484,40.72920608520508,95.87409210205078,52.44179153442383,29.235206604003906
2008-06-12,36.52185821533203,31.575153350830078,41.1693229675293,85.5999984741211,55.9033088684082,56.17109680175781,40.77218246459961,96.23915100097656,51.91716766357422,29.535188674926758
2008-06-13,36.2888069152832,31.91642951965332,41.54765319824219,85.83000183105469,55.773502349853516,57.18502426147461,41.589019775390625,97.45601654052734,51.806434631347656,30.027376174926758
2008-06-16,36.255516052246094,32.02490997314453,41.75975036621094,87.01000213623047,55.77997970581055,57.543819427490234,41.9587287902832,97.51329803466797,51.81806564331055,30.425800323486328
2008-06-17,36.62173080444336,32.16050338745117,41.88585662841797,87.25,55.96822738647461,57.49699783325195,41.73517608642578,97.04087829589844,51.923011779785156,29.56331443786621
2008-06-18,37.121116638183594,32.00457763671875,41.54191970825195,88.27999877929688,56.27325439453125,57.036834716796875,41.2880859375,96.09598541259766,52.36020278930664,29.12739372253418
2008-06-19,36.255516052246094,32.05428695678711,41.461673736572266,88.41999816894531,55.94873046875,57.51261901855469,41.93292236328125,96.21768951416016,52.05126953125,29.802377700805664
2008-06-20,36.50520324707031,31.00788688659668,40.555965423583984,88.94999694824219,56.20835494995117,56.6000862121582,40.80063247680664,94.6559066772461,52.354347229003906,29.132081985473633
2008-06-23,36.763221740722656,31.098297119140625,40.550235748291016,87.08999633789062,56.182373046875,56.06971740722656,40.4822883605957,94.5624008178711,52.4650993347168,28.410221099853516
2008-06-24,36.771549224853516,30.960430145263672,40.36680221557617,87.47000122070312,56.48091506958008,55.1415901184082,40.27580261230469,94.3753662109375,52.81493377685547,28.42825698852539
2008-06-25,36.63005065917969,31.580387115478516,40.79786682128906,87.41999816894531,56.47441101074219,55.76554489135742,40.9296989440918,94.82138061523438,52.83820343017578,28.893762588500977
2008-06-26,37.84523010253906,30.49683952331543,39.76404571533203,90.61000061035156,56.79240798950195,54.330448150634766,39.2777214050293,92.24601745605469,53.193782806396484,27.929523468017578
2008-06-27,37.94511032104492,30.79172706604004,39.86917495727539,91.47000122070312,57.0715217590332,54.385032653808594,39.2777214050293,91.7424087524414,53.81757354736328,27.711023330688477
2008-06-30,37.27093505859375,31.024890899658203,40.108638763427734,91.4000015258789,57.11043930053711,53.85469055175781,38.864707946777344,92.06616973876953,53.82925033569336,27.74903678894043
2008-07-01,37.928462982177734,30.471696853637695,39.676422119140625,92.66000366210938,56.955474853515625,53.89368438720703,39.415367126464844,92.35393524169922,53.70170593261719,27.72527503967285
2008-07-02,38.65257263183594,29.603038787841797,39.045631408691406,93.16999816894531,57.092220306396484,52.36477279663086,38.468929290771484,90.7712631225586,53.98249053955078,27.383275985717773
2008-07-03,38.635921478271484,29.518442153930664,39.2967643737793,92.05999755859375,57.11171340942383,52.08296585083008,38.40009307861328,90.86475372314453,53.86552429199219,27.103038787841797
2008-07-07,38.111572265625,29.413284301757812,38.9580078125,91.2300033569336,57.37866973876953,51.42538070678711,38.63239669799805,89.93677520751953,54.11122512817383,26.49505615234375
2008-07-08,36.72993469238281,29.774478912353516,39.16244125366211,90.86000061035156,57.52191925048828,53.28855514526367,39.55305480957031,91.53379821777344,54.46227264404297,28.47100830078125
2008-07-09,36.7049674987793,29.173276901245117,38.65428924560547,91.5,57.79542922973633,51.86376953125,38.50334930419922,89.77131652832031,54.70213317871094,26.528295516967773
2008-07-10,37.7037353515625,29.701337814331055,38.98721694946289,93.52999877929688,57.8149528503418,52.37261962890625,38.959373474121094,90.13819122314453,54.696266174316406,27.04128646850586
2008-07-11,38.228092193603516,29.502437591552734,38.37392044067383,95.16000366210938,57.27454376220703,52.662254333496094,38.33987045288086,89.08790588378906,53.91814422607422,26.908287048339844
2008-07-14,38.24474334716797,29.465871810913086,38.29215621948242,95.91000366210938,57.580528259277344,51.793312072753906,38.05592346191406,88.28218841552734,54.392066955566406,25.972545623779297
2008-07-15,37.02956771850586,28.974393844604492,37.67887878417969,96.16999816894531,57.7889404296875,51.57408905029297,38.06454086303711,87.03770446777344,54.374507904052734,25.7208194732666
2008-07-16,36.463592529296875,29.811052322387695,38.37392044067383,94.44000244140625,57.261531829833984,53.46861267089844,39.0109977722168,89.17424011230469,53.391624450683594,27.597036361694336
2008-07-17,35.6063117980957,29.950496673583984,38.9580078125,94.22000122070312,56.988033294677734,53.54689407348633,39.26911544799805,90.06629180908203,53.11662673950195,27.929523468017578
2008-07-18,34.99872589111328,29.692180633544922,39.20915603637695,94.16999816894531,56.79262924194336,53.92265319824219,38.36567306518555,90.6274185180664,52.917724609375,27.97702407836914
2008-07-21,35.42320251464844,30.06022834777832,39.43695068359375,95.12000274658203,56.92290496826172,54.580265045166016,38.52914810180664,90.67774963378906,53.12251663208008,28.186016082763672
2008-07-22,34.6491584777832,30.078516006469727,39.5712890625,93.05999755859375,56.72755813598633,55.950252532958984,38.52914810180664,91.70645141601562,52.85921096801758,28.941251754760742
2008-07-23,33.86677551269531,30.121944427490234,39.71731185913086,90.56999969482422,56.63637161254883,56.31034851074219,39.03679656982422,92.20285034179688,52.75387191772461,29.75825309753418
2008-07-24,33.89175033569336,29.008686065673828,38.993045806884766,91.33000183105469,57.1247673034668,54.88557052612305,38.45170211791992,90.28931427001953,53.26876449584961,27.787029266357422
2008-07-25,33.46726608276367,29.20755386352539,39.074825286865234,91.69000244140625,56.79262924194336,55.33179473876953,38.950748443603516,90.2677230834961,52.736366271972656,28.243017196655273
2008-07-28,33.63372802734375,28.713790893554688,38.420658111572266,91.7300033569336,57.11822509765625,54.39235305786133,38.219390869140625,88.94404602050781,53.26876449584961,27.782270431518555
2008-07-29,33.25086975097656,30.30481719970703,38.80030059814453,90.58999633789062,56.955474853515625,55.723209381103516,39.0109977722168,90.84318542480469,53.05233383178711,29.074249267578125
2008-07-30,33.90839385986328,29.989360809326172,39.16244125366211,89.5199966430664,57.06614685058594,56.059844970703125,39.2088623046875,92.46180725097656,53.104915618896484,28.974510192871094
2008-07-31,33.62541198730469,29.317296981811523,38.77694320678711,90.08000183105469,57.52191925048828,55.83281326293945,39.11424255371094,91.2388916015625,53.631492614746094,28.61351776123047
2008-08-01,33.25086975097656,29.118398666381836,38.198707580566406,89.56999969482422,57.55070114135742,55.90327835083008,38.61520004272461,90.75689697265625,53.750099182128906,28.63726043701172
2008-08-04,32.152217864990234,28.226890563964844,37.83657455444336,88.13999938964844,57.511512756347656,55.38657760620117,38.227989196777344,89.91523742675781,53.626766204833984,28.219280242919922
2008-08-05,31.927494049072266,28.590360641479492,38.794464111328125,86.08000183105469,57.217529296875,56.333831787109375,39.518611907958984,92.33953094482422,53.227508544921875,29.487491607666016
2008-08-06,31.58624267578125,29.159564971923828,38.806148529052734,86.63999938964844,57.23707962036133,56.61564636230469,40.12091064453125,92.74955749511719,53.01028823852539,29.344993591308594
2008-08-07,31.761028289794922,28.158309936523438,38.02933120727539,86.08999633789062,57.77287292480469,55.77018737792969,39.8111686706543,91.36834716796875,53.87338638305664,28.570762634277344
2008-08-08,30.87045669555664,28.226890563964844,38.18701934814453,84.43000030517578,57.74668502807617,57.241947174072266,40.71460723876953,93.06610870361328,54.020206451416016,29.40200424194336
2008-08-11,30.837160110473633,27.9320011138916,38.151981353759766,81.12999725341797,57.46574783325195,58.61191177368164,41.08457565307617,94.03006744384766,53.50349044799805,30.35198211669922
2008-08-12,30.570825576782227,27.69883918762207,37.8774528503418,80.5199966430664,57.86435317993164,58.17352294921875,41.127586364746094,93.05170440673828,54.002593994140625,29.672744750976562
2008-08-13,31.594566345214844,27.691986083984375,37.281707763671875,81.55999755859375,57.74019241333008,58.38489532470703,41.04153060913086,92.49060821533203,53.81464385986328,29.240503311157227
2008-08-14,31.319904327392578,28.05544662475586,37.13568115234375,79.3499984741211,57.91661834716797,58.94854736328125,41.51477813720703,93.1883544921875,54.16106033325195,29.710735321044922
2008-08-15,30.89542007446289,27.616539001464844,36.8903694152832,77.62999725341797,58.1321907043457,58.791988372802734,41.437339782714844,93.64159393310547,54.6308479309082,29.668004989624023
2008-08-18,31.070213317871094,27.15020751953125,36.70347213745117,78.80000305175781,58.27597427368164,58.0325927734375,40.95549774169922,92.36109161376953,54.8481330871582,29.25950050354004
2008-08-19,31.552953720092773,26.92390251159668,36.28876876831055,80.43000030517578,58.1910400390625,57.069698333740234,40.44786834716797,91.35395812988281,54.636756896972656,28.53752326965332
2008-08-20,31.802642822265625,27.60968589782715,36.504878997802734,80.05999755859375,58.36090850830078,57.14801788330078,40.5167236328125,91.77842712402344,54.78937911987305,28.580251693725586
2008-08-21,33.167633056640625,27.56854820251465,36.65088653564453,82.30000305175781,58.236785888671875,56.49039840698242,40.3274040222168,91.93665313720703,54.689598083496094,28.072021484375
2008-08-22,32.044010162353516,27.54796600341797,36.82027816772461,81.08000183105469,58.066890716552734,57.68034362792969,40.860862731933594,93.26752471923828,54.65436935424805,29.026744842529297
2008-08-25,31.86090660095215,26.978769302368164,36.24205017089844,80.93000030517578,58.4524040222168,56.4121208190918,40.0004768371582,91.37553405761719,55.200382232666016,28.148029327392578
2008-08-26,31.877553939819336,27.026763916015625,36.4231071472168,81.2300033569336,58.471981048583984,56.49822235107422,39.948829650878906,91.64173889160156,55.24740982055664,28.480518341064453
2008-08-27,32.177181243896484,27.602825164794922,36.76771545410156,81.36000061035156,58.55691909790039,57.17145538330078,40.206966400146484,92.53375244140625,55.34135055541992,28.765514373779297
2008-08-28,31.544626235961914,27.79483985900879,37.24081039428711,82.18000030517578,58.471981048583984,58.33008575439453,40.533897399902344,93.65596008300781,55.34723663330078,29.49700164794922
2008-08-29,31.4281063079834,27.46567153930664,37.129844665527344,81.70999908447266,58.400115966796875,57.82905197143555,39.68210983276367,92.64883422851562,55.10061264038086,29.292747497558594
2008-09-02,30.61244010925293,26.635875701904297,36.55744171142578,79.19999694824219,58.718048095703125,57.81341552734375,39.19166564941406,92.07331848144531,55.6132926940918,29.482749938964844
2008-09-03,30.437652587890625,26.196962356567383,36.40559387207031,78.88999938964844,58.862266540527344,58.048274993896484,38.821693420410156,91.99420166015625,55.849021911621094,29.948238372802734
2008-09-04,30.004850387573242,24.9899845123291,34.84610366821289,78.38999938964844,59.157264709472656,56.2242546081543,37.56549072265625,89.22457122802734,56.29689407348633,29.10750961303711
2008-09-05,29.705217361450195,25.346595764160156,34.71760177612305,78.9800033569336,59.026161193847656,56.083309173583984,37.38481140136719,89.50515747070312,56.2674446105957,29.112241744995117
2008-09-08,29.638635635375977,25.662057876586914,35.49441909790039,78.86000061035156,59.0327033996582,56.740909576416016,37.315975189208984,91.35395812988281,56.503135681152344,30.3709774017334
2008-09-09,28.556629180908203,24.221908569335938,34.343780517578125,76.48999786376953,59.301509857177734,55.43357467651367,36.5244026184082,88.64188385009766,57.063026428222656,29.23576545715332
2008-09-10,28.59824562072754,24.612808227539062,34.676719665527344,74.22000122070312,59.1507682800293,55.950252532958984,36.82554626464844,89.0016098022461,56.70943832397461,29.288007736206055
2008-09-11,28.356874465942383,24.249347686767578,34.60078048706055,73.08000183105469,59.045875549316406,56.30252456665039,37.513877868652344,90.28931427001953,56.679954528808594,29.734498977661133
2008-09-12,28.548303604125977,25.058561325073242,35.278316497802734,75.55000305175781,58.750823974609375,56.56085968017578,37.36759567260742,90.70650482177734,55.94921875,29.639497756958008
2008-09-15,27.424684524536133,23.09035873413086,33.77722930908203,77.55999755859375,59.87837219238281,54.024410247802734,36.20607376098633,86.39022827148438,57.764244079589844,27.929523468017578
2008-09-16,26.867033004760742,23.289247512817383,33.52608108520508,76.79000091552734,59.707977294921875,55.5822868347168,36.489990234375,87.8362045288086,57.75248718261719,29.307004928588867
2008-09-17,27.67437744140625,21.63650131225586,32.246944427490234,85.45999908447266,60.24546432495117,53.077171325683594,34.59708023071289,83.88681030273438,58.041255950927734,27.620779037475586
2008-09-18,27.724315643310547,23.460691452026367,33.71299362182617,82.80000305175781,59.537506103515625,56.20859146118164,35.76723861694336,86.3758544921875,57.19267272949219,29.967239379882812
2008-09-19,28.63985824584961,26.382123947143555,36.101863861083984,85.9800033569336,58.475486755371094,58.713714599609375,36.93645477294922,89.80618286132812,55.377559661865234,30.86022186279297
2008-09-22,29.63031005859375,24.66080093383789,34.86946105957031,89.18000030517578,58.35093307495117,56.32598876953125,35.1972541809082,87.77301025390625,55.371707916259766,28.266769409179688
2008-09-23,29.339000701904297,23.892730712890625,34.37882614135742,88.31999969482422,58.35093307495117,55.5744743347168,34.93035888671875,85.77604675292969,55.15953826904297,28.45676612854004
2008-09-24,29.097631454467773,24.167057037353516,34.478126525878906,86.70999908447266,58.501712799072266,54.86842346191406,35.17144775390625,86.05101013183594,55.401123046875,28.260438919067383
2008-09-25,29.6053409576416,25.408313751220703,35.27247619628906,86.44999694824219,58.324684143066406,55.150840759277344,35.731075286865234,87.39675903320312,55.28911590576172,28.611711502075195
2008-09-26,29.255767822265625,24.544233322143555,34.89866638183594,86.63999938964844,58.285362243652344,55.409732818603516,35.36945343017578,87.440185546875,55.6899528503418,29.497112274169922
2008-09-29,27.441329956054688,21.67764663696289,31.00286102294922,89.56999969482422,59.09828567504883,51.03218078613281,32.56262969970703,80.58826446533203,57.310543060302734,27.29325294494629
2008-09-30,28.207054138183594,23.433259963989258,32.88359451293945,85.06999969482422,58.318180084228516,53.34648513793945,33.5011100769043,83.92378234863281,55.913848876953125,29.256505966186523
2008-10-01,27.549530029296875,23.71442985534668,32.638267517089844,85.97000122070312,58.729278564453125,52.57764434814453,33.14811325073242,83.97442626953125,56.617271423339844,28.549161911010742
2008-10-02,26.026399612426758,21.63650131225586,31.2131290435791,82.33000183105469,59.058197021484375,49.878944396972656,31.641374588012695,80.92828369140625,57.07243728637695,26.70618438720703
2008-10-03,25.418813705444336,21.067298889160156,31.09047508239746,82.58999633789062,59.28185272216797,49.18857955932617,31.150623321533203,79.83576965332031,57.574867248535156,25.55132484436035
2008-10-06,24.336803436279297,19.483135223388672,29.332393646240234,84.27999877929688,59.762088775634766,46.85075759887695,30.01411247253418,75.76947784423828,58.62116241455078,24.786226272583008
2008-10-07,24.636438369750977,17.96755599975586,27.95981216430664,87.2699966430664,59.71601104736328,43.77548599243164,28.111316680908203,72.37603759765625,58.44382858276367,22.65936279296875
2008-10-08,24.994333267211914,17.96755599975586,27.334850311279297,89.41999816894531,58.95296096801758,42.72425079345703,27.887466430664062,70.55268859863281,57.60441970825195,22.346576690673828
2008-10-09,23.829092025756836,16.64398765563965,25.699434280395508,89.9000015258789,58.36089324951172,39.21750259399414,27.138399124145508,65.62539672851562,57.1197395324707,20.575794219970703
2008-10-10,22.77206039428711,16.836008071899414,24.74155044555664,83.22000122070312,57.676788330078125,41.147403717041016,26.96619987487793,64.0335922241211,56.71772003173828,22.543867111206055
2008-10-13,24.037172317504883,20.669544219970703,28.672388076782227,81.98999786376953,57.2821159362793,44.70120620727539,30.24656867980957,73.33110809326172,55.99068069458008,23.977819442749023
2008-10-14,23.59604835510254,19.640872955322266,28.082469940185547,82.19999694824219,57.01241683959961,43.44599533081055,28.9378662109375,72.24577331542969,55.63010025024414,22.346576690673828
2008-10-15,22.522363662719727,16.465686798095703,25.086153030395508,83.30999755859375,57.479454040527344,39.5469856262207,26.34629249572754,65.13335418701172,56.162132263183594,19.478673934936523
2008-10-16,22.097885131835938,17.27491569519043,26.563871383666992,79.29000091552734,57.49264144897461,42.13587188720703,27.775531768798828,67.84660339355469,55.872432708740234,20.60947036743164
2008-10-17,22.347578048706055,16.733139038085938,25.997310638427734,77.20999908447266,57.85441970825195,40.95126724243164,27.809965133666992,67.44145965576172,55.48821258544922,20.38812255859375
2008-10-20,22.797027587890625,17.90583610534668,27.65609359741211,78.5,57.913597106933594,42.90468215942383,28.584861755371094,71.49329376220703,55.93162155151367,20.53730010986328
2008-10-21,21.981365203857422,16.479406356811523,26.09660530090332,76.02999877929688,58.52540969848633,41.7200927734375,27.103965759277344,69.35885620117188,56.227134704589844,19.834753036499023
2008-10-22,20.94097137451172,14.744367599487305,24.19251251220703,71.70999908447266,58.97267532348633,39.60974884033203,26.35489845275879,65.5819320678711,57.368003845214844,18.43449592590332
2008-10-23,21.024206161499023,15.155837059020996,24.72402572631836,70.6500015258789,59.05166244506836,38.4329948425293,26.251590728759766,66.3416748046875,57.793617248535156,17.95330047607422
2008-10-24,20.183568954467773,13.59225082397461,23.1236515045166,72.20999908447266,58.801639556884766,37.00518798828125,25.407812118530273,62.97719192504883,57.178836822509766,16.93317222595215
2008-10-27,20.03375244140625,13.235636711120605,21.90876579284668,72.18000030517578,58.768802642822266,35.192962646484375,24.701793670654297,60.74143600463867,57.2202262878418,15.970779418945312
2008-10-28,20.583078384399414,16.00621223449707,24.928449630737305,73.79000091552734,58.29512023925781,38.00936508178711,27.43113136291504,67.83939361572266,56.3867301940918,18.468175888061523
2008-10-29,21.798254013061523,15.498727798461914,24.986858367919922,74.0,58.38067626953125,38.20548629760742,27.36225700378418,67.34739685058594,56.103023529052734,17.813745498657227
2008-10-30,20.89935874938965,17.59037208557129,25.862977981567383,72.70999908447266,57.93336486816406,40.347206115722656,28.274906158447266,69.67719268798828,55.59463882446289,18.766510009765625
2008-10-31,21.132402420043945,17.439502716064453,26.032365798950195,71.33999633789062,57.814937591552734,42.167240142822266,28.31795310974121,70.06067657470703,54.87348556518555,19.974302291870117
2008-11-03,20.89935874938965,17.281770706176758,26.13749885559082,71.0999984741211,57.907318115234375,42.22217559814453,28.2576847076416,70.26326751708984,55.0218620300293,19.319881439208984
2008-11-04,21.84819221496582,18.859071731567383,27.930614471435547,75.4800033569336,58.60057830810547,42.708553314208984,29.058401107788086,72.65096282958984,56.05453109741211,20.402565002441406
2008-11-05,21.2822208404541,16.45882797241211,26.41201400756836,72.80000305175781,58.91094970703125,40.47270584106445,27.543062210083008,69.5976333618164,56.719181060791016,18.395992279052734
2008-11-06,20.35003089904785,15.6290283203125,24.706506729125977,72.22000122070312,58.732635498046875,38.903690338134766,26.31184959411621,65.74113464355469,56.3097038269043,17.534650802612305
2008-11-07,20.375001907348633,16.897724151611328,26.102455139160156,72.5,58.521331787109375,39.71174621582031,26.854272842407227,67.91177368164062,55.94174575805664,18.646217346191406
2008-11-10,20.508169174194336,17.055461883544922,25.71111297607422,73.58000183105469,58.58079147338867,38.79387664794922,26.492664337158203,67.02179718017578,56.2147331237793,16.976472854614258
2008-11-11,20.11698341369629,15.992493629455566,24.86420249938965,72.05000305175781,58.798641204833984,37.954437255859375,25.915790557861328,64.95246124267578,56.380943298339844,16.740694046020508
2008-11-12,19.52604103088379,14.806087493896484,23.526660919189453,70.0,59.16178512573242,35.74212646484375,24.719017028808594,62.094486236572266,56.742958068847656,15.542520523071289
2008-11-13,19.892257690429688,16.85658836364746,25.530057907104492,72.1500015258789,58.732635498046875,38.68402862548828,26.22575569152832,65.96541595458984,55.38386917114258,17.250747680664062
2008-11-14,19.767412185668945,15.238131523132324,24.064006805419922,73.30000305175781,59.313621520996094,35.80488967895508,24.95148277282715,62.673343658447266,56.4818000793457,15.30673599243164
2008-11-17,19.317960739135742,14.984391212463379,23.625957489013672,72.6500015258789,59.564517974853516,35.498931884765625,24.426284790039062,61.84124755859375,56.73110580444336,14.753364562988281
2008-11-18,19.026655197143555,14.764944076538086,23.666845321655273,72.51000213623047,60.02669906616211,35.32633972167969,24.400455474853516,63.00613784790039,57.461055755615234,14.613821029663086
2008-11-19,18.810253143310547,13.489384651184082,22.08399772644043,72.26000213623047,60.67366027832031,32.44721221923828,23.126174926757812,58.9687614440918,58.932884216308594,12.650551795959473
2008-11-20,17.85309600830078,12.52242660522461,20.869112014770508,73.44999694824219,61.89503860473633,30.227039337158203,22.00689697265625,54.5913200378418,61.977474212646484,11.649667739868164
2008-11-21,18.16105079650879,14.326038360595703,22.352670669555664,78.8499984741211,61.327274322509766,31.88237953186035,22.962602615356445,57.53615951538086,61.08132553100586,12.50619888305664
2008-11-24,19.409517288208008,15.196985244750977,23.690208435058594,80.91000366210938,60.752899169921875,34.126041412353516,24.366010665893555,61.522865295410156,60.12581253051758,14.633066177368164
2008-11-25,18.76031494140625,14.908951759338379,24.122425079345703,80.87000274658203,61.796058654785156,34.690887451171875,24.254079818725586,61.97869873046875,61.89440155029297,14.86403751373291
2008-11-26,19.35957908630371,16.04736328125,24.38525390625,80.37999725341797,62.17230987548828,36.76984405517578,25.270051956176758,64.3736343383789,61.977474212646484,15.667634963989258
2008-11-28,18.518943786621094,15.738755226135254,24.373573303222656,80.30999755859375,62.297767639160156,37.1385498046875,25.0720272064209,65.1839828491211,62.74306869506836,15.436659812927246
2008-12-01,17.94464874267578,14.223167419433594,22.38187599182129,75.6500015258789,63.14104080200195,32.96498489379883,23.186464309692383,59.410152435302734,65.1458740234375,12.424396514892578
2008-12-02,17.952970504760742,15.12154769897461,23.59675407409668,76.94999694824219,63.4722785949707,34.6987419128418,23.961345672607422,61.69650650024414,65.39600372314453,14.074882507324219
2008-12-03,17.744895935058594,15.244990348815918,23.912155151367188,76.18000030517578,63.57160949707031,35.74999237060547,24.641523361206055,63.17977523803711,65.58056640625,14.86403751373291
2008-12-04,16.812705993652344,14.59349250793457,23.176219940185547,75.5,63.96908187866211,34.565372467041016,23.944129943847656,61.71823501586914,66.87271118164062,14.455026626586914
2008-12-05,16.39655113220215,15.457579612731934,23.468257904052734,74.5199966430664,63.29344177246094,36.1657829284668,24.917051315307617,63.62116241455078,65.7889633178711,15.985222816467285
2008-12-08,17.153955459594727,16.445114135742188,24.583843231201172,76.19999694824219,63.054908752441406,37.766151428222656,25.89857292175293,65.84241485595703,65.6460189819336,17.47691535949707
2008-12-09,16.77941131591797,16.21880531311035,24.35605812072754,76.33000183105469,63.591495513916016,36.59724426269531,25.83830451965332,64.75711822509766,66.94424438476562,15.961158752441406
2008-12-10,17.28712272644043,17.185760498046875,24.9985408782959,79.75,63.531883239746094,37.46019744873047,25.752206802368164,65.19844055175781,66.78347778320312,17.332557678222656
2008-12-11,17.83644676208496,16.74686050415039,24.887563705444336,80.6500015258789,63.91609191894531,35.56169509887695,25.046199798583984,63.628379821777344,66.91444396972656,14.859225273132324
2008-12-12,18.22763442993164,16.98002052307129,25.132877349853516,80.80999755859375,64.09486389160156,36.7855224609375,25.554180145263672,64.38810729980469,66.91444396972656,16.413480758666992
2008-12-15,17.711915969848633,16.753713607788086,25.19713592529297,82.5999984741211,64.2340087890625,35.60091781616211,25.106456756591797,63.490909576416016,67.67666625976562,15.840855598449707
2008-12-16,17.965551376342773,18.09099578857422,26.64563751220703,84.45999908447266,65.2541732788086,37.91521072387695,26.31184959411621,66.47911834716797,69.34993743896484,17.780065536499023
2008-12-17,17.72037124633789,17.77553939819336,26.51129913330078,85.43000030517578,65.69789123535156,38.260398864746094,25.9932861328125,65.83516693115234,71.23171997070312,18.107282638549805
2008-12-18,17.449831008911133,17.38463592529297,25.699434280395508,83.87000274658203,66.14176177978516,38.01720428466797,25.536954879760742,64.60517120361328,72.7262954711914,16.60114288330078
2008-12-19,17.331472396850586,17.44635581970215,25.32562828063965,82.62999725341797,65.92315673828125,38.20548629760742,25.746479034423828,64.32726287841797,72.80380249023438,17.765626907348633
2008-12-22,16.84111785888672,16.794857025146484,25.150400161743164,83.45999908447266,65.75096130371094,37.46803283691406,25.18602752685547,63.5030517578125,72.2440414428711,17.096771240234375
2008-12-23,16.908750534057617,16.655773162841797,24.961708068847656,82.62999725341797,65.71780395507812,36.92341232299805,25.05668830871582,62.8465690612793,72.14875030517578,17.000532150268555
2008-12-24,16.64666748046875,16.77400016784668,25.292953491210938,83.45999908447266,65.65161895751953,37.057796478271484,25.125667572021484,63.211273193359375,71.9939193725586,17.200716018676758
2008-12-26,16.908750534057617,16.718368530273438,25.411256790161133,85.5999984741211,66.00269317626953,37.58742904663086,25.11704444885254,63.575923919677734,72.2320327758789,17.447853088378906
2008-12-29,17.09474754333496,16.6905460357666,25.417171478271484,86.3499984741211,66.14825439453125,37.01036834716797,24.91010856628418,63.39359664916992,72.14544677734375,16.444475173950195
2008-12-30,17.19620132446289,17.135629653930664,26.18021583557129,85.9000015258789,66.2413558959961,38.03798294067383,25.42745590209961,64.8962173461914,72.83252716064453,17.10186195373535
2008-12-31,17.91482162475586,17.365121841430664,26.535125732421875,86.5199966430664,65.51000213623047,38.923309326171875,25.643014907836914,65.82255554199219,71.30897521972656,18.016258239746094
2009-01-02,18.54044532775879,18.192697525024414,26.878198623657227,86.2300033569336,64.5725326538086,39.697998046875,26.75531005859375,67.80661010742188,69.51651763916016,17.44291114807129
2009-01-05,18.73489761352539,18.42914581298828,26.44640350341797,84.4800033569336,64.45944213867188,39.840309143066406,26.746685028076172,67.72632598876953,67.72412109375,17.12162971496582
2009-01-06,19.225250244140625,18.846410751342773,26.730327606201172,85.12999725341797,64.41960906982422,40.51219177246094,27.01397705078125,68.1785888671875,67.04296875,17.976726531982422
2009-01-07,18.244543075561523,17.761526107788086,26.268945693969727,82.75,64.43284606933594,39.318572998046875,26.2465877532959,66.13619995117188,67.305908203125,17.37371253967285
2009-01-08,18.312179565429688,17.685026168823242,26.659343719482422,84.45999908447266,64.60577392578125,39.50828552246094,26.522497177124023,66.40608978271484,67.2520980834961,17.24519920349121
2009-01-09,18.100818634033203,17.30253028869629,25.736589431762695,83.91999816894531,64.90496063232422,38.04587936401367,25.92755126953125,64.9837417602539,67.35368347167969,16.360448837280273
2009-01-12,17.280746459960938,16.57232093811035,25.11550521850586,80.76000213623047,65.31053924560547,36.9155158996582,25.453323364257812,63.42277145385742,68.05271911621094,15.401558876037598
2009-01-13,17.568195343017578,16.621007919311523,24.65412139892578,80.87999725341797,65.3570785522461,37.405601501464844,25.461944580078125,63.539493560791016,68.12448120117188,15.866166114807129
2009-01-14,17.323017120361328,15.814294815063477,23.642637252807617,79.79000091552734,65.7227554321289,35.76142120361328,24.685928344726562,61.5408821105957,69.24769592285156,15.035799026489258
2009-01-15,17.306106567382812,15.995101928710938,23.8555908203125,80.38999938964844,65.66957092285156,36.33845520019531,25.0911808013916,61.56279754638672,69.3612289428711,15.530064582824707
2009-01-16,17.3821964263916,16.168962478637695,23.99754524230957,82.70999908447266,65.06453704833984,36.74159240722656,25.367095947265625,62.0441780090332,68.29166412353516,16.118253707885742
2009-01-20,16.84111785888672,14.965862274169922,22.240760803222656,84.5199966430664,64.96480560302734,34.25156784057617,24.108224868774414,58.76909255981445,68.27976989746094,14.314154624938965
2009-01-21,16.908750534057617,15.779519081115723,23.329137802124023,84.1500015258789,64.3863296508789,35.95901870727539,25.134296417236328,61.30747985839844,66.12284851074219,15.811809539794922
2009-01-22,16.68893814086914,15.25794506072998,22.784954071044922,84.58000183105469,63.96080017089844,34.91556930541992,24.79802131652832,60.3592414855957,64.8502426147461,14.946820259094238
2009-01-23,17.46674156188965,15.452665328979492,22.625253677368164,88.52999877929688,63.97414779663086,35.0894775390625,24.918725967407227,60.62179946899414,64.34237670898438,15.401558876037598
2009-01-26,17.500558853149414,15.633479118347168,23.06888198852539,88.94999694824219,63.81459426879883,35.48472595214844,25.099809646606445,61.03757095336914,63.78075408935547,15.312589645385742
2009-01-27,17.02711296081543,15.911648750305176,23.5184326171875,88.37999725341797,64.23340606689453,35.87206268310547,25.280868530273438,61.657562255859375,65.28044128417969,15.530064582824707
2009-01-28,17.432924270629883,16.718368530273438,24.210493087768555,87.41999816894531,63.821205139160156,37.35026931762695,26.16897964477539,63.74372482299805,63.64929962158203,16.874492645263672
2009-01-29,17.221567153930664,15.869925498962402,23.110288619995117,89.5,62.990089416503906,35.88786697387695,25.505056381225586,61.67219543457031,62.18553924560547,15.495471000671387
2009-01-30,17.1201114654541,15.751699447631836,22.89142608642578,91.30999755859375,62.9635009765625,35.1606330871582,25.05668830871582,60.417579650878906,61.988338470458984,14.857858657836914
2009-02-02,16.790390014648438,15.591753005981445,22.666654586791992,88.83999633789062,63.47422790527344,35.4452018737793,25.35847282409668,60.235225677490234,63.14162826538086,15.218679428100586
2009-02-03,16.59593963623047,16.05769920349121,23.317310333251953,88.47000122070312,62.92753982543945,35.698177337646484,25.755104064941406,61.081363677978516,61.637840270996094,15.065454483032227
2009-02-04,16.68893814086914,16.175926208496094,23.19901466369629,89.18000030517578,62.60752487182617,35.43729019165039,25.789596557617188,60.782283782958984,61.422157287597656,14.699690818786621
2009-02-05,17.060930252075195,16.51668930053711,23.530254364013672,90.12000274658203,62.75420379638672,35.84835433959961,26.35866928100586,61.686790466308594,61.476043701171875,14.388298988342285
2009-02-06,17.187746047973633,17.344261169433594,24.07444190979004,89.58999633789062,62.37409973144531,37.12103271484375,27.048465728759766,63.44467544555664,61.28437042236328,15.386730194091797
2009-02-09,17.09474754333496,17.253847122192383,24.068532943725586,88.31999969482422,62.24740219116211,36.95502471923828,27.160551071166992,63.5322151184082,61.482051849365234,15.614099502563477
2009-02-10,16.87493324279785,16.210693359375,22.87368392944336,90.20999908447266,63.08090591430664,35.24759292602539,26.160356521606445,60.62179946899414,62.818119049072266,14.225186347961426
2009-02-11,16.773483276367188,16.697500228881836,23.122114181518555,92.29000091552734,63.567596435546875,35.3819694519043,26.039648056030273,60.97924041748047,63.63286209106445,14.497035026550293
2009-02-12,16.798845291137695,16.59318733215332,23.05113410949707,93.16999816894531,63.54758071899414,35.68235397338867,26.35866928100586,61.02301025390625,63.03377151489258,14.24990177154541
2009-02-13,16.49448585510254,16.6766357421875,22.802696228027344,92.55000305175781,63.0474967956543,35.31084060668945,26.237957000732422,60.366546630859375,61.35625457763672,13.375035285949707
2009-02-17,15.572959899902344,15.612610816955566,21.59010124206543,95.44999694824219,64.10762023925781,33.91167068481445,25.19464874267578,57.78438949584961,63.267433166503906,12.426032066345215
2009-02-18,15.479960441589355,15.501348495483398,21.572351455688477,96.91000366210938,63.64090347290039,33.42947006225586,25.211896896362305,57.64582443237305,62.72819900512695,12.603975296020508
2009-02-19,15.8604097366333,15.355302810668945,21.542781829833984,95.7699966430664,63.28750228881836,32.963096618652344,24.823888778686523,57.025794982910156,61.661808013916016,12.060274124145508
2009-02-20,15.682868957519531,14.965862274169922,21.229284286499023,97.80000305175781,63.46756362915039,32.52043533325195,24.892866134643555,56.4714469909668,62.26095199584961,12.821451187133789
2009-02-23,15.53068733215332,14.597275733947754,20.418916702270508,97.7300033569336,63.52756881713867,31.271459579467773,24.022005081176758,54.45097351074219,62.83607864379883,11.857621192932129
2009-02-24,15.826590538024902,15.397028923034668,21.270692825317383,94.7300033569336,63.28750228881836,32.425559997558594,24.81526756286621,56.51521301269531,62.77021408081055,12.86099624633789
2009-02-25,16.012588500976562,15.132770538330078,20.685091018676758,93.1500015258789,62.71417999267578,31.753652572631836,24.651437759399414,56.07022476196289,62.045196533203125,12.613856315612793
2009-02-26,16.35076332092285,15.000628471374512,20.51355743408203,93.05999755859375,62.55415344238281,31.160799026489258,23.961652755737305,55.15850067138672,61.39217758178711,11.966354370117188
2009-02-27,16.156312942504883,14.764180183410645,20.51355743408203,92.62999725341797,62.50080108642578,30.94736671447754,23.737468719482422,53.9257926940918,61.03866958618164,11.808191299438477
2009-03-02,15.344693183898926,13.867059707641602,19.336454391479492,90.93000030517578,63.12783432006836,29.20041275024414,22.97006607055664,51.4968147277832,62.04926681518555,11.07172966003418
2009-03-03,15.446147918701172,14.061789512634277,19.25955581665039,90.04000091552734,63.047611236572266,28.647056579589844,22.95282745361328,51.11023712158203,61.63471603393555,11.116207122802734
2009-03-04,15.987225532531738,15.04930305480957,20.11724281311035,88.98999786376953,62.726741790771484,29.239927291870117,23.565017700195312,52.321067810058594,61.352352142333984,11.294146537780762
2009-03-05,15.851954460144043,14.430366516113281,19.3068790435791,91.98999786376953,63.46213912963867,27.68267250061035,22.85798454284668,50.18385314941406,63.05856704711914,10.597222328186035
2009-03-06,16.232404708862305,14.673771858215332,19.27138328552246,92.29000091552734,63.16131591796875,27.824951171875,22.676910400390625,50.27140426635742,62.63801574707031,10.453886032104492
2009-03-09,16.139402389526367,14.38864517211914,18.75086212158203,90.56999969482422,63.188026428222656,27.18467140197754,22.194053649902344,49.68058395385742,62.27154541015625,10.68619155883789
2009-03-10,16.09713363647461,15.556985855102539,20.01077651977539,88.13999938964844,62.726741790771484,28.955360412597656,23.565017700195312,52.64200210571289,61.07600402832031,12.173954963684082
2009-03-11,15.58987045288086,15.556985855102539,20.123159408569336,89.22000122070312,63.17466735839844,28.99488639831543,23.927162170410156,52.98481750488281,61.73680114746094,11.976245880126953
2009-03-12,16.31694221496582,16.155057907104492,20.578624725341797,91.0999984741211,63.355133056640625,30.79717445373535,24.720415115356445,55.07096481323242,62.03120803833008,12.95490837097168
2009-03-13,16.173219680786133,16.245466232299805,20.714670181274414,91.30000305175781,63.30836486816406,31.12128257751465,24.780776977539062,55.501312255859375,61.71881866455078,12.67811107635498
2009-03-16,16.52830696105957,16.259376525878906,20.939441680908203,90.80000305175781,62.94735336303711,30.560035705566406,24.36690330505371,55.33355712890625,60.74552917480469,11.679678916931152
2009-03-17,16.883390426635742,16.614049911499023,21.48954963684082,90.04000091552734,62.82705307006836,31.974998474121094,25.28949737548828,57.025794982910156,60.41509246826172,12.564424514770508
2009-03-18,17.09474754333496,16.96176528930664,22.104711532592773,93.08999633789062,64.97964477539062,33.081687927246094,25.608518600463867,58.30228805541992,62.70412826538086,13.251468658447266
2009-03-19,17.449831008911133,16.85049819946289,22.092884063720703,94.3499984741211,64.75909423828125,32.73386001586914,25.591279983520508,57.580162048339844,62.7822265625,12.4408597946167
2009-03-20,17.686553955078125,16.621007919311523,21.785306930541992,93.58999633789062,64.75909423828125,31.60345458984375,25.201766967773438,56.354034423828125,62.433780670166016,11.368288040161133
2009-03-23,18.058544158935547,18.15792465209961,23.352798461914062,92.08000183105469,64.5384750366211,34.291107177734375,26.687265396118164,60.40189743041992,61.893035888671875,13.20698070526123
2009-03-24,17.76264190673828,17.59461784362793,22.61932945251465,90.94999694824219,64.44482421875,32.95954513549805,26.194982528686523,59.21177673339844,62.48185348510742,12.188782691955566
2009-03-25,17.492107391357422,17.858884811401367,22.968318939208984,91.9800033569336,64.05709838867188,33.88744354248047,26.31589126586914,59.836212158203125,61.64070129394531,12.389392852783203
2009-03-26,17.796459197998047,18.34569549560547,23.27591323852539,91.93000030517578,64.2242660522461,35.19599151611328,27.12774085998535,61.055721282958984,62.35566329956055,12.666614532470703
2009-03-27,17.46674156188965,17.80324935913086,22.53060531616211,90.69000244140625,64.18408966064453,34.014320373535156,26.618175506591797,59.953792572021484,62.81825256347656,12.102086067199707
2009-03-30,16.83266258239746,16.885272979736328,21.67292022705078,89.9800033569336,64.458251953125,33.03886032104492,25.961795806884766,57.88211441040039,63.05856704711914,11.441788673400879
2009-03-31,16.908750534057617,17.253847122192383,22.234848022460938,90.27999877929688,64.57180786132812,33.3481559753418,26.18634796142578,58.41835403442383,63.50910568237305,12.238178253173828
2009-04-01,16.86648178100586,17.82411003112793,22.814525604248047,91.02999877929688,64.73007202148438,33.92708206176758,26.57500457763672,59.54969787597656,64.08875274658203,12.172654151916504
2009-04-02,17.517467498779297,18.790771484375,23.843759536743164,88.80000305175781,64.30772399902344,35.62423324584961,27.430023193359375,61.29080581665039,63.305484771728516,13.054729461669922
2009-04-03,17.788007736206055,19.020265579223633,23.979799270629883,87.58999633789062,63.57025146484375,36.187320709228516,27.93958854675293,61.90055465698242,62.010066986083984,14.178743362426758
2009-04-06,17.568195343017578,18.78382110595703,23.482934951782227,85.2699966430664,63.422767639160156,35.5687141418457,27.870494842529297,61.41570281982422,61.74503707885742,14.01745319366455
2009-04-07,17.255382537841797,18.352649688720703,22.991981506347656,86.73999786376953,63.583702087402344,34.307762145996094,27.13637351989746,59.983150482177734,61.90165710449219,12.969040870666504
2009-04-08,17.3821964263916,18.623865127563477,23.222671508789062,86.61000061035156,63.89874267578125,34.94219970703125,27.594118118286133,60.62963104248047,62.44995880126953,13.160575866699219
2009-04-09,17.63582992553711,19.437532424926758,23.843759536743164,86.30999755859375,63.523338317871094,36.98828887939453,28.449140548706055,63.03929138183594,61.66664123535156,14.924728393554688
2009-04-13,17.711915969848633,19.55575942993164,24.08035659790039,87.87999725341797,63.89874267578125,37.004150390625,28.405963897705078,63.053924560546875,62.233070373535156,14.970093727111816
2009-04-14,17.39065170288086,19.242813110351562,23.849668502807617,87.37000274658203,64.22726440429688,35.933528900146484,28.06049919128418,61.966670989990234,62.55842971801758,13.699899673461914
2009-04-15,17.280746459960938,19.520984649658203,24.163171768188477,87.5,64.28760528564453,36.480743408203125,27.982772827148438,62.627838134765625,62.44995880126953,14.88945198059082
2009-04-16,17.204654693603516,19.687889099121094,24.316970825195312,85.80999755859375,64.0328140258789,37.535518646240234,28.708250045776367,63.546165466308594,61.955902099609375,15.388450622558594
2009-04-17,17.077842712402344,19.54880714416504,24.234155654907227,85.22000122070312,63.516571044921875,37.86859130859375,28.768707275390625,63.972232818603516,61.2750358581543,15.665675163269043
2009-04-20,16.435306549072266,18.59605598449707,23.240421295166016,86.94999694824219,63.959102630615234,35.92560577392578,27.844585418701172,61.29080581665039,62.20291519165039,14.052739143371582
2009-04-21,16.49448585510254,18.992448806762695,23.772775650024414,86.88999938964844,63.711021423339844,37.17070007324219,28.233224868774414,62.48828125,61.58836364746094,15.297719955444336
2009-04-22,16.51984977722168,18.832502365112305,23.583498001098633,87.37999725341797,63.556819915771484,37.16276168823242,28.31960105895996,62.10626983642578,61.214805603027344,14.763434410095215
2009-04-23,16.73966407775879,19.124582290649414,24.175004959106445,88.80000305175781,63.5434455871582,37.07554244995117,28.595975875854492,62.716007232666016,61.208763122558594,15.4287691116333
2009-04-24,16.993295669555664,19.486215591430664,24.54764747619629,89.72000122070312,63.29541015625,37.765499114990234,29.096899032592773,63.663692474365234,60.59421157836914,16.159637451171875
2009-04-27,16.570575714111328,18.832502365112305,24.257814407348633,89.01000213623047,63.556819915771484,37.36103439331055,29.13144874572754,63.061279296875,60.85326385498047,15.191878318786621
2009-04-28,16.45221519470215,18.76991081237793,24.027122497558594,87.75,63.24840545654297,37.41654586791992,28.915529251098633,62.862911224365234,59.85915756225586,15.393494606018066
2009-04-29,16.83266258239746,19.75743293762207,24.642288208007812,88.33000183105469,62.906490325927734,38.83612823486328,29.312814712524414,64.1999740600586,59.32895278930664,16.063871383666992
2009-04-30,16.891841888427734,19.938249588012695,24.79608154296875,87.2699966430664,62.79926681518555,38.479248046875,29.606470108032227,64.22203063964844,59.094017028808594,15.993304252624512
2009-05-01,17.399106979370117,20.230331420898438,25.085926055908203,86.94999694824219,62.597496032714844,38.717166900634766,29.684186935424805,64.56729125976562,58.68722152709961,15.469099044799805
2009-05-04,17.737279891967773,21.628170013427734,26.126977920532227,88.63999938964844,62.658042907714844,40.128814697265625,30.2714786529541,66.76388549804688,58.88062286376953,16.744327545166016
2009-05-05,17.483652114868164,21.433439254760742,25.866716384887695,88.25,62.64458465576172,39.930545806884766,30.24557113647461,66.53610229492188,58.808143615722656,16.119314193725586
2009-05-06,17.948638916015625,21.80202293395996,26.49370765686035,89.54000091552734,62.6715202331543,40.041568756103516,30.254222869873047,67.68952178955078,58.669158935546875,16.7342472076416
2009-05-07,17.982458114624023,21.25958251953125,26.05008316040039,89.44000244140625,62.146934509277344,39.097835540771484,29.546009063720703,66.7491455078125,57.23685073852539,15.77656364440918
2009-05-08,18.430540084838867,21.96893310546875,27.179880142211914,89.9800033569336,62.220947265625,40.453956604003906,29.563274383544922,68.30660247802734,57.37584686279297,16.83001136779785
2009-05-11,18.278362274169922,21.454303741455078,26.48780059814453,89.69000244140625,62.80595397949219,39.859188079833984,29.66692352294922,67.02828979492188,58.19171142578125,16.189882278442383
2009-05-12,18.464357376098633,21.607303619384766,26.771732330322266,90.69999694824219,62.7656364440918,39.29609680175781,29.304174423217773,66.82997131347656,58.40318298339844,16.144515991210938
2009-05-13,18.25299644470215,20.81450653076172,25.86080551147461,91.08999633789062,63.05472183227539,37.495853424072266,28.51824188232422,65.14765930175781,59.03776168823242,15.08602523803711
2009-05-14,18.37135887145996,21.113542556762695,26.115148544311523,91.02999877929688,63.06144714355469,38.0192756652832,28.83780860900879,65.70598602294922,59.267425537109375,15.44389533996582
2009-05-15,17.906368255615234,20.9188175201416,25.87855339050293,91.55000305175781,62.906822204589844,37.876529693603516,28.820518493652344,65.1697006225586,59.249263763427734,14.924728393554688
2009-05-18,18.37981414794922,22.080204010009766,26.866363525390625,90.36000061035156,62.53702163696289,39.145416259765625,29.57191276550293,67.02098083496094,58.33073425292969,16.12435531616211
2009-05-19,18.37981414794922,22.330562591552734,27.1088924407959,90.95999908447266,62.449607849121094,39.16128921508789,29.710102081298828,66.94017791748047,58.02250289916992,15.816885948181152
2009-05-20,18.675718307495117,22.400104522705078,27.286352157592773,92.25,62.64458465576172,38.79647445678711,29.606470108032227,66.4920425415039,58.63285446166992,15.690877914428711
2009-05-21,18.52353858947754,21.982847213745117,27.079313278198242,93.8499984741211,61.95866012573242,38.29684066772461,29.06233787536621,65.53699493408203,57.158287048339844,15.736236572265625
2009-05-22,18.794078826904297,22.080204010009766,27.233110427856445,94.1500015258789,61.59557342529297,37.900325775146484,28.96735191345215,65.3974380493164,56.52373123168945,15.34813117980957
2009-05-26,18.83635139465332,22.34446907043457,27.777297973632812,93.76000213623047,61.1854248046875,39.70850372314453,30.046924591064453,67.07241821289062,55.671573638916016,16.260452270507812
2009-05-27,18.920894622802734,22.087158203125,27.23902130126953,93.44999694824219,60.492767333984375,38.939231872558594,29.839662551879883,65.87496185302734,54.68654251098633,15.67071533203125
2009-05-28,19.26752471923828,22.768692016601562,27.517024993896484,94.23999786376953,60.80881881713867,38.98680877685547,30.185108184814453,66.79324340820312,55.478240966796875,15.88745403289795
2009-05-29,19.63951301574707,23.11640739440918,28.067136764526367,96.19999694824219,61.49473190307617,39.78779602050781,30.55648422241211,67.97602081298828,56.910491943359375,16.411657333374023
2009-06-01,20.18059730529785,24.09001922607422,28.759204864501953,95.7300033569336,60.49111557006836,41.34219741821289,31.42879295349121,69.62158203125,55.22801971435547,17.253416061401367
2009-06-02,20.265138626098633,23.742305755615234,29.007638931274414,96.36000061035156,60.69346618652344,41.85768508911133,31.47198486328125,69.68036651611328,55.525108337402344,16.895540237426758
2009-06-03,19.588788986206055,22.90082550048828,28.144025802612305,94.41000366210938,61.064422607421875,41.580116271972656,31.37697410583496,68.79883575439453,56.04654312133789,16.86529541015625
2009-06-04,20.307411193847656,23.325037002563477,28.321489334106445,96.2300033569336,60.35628128051758,42.1749153137207,31.73108673095703,69.44529724121094,54.88846969604492,17.404632568359375
2009-06-05,20.1975040435791,23.37372589111328,27.97248649597168,93.70999908447266,59.75600814819336,42.19075393676758,31.7656307220459,69.45994567871094,54.4700927734375,17.3592586517334
2009-06-08,20.146778106689453,23.012094497680664,27.91334342956543,93.55999755859375,59.45250701904297,41.691139221191406,31.670621871948242,69.1734619140625,54.330665588378906,17.041715621948242
2009-06-09,20.341230392456055,23.053821563720703,28.256420135498047,93.83000183105469,59.70882034301758,41.881473541259766,31.912450790405273,69.52611541748047,54.32463836669922,17.041715621948242
2009-06-10,20.265138626098633,23.34590721130371,28.309654235839844,93.86000061035156,59.3513298034668,41.71493148803711,31.8001766204834,69.34977722167969,53.46977996826172,16.744327545166016
2009-06-11,20.45113754272461,23.846614837646484,28.794694900512695,93.69999694824219,59.75600814819336,41.73079299926758,31.8001766204834,69.65829467773438,54.06391525268555,16.40157699584961
2009-06-12,20.163686752319336,23.464130401611328,28.646812438964844,92.16999816894531,60.072959899902344,41.85768508911133,31.65334701538086,69.84934997558594,54.54895782470703,16.996353149414062
2009-06-15,19.774784088134766,22.62264633178711,27.617586135864258,91.0999984741211,60.342769622802734,40.73153305053711,31.005596160888672,68.24779510498047,55.04008483886719,16.189882278442383
2009-06-16,19.69869613647461,22.281879425048828,27.29817771911621,91.93000030517578,60.68000411987305,40.04949951171875,30.70331382751465,67.32219696044922,55.99799346923828,15.892492294311523
2009-06-17,19.757877349853516,22.03152084350586,27.375062942504883,92.3499984741211,60.518123626708984,40.26362228393555,30.996957778930664,67.25606536865234,55.6827278137207,15.590067863464355
2009-06-18,19.783239364624023,21.96893310546875,27.3277530670166,91.61000061035156,59.783016204833984,40.4460334777832,30.936508178710938,67.748291015625,54.83999252319336,15.695920944213867
2009-06-19,19.614151000976562,22.080204010009766,27.759550094604492,91.9000015258789,60.05947494506836,40.6918830871582,31.26854705810547,67.99797821044922,55.59180450439453,15.852173805236816
2009-06-22,18.9547119140625,21.28044891357422,26.866363525390625,90.54000091552734,60.383182525634766,39.24851989746094,30.334657669067383,65.95892333984375,56.131404876708984,15.025540351867676
2009-06-23,19.2844295501709,21.418560028076172,27.219758987426758,90.91999816894531,60.57884216308594,38.93130111694336,30.26547622680664,66.01065063476562,56.79227828979492,15.136433601379395
2009-06-24,19.27597427368164,21.8883056640625,27.24391746520996,91.44999694824219,60.349525451660156,39.351593017578125,30.775680541992188,66.57952880859375,56.22233963012695,15.46687126159668
2009-06-25,19.445064544677734,22.54032325744629,27.817794799804688,92.30999755859375,61.104862213134766,40.48569107055664,31.380983352661133,68.02754974365234,57.253047943115234,15.671801567077637
2009-06-26,19.2844295501709,22.659509658813477,27.763427734375,92.29000091552734,61.185813903808594,40.628440856933594,31.450164794921875,67.85023498535156,57.350067138671875,15.805008888244629
2009-06-29,19.470430374145508,22.82777214050293,27.999021530151367,92.04000091552734,61.31396484375,40.628440856933594,31.51934242248535,68.485595703125,57.43495559692383,15.794759750366211
2009-06-30,19.12380027770996,22.596406936645508,27.672822952270508,91.18000030517578,61.1520881652832,40.509490966796875,31.458784103393555,67.93151092529297,57.337928771972656,15.886972427368164
2009-07-01,19.047710418701172,23.010061264038086,28.131919860839844,92.38999938964844,61.11286926269531,41.13599395751953,31.476097106933594,68.21221923828125,57.22422790527344,16.163625717163086
2009-07-02,18.624990463256836,22.379066467285156,27.322446823120117,91.25,61.315765380859375,39.72020721435547,30.784313201904297,66.35049438476562,57.358028411865234,15.308055877685547
2009-07-06,18.067001342773438,22.329992294311523,27.358701705932617,90.76000213623047,61.35639953613281,39.37003707885742,30.620010375976562,66.34310150146484,57.2485237121582,15.69229793548584
2009-07-07,17.779552459716797,21.80417251586914,26.6942138671875,90.70999908447266,61.59982681274414,38.51849365234375,29.859066009521484,65.05763244628906,57.631744384765625,15.082643508911133
2009-07-08,17.55974006652832,21.551773071289062,26.585474014282227,89.2699966430664,62.309974670410156,38.255859375,30.01470947265625,65.01329040527344,58.69617462158203,14.939189910888672
2009-07-09,17.669645309448242,21.9373779296875,26.911672592163086,89.51000213623047,61.94476318359375,38.09669876098633,30.066598892211914,65.1388931274414,57.99671173095703,14.657413482666016
2009-07-10,17.53437614440918,21.67796516418457,26.597557067871094,89.58000183105469,62.33030319213867,38.27974319458008,30.196308135986328,64.98377227783203,58.53196716308594,14.636914253234863
2009-07-13,17.627376556396484,21.832210540771484,27.062692642211914,90.19000244140625,62.1070556640625,39.20292282104492,30.775680541992188,66.56473541259766,58.2034912109375,15.190221786499023
2009-07-14,17.627376556396484,22.070585250854492,27.207670211791992,90.80999755859375,61.694576263427734,39.433712005615234,30.888097763061523,66.9415283203125,57.2363395690918,15.374653816223145
2009-07-15,18.092363357543945,23.25543785095215,28.137962341308594,92.23999786376953,60.89645767211914,40.95375061035156,31.92575454711914,68.8993148803711,55.764427185058594,15.943325996398926
2009-07-16,18.13463592529297,23.297515869140625,28.38562774658203,91.9800033569336,61.261634826660156,41.46308517456055,32.306236267089844,68.78850555419922,56.36656951904297,16.12776756286621
2009-07-17,18.405176162719727,23.535886764526367,28.282936096191406,91.93000030517578,60.84911346435547,41.30391311645508,32.47918701171875,69.54206848144531,55.496742248535156,15.69741153717041
2009-07-20,18.70953369140625,24.377201080322266,28.832643508911133,93.27999877929688,61.07230758666992,41.813255310058594,32.79046630859375,70.28083038330078,55.788726806640625,16.250720977783203
2009-07-21,18.64189910888672,24.307086944580078,29.013870239257812,93.12999725341797,61.75534439086914,41.74164581298828,33.01531982421875,70.60591888427734,56.901832580566406,16.204607009887695
2009-07-22,18.743350982666016,24.251001358032227,29.08635711669922,93.44000244140625,61.39018630981445,42.06793212890625,33.29201126098633,70.59114837646484,56.39088439941406,16.2251033782959
2009-07-23,19.132253646850586,24.93807029724121,29.575658798217773,93.26000213623047,60.795005798339844,43.39697265625,34.02706527709961,72.14997100830078,55.35688018798828,16.87061882019043
2009-07-24,19.14916229248047,24.818897247314453,29.75688362121582,93.41000366210938,60.923465728759766,43.61981201171875,33.767616271972656,72.44546508789062,55.62447738647461,16.988462448120117
2009-07-27,19.225250244140625,25.03622817993164,29.787084579467773,93.70999908447266,60.63946533203125,43.84263610839844,34.02706527709961,72.65973663330078,54.98584747314453,17.234371185302734
2009-07-28,19.013891220092773,24.924055099487305,29.660236358642578,92.11000061035156,60.76118850708008,43.86652374267578,33.793575286865234,72.31987762451172,55.47242736816406,17.218997955322266
2009-07-29,18.52353858947754,24.363182067871094,29.418607711791992,91.19999694824219,60.801761627197266,43.64368438720703,34.01838684082031,72.14259338378906,55.77656173706055,17.003820419311523
2009-07-30,19.098434448242188,24.966121673583984,29.99246597290039,91.62000274658203,61.04521560668945,44.407684326171875,34.21728515625,72.8961181640625,56.56728744506836,17.613481521606445
2009-07-31,19.478879928588867,25.085317611694336,30.45159149169922,93.3499984741211,61.66064453125,44.22466278076172,34.113529205322266,72.99955749511719,57.66823196411133,17.598112106323242
2009-08-03,20.02841567993164,26.024784088134766,31.158342361450195,93.87000274658203,61.00547790527344,44.99660110473633,34.62370300292969,74.20379638671875,56.79425811767578,17.915756225585938
2009-08-04,20.0368709564209,25.78641128540039,31.110017776489258,94.68000030517578,60.829078674316406,45.450225830078125,34.62370300292969,74.3958511352539,56.34265899658203,18.894277572631836
2009-08-05,20.248231887817383,25.569059371948242,30.98316764831543,94.77999877929688,60.48317337036133,44.99660110473633,34.355648040771484,74.18164825439453,55.500465393066406,19.61664390563965
2009-08-06,19.783239364624023,25.35873794555664,30.789857864379883,94.5999984741211,60.48317337036133,44.36791229248047,34.05300521850586,73.79750061035156,55.68968963623047,19.46807861328125
2009-08-07,19.69024085998535,25.61113739013672,30.75965690612793,93.75,60.08302307128906,45.4343147277832,34.4853515625,74.7652816772461,55.22585678100586,20.554187774658203
2009-08-10,19.681787490844727,25.32369041442871,30.5723934173584,92.93000030517578,60.46961212158203,45.513912200927734,34.24321365356445,74.61009979248047,55.91545486450195,20.113595962524414
2009-08-11,19.38588523864746,24.846940994262695,30.39720344543457,92.79000091552734,60.8901481628418,44.78173828125,33.949214935302734,73.67924499511719,56.56236267089844,19.52955436706543
2009-08-12,19.487333297729492,25.071290969848633,30.74152946472168,92.94999694824219,60.7205810546875,45.458187103271484,34.47671127319336,74.46978759765625,55.958194732666016,19.673004150390625
2009-08-13,19.749422073364258,25.505970001220703,31.21270179748535,93.72000122070312,61.19536209106445,45.83222579956055,34.66693878173828,75.03866577148438,56.75155258178711,19.775463104248047
2009-08-14,19.191434860229492,25.043241500854492,30.946914672851562,93.0,61.38530731201172,44.89315414428711,34.26918029785156,74.4623794555664,56.97127151489258,19.61153221130371
2009-08-17,18.903987884521484,24.06170654296875,29.950197219848633,91.61000061035156,61.80583572387695,43.62776565551758,33.27472686767578,72.6301498413086,57.813514709472656,18.56639862060547
2009-08-18,19.27597427368164,24.587528228759766,30.469696044921875,92.05999755859375,61.58879852294922,44.2087287902832,33.75032043457031,73.20642852783203,57.47781753540039,18.750831604003906
2009-08-19,19.411245346069336,24.650638580322266,30.72945213317871,92.52999877929688,61.81940460205078,44.74988555908203,33.983821868896484,73.84915161132812,57.9538459777832,18.602264404296875
2009-08-20,19.250614166259766,25.078289031982422,30.946914672851562,92.2699966430664,61.982173919677734,45.235347747802734,34.38157653808594,74.61009979248047,58.42985534667969,19.345115661621094
2009-08-21,19.394338607788086,25.45689582824707,31.62347984313965,93.6500015258789,61.3514289855957,46.27791976928711,34.83988952636719,76.07293701171875,57.22760009765625,19.85231590270996
2009-08-24,19.42815399169922,25.569059371948242,31.617441177368164,92.33999633789062,61.73122024536133,46.26198196411133,34.805301666259766,76.06553649902344,58.26511764526367,19.785707473754883
2009-08-25,19.14916229248047,25.512977600097656,31.931564331054688,92.76000213623047,61.89401626586914,46.4609489440918,34.9090690612793,76.21329498291016,58.594669342041016,20.00600814819336
2009-08-26,19.098434448242188,25.43585968017578,31.798667907714844,92.79000091552734,61.97541809082031,46.56440353393555,34.84852981567383,76.22066497802734,58.863189697265625,20.067476272583008
2009-08-27,19.25906753540039,25.386783599853516,32.040306091308594,93.19000244140625,61.80583572387695,46.49277114868164,34.935035705566406,76.390625,58.631290435791016,20.262165069580078
2009-08-28,19.216794967651367,25.25356674194336,32.058414459228516,93.87000274658203,61.94832229614258,46.19831466674805,34.96958541870117,76.3758316040039,58.89983367919922,20.44148063659668
2009-08-31,18.692625045776367,24.75579071044922,31.822830200195312,93.4000015258789,62.13140106201172,45.521854400634766,34.61507797241211,75.69612121582031,58.95475769042969,20.118717193603516
2009-09-01,18.405176162719727,24.286056518554688,31.031490325927734,93.9000015258789,62.29262161254883,44.50318908691406,33.96651840209961,74.0264663696289,58.81206130981445,19.04285430908203
2009-09-02,18.44744873046875,24.54545783996582,30.99525260925293,96.19000244140625,62.632789611816406,44.28035354614258,33.9405632019043,73.74575805664062,59.66920852661133,18.658611297607422
2009-09-03,18.354448318481445,25.03622817993164,31.23687171936035,97.45999908447266,62.40826416015625,44.773765563964844,34.1654052734375,74.35893249511719,59.301849365234375,19.032611846923828
2009-09-04,18.278362274169922,25.519990921020508,31.714099884033203,97.52999877929688,62.0341911315918,45.40248489379883,34.900428771972656,75.4006118774414,58.291656494140625,19.25290298461914
2009-09-08,18.61653709411621,26.045812606811523,32.34233474731445,97.43000030517578,61.89134216308594,45.90385818481445,35.22902297973633,76.0507583618164,57.88147735595703,19.924041748046875
2009-09-09,18.692625045776367,26.186037063598633,32.74102783203125,97.08000183105469,61.94574737548828,46.691734313964844,35.53167724609375,76.63438415527344,57.814083099365234,20.31340217590332
2009-09-10,18.794078826904297,26.52958106994629,33.03098678588867,97.69999694824219,62.40826416015625,47.272682189941406,35.86891555786133,77.41753387451172,58.87943649291992,20.61566925048828
2009-09-11,18.548900604248047,26.543596267700195,32.98871994018555,98.77999877929688,62.591880798339844,47.28860855102539,35.903499603271484,77.40275573730469,59.203948974609375,20.579801559448242
2009-09-14,18.44744873046875,26.445446014404297,33.055145263671875,97.95999908447266,62.22459030151367,47.78997802734375,36.041873931884766,77.77949523925781,58.616146087646484,21.189470291137695
2009-09-15,18.87862205505371,26.760936737060547,33.06119155883789,98.9000015258789,62.09541320800781,48.17994689941406,36.154273986816406,78.10462188720703,58.3161735534668,21.52759552001953
2009-09-16,19.12380027770996,27.433992385864258,33.71360778808594,99.91000366210938,62.047733306884766,49.17475509643555,36.68175506591797,79.2866439819336,58.4202766418457,22.40365982055664
2009-09-17,19.132253646850586,27.286754608154297,33.49613952636719,99.33999633789062,62.353858947753906,49.0712776184082,36.67311096191406,79.1684341430664,59.15492248535156,22.306316375732422
2009-09-18,18.963167190551758,27.363882064819336,33.58674240112305,98.66999816894531,62.02056884765625,49.27024459838867,36.73456954956055,79.21892547607422,58.62841033935547,22.33705711364746
2009-09-21,18.548900604248047,27.125503540039062,33.2303352355957,98.36000061035156,61.979759216308594,49.13496017456055,36.847084045410156,79.01850128173828,58.763126373291016,21.988679885864258
2009-09-22,18.85325813293457,27.539159774780273,33.6894416809082,99.66999816894531,62.14296340942383,49.4739875793457,36.91632843017578,79.47874450683594,58.88560104370117,22.685428619384766
2009-09-23,18.430540084838867,27.125503540039062,33.39948272705078,98.83000183105469,62.279056549072266,49.00333023071289,36.74323272705078,78.81808471679688,59.0630989074707,21.86572265625
2009-09-24,18.193817138671875,26.592666625976562,32.91017532348633,97.55000305175781,62.44907760620117,48.022151947021484,36.41431427001953,77.9495849609375,59.23457717895508,21.067420959472656
2009-09-25,18.050092697143555,26.70485496520996,32.771236419677734,97.0,62.700767517089844,47.72700119018555,36.09405517578125,77.53390502929688,59.98760986328125,21.13467025756836
2009-09-28,18.21072769165039,27.048389434814453,33.2182502746582,97.05000305175781,62.80958557128906,48.86772537231445,36.7086067199707,78.92200469970703,60.514122009277344,22.009035110473633
2009-09-29,18.143089294433594,27.111478805541992,33.0189094543457,97.43000030517578,62.78239440917969,48.65234375,36.54414367675781,78.68448638916016,60.458980560302734,21.65204620361328
2009-09-30,18.650352478027344,27.27974510192871,33.03098678588867,98.8499984741211,62.83001708984375,48.05405044555664,36.57011032104492,78.3801040649414,60.40386962890625,21.445091247558594
2009-10-01,18.53199005126953,26.536577224731445,32.16716003417969,97.88999938964844,63.302669525146484,46.6181640625,35.48815155029297,76.4352798461914,61.231197357177734,20.4827823638916
2009-10-02,18.345996856689453,26.543596267700195,31.810754776000977,98.37000274658203,63.27538299560547,46.26719665527344,35.38429260253906,76.0789566040039,60.80739974975586,20.337928771972656
2009-10-05,18.937801361083984,27.160566329956055,32.26984786987305,99.81999969482422,63.26853942871094,47.09680938720703,35.66991424560547,77.21471405029297,60.81359100341797,20.896682739257812
2009-10-06,18.70953369140625,27.609262466430664,32.813514709472656,102.27999877929688,63.063899993896484,47.97430419921875,36.30178451538086,78.32074737548828,60.211631774902344,20.83977508544922
2009-10-07,18.743350982666016,27.58122444152832,32.9343376159668,102.36000061035156,63.46630096435547,47.990238189697266,36.40566635131836,78.53602600097656,60.91797637939453,20.824247360229492
2009-10-08,19.115346908569336,27.917753219604492,33.41156005859375,103.63999938964844,63.23442459106445,48.42897415161133,36.56145477294922,79.13728332519531,60.27922058105469,21.222627639770508
2009-10-09,19.191434860229492,27.93878746032715,33.326988220214844,102.83999633789062,62.627418518066406,48.99534606933594,36.769195556640625,79.61975860595703,58.89739990234375,21.403709411621094
2009-10-12,19.580333709716797,28.17014503479004,33.526329040527344,103.55999755859375,62.811580657958984,49.00333023071289,36.847084045410156,79.9315414428711,58.98954391479492,21.372669219970703
2009-10-13,19.80014991760254,28.219223022460938,33.4538459777832,104.26000213623047,62.954811096191406,48.79593276977539,36.85574722290039,79.76824188232422,59.296546936035156,21.072589874267578
2009-10-14,19.952327728271484,29.130657196044922,34.25725555419922,104.18000030517578,62.52509307861328,49.729248046875,37.35777282714844,81.14151763916016,58.41838073730469,21.84347152709961
2009-10-15,20.155235290527344,28.96940040588379,34.414337158203125,102.86000061035156,62.320465087890625,49.69734191894531,37.27122116088867,81.43843078613281,58.148136138916016,21.6572208404541
2009-10-16,20.205957412719727,28.56976318359375,33.89482498168945,103.18000030517578,62.60692596435547,49.2027702331543,37.02884292602539,80.82974243164062,58.62102508544922,21.08810806274414
2009-10-19,20.493410110473633,29.116628646850586,34.43849182128906,104.2300033569336,62.702415466308594,49.60957717895508,37.40105438232422,81.497802734375,59.08159637451172,21.543394088745117
2009-10-20,20.366592407226562,28.731029510498047,34.25725555419922,103.41999816894531,62.84563064575195,48.92357635498047,37.40971755981445,81.06729125976562,59.40098571777344,21.14503288269043
2009-10-21,20.79776382446289,28.5767822265625,34.14249038696289,103.75,62.702415466308594,48.261478424072266,37.34047317504883,80.33980560302734,59.044803619384766,20.875988006591797
2009-10-22,20.96685218811035,28.815153121948242,34.474727630615234,103.91999816894531,62.51828384399414,48.93153762817383,37.487613677978516,81.1563491821289,58.75613784790039,21.424409866333008
2009-10-23,20.890762329101562,28.5767822265625,33.931060791015625,103.48999786376953,62.21136474609375,47.91046142578125,37.33179473876953,80.22845458984375,58.31394958496094,21.170886993408203
2009-10-26,20.510316848754883,28.219223022460938,33.4176025390625,101.86000061035156,61.856666564941406,47.479705810546875,37.21063232421875,79.3599624633789,57.55852127075195,21.119159698486328
2009-10-27,20.366592407226562,27.72844886779785,33.15181350708008,101.8499984741211,62.388648986816406,46.89737319946289,36.64799880981445,78.9962387084961,58.34465026855469,20.813901901245117
2009-10-28,19.842418670654297,26.459470748901367,32.35441970825195,100.7300033569336,62.5797004699707,45.3338623046875,35.82573699951172,77.50419616699219,58.62102508544922,19.939537048339844
2009-10-29,20.459590911865234,27.63029670715332,33.308868408203125,102.69000244140625,62.279598236083984,46.195411682128906,36.431602478027344,79.16697692871094,57.982276916503906,20.850116729736328
2009-10-30,19.94387435913086,26.340274810791016,32.197357177734375,102.52999877929688,62.743309020996094,44.93499755859375,35.45353317260742,76.87323760986328,58.82371139526367,20.487960815429688
2009-11-02,20.290504455566406,26.732891082763672,32.51148223876953,103.94999694824219,62.57826614379883,44.84727478027344,35.60066604614258,77.4373779296875,58.56370162963867,20.4827823638916
2009-11-03,20.577951431274414,26.774961471557617,32.38462448120117,106.45999908447266,62.433837890625,45.52531814575195,35.71320724487305,77.68238067626953,57.97836685180664,20.782861709594727
2009-11-04,20.56104278564453,27.27273941040039,32.71083450317383,107.0999984741211,62.26189422607422,44.871192932128906,35.7737922668457,77.88275909423828,57.44847869873047,20.337928771972656
2009-11-05,20.45113754272461,27.833621978759766,33.1336784362793,106.9800033569336,62.275638580322266,46.29909133911133,36.656654357910156,79.31539154052734,57.44847869873047,20.79837989807129
2009-11-06,20.087596893310547,27.79856300354004,33.2303352355957,107.43000030517578,62.461360931396484,46.33100891113281,36.87306213378906,79.52326965332031,57.503944396972656,20.456920623779297
2009-11-09,20.417320251464844,28.82216453552246,34.16061019897461,108.19000244140625,62.48884963989258,47.24039077758789,37.66072463989258,81.33448028564453,57.57173156738281,21.465803146362305
2009-11-10,20.315866470336914,28.68895149230957,33.97938919067383,108.38999938964844,62.5370979309082,46.94523239135742,37.755943298339844,81.34932708740234,57.46696472167969,21.305402755737305
2009-11-11,20.45113754272461,28.93433952331543,34.082088470458984,109.5999984741211,62.71585464477539,47.27228546142578,37.998291015625,81.76502227783203,57.70725631713867,21.703786849975586
2009-11-12,20.146778106689453,28.28932762145996,33.58674240112305,108.20999908447266,62.73653793334961,46.40278244018555,37.78191375732422,80.93364715576172,57.60253143310547,21.48130989074707
2009-11-13,20.129867553710938,28.773088455200195,34.05792236328125,109.73999786376953,62.78464126586914,46.84951400756836,38.093509674072266,81.37162017822266,57.8674430847168,21.771047592163086
2009-11-16,20.713220596313477,29.495223999023438,34.60158920288086,111.62999725341797,63.12165451049805,48.085968017578125,38.483009338378906,82.5518569946289,58.54517364501953,22.29875946044922
2009-11-17,20.814674377441406,29.390056610107422,34.37204360961914,111.97000122070312,63.25923538208008,48.085968017578125,38.60417556762695,82.64836883544922,58.85944747924805,21.910737991333008
2009-11-18,20.831579208374023,29.158695220947266,34.2633056640625,112.25,63.10100173950195,47.990238189697266,38.38780212402344,82.59640502929688,58.51441955566406,22.309110641479492
2009-11-19,20.53567886352539,28.618850708007812,33.616943359375,112.30000305175781,63.17668914794922,46.79368209838867,37.790557861328125,81.52005767822266,58.619171142578125,21.796920776367188
2009-11-20,20.510316848754883,28.499658584594727,33.4296875,112.94000244140625,63.1697998046875,46.73784255981445,37.60012435913086,81.23056030273438,58.60683059692383,21.64170265197754
2009-11-23,20.603315353393555,29.095590591430664,34.0277099609375,114.29000091552734,63.08036804199219,47.55149459838867,38.20602798461914,82.26236724853516,58.53290939331055,21.915910720825195
2009-11-24,20.366592407226562,28.93433952331543,33.88877487182617,114.7300033569336,63.403656005859375,47.336116790771484,38.076194763183594,82.38856506347656,58.90254592895508,21.589969635009766
2009-11-25,20.856943130493164,29.2708683013916,34.341835021972656,116.62000274658203,63.61690139770508,47.32815170288086,38.24064254760742,82.6780776977539,59.17363357543945,21.67792510986328
2009-11-27,20.620222091674805,28.13508415222168,33.35115051269531,115.05999755859375,63.905792236328125,45.932151794433594,37.66072463989258,81.33448028564453,59.39548873901367,21.046728134155273
2009-11-30,20.84848976135254,28.40851593017578,33.459877014160156,115.63999938964844,64.00891876220703,46.338993072509766,37.70399475097656,81.6091537475586,59.537166595458984,21.833131790161133
2009-12-01,21.000669479370117,29.221792221069336,34.37808609008789,117.37999725341797,63.65594482421875,47.05691909790039,38.093509674072266,82.61868286132812,58.874000549316406,22.153898239135742
2009-12-02,20.856943130493164,29.34098243713379,34.43245315551758,119.18000030517578,63.52503204345703,47.61530303955078,38.145442962646484,82.58158111572266,58.92340087890625,22.516056060791016
2009-12-03,20.840036392211914,29.067548751831055,34.353919982910156,118.69999694824219,63.22857666015625,47.032997131347656,37.98965072631836,81.9357681274414,58.3115348815918,22.26255226135254
2009-12-04,20.670949935913086,29.333961486816406,34.23310089111328,113.75,62.759788513183594,48.19764709472656,38.18871307373047,82.40345001220703,57.693382263183594,22.919612884521484
2009-12-07,20.484952926635742,29.081565856933594,34.04583740234375,113.11000061035156,62.93220138549805,48.26945114135742,38.00694274902344,82.27723693847656,57.76755905151367,22.438451766967773
2009-12-08,20.282047271728516,28.541736602783203,33.4538459777832,110.94999694824219,63.152706146240234,47.8945198059082,37.77324295043945,81.36419677734375,57.85407257080078,22.309110641479492
2009-12-09,20.02841567993164,28.716999053955078,33.41156005859375,110.83999633789062,63.0286750793457,47.742942810058594,38.15408706665039,81.66852569580078,57.588348388671875,22.26255226135254
2009-12-10,19.91851043701172,28.885269165039062,33.514251708984375,110.81999969482422,62.814979553222656,47.55149459838867,38.344512939453125,82.12875366210938,56.92695617675781,22.174591064453125
2009-12-11,20.01996421813965,28.99041748046875,33.502174377441406,109.31999969482422,62.50477600097656,47.99822235107422,38.19736862182617,82.47765350341797,56.920753479003906,22.531591415405273
2009-12-14,20.129867553710938,29.186735153198242,33.82837677001953,110.23999786376953,62.50477600097656,48.72413635253906,38.560909271240234,83.04178619384766,56.988765716552734,22.9403018951416
2009-12-15,20.0368709564209,28.885269165039062,33.4538459777832,110.20999908447266,62.30487060546875,48.588531494140625,38.344512939453125,82.65580749511719,56.735382080078125,22.71266746520996
2009-12-16,20.383499145507812,29.053525924682617,33.84649658203125,111.58999633789062,62.30487060546875,48.899627685546875,38.39643478393555,82.781982421875,56.667362213134766,22.878223419189453
2009-12-17,20.070688247680664,28.219223022460938,33.04911422729492,107.33999633789062,62.85636520385742,48.35719299316406,37.929054260253906,81.78730773925781,57.60063552856445,22.738536834716797
2009-12-18,20.155235290527344,28.29633903503418,33.12764358520508,108.94999694824219,62.54616928100586,48.80390930175781,38.547218322753906,82.25003051757812,57.35346603393555,22.888572692871094
2009-12-21,19.96078109741211,28.26128578186035,33.22427749633789,106.94999694824219,61.904998779296875,49.45005798339844,38.98072814941406,83.08587646484375,56.33353042602539,23.198991775512695
2009-12-22,20.104507446289062,28.546112060546875,33.43519973754883,106.16999816894531,61.62926483154297,49.91272735595703,39.21480178833008,83.38438415527344,56.018348693847656,23.44216537475586
2009-12-23,20.459590911865234,28.82881736755371,33.739994049072266,106.55000305175781,61.60174560546875,50.555877685546875,39.50093078613281,83.5485610961914,56.03070831298828,23.72154426574707
2009-12-24,20.577951431274414,29.11859893798828,33.87410354614258,108.36000061035156,61.38111114501953,50.748104095458984,39.86509704589844,83.94412231445312,55.4496955871582,24.064266204833984
2009-12-28,20.941490173339844,29.21753692626953,34.02040100097656,108.55000305175781,61.215614318847656,50.66801071166992,40.07318115234375,84.12326049804688,55.295188903808594,24.17955780029297
2009-12-29,20.89921760559082,29.112905502319336,34.07526779174805,107.47000122070312,61.37726974487305,50.643978118896484,39.90841293334961,84.00382995605469,55.65989303588867,23.817962646484375
2009-12-30,20.87385368347168,29.240156173706055,33.935054779052734,106.93000030517578,61.48775863647461,50.61195755004883,40.029788970947266,83.97396087646484,56.02588653564453,23.854652404785156
2009-12-31,20.814674377441406,29.339136123657227,33.69732666015625,107.30999755859375,61.190731048583984,50.011226654052734,39.66566848754883,83.16797637939453,55.75914764404297,23.44588851928711
2010-01-04,21.33884620666504,30.194562911987305,34.581214904785156,109.80000305175781,61.34275436401367,51.24468994140625,40.24654769897461,84.5784912109375,55.70954132080078,23.3463191986084
2010-01-05,21.364208221435547,30.41373062133789,34.61167907714844,109.69999694824219,61.61204147338867,51.06849670410156,40.24654769897461,84.80237579345703,56.069313049316406,23.32011604309082
2010-01-06,21.744653701782227,30.47734832763672,34.75798416137695,111.51000213623047,61.36341857910156,51.020442962646484,40.0037956237793,84.86207580566406,55.3187255859375,23.278194427490234
2010-01-07,21.47411346435547,30.300609588623047,34.623878479003906,110.81999969482422,61.36341857910156,51.39688491821289,40.029788970947266,85.22030639648438,55.4117431640625,23.529735565185547
2010-01-08,21.457204818725586,30.540973663330078,34.898189544677734,111.37000274658203,61.43935775756836,51.677215576171875,40.35927200317383,85.50386047363281,55.38695526123047,23.35680389404297
2010-01-11,21.389568328857422,30.47734832763672,35.1846923828125,112.8499984741211,61.48088455200195,51.468963623046875,40.194541931152344,85.6233139038086,55.08303451538086,23.493053436279297
2010-01-12,20.933032989501953,29.989543914794922,34.77018737792969,110.48999786376953,61.92291259765625,50.90829849243164,39.691688537597656,84.82476043701172,56.02588653564453,23.100013732910156
2010-01-13,20.94994354248047,30.08144760131836,35.062774658203125,111.54000091552734,61.62590408325195,51.56509017944336,40.18587112426758,85.54120635986328,55.37458038330078,23.566425323486328
2010-01-14,20.840036392211914,30.003681182861328,35.33098220825195,112.02999877929688,61.91598892211914,51.75731658935547,40.220550537109375,85.77259063720703,56.1499137878418,23.54546546936035
2010-01-15,20.603315353393555,29.657276153564453,34.776283264160156,110.86000061035156,62.19218444824219,51.00440216064453,39.752376556396484,84.80982208251953,56.497310638427734,23.367286682128906
2010-01-19,20.738584518432617,30.258193969726562,35.11763381958008,111.5199966430664,62.08171081542969,51.9415168762207,40.39395523071289,85.86956024169922,56.33605194091797,23.844165802001953
2010-01-20,20.34968376159668,29.53002166748047,34.2215576171875,108.94000244140625,62.29579544067383,51.188621520996094,39.813053131103516,84.99639892578125,56.90669250488281,23.5769100189209
2010-01-21,20.096054077148438,28.639230728149414,33.490074157714844,107.37000274658203,62.52373123168945,50.34762954711914,39.44023513793945,83.36200714111328,57.167266845703125,22.900882720947266
2010-01-22,19.88469123840332,28.002962112426758,32.837825775146484,107.16999816894531,62.578975677490234,49.44257354736328,38.287113189697266,81.50375366210938,57.0680046081543,22.324426651000977
2010-01-25,19.977689743041992,28.207988739013672,33.24014663696289,107.4800033569336,62.440860748291016,49.49863052368164,38.41718673706055,81.92163848876953,56.8074836730957,22.481639862060547
2010-01-26,19.757877349853516,27.621204376220703,33.05117416381836,107.55999755859375,62.56517028808594,49.010040283203125,38.45186233520508,81.57833862304688,56.82609558105469,22.27202606201172
2010-01-27,19.470430374145508,27.550504684448242,33.01460266113281,106.52999877929688,62.42013931274414,49.530677795410156,38.75531005859375,81.96643829345703,56.79508972167969,22.47117042541504
2010-01-28,19.402793884277344,27.3596248626709,32.45988845825195,106.4800033569336,62.3994140625,48.681663513183594,37.75823211669922,81.02608489990234,56.76408386230469,22.277265548706055
2010-01-29,19.182979583740234,27.062694549560547,31.990516662597656,105.95999908447266,62.64115905761719,48.145023345947266,37.099308013916016,80.14544677734375,57.26026916503906,22.15149688720703
2010-02-01,19.64797019958496,27.790882110595703,32.575706481933594,108.3499984741211,62.42634582519531,48.71369934082031,37.506813049316406,81.39176177978516,56.740482330322266,22.55501365661621
2010-02-02,20.070688247680664,28.017105102539062,33.11823272705078,109.12999725341797,62.53030776977539,49.250343322753906,37.84495162963867,82.37689208984375,56.90237808227539,22.86419677734375
2010-02-03,19.825511932373047,27.85450553894043,32.7707633972168,108.69999694824219,62.232303619384766,48.92195129394531,38.05303192138672,81.96643829345703,56.24250411987305,22.49211883544922
2010-02-04,19.16607093811035,26.596101760864258,31.43580436706543,104.37000274658203,62.745079040527344,47.28801727294922,36.95193099975586,79.43643951416016,57.132667541503906,21.658893585205078
2010-02-05,18.920894622802734,26.299175262451172,31.380937576293945,104.68000030517578,62.94603729248047,47.47221374511719,37.2640380859375,79.60066223144531,57.257198333740234,22.057157516479492
2010-02-08,18.92934799194336,26.0376033782959,30.759172439575195,104.04000091552734,62.89061737060547,46.99966049194336,36.995269775390625,79.02599334716797,57.33186721801758,21.575037002563477
2010-02-09,19.26752471923828,26.885957717895508,31.7283878326416,105.41000366210938,62.551048278808594,47.64844512939453,37.37677001953125,80.01859283447266,56.75918960571289,21.506919860839844
2010-02-10,19.343608856201172,26.815261840820312,31.52723503112793,105.12000274658203,62.37782287597656,47.76057434082031,37.298709869384766,79.86186981201172,56.21757507324219,21.54883575439453
2010-02-11,19.57187843322754,27.522226333618164,31.81984519958496,107.12999725341797,62.30160140991211,48.52146530151367,37.86227798461914,80.69769287109375,55.91264343261719,21.753210067749023
2010-02-12,19.46197509765625,27.175811767578125,31.54552459716797,107.04000091552734,62.447120666503906,48.8738899230957,37.9403076171875,80.63056182861328,56.142948150634766,22.010005950927734
2010-02-16,20.05377960205078,27.87571144104004,32.24653244018555,109.62000274658203,62.58572006225586,49.6988639831543,38.425838470458984,81.89926147460938,56.24874496459961,22.63361358642578
2010-02-17,19.952327728271484,27.974687576293945,32.28919982910156,109.25,62.25309371948242,50.0352783203125,38.64259719848633,82.28730010986328,55.60756301879883,22.838001251220703
2010-02-18,20.129867553710938,28.080730438232422,32.47208023071289,109.9800033569336,62.03133773803711,50.443748474121094,38.8853645324707,82.7724609375,55.383460998535156,23.17862892150879
2010-02-19,20.248231887817383,27.840360641479492,32.27091979980469,109.47000122070312,62.06597137451172,50.5078239440918,38.86802673339844,82.944091796875,55.68226623535156,23.194339752197266
2010-02-22,20.138322830200195,27.87571144104004,32.33188247680664,109.06999969482422,62.01751708984375,50.66001510620117,38.78997802734375,82.95899200439453,55.451942443847656,23.25197982788086
2010-02-23,19.808603286743164,27.232362747192383,31.874691009521484,107.88999938964844,62.48870849609375,50.06731033325195,38.287113189697266,81.95149230957031,56.31723403930664,23.07381248474121
2010-02-24,19.969234466552734,27.493947982788086,32.07585525512695,107.36000061035156,62.52336120605469,50.49181365966797,38.677276611328125,82.70524597167969,56.45415115356445,23.309642791748047
2010-02-25,19.631059646606445,27.26772117614746,31.880794525146484,108.30999755859375,62.75200653076172,50.5078239440918,38.66860580444336,82.59329986572266,56.77159881591797,23.398717880249023
2010-02-26,19.977689743041992,27.543437957763672,32.07585525512695,109.43000030517578,62.849021911621094,50.2995719909668,38.80731201171875,82.64553833007812,57.0642204284668,23.388246536254883
2010-03-01,19.774784088134766,28.01003074645996,32.32578659057617,109.43000030517578,62.914306640625,51.468963623046875,39.37086868286133,83.50379180908203,57.03923034667969,23.58738136291504
2010-03-02,19.986143112182617,28.328176498413086,32.56960678100586,111.0199966430664,62.949092864990234,51.8614387512207,39.49224853515625,83.73512268066406,56.96429443359375,23.59786033630371
2010-03-03,20.18059730529785,28.363525390625,32.959739685058594,111.62999725341797,62.88654708862305,52.15779113769531,39.53561019897461,83.80977630615234,56.82066345214844,23.53497886657715
2010-03-04,20.003055572509766,28.215055465698242,32.874393463134766,110.83000183105469,62.99769973754883,52.29395294189453,39.66566848754883,84.06353759765625,57.12039566040039,23.681711196899414
2010-03-05,20.239776611328125,28.95030975341797,33.51445388793945,110.80999755859375,62.69889450073242,53.35920333862305,40.263877868652344,85.26507568359375,56.37100601196289,24.3262939453125
2010-03-08,20.214414596557617,28.97150993347168,33.51445388793945,109.87999725341797,62.532161712646484,53.45531463623047,40.34193801879883,85.2800064086914,56.07757568359375,24.57259178161621
2010-03-09,19.994600296020508,29.134119033813477,33.43519973754883,109.72000122070312,62.692012786865234,53.64754104614258,40.56735610961914,85.42179870605469,56.09001541137695,24.63024139404297
2010-03-10,20.05377960205078,29.339136123657227,33.57541275024414,108.47000122070312,62.5877685546875,54.104087829589844,40.89681625366211,85.80243682861328,55.94638442993164,24.85033416748047
2010-03-11,20.003055572509766,29.346210479736328,33.70341491699219,108.5999984741211,62.532161712646484,54.26426696777344,41.052879333496094,86.16065979003906,56.1524772644043,24.997074127197266
2010-03-12,19.88469123840332,29.247220993041992,33.928951263427734,107.94999694824219,62.629451751708984,54.240257263183594,41.06155014038086,86.16812133789062,56.50218200683594,25.196208953857422
2010-03-15,19.64797019958496,29.03513526916504,33.69122314453125,108.36000061035156,62.629451751708984,54.05602264404297,40.95751953125,86.19050598144531,56.4272575378418,25.13856315612793
2010-03-16,19.910053253173828,29.409818649291992,34.11793518066406,110.4000015258789,62.87266540527344,54.52056884765625,41.21761703491211,86.87712860107422,56.87687301635742,25.746469497680664
2010-03-17,20.087596893310547,29.72795867919922,34.30080032348633,109.58999633789062,62.949092864990234,54.840980529785156,41.330299377441406,87.39205169677734,57.12039566040039,26.1290225982666
2010-03-18,20.045324325561523,29.50174331665039,34.09965133666992,110.33999633789062,62.78230285644531,54.672767639160156,41.469051361083984,87.34728240966797,56.93307876586914,25.98752784729004
2010-03-19,19.80014991760254,29.119970321655273,33.75217819213867,108.27999877929688,62.69889450073242,53.991947174072266,41.218204498291016,86.9051513671875,56.989288330078125,25.704544067382812
2010-03-22,19.80014991760254,29.22601890563965,33.8497200012207,107.75,62.90742492675781,54.75284957885742,41.591426849365234,87.36973571777344,57.05171203613281,26.029443740844727
2010-03-23,19.71560287475586,29.431047439575195,34.08745574951172,108.31999969482422,62.7753791809082,55.44969177246094,41.877830505371094,87.98423767089844,56.78314971923828,25.95607566833496
2010-03-24,19.49578857421875,28.992719650268555,33.52663803100586,106.30000305175781,62.15004348754883,54.816959381103516,41.6782112121582,87.55708312988281,55.74654769897461,26.097570419311523
2010-03-25,19.38588523864746,28.914955139160156,33.508358001708984,106.77999877929688,61.9207763671875,54.47169876098633,41.61746597290039,87.4146957397461,55.39057922363281,26.161457061767578
2010-03-26,19.41969871520996,29.05634117126465,33.837520599365234,108.58999633789062,62.066646575927734,54.44761276245117,41.660850524902344,87.36226654052734,55.5467414855957,26.02418327331543
2010-03-29,19.859331130981445,29.579500198364258,34.1240234375,108.75,61.976341247558594,54.74467468261719,41.86048889160156,87.91677856445312,55.33437728881836,26.103378295898438
2010-03-30,19.901601791381836,29.69261932373047,34.1240234375,107.97000122070312,62.03885269165039,54.913299560546875,41.999359130859375,87.97673797607422,55.50926971435547,26.066415786743164
2010-03-31,19.88469123840332,29.777448654174805,34.1240234375,108.94999694824219,62.1848030090332,54.439571380615234,41.799713134765625,87.677001953125,55.89017105102539,25.770740509033203
2010-04-01,20.27359390258789,30.55512046813965,34.727508544921875,110.26000213623047,62.05585479736328,54.94544219970703,41.799713134765625,88.2765121459961,55.753543853759766,25.902742385864258
2010-04-05,20.594860076904297,30.830839157104492,34.76408004760742,110.88999938964844,61.498451232910156,55.973182678222656,42.19029235839844,88.99589538574219,54.82587814331055,26.472963333129883
2010-04-06,20.577951431274414,30.92273712158203,34.66654968261719,111.02999877929688,61.6795768737793,56.302406311035156,42.31180953979492,89.20571899414062,54.91368103027344,27.080150604248047
2010-04-07,20.501861572265625,30.65408706665039,34.422725677490234,112.48999786376953,62.062828063964844,56.12576675415039,42.2076530456543,88.6961441040039,55.615657806396484,26.483524322509766
2010-04-08,20.46804428100586,30.7601375579834,34.38615036010742,112.6500015258789,61.9931755065918,56.06955337524414,42.303123474121094,89.0033950805664,55.64072036743164,26.515213012695312
2010-04-09,20.510316848754883,30.951011657714844,34.83723449707031,113.63999938964844,62.062828063964844,56.40677261352539,42.5548095703125,89.58787536621094,55.7723503112793,26.890071868896484
2010-04-12,20.493410110473633,30.703584671020508,34.94695281982422,113.01000213623047,62.230072021484375,56.6396369934082,42.58955764770508,89.73025512695312,56.066925048828125,26.721115112304688
2010-04-13,20.56949806213379,30.639951705932617,34.91647720336914,112.69000244140625,62.34848403930664,56.768123626708984,42.80653762817383,89.79772186279297,56.24873733520508,27.375816345214844
2010-04-14,20.80622100830078,31.092411041259766,35.379756927490234,113.02999877929688,62.181297302246094,57.980567932128906,43.318603515625,90.81688690185547,55.85386276245117,27.418060302734375
2010-04-15,20.882308959960938,30.92273712158203,35.35536575317383,113.6500015258789,62.28581619262695,58.1572151184082,43.509552001953125,90.89179229736328,55.91657638549805,26.668317794799805
2010-04-16,20.501861572265625,30.017807006835938,34.575111389160156,111.23999786376953,62.662086486816406,57.37835693359375,42.98878860473633,89.44551086425781,56.32395935058594,26.05585479736328
2010-04-19,20.239776611328125,29.897634506225586,34.483673095703125,111.1500015258789,62.50879669189453,57.097328186035156,42.962772369384766,89.78273010253906,56.186065673828125,26.172008514404297
2010-04-20,20.400409698486328,30.251115798950195,34.697025299072266,111.45999908447266,62.53664779663086,57.87614822387695,43.17973709106445,90.5845718383789,56.38661575317383,26.615524291992188
2010-04-21,20.501861572265625,30.152149200439453,34.47148132324219,112.30999755859375,62.73870849609375,58.27762985229492,43.42275619506836,90.41971588134766,56.8504638671875,27.080150604248047
2010-04-22,20.552589416503906,30.279399871826172,34.16059875488281,111.83999633789062,62.5924072265625,58.89593505859375,43.66579055786133,90.68949890136719,56.681209564208984,27.497249603271484
2010-04-23,20.6878604888916,30.441999435424805,34.416622161865234,113.19000244140625,62.418209075927734,59.52219772338867,43.848052978515625,91.281494140625,56.480648040771484,27.861549377441406
2010-04-26,20.58640480041504,30.441999435424805,34.45319747924805,112.75,62.46000289916992,59.29739761352539,43.75257873535156,90.93677520751953,56.543304443359375,28.083316802978516
2010-04-27,20.27359390258789,29.353271484375,33.0694580078125,114.62999725341797,63.045291900634766,57.9404182434082,42.82387924194336,88.78607177734375,57.339332580566406,27.185745239257812
2010-04-28,20.341230392456055,29.60071563720703,33.075557708740234,114.30999755859375,62.7247428894043,58.03676986694336,42.84992980957031,89.46054077148438,56.8504638671875,27.270217895507812
2010-04-29,20.501861572265625,30.088516235351562,33.587589263916016,114.27999877929688,62.829315185546875,59.265254974365234,43.59634780883789,90.56956481933594,57.088653564453125,28.50041961669922
2010-04-30,20.66249656677246,29.72795867919922,33.1669921875,115.36000061035156,63.21255111694336,57.53093338012695,42.73708724975586,89.0333480834961,57.74674987792969,27.6134033203125
2010-05-03,20.763946533203125,29.890565872192383,33.40473556518555,115.7300033569336,63.046913146972656,58.82366180419922,43.33595275878906,90.18739318847656,57.671226501464844,28.532087326049805
2010-05-04,20.205957412719727,28.519060134887695,32.081947326660156,114.87000274658203,63.47323989868164,56.97687911987305,42.0340690612793,88.06668090820312,58.7091178894043,27.882673263549805
2010-05-05,19.749422073364258,28.002962112426758,31.466270446777344,115.08999633789062,63.71784973144531,56.141822814941406,41.817100524902344,87.54212188720703,59.05506896972656,27.507795333862305
2010-05-06,19.360519409179688,26.857688903808594,30.064254760742188,118.48999786376953,64.416748046875,54.03810119628906,40.41971969604492,84.6345443725586,60.87910842895508,26.3779296875
2010-05-07,19.25906753540039,26.999069213867188,29.997201919555664,118.2699966430664,64.2419662475586,52.48039627075195,39.41291427612305,83.37555694580078,60.118064880371094,25.934431076049805
2010-05-10,19.631059646606445,28.943233489990234,31.941749572753906,117.56999969482422,63.75279998779297,55.42720413208008,41.46123504638672,87.0475082397461,58.87264633178711,27.645076751708984
2010-05-11,19.597244262695312,28.42007064819336,31.42361068725586,120.66000366210938,63.82963943481445,55.79656219482422,41.41781997680664,86.80020141601562,58.721736907958984,27.808752059936523
2010-05-12,19.757877349853516,28.773569107055664,31.777162551879883,121.4000015258789,63.66891098022461,57.50682830810547,42.19899368286133,88.01421356201172,58.27513885498047,28.257530212402344
2010-05-13,19.588788986206055,28.504919052124023,31.36264991760254,120.55999755859375,63.843666076660156,56.952816009521484,41.53066635131836,86.92015075683594,58.6588020324707,27.79820442199707
2010-05-14,19.089981079101562,27.918128967285156,30.472667694091797,120.37000274658203,64.2559814453125,55.85274887084961,40.73217010498047,85.34642791748047,59.67772674560547,26.91647720336914
2010-05-17,18.548900604248047,27.748455047607422,30.515338897705078,119.36000061035156,64.11618041992188,55.95713806152344,40.86236572265625,85.39140319824219,59.457618713378906,26.953428268432617
2010-05-18,18.52353858947754,27.168746948242188,29.85700798034668,119.48999786376953,64.58447265625,54.88118362426758,40.2982063293457,84.22985076904297,60.3696403503418,26.27233123779297
2010-05-19,18.354448318481445,26.90716552734375,29.97281837463379,116.62999725341797,64.6403579711914,54.23082733154297,39.97706985473633,83.750244140625,60.570899963378906,26.02947235107422
2010-05-20,17.9740047454834,25.570995330810547,28.930437088012695,115.83999633789062,65.26936340332031,51.484764099121094,38.49290466308594,80.58789825439453,61.84766387939453,24.693668365478516
2010-05-21,18.15999984741211,26.398147583007812,29.637554168701172,115.22000122070312,65.30437469482422,52.247554779052734,38.91818618774414,81.76444244384766,61.9106330871582,25.52260971069336
2010-05-24,18.143089294433594,26.1224365234375,28.954830169677734,116.83999633789062,65.30437469482422,51.54898452758789,38.761959075927734,80.71529388427734,61.69678497314453,24.952388763427734
2010-05-25,17.999364852905273,25.83964729309082,28.845108032226562,117.36000061035156,65.52804565429688,51.540950775146484,38.79668045043945,80.7977066040039,61.998695373535156,25.153011322021484
2010-05-26,18.193817138671875,25.825502395629883,28.418405532836914,118.47000122070312,65.3951644897461,51.669410705566406,38.362693786621094,80.31063842773438,61.822566986083984,25.1002254486084
2010-05-27,18.726442337036133,27.387901306152344,30.033781051635742,118.69000244140625,64.77316284179688,53.88555145263672,39.81215286254883,83.00090026855469,60.41995620727539,26.478254318237305
2010-05-28,18.56580924987793,26.935443878173828,29.45467758178711,118.87999725341797,65.0667495727539,53.19500732421875,39.57780456542969,81.95922088623047,60.69666290283203,26.140329360961914
2010-06-01,18.219181060791016,26.440570831298828,29.162084579467773,119.91000366210938,65.1507797241211,51.58109664916992,39.21327209472656,80.58041381835938,61.123294830322266,25.59651756286621
2010-06-02,18.438995361328125,27.36669158935547,29.94233512878418,119.77999877929688,64.77935028076172,53.05046844482422,40.14197540283203,82.67863464355469,60.542701721191406,26.09808921813965
2010-06-03,18.54044532775879,27.26772117614746,29.850900650024414,117.95999908447266,64.68824005126953,53.73298645019531,40.52384948730469,82.96341705322266,60.10091781616211,26.02418327331543
2010-06-04,17.965551376342773,26.299175262451172,28.576892852783203,119.19000244140625,65.5853042602539,51.03510284423828,39.13516616821289,80.04833984375,61.71654510498047,24.551116943359375
2010-06-07,17.999364852905273,25.889135360717773,28.217239379882812,121.48999786376953,65.85164642333984,49.71826934814453,38.423465728759766,79.05168914794922,62.18990707397461,24.419118881225586
2010-06-08,18.143089294433594,26.48298454284668,28.668336868286133,121.0,65.6484603881836,49.69417190551758,38.35403060913086,79.89846801757812,61.88064956665039,24.857345581054688
2010-06-09,18.22763442993164,26.34159278869629,28.56471061706543,120.55999755859375,65.6553955078125,49.72629165649414,38.03290939331055,79.47132110595703,61.811248779296875,25.00518226623535
2010-06-10,18.53199005126953,27.260644912719727,29.771652221679688,118.97000122070312,65.04569244384766,51.44459915161133,39.11781692504883,81.79438018798828,60.70681381225586,26.08753204345703
2010-06-11,18.557357788085938,27.402057647705078,29.814327239990234,120.01000213623047,65.45914459228516,52.143157958984375,39.49102020263672,82.19154357910156,61.47673797607422,26.399045944213867
2010-06-14,18.608081817626953,27.409122467041016,30.00330352783203,119.5999984741211,65.40310668945312,52.47236633300781,39.48234176635742,82.06415557861328,61.16122055053711,26.726396560668945
2010-06-15,18.920894622802734,28.23626708984375,30.954233169555664,120.98999786376953,65.19988250732422,53.78919219970703,40.54121017456055,83.93009185791016,60.908721923828125,27.323015213012695
2010-06-16,18.963167190551758,28.23626708984375,30.807937622070312,120.33000183105469,65.38212585449219,53.54026794433594,40.70614242553711,83.900146484375,61.255863189697266,27.074865341186523
2010-06-17,18.971622467041016,28.094871520996094,30.905466079711914,121.9000015258789,65.69046783447266,53.604515075683594,40.8363151550293,84.03502655029297,61.75444030761719,27.132953643798828
2010-06-18,18.937801361083984,28.222116470336914,30.85060691833496,122.83000183105469,65.55730438232422,53.636661529541016,40.87022399902344,84.12614440917969,61.65349197387695,27.048458099365234
2010-06-21,18.861713409423828,28.709932327270508,30.84451675415039,120.38999938964844,65.50826263427734,53.08260726928711,40.52239227294922,83.88516235351562,61.47673797607422,26.837282180786133
2010-06-22,18.819442749023438,28.158504486083984,30.454383850097656,121.44999694824219,65.9007339477539,51.9906120300293,40.20935821533203,82.49976348876953,62.20884323120117,26.040010452270508
2010-06-23,18.506629943847656,28.23109245300293,30.658445358276367,120.94999694824219,66.14601135253906,51.8460578918457,40.04411315917969,82.2437515258789,62.631656646728516,26.108652114868164
2010-06-24,18.548900604248047,27.73293113708496,30.12504005432129,121.30000305175781,66.08997344970703,51.0190315246582,39.435428619384766,80.88095092773438,62.25929260253906,25.55596160888672
2010-06-25,18.887075424194336,28.060293197631836,30.298704147338867,122.76000213623047,66.195068359375,51.89424133300781,39.443275451660156,81.21981048583984,62.51177215576172,26.200864791870117
2010-06-28,18.684171676635742,27.868148803710938,30.075424194335938,121.08999633789062,66.66466522216797,51.59714889526367,39.30385971069336,80.96375274658203,63.09868621826172,25.89174461364746
2010-06-29,18.168455123901367,26.736623764038086,29.045818328857422,121.2699966430664,66.95198822021484,49.6460075378418,37.78780746459961,78.46400451660156,63.786617279052734,25.044315338134766
2010-06-30,18.236087799072266,26.558717727661133,28.847339630126953,121.68000030517578,67.05008697509766,49.075904846191406,37.21277618408203,77.71861267089844,64.21575927734375,24.777822494506836
2010-07-01,17.957094192504883,26.7508602142334,29.269105911254883,117.04000091552734,67.02059173583984,48.72262954711914,37.108219146728516,77.37223815917969,64.31705474853516,24.692554473876953
2010-07-02,17.923276901245117,26.864707946777344,29.207075119018555,118.48999786376953,66.9011459350586,48.19012451171875,37.00364685058594,76.95057678222656,63.804359436035156,24.218204498291016
2010-07-06,17.9740047454834,27.362878799438477,29.79010772705078,116.51000213623047,67.06273651123047,47.561763763427734,37.1169319152832,77.45506286621094,64.32975006103516,23.679912567138672
2010-07-07,18.37981414794922,27.9677734375,30.720468521118164,117.7300033569336,66.85198211669922,49.22126770019531,38.3018684387207,79.89462280273438,63.576412200927734,24.831132888793945
2010-07-08,18.548900604248047,28.10298728942871,31.0181827545166,117.20999908447266,66.69033813476562,49.93019485473633,38.51097106933594,80.68518829345703,63.17125701904297,25.1402587890625
2010-07-09,18.582719802856445,28.444583892822266,31.0491943359375,118.36000061035156,66.51471710205078,50.70354080200195,38.87694549560547,81.28752136230469,62.810386657714844,25.46003532409668
2010-07-12,18.37135887145996,28.21685028076172,30.93134307861328,117.33999633789062,66.6270751953125,50.1316032409668,38.99020004272461,81.34024047851562,62.78513717651367,25.539974212646484
2010-07-13,18.66726303100586,28.544212341308594,31.501968383789062,118.36000061035156,66.29682922363281,51.71859359741211,39.49555206298828,82.56753540039062,62.246944427490234,26.16887664794922
2010-07-14,18.633445739746094,28.487276077270508,31.613609313964844,118.30000305175781,66.6270751953125,51.53331756591797,39.695945739746094,82.55998992919922,62.873748779296875,26.014318466186523
2010-07-15,18.81098747253418,28.352066040039062,31.768672943115234,118.2300033569336,66.97138977050781,51.058006286621094,39.730804443359375,82.58263397216797,63.50042724609375,25.929044723510742
2010-07-16,18.574264526367188,27.505212783813477,30.751480102539062,116.66999816894531,67.35787963867188,49.19710922241211,38.63297653198242,80.3087387084961,63.810630798339844,25.086956024169922
2010-07-19,18.557357788085938,27.868148803710938,30.94995880126953,115.7300033569336,67.18219757080078,49.40656661987305,38.96405029296875,80.78307342529297,63.41814041137695,25.396074295043945
2010-07-20,18.70953369140625,28.52286720275879,31.160831451416016,116.6500015258789,67.2524642944336,50.236324310302734,39.434547424316406,81.67909240722656,63.513084411621094,25.87041473388672
2010-07-21,18.658809661865234,28.23109245300293,30.596426010131836,115.8499984741211,67.6811294555664,49.334049224853516,38.89435577392578,80.61741638183594,64.58924102783203,25.33211326599121
2010-07-22,19.03080177307129,29.085067749023438,31.626007080078125,116.86000061035156,67.30868530273438,51.09023666381836,39.87891387939453,82.41693878173828,63.84220886230469,26.280807495117188
2010-07-23,18.971622467041016,29.28432846069336,31.99815559387207,116.08999633789062,67.09087371826172,52.34695816040039,40.13159942626953,83.13227081298828,63.16487121582031,26.61658477783203
2010-07-26,18.9547119140625,29.483596801757812,32.221439361572266,115.5199966430664,67.06980895996094,53.53922653198242,40.462669372558594,83.99813079833984,63.057289123535156,27.28279685974121
2010-07-27,18.751806259155273,29.43377113342285,32.31447982788086,113.51000213623047,66.83789825439453,53.345882415771484,40.445247650146484,83.99060821533203,62.44955825805664,27.2774658203125
2010-07-28,18.827896118164062,29.270099639892578,32.14702224731445,113.77999877929688,67.12596893310547,52.4838981628418,40.122859954833984,83.44844818115234,62.65217590332031,27.22416114807129
2010-07-29,19.098434448242188,29.31991958618164,32.29587173461914,114.29000091552734,67.2665023803711,52.34695816040039,39.82663345336914,83.04187774658203,62.6331901550293,26.9949951171875
2010-07-30,19.352066040039062,29.462247848510742,32.19663619995117,115.48999786376953,67.6600341796875,52.37916564941406,39.91376876831055,83.02682495117188,63.60801696777344,27.15488052368164
2010-08-02,19.724058151245117,30.223703384399414,33.28205490112305,115.54000091552734,67.45074462890625,53.28947067260742,40.663082122802734,84.90166473388672,62.71512222290039,28.06626319885254
2010-08-03,19.79169273376465,30.081377029418945,33.23244094848633,115.98999786376953,67.7677993774414,52.86253356933594,40.48882293701172,84.49506378173828,63.0771369934082,27.79445457458496
2010-08-04,19.96078109741211,30.12407684326172,33.26344299316406,116.72000122070312,67.48597717285156,53.41838836669922,40.8983268737793,85.0597915649414,62.5944709777832,27.99164581298828
2010-08-05,19.86778450012207,29.988855361938477,33.23863983154297,116.9800033569336,67.81011199951172,52.790016174316406,40.802490234375,84.96942138671875,62.88658142089844,27.639894485473633
2010-08-06,19.69024085998535,29.94617462158203,33.3378791809082,117.83999633789062,68.25389862060547,52.475833892822266,40.74149703979492,84.62308502197266,63.57247543334961,27.511966705322266
2010-08-09,19.757877349853516,30.10272789001465,33.37509536743164,117.4000015258789,68.23985290527344,53.05587387084961,41.02030944824219,85.0748291015625,63.33751678466797,27.826431274414062
2010-08-10,19.54651641845703,29.689971923828125,33.1083869934082,117.7300033569336,68.5850601196289,52.05693817138672,40.663082122802734,84.61552429199219,63.470855712890625,27.554607391357422
2010-08-11,19.106891632080078,28.74347496032715,31.601207733154297,117.33999633789062,68.9725570678711,50.01075744628906,39.556522369384766,82.2964859008789,64.32189178466797,26.867076873779297
2010-08-12,18.963167190551758,28.793289184570312,31.563995361328125,118.7699966430664,68.79641723632812,49.76100158691406,39.24287796020508,81.79200744628906,64.16311645507812,26.531309127807617
2010-08-13,18.94625473022461,28.94985580444336,31.452348709106445,118.73999786376953,69.09235382080078,49.19710922241211,38.96405029296875,81.55107116699219,64.96334838867188,26.531309127807617
2010-08-16,18.887075424194336,29.22027587890625,31.706649780273438,119.7300033569336,69.59254455566406,49.59183883666992,39.033782958984375,81.51339721679688,66.58917236328125,26.509998321533203
2010-08-17,19.157617568969727,29.526281356811523,32.060184478759766,119.75,69.24030303955078,50.44577407836914,39.5303955078125,82.51484680175781,66.2081069946289,27.117570877075195
2010-08-18,19.081525802612305,29.504934310913086,32.04777908325195,120.22000122070312,69.16978454589844,50.59882354736328,39.68724060058594,82.66544342041016,66.38594055175781,27.144222259521484
2010-08-19,18.887075424194336,29.27720832824707,31.532983779907227,120.38999938964844,69.47984313964844,49.21322250366211,39.0860481262207,81.2273178100586,67.42112731933594,26.45136260986328
2010-08-20,18.768714904785156,29.191808700561523,31.204240798950195,119.97000122070312,69.25435638427734,49.261566162109375,39.13832473754883,80.96375274658203,67.34486389160156,26.3660831451416
2010-08-23,18.64189910888672,28.92850112915039,31.142229080200195,119.77999877929688,69.34589385986328,48.59292221069336,38.754947662353516,80.65507507324219,67.35762023925781,26.22751235961914
2010-08-24,18.430540084838867,28.558446884155273,30.71426773071289,120.36000061035156,69.89549255371094,48.03706359863281,38.031768798828125,79.45790100097656,68.43728637695312,26.12091064453125
2010-08-25,18.52353858947754,28.3734073638916,30.745283126831055,121.36000061035156,69.5784683227539,48.76210403442383,38.39771270751953,79.76659393310547,68.21500396728516,26.536640167236328
2010-08-26,18.73489761352539,28.19550132751465,30.732872009277344,120.95999908447266,69.89549255371094,48.39958572387695,37.93593215942383,79.2320327758789,68.85641479492188,26.376747131347656
2010-08-27,19.056167602539062,28.814647674560547,31.334505081176758,121.01000213623047,69.09235382080078,49.66435241699219,38.39771270751953,80.45933532714844,66.90672302246094,26.81378173828125
2010-08-30,19.02234649658203,28.337833404541016,30.881732940673828,120.91000366210938,69.6207275390625,48.57680892944336,37.996925354003906,79.292236328125,68.1895980834961,26.605918884277344
2010-08-31,18.768714904785156,28.50861930847168,30.974761962890625,122.08000183105469,69.93070983886719,48.48014831542969,37.86625289916992,79.292236328125,68.9454116821289,26.80845069885254
2010-09-01,19.14070701599121,29.51205825805664,32.07878875732422,121.69000244140625,69.42713928222656,50.35715103149414,38.99891662597656,81.66400909423828,67.51979064941406,27.682525634765625
2010-09-02,19.27597427368164,29.561870574951172,32.25865936279297,122.29000091552734,69.1375503540039,50.91300582885742,39.434547424316406,82.42447662353516,66.80636596679688,28.03428840637207
2010-09-03,19.377429962158203,29.910581588745117,32.5563850402832,121.86000061035156,68.7420425415039,51.82333755493164,40.0880126953125,83.49365997314453,65.9783706665039,28.444679260253906
2010-09-07,19.478879928588867,29.47646141052246,32.10359573364258,122.69999694824219,69.28585052490234,50.84050369262695,39.81793212890625,82.55249786376953,67.32869720458984,28.00763702392578
2010-09-08,19.521154403686523,29.796716690063477,32.3516960144043,122.70999908447266,69.0951156616211,51.138580322265625,40.29713821411133,83.13227081298828,66.79360961914062,28.06626319885254
2010-09-09,19.411245346069336,29.967512130737305,32.65561294555664,121.55999755859375,68.5513916015625,51.17079162597656,40.45396041870117,83.51626586914062,65.47506713867188,27.741153717041016
2010-09-10,19.614151000976562,30.074256896972656,32.754844665527344,121.7300033569336,68.35360717773438,51.33191680908203,40.602073669433594,83.93790435791016,65.17570495605469,27.890382766723633
2010-09-13,19.757877349853516,30.793025970458984,33.35028076171875,121.62000274658203,68.67843627929688,52.58056640625,41.16842269897461,84.87155151367188,65.49420166015625,28.34874153137207
2010-09-14,19.817058563232422,30.778785705566406,33.573577880859375,124.0199966430664,69.02454376220703,52.35500717163086,41.342681884765625,84.8188247680664,66.1247787475586,28.242143630981445
2010-09-15,19.783239364624023,30.82148551940918,33.58597946166992,123.94000244140625,68.78441619873047,52.65306854248047,41.604061126708984,85.14261627197266,65.14385986328125,28.487306594848633
2010-09-16,19.681787490844727,30.6649112701416,33.424713134765625,124.62999725341797,68.54428100585938,52.314727783203125,41.769615173339844,85.1200180053711,64.50048065185547,28.338083267211914
2010-09-17,19.749422073364258,30.615116119384766,33.26344299316406,124.54000091552734,68.69965362548828,52.532230377197266,41.91109085083008,85.15179443359375,64.76167297363281,28.423357009887695
2010-09-20,19.910053253173828,31.09903907775879,33.840274810791016,124.87000274658203,68.91150665283203,53.990325927734375,42.644691467285156,86.45378875732422,65.1374740600586,29.116212844848633
2010-09-21,19.69869613647461,31.00651741027832,33.83407211303711,126.01000213623047,69.55426788330078,53.676151275634766,42.635955810546875,86.27970123291016,66.04194641113281,28.68984603881836
2010-09-22,19.817058563232422,31.02785873413086,33.78444290161133,126.19999694824219,69.66019439697266,53.03974151611328,42.52241897583008,85.85577392578125,66.6343994140625,28.300765991210938
2010-09-23,19.83396339416504,30.828609466552734,33.41850280761719,126.30000305175781,69.75907897949219,52.39768981933594,42.50495910644531,85.15937042236328,66.8254623413086,27.602588653564453
2010-09-24,20.138322830200195,31.397918701171875,34.348876953125,126.69000244140625,69.41300964355469,54.101749420166016,43.36954879760742,86.91555786132812,65.9273681640625,28.38341522216797
2010-09-27,20.003055572509766,31.340988159179688,34.175193786621094,126.72000122070312,69.94979095458984,53.964481353759766,43.133750915527344,86.49923706054688,67.0738754272461,28.03387451171875
2010-09-28,20.003055572509766,31.568723678588867,34.373680114746094,127.8499984741211,70.18283081054688,54.497501373291016,43.11628723144531,86.80199432373047,67.53250122070312,28.146799087524414
2010-09-29,20.265138626098633,31.675457000732422,34.317848205566406,127.94999694824219,70.01333618164062,54.65092849731445,43.046417236328125,86.65060424804688,67.25226593017578,27.92632484436035
2010-09-30,20.383499145507812,31.860496520996094,34.06354904174805,127.91000366210938,69.92858123779297,54.51365280151367,42.85429382324219,86.39324188232422,67.20767974853516,28.00697898864746
2010-10-01,20.425771713256836,32.33018112182617,34.40468978881836,128.91000366210938,69.96613311767578,54.804386138916016,42.8018798828125,86.75656127929688,66.88287353515625,28.146799087524414
2010-10-04,20.358139038085938,32.23055648803711,33.90849685668945,128.4600067138672,70.21387481689453,54.06139373779297,42.339046478271484,86.1055908203125,67.05549621582031,28.404935836791992
2010-10-05,20.77239990234375,32.81410217285156,34.8698616027832,130.99000549316406,70.22801208496094,55.59584426879883,43.36954879760742,87.83906555175781,66.65270233154297,28.856660842895508
2010-10-06,20.780855178833008,32.799869537353516,35.161380767822266,131.80999755859375,70.68115997314453,55.41008377075195,42.99401092529297,87.83148193359375,67.490234375,28.70070457458496
2010-10-07,20.56949806213379,32.50809860229492,35.04352951049805,130.3699951171875,70.75198364257812,55.24854278564453,43.15122985839844,87.72551727294922,66.92765045166016,28.7813777923584
2010-10-08,21.254301071166992,32.89949035644531,35.27302551269531,131.66000366210938,70.7802505493164,55.9511833190918,43.4481315612793,88.21755981445312,66.63353729248047,28.862030029296875
2010-10-11,21.152847290039062,32.878150939941406,35.2296142578125,132.2899932861328,70.85098266601562,55.999637603759766,43.46563720703125,88.30081176757812,66.64630889892578,28.856660842895508
2010-10-12,21.254301071166992,32.74293518066406,35.155174255371094,131.9600067138672,70.64572143554688,56.1450080871582,43.762542724609375,88.57332611083984,65.98780059814453,29.061017990112305
2010-10-13,21.355754852294922,33.347835540771484,35.552127838134766,134.07000732421875,70.64572143554688,57.00107955932617,44.12062072753906,89.26216888427734,65.88550567626953,29.362157821655273
2010-10-14,21.32193374633789,33.29090118408203,35.80022430419922,134.75,70.2421646118164,56.9607048034668,44.033287048339844,88.9139404296875,64.90089416503906,29.286863327026367
2010-10-15,21.085214614868164,33.248199462890625,35.68238830566406,133.67999267578125,69.93779754638672,56.76687240600586,44.967750549316406,89.09565734863281,64.10806274414062,29.24922752380371
2010-10-18,21.296573638916016,33.26244354248047,35.763023376464844,134.27999877929688,70.27053833007812,57.243370056152344,44.80183410644531,89.53466796875,64.6259536743164,29.625669479370117
2010-10-19,20.670949935913086,32.20919418334961,34.97529983520508,130.11000061035156,70.5112075805664,56.12883758544922,44.382606506347656,88.36137390136719,65.0159683227539,29.259992599487305
2010-10-20,21.161304473876953,32.72159957885742,35.63275909423828,131.32000732421875,70.46869659423828,56.702274322509766,44.70574188232422,89.22433471679688,65.15664672851562,29.899930953979492
2010-10-21,20.89921760559082,32.72159957885742,35.440494537353516,129.47000122070312,70.07933044433594,56.42768859863281,44.79306411743164,89.42115020751953,64.38299560546875,29.867664337158203
2010-10-22,21.076759338378906,32.75716018676758,35.53352737426758,129.72999572753906,70.10060119628906,56.79109191894531,45.0987434387207,89.5876693725586,64.8177719116211,29.88380241394043
2010-10-25,21.186664581298828,33.11299514770508,35.66997528076172,130.85000610351562,70.07933044433594,57.13029861450195,45.31708908081055,89.85259246826172,65.00318145751953,29.93756675720215
2010-10-26,21.296573638916016,33.084529876708984,35.440494537353516,130.8800048828125,69.61210632324219,57.089900970458984,45.43933868408203,89.86772155761719,63.99943161010742,29.722450256347656
2010-10-27,21.22893714904785,32.522342681884766,35.09935760498047,129.52000427246094,69.20862579345703,56.94456100463867,45.57906723022461,89.61035919189453,63.43673324584961,29.512725830078125
2010-10-28,21.33884620666504,32.72871398925781,35.37226486206055,131.24000549316406,69.61210632324219,56.59727478027344,45.675132751464844,89.62550354003906,63.609405517578125,29.329877853393555
2010-10-29,21.28812026977539,32.82121276855469,35.35984802246094,132.6199951171875,69.9236068725586,56.77493667602539,45.57033157348633,89.69364166259766,64.20393371582031,29.33526611328125
2010-11-01,21.42338752746582,33.184165954589844,35.2296142578125,131.9199981689453,69.80655670166016,56.387290954589844,45.60527420043945,89.72391510009766,63.92753982543945,29.58802032470703
2010-11-02,21.61783790588379,33.5969123840332,35.812644958496094,132.49000549316406,70.0406494140625,57.558319091796875,46.0943489074707,90.43546295166016,64.76776123046875,29.792362213134766
2010-11-03,21.71929168701172,33.803279876708984,36.06072235107422,131.57000732421875,70.26778411865234,57.784454345703125,46.3039436340332,90.7988052368164,63.44651794433594,29.792362213134766
2010-11-04,22.235010147094727,34.57188034057617,36.87944030761719,136.02999877929688,70.83554077148438,59.24620819091797,46.871604919433594,92.5474624633789,63.94038772583008,30.480714797973633
2010-11-05,22.328006744384766,34.50783157348633,36.718177795410156,136.3800048828125,70.53746032714844,59.57734680175781,46.871604919433594,92.89563751220703,62.843563079833984,30.80876350402832
2010-11-08,22.387187957763672,34.365501403808594,36.49489212036133,137.77999877929688,70.55872344970703,59.528892517089844,46.93274688720703,92.72151947021484,63.12580871582031,30.64204978942871
2010-11-09,22.235010147094727,33.931400299072266,36.12895584106445,135.58999633789062,69.96258544921875,58.737464904785156,46.679481506347656,92.055419921875,61.73396301269531,29.39978790283203
2010-11-10,22.47173309326172,34.18046569824219,36.23439025878906,137.24000549316406,70.22517395019531,59.3916015625,46.91524887084961,92.42631530761719,61.817386627197266,29.765480041503906
2010-11-11,22.285734176635742,33.84600830078125,35.92427444458008,137.66000366210938,70.14714813232422,59.15739440917969,46.61833572387695,92.0781021118164,61.785308837890625,29.528867721557617
2010-11-12,21.355754852294922,33.02759552001953,35.62656021118164,133.69000244140625,69.56526184082031,58.172119140625,45.85854721069336,90.98809051513672,61.4517707824707,29.254606246948242
2010-11-15,21.389568328857422,33.01336669921875,35.601741790771484,132.4199981689453,68.67108154296875,58.18018341064453,45.683868408203125,90.85935974121094,60.16899871826172,28.974964141845703
2010-11-16,20.755491256713867,32.1451530456543,34.76441955566406,130.97000122070312,69.18202209472656,57.04954147338867,44.93281555175781,89.4438247680664,61.66339111328125,27.980100631713867
2010-11-17,20.594860076904297,32.308834075927734,34.95670700073242,130.3800048828125,68.98332214355469,57.2029914855957,45.06381607055664,89.48922729492188,61.323490142822266,28.19520378112793
2010-11-18,21.152847290039062,33.07741165161133,35.831233978271484,132.08999633789062,68.82011413574219,58.31747817993164,45.78865051269531,90.806396484375,61.57366180419922,28.44794273376465
2010-11-19,20.84848976135254,33.09877395629883,35.831233978271484,132.1999969482422,68.9620590209961,58.51130294799805,45.823604583740234,91.05616760253906,61.952030181884766,28.59853172302246
2010-11-22,20.916122436523438,32.99912643432617,35.44669723510742,133.47999572753906,69.33106994628906,58.79399871826172,46.20787811279297,90.98046875,62.215030670166016,28.673799514770508
2010-11-23,20.865400314331055,31.953006744384766,34.379886627197266,134.41000366210938,69.47303771972656,58.236717224121094,45.47426986694336,89.663330078125,62.52292251586914,28.44794273376465
2010-11-24,21.254301071166992,32.69312286376953,34.92568588256836,134.17999267578125,68.72785949707031,59.54503631591797,46.391265869140625,90.98809051513672,61.40687561035156,28.996461868286133
2010-11-26,21.355754852294922,31.881853103637695,34.342655181884766,133.11000061035156,69.02587127685547,59.133174896240234,46.085609436035156,89.92829132080078,62.25992965698242,28.937314987182617
2010-11-29,21.398025512695312,32.130916595458984,34.038753509521484,133.50999450683594,69.17494201660156,59.22200012207031,46.05066680908203,90.20082092285156,62.79228210449219,28.92118263244629
2010-11-30,21.19512176513672,31.867612838745117,33.65420150756836,135.4199981689453,69.29554748535156,58.75359344482422,45.49174118041992,89.69364166259766,63.11936950683594,28.792110443115234
2010-12-01,21.820743560791016,32.778526306152344,34.609371185302734,135.3800048828125,68.38433837890625,60.06999206542969,46.45240783691406,91.6012191772461,61.71628189086914,28.958837509155273
2010-12-02,22.00674057006836,33.426124572753906,35.26681900024414,135.1999969482422,68.21359252929688,60.675682067871094,46.924007415771484,92.77448272705078,61.5554084777832,29.405183792114258
2010-12-03,22.285734176635742,33.547096252441406,35.60795593261719,138.07000732421875,68.22067260742188,61.1118049621582,47.0462646484375,93.02433013916016,61.07267379760742,29.39978790283203
2010-12-06,22.260374069213867,33.49016571044922,35.44669723510742,139.11000061035156,68.64757537841797,61.49137496948242,47.028804779052734,92.92587280273438,61.93513488769531,29.458951950073242
2010-12-07,22.108192443847656,33.3336067199707,35.465301513671875,136.5,67.50929260253906,61.84672546386719,47.05499267578125,92.97891235351562,60.60928726196289,29.523479461669922
2010-12-08,22.277280807495117,33.1201057434082,35.570743560791016,134.7899932861328,66.93312072753906,61.806358337402344,47.22968673706055,93.31951904296875,60.02357482910156,29.0878963470459
2010-12-09,22.21809959411621,33.00625228881836,35.66377258300781,135.3699951171875,67.07536315917969,62.016357421875,47.27334213256836,93.68289184570312,60.31965637207031,28.82975959777832
2010-12-10,22.184284210205078,33.15569305419922,35.74441146850586,135.41000366210938,66.50628662109375,62.7916374206543,47.587738037109375,94.22787475585938,59.95278549194336,29.017976760864258
2010-12-13,22.404094696044922,33.36918640136719,36.12895584106445,136.0500030517578,66.71977233886719,62.46858596801758,47.421810150146484,94.2884750366211,60.17809295654297,29.06638526916504
2010-12-14,22.344913482666016,33.41899490356445,36.184783935546875,136.17999267578125,66.01545715332031,62.43630599975586,47.5091438293457,94.37173461914062,59.302757263183594,28.7813777923584
2010-12-15,22.285734176635742,32.878150939941406,35.707191467285156,134.6999969482422,65.74513244628906,62.242496490478516,47.29954528808594,93.94022369384766,58.53041458129883,28.507099151611328
2010-12-16,22.209646224975586,32.970664978027344,35.90566635131836,133.80999755859375,66.13636779785156,62.815879821777344,47.666343688964844,94.48524475097656,58.935874938964844,28.555500030517578
2010-12-17,22.378734588623047,33.020477294921875,35.707191467285156,134.1999969482422,66.70545959472656,63.009674072265625,47.70832443237305,94.58649444580078,60.010677337646484,28.792110443115234
2010-12-20,22.581636428833008,32.87103271484375,35.78782272338867,135.11000061035156,66.69839477539062,63.260040283203125,47.74334716796875,94.81475067138672,59.946346282958984,29.136302947998047
2010-12-21,22.725360870361328,33.350860595703125,36.08708953857422,135.32000732421875,66.84063720703125,63.96269226074219,48.0321159362793,95.4159164428711,60.36472702026367,29.442829132080078
2010-12-22,22.84372329711914,33.46561813354492,36.15595626831055,135.0500030517578,66.65568542480469,63.94399642944336,48.02336883544922,95.71269989013672,59.93347930908203,29.668668746948242
2010-12-23,22.928268432617188,33.42974853515625,36.137176513671875,134.66000366210938,66.42092895507812,63.862884521484375,47.90085983276367,95.57572937011719,59.81118392944336,29.534244537353516
2010-12-27,22.885995864868164,33.322174072265625,36.062042236328125,135.02000427246094,66.67703247070312,64.05760955810547,47.927093505859375,95.61376190185547,60.34540939331055,29.901222229003906
2010-12-28,23.131174087524414,33.350860595703125,36.09334182739258,137.22000122070312,65.97663116455078,63.879112243652344,47.83959197998047,95.750732421875,59.16357421875,30.020816802978516
2010-12-29,23.13962745666504,33.77783203125,36.40637969970703,137.7100067138672,66.71839904785156,64.01703643798828,47.944610595703125,95.81920623779297,60.16454315185547,30.080612182617188
2010-12-30,22.860633850097656,33.9500617980957,36.23109436035156,137.02999877929688,66.58287811279297,63.895347595214844,47.83084487915039,95.66703033447266,60.11937713623047,30.162172317504883
2010-12-31,23.291805267333984,34.18687057495117,36.45021057128906,138.72000122070312,66.9180908203125,63.47346496582031,47.655826568603516,95.68985748291016,60.784542083740234,30.102373123168945
2011-01-03,23.393259048461914,34.51698303222656,36.750736236572266,138.0,66.71127319335938,64.5768051147461,48.399635314941406,96.67910766601562,60.32603073120117,30.662330627441406
2011-01-04,23.080446243286133,34.674842834472656,36.63803482055664,134.75,66.86815643310547,63.61953353881836,48.3646240234375,96.62584686279297,60.397090911865234,30.075180053710938
2011-01-05,23.325624465942383,34.58872604370117,36.48151779174805,134.3699951171875,66.14778900146484,64.36589813232422,48.775909423828125,97.12805938720703,59.06669235229492,30.183908462524414
2011-01-06,23.0128116607666,34.222747802734375,36.062042236328125,133.8300018310547,66.49014282226562,64.06571960449219,48.93341064453125,96.93782806396484,59.32499694824219,29.901222229003906
2011-01-07,22.928268432617188,33.90700149536133,35.91804885864258,133.5800018310547,66.93234252929688,63.700626373291016,48.88966369628906,96.74758911132812,59.6414680480957,29.912076950073242
2011-01-10,23.198806762695312,33.55537414550781,35.85543441772461,134.1199951171875,67.16058349609375,64.06571960449219,49.07343673706055,96.62584686279297,59.96437454223633,29.90665054321289
2011-01-11,23.460893630981445,33.914180755615234,36.099609375,134.91000366210938,66.89677429199219,64.32532501220703,49.143428802490234,96.9682846069336,59.6285514831543,29.841413497924805
2011-01-12,23.613073348999023,34.59590530395508,36.89472198486328,135.4600067138672,66.7041244506836,64.8769760131836,49.49345397949219,97.84337615966797,59.16357421875,29.966447830200195
2011-01-13,23.579256057739258,34.29450988769531,36.994903564453125,134.0500030517578,67.15351867675781,64.85264587402344,49.510963439941406,97.68354034423828,59.69314956665039,30.064308166503906
2011-01-14,23.689163208007812,34.39497756958008,37.22028350830078,132.69000244140625,66.96807098388672,65.3393783569336,49.878482818603516,98.39125061035156,59.31209182739258,30.265457153320312
2011-01-18,23.663801193237305,34.3447380065918,37.464447021484375,133.42999267578125,66.80399322509766,65.3880844116211,50.01850128173828,98.55864715576172,59.03437805175781,30.52642059326172
2011-01-19,23.638437271118164,34.079219818115234,37.207767486572266,133.72000122070312,66.97513580322266,63.708770751953125,49.44969940185547,97.59224700927734,59.46064376831055,30.124103546142578
2011-01-20,23.401714324951172,33.706085205078125,36.888465881347656,131.1999969482422,66.45450592041016,63.043521881103516,49.099700927734375,97.4628677368164,58.64044952392578,30.129549026489258
2011-01-21,23.638437271118164,33.35443878173828,37.08881378173828,131.02999877929688,66.67561340332031,62.621673583984375,48.72339630126953,97.68354034423828,59.10545349121094,30.151296615600586
2011-01-24,23.435527801513672,33.61278533935547,37.48323440551758,130.36000061035156,66.6827163696289,63.084041595458984,49.397212982177734,98.2390365600586,59.13127517700195,30.30351448059082
2011-01-25,23.13962745666504,33.41185760498047,37.40811538696289,130.10000610351562,67.01793670654297,63.181400299072266,49.467220306396484,98.29232025146484,59.69314956665039,30.656904220581055
2011-01-26,23.655344009399414,33.706085205078125,37.646026611328125,131.16000366210938,66.61140441894531,64.1874008178711,49.7297248840332,98.6728286743164,58.788963317871094,30.7058162689209
2011-01-27,23.452438354492188,33.59125900268555,37.733665466308594,127.93000030517578,66.86103057861328,64.3740005493164,50.0360107421875,98.91629028320312,59.053768157958984,31.189674377441406
2011-01-28,23.748342514038086,32.52919387817383,36.89472198486328,130.27999877929688,67.16773986816406,62.80013656616211,48.76716232299805,97.18892669677734,59.36378860473633,30.673206329345703
2011-01-31,24.12033462524414,32.87364959716797,37.21402359008789,129.8699951171875,66.90379333496094,63.23820877075195,49.0034294128418,97.91946411132812,58.911712646484375,31.08094596862793
2011-02-01,24.297874450683594,33.67019271850586,38.0968017578125,130.8000030517578,66.59272003173828,64.698486328125,49.9222526550293,99.48701477050781,58.62001419067383,31.157054901123047
2011-02-02,24.534597396850586,33.41902160644531,38.06549835205078,130.4499969482422,66.43547821044922,64.45511627197266,49.84348678588867,99.29679107666016,58.63297653198242,31.157054901123047
2011-02-03,24.37396812438965,33.375972747802734,38.07175827026367,132.1999969482422,66.0565185546875,64.68228149414062,49.930999755859375,99.51744842529297,58.146915435791016,31.244056701660156
2011-02-04,24.23869514465332,33.368797302246094,38.05923080444336,131.66000366210938,65.64891815185547,64.7958755493164,50.21099853515625,99.79901885986328,57.557159423828125,31.01571273803711
2011-02-07,24.171062469482422,33.41185760498047,38.17818069458008,131.67999267578125,65.62030792236328,65.43675231933594,50.44729995727539,100.42298126220703,57.85529327392578,31.320158004760742
2011-02-08,24.331693649291992,33.426204681396484,38.428619384765625,133.13999938964844,65.16983032226562,65.89917755126953,50.77981185913086,100.87957000732422,57.323856353759766,31.456077575683594
2011-02-09,24.450056076049805,32.65837097167969,38.31592559814453,133.07000732421875,65.5416259765625,65.60710144042969,50.69230270385742,100.65130615234375,57.82285690307617,31.477819442749023
2011-02-10,24.30632972717285,32.349788665771484,38.06549835205078,132.85000610351562,65.32715606689453,65.8667221069336,50.77104949951172,100.6893081665039,57.1553840637207,31.608304977416992
2011-02-11,24.221786499023438,32.744476318359375,38.08428192138672,132.32000732421875,65.62748718261719,66.58063507080078,51.13856506347656,101.29048156738281,57.97842788696289,31.814897537231445
2011-02-14,24.34014892578125,32.57943344116211,38.15940856933594,132.9499969482422,65.64891815185547,66.92137145996094,51.261085510253906,101.53400421142578,58.0173454284668,31.820322036743164
2011-02-15,24.02733612060547,32.64400863647461,38.04670333862305,133.97000122070312,65.79906463623047,66.54005432128906,51.19108581542969,101.21440124511719,58.276554107666016,31.700714111328125
2011-02-16,24.204877853393555,32.91670227050781,38.50374221801758,134.10000610351562,65.70610046386719,67.07549285888672,51.52360534667969,101.85359191894531,58.08861541748047,31.771398544311523
2011-02-17,24.280967712402344,33.03151321411133,38.635215759277344,135.0399932861328,65.94926452636719,67.54603576660156,51.50609588623047,102.15794372558594,58.17934036254883,31.804012298583984
2011-02-18,24.255605697631836,33.23244857788086,38.76668930053711,135.41000366210938,65.93496704101562,67.61905670166016,51.39235305786133,102.37100219726562,57.99785614013672,31.929067611694336
2011-02-22,24.221786499023438,32.17039108276367,37.65854263305664,136.2899932861328,66.57134246826172,65.8829345703125,49.90473556518555,100.31644439697266,58.86628723144531,31.65178680419922
2011-02-23,24.76287078857422,32.199092864990234,37.7086181640625,137.50999450683594,66.40693664550781,64.74716186523438,49.49345397949219,99.70006561279297,59.08019256591797,31.385395050048828
2011-02-24,24.54305076599121,32.27803421020508,37.73993682861328,136.47999572753906,66.57850646972656,65.1609115600586,49.75599670410156,99.63159942626953,59.456077575683594,31.14619255065918
2011-02-25,25.084135055541992,32.66554260253906,38.19069290161133,137.3800048828125,66.79298400878906,66.66985321044922,50.44729995727539,100.69694519042969,59.80607223510742,31.75507354736328
2011-02-28,25.126405715942383,32.85929489135742,38.53504180908203,137.66000366210938,66.76443481445312,66.74288177490234,50.552284240722656,101.3209457397461,59.88379669189453,32.54340362548828
2011-03-01,25.506851196289062,32.52201461791992,37.99662399291992,140.02999877929688,66.84037780761719,65.40426635742188,49.73848342895508,99.63159942626953,60.05743408203125,31.57567596435547
2011-03-02,25.608304977416992,32.96692657470703,38.19696044921875,139.9199981689453,66.48918914794922,65.68013000488281,50.001007080078125,99.84468078613281,59.1341438293457,31.287546157836914
2011-03-03,25.599851608276367,33.619956970214844,38.6853141784668,138.08999633789062,66.0376968383789,67.1728515625,50.98982238769531,101.5644302368164,58.55550765991211,31.73878288269043
2011-03-04,25.726665496826172,33.65584182739258,38.3347053527832,139.35000610351562,66.51077270507812,66.88078308105469,50.7273063659668,100.8034896850586,59.04312515258789,31.434335708618164
2011-03-07,25.608304977416992,33.18222427368164,37.96531677246094,139.72000122070312,66.34586334228516,65.78557586669922,50.04474639892578,100.0120849609375,58.66602325439453,31.205989837646484
2011-03-08,25.388490676879883,33.62714385986328,38.08428192138672,139.36000061035156,66.18817901611328,66.8564682006836,50.24600601196289,100.88716125488281,58.308406829833984,31.646350860595703
2011-03-09,25.489940643310547,33.69171142578125,38.0968017578125,139.41000366210938,66.57518005371094,66.58873748779297,49.90473556518555,100.74256896972656,58.87405014038086,31.613740921020508
2011-03-10,25.0756778717041,32.694244384765625,37.15141296386719,137.77000427246094,67.14141845703125,64.8769760131836,49.12592315673828,98.87825775146484,59.862388610839844,31.12986946105957
2011-03-11,24.931955337524414,33.03151321411133,37.15141296386719,138.22000122070312,66.98368835449219,65.04734802246094,49.43220520019531,99.56309509277344,59.52431106567383,31.445199966430664
2011-03-14,24.99959373474121,33.22527313232422,36.48777770996094,138.86000061035156,67.13422393798828,64.698486328125,49.2571907043457,98.96197509765625,59.498260498046875,31.12986946105957
2011-03-15,24.086515426635742,32.6727180480957,35.72396469116211,136.27000427246094,67.3779067993164,64.12251281738281,48.5571403503418,97.82817077636719,60.388999938964844,30.966772079467773
2011-03-16,24.230241775512695,32.005340576171875,34.615806579589844,136.24000549316406,67.95132446289062,63.481597900390625,47.38456344604492,96.01707458496094,61.07170104980469,30.51010513305664
2011-03-17,24.982681274414062,32.40003204345703,35.767791748046875,136.97000122070312,67.74345397949219,63.61953353881836,47.82210922241211,97.28787994384766,60.603553771972656,30.743885040283203
2011-03-18,25.126405715942383,32.45744323730469,36.262386322021484,138.3699951171875,67.7004623413086,64.46322631835938,47.71431350708008,97.64171600341797,60.76609802246094,31.053768157958984
2011-03-21,25.244766235351562,33.081756591796875,37.15767288208008,139.13999938964844,67.3492660522461,65.95594787597656,48.634429931640625,99.15495300292969,60.40853500366211,31.39084243774414
2011-03-22,25.43075942993164,33.18222427368164,37.05125045776367,139.0500030517578,67.38504791259766,65.60710144042969,48.54680252075195,98.81104278564453,60.610084533691406,31.189674377441406
2011-03-23,25.481487274169922,33.619956970214844,37.09506607055664,140.33999633789062,67.29907989501953,65.80992126464844,48.818443298339844,99.09381866455078,60.53205871582031,30.84718132019043
2011-03-24,25.566030502319336,34.007476806640625,37.58967208862305,139.22000122070312,66.9550552368164,66.2643814086914,49.685977935791016,100.0414810180664,60.076904296875,30.977645874023438
2011-03-25,25.6336669921875,33.971588134765625,37.17646026611328,139.25999450683594,66.77591705322266,66.84156799316406,49.80866241455078,100.34720611572266,59.92735290527344,31.219696044921875
2011-03-28,25.287038803100586,33.79936218261719,37.15767288208008,138.5399932861328,66.79735565185547,66.69523620605469,49.53701400756836,100.10266876220703,60.011905670166016,31.181358337402344
2011-03-29,25.43075942993164,34.18687057495117,37.35176467895508,138.2100067138672,66.6038818359375,67.32121276855469,50.01897048950195,100.77518463134766,59.55031967163086,31.307310104370117
2011-03-30,25.396947860717773,34.62461471557617,37.7962760925293,138.6699981689453,66.83325958251953,68.19108581542969,50.25557327270508,101.47067260742188,60.024932861328125,31.761844635009766
2011-03-31,25.79430389404297,34.92601013183594,37.614715576171875,139.86000061035156,66.66120147705078,68.42684936523438,50.325660705566406,101.33309173583984,59.90137481689453,32.01922607421875
2011-04-01,25.97184181213379,35.48574447631836,37.971580505371094,139.1999969482422,66.80347442626953,68.7276382446289,50.35197830200195,101.76106262207031,60.192588806152344,32.06849670410156
2011-04-04,26.208566665649414,35.78712844848633,38.021663665771484,139.83999633789062,66.95439147949219,68.8821029663086,50.18547058105469,101.84515380859375,60.257911682128906,32.04661178588867
2011-04-05,26.23392677307129,35.71538162231445,37.927757263183594,142.0500030517578,66.61665344238281,69.25609588623047,50.05400466918945,101.829833984375,60.01628875732422,32.07947540283203
2011-04-06,26.31001853942871,35.909122467041016,38.24079513549805,142.3800048828125,66.32923126220703,69.4104995727539,50.17669677734375,102.15084075927734,59.115272521972656,32.09589385986328
2011-04-07,26.360746383666992,35.87324523925781,38.052974700927734,142.50999450683594,66.33636474609375,68.99591064453125,50.14165115356445,101.89099884033203,58.99775695800781,31.739946365356445
2011-04-08,26.986366271972656,35.909122467041016,38.36600875854492,143.66000366210938,66.1423110961914,68.27239990234375,49.90507125854492,101.5394287109375,58.684303283691406,31.509939193725586
2011-04-11,26.48756217956543,35.48574447631836,38.290870666503906,142.63999938964844,66.22858428955078,67.66264343261719,49.73855972290039,101.23373413085938,58.73658752441406,31.5318546295166
2011-04-12,25.946483612060547,34.81836700439453,37.934017181396484,141.61000061035156,66.60224151611328,66.77653503417969,49.39679718017578,100.47711944580078,59.3698844909668,31.47707748413086
2011-04-13,26.14938735961914,35.10540771484375,38.04670333862305,141.89999389648438,66.8609619140625,66.86595916748047,49.81741714477539,100.46946716308594,59.74207305908203,31.42780113220215
2011-04-14,26.21702003479004,35.21306228637695,38.215755462646484,143.80999755859375,66.63822937011719,67.17488861083984,49.72978973388672,100.54589080810547,59.696372985839844,31.882320404052734
2011-04-15,26.3522891998291,35.2561149597168,38.15940856933594,145.0500030517578,67.12686920166016,67.8902816772461,49.642181396484375,100.91272735595703,60.5059928894043,32.29302978515625
2011-04-18,26.19165802001953,34.373451232910156,37.37680435180664,145.92999267578125,67.29214477539062,66.76840209960938,49.29164123535156,99.78165435791016,60.64310073852539,32.002784729003906
2011-04-19,26.200111389160156,34.868595123291016,37.652286529541016,145.92999267578125,67.37840270996094,66.78468322753906,49.598365783691406,100.35484313964844,60.904258728027344,32.25471115112305
2011-04-20,26.614376068115234,35.6938591003418,38.61017608642578,146.5,67.11250305175781,68.15045166015625,50.720001220703125,101.72283935546875,60.512481689453125,32.63254928588867
2011-04-21,26.808826446533203,36.00959777832031,38.86061477661133,146.74000549316406,67.16282653808594,68.65449523925781,51.12311935424805,102.2425537109375,60.46027755737305,32.85161590576172
2011-04-25,26.73274040222168,35.71538162231445,38.86061477661133,146.8699951171875,67.39997100830078,68.5650405883789,51.254539489746094,102.13554382324219,60.68883514404297,33.07065200805664
2011-04-26,26.72428321838379,36.023956298828125,39.16112518310547,146.3800048828125,67.68739318847656,69.2479476928711,51.543724060058594,103.01445007324219,61.27637481689453,33.36088943481445
2011-04-27,26.884916305541992,35.95935821533203,39.64946746826172,149.1999969482422,67.49337768554688,69.66255187988281,51.89423751831055,103.68700408935547,60.649658203125,33.607322692871094
2011-04-28,26.690465927124023,35.6651496887207,39.918678283691406,149.82000732421875,67.75206756591797,69.97960662841797,51.815364837646484,104.02324676513672,61.113155364990234,34.056365966796875
2011-04-29,26.969459533691406,35.880428314208984,39.730857849121094,152.3699951171875,67.88861846923828,70.23161315917969,51.77155303955078,104.2678451538086,61.30253982543945,33.859222412109375
2011-05-02,26.69892120361328,35.88759994506836,39.987552642822266,150.41000366210938,67.86773681640625,69.4104995727539,51.6751823425293,104.10734558105469,61.40090560913086,33.908512115478516
2011-05-03,26.4199275970459,35.09105682373047,39.661983489990234,149.8800048828125,68.04784393310547,68.53250122070312,51.4298210144043,103.73287963867188,61.74839782714844,33.618263244628906
2011-05-04,25.99720573425293,34.50979232788086,39.32390594482422,147.72999572753906,68.22076416015625,67.64640045166016,51.3509521484375,103.04502868652344,62.023834228515625,33.426605224609375
2011-05-05,24.255605697631836,34.17970275878906,38.547569274902344,143.47000122070312,68.55938720703125,67.33749389648438,51.07052230834961,102.1126480102539,62.613990783691406,33.40468978881836
2011-05-06,24.179515838623047,34.62461471557617,38.56635665893555,145.3000030517578,68.5953598022461,67.6951675415039,51.237030029296875,102.56352996826172,62.338619232177734,33.1089973449707
2011-05-09,25.06722640991211,34.68919372558594,38.84183120727539,147.3800048828125,68.69624328613281,68.48372650146484,51.4298210144043,102.96092987060547,62.27299118041992,33.27874755859375
2011-05-10,25.295495986938477,35.098236083984375,39.21121597290039,147.89999389648438,68.36480712890625,69.53247833251953,51.86795425415039,103.83985900878906,61.82712936401367,33.80445861816406
2011-05-11,24.483869552612305,34.32322692871094,38.422359466552734,146.5399932861328,68.60977172851562,68.24799346923828,51.491153717041016,102.7469711303711,62.18120574951172,33.44851303100586
2011-05-12,24.50923728942871,34.423683166503906,38.547569274902344,146.58999633789062,68.45854187011719,68.84960174560547,51.797855377197266,103.23609161376953,61.7878303527832,33.503265380859375
2011-05-13,24.5515079498291,33.67019271850586,37.94654083251953,145.6300048828125,68.72509002685547,67.8902816772461,51.1844482421875,102.44126892089844,62.345096588134766,33.14732360839844
2011-05-16,24.230241775512695,33.619956970214844,37.87766647338867,145.3699951171875,68.89075469970703,66.89849853515625,50.29938507080078,101.7916488647461,62.69267654418945,33.19659423828125
2011-05-17,24.2894229888916,33.727603912353516,37.959049224853516,144.74000549316406,69.09255981445312,66.68709564208984,50.43959045410156,101.77635955810547,63.33522415161133,33.18564987182617
2011-05-18,24.779773712158203,34.27299118041992,38.19069290161133,145.60000610351562,68.69624328613281,67.71144104003906,50.86021423339844,102.68582916259766,62.495948791503906,33.50874328613281
2011-05-19,24.5853271484375,34.05052185058594,38.40983581542969,145.64999389648438,68.768310546875,67.85778045654297,51.00917434692383,102.93038940429688,62.469703674316406,33.651119232177734
2011-05-20,24.813594818115234,33.77783203125,37.865142822265625,147.49000549316406,68.93402862548828,67.36187744140625,50.62361145019531,102.1126480102539,62.502498626708984,33.24041748046875
2011-05-23,24.416236877441406,33.0745735168457,36.9886474609375,147.8300018310547,69.0276870727539,66.15054321289062,49.87874221801758,100.92803955078125,62.80415725708008,32.900882720947266
2011-05-24,24.74595832824707,33.40467834472656,37.20150375366211,148.58999633789062,69.09971618652344,65.8335189819336,49.572059631347656,100.84396362304688,63.040157318115234,32.99945831298828
2011-05-25,25.19403839111328,33.476444244384766,37.43941116333008,148.5800018310547,69.10694122314453,66.66273498535156,49.764827728271484,101.18025207519531,62.74509811401367,33.15278625488281
2011-05-26,25.287038803100586,33.90700149536133,37.790016174316406,148.22000122070312,69.48877716064453,67.54072570800781,50.071556091308594,101.64644622802734,63.28281021118164,33.59636688232422
2011-05-27,25.43075942993164,34.265804290771484,38.06549835205078,149.6999969482422,69.48152923583984,68.00411987304688,50.325660705566406,102.03620910644531,63.2566032409668,33.78804016113281
2011-05-31,25.574485778808594,34.82553482055664,38.85435485839844,149.63999938964844,69.5896224975586,68.97154998779297,51.140628814697266,103.09851837158203,63.40077209472656,34.32468795776367
2011-06-01,25.25322151184082,34.201229095458984,37.934017181396484,149.91000366210938,70.1631088256836,66.75214385986328,50.027732849121094,100.78282165527344,64.25770568847656,33.338993072509766
2011-06-02,25.47303581237793,34.524147033691406,38.12809371948242,149.5,69.74419403076172,66.72774505615234,50.13288497924805,100.67581176757812,63.033668518066406,33.098026275634766
2011-06-03,25.574485778808594,34.3519287109375,38.14688491821289,150.22000122070312,70.01866912841797,65.75221252441406,49.37926483154297,99.67464447021484,63.39555740356445,33.22945785522461
2011-06-06,25.278583526611328,33.79936218261719,37.652286529541016,150.47999572753906,69.97534942626953,64.67096710205078,48.9761962890625,98.6199722290039,62.915130615234375,32.74209213256836
2011-06-07,25.51530647277832,34.06487274169922,37.99662399291992,150.4199981689453,70.10533905029297,64.82540893554688,48.888553619384766,98.5588150024414,63.2047119140625,33.08708190917969
2011-06-08,25.726665496826172,33.82088851928711,37.50828552246094,149.80999755859375,70.25700378417969,64.1019058227539,48.53803634643555,98.14613342285156,63.69832992553711,32.99399948120117
2011-06-09,25.870391845703125,34.08641052246094,37.896446228027344,150.55999755859375,69.97534942626953,64.44332885742188,48.62565612792969,98.89508819580078,63.44163131713867,32.63803482055664
2011-06-10,25.599851608276367,33.347267150878906,37.01994705200195,149.24000549316406,70.19925689697266,63.4109001159668,47.880821228027344,97.51943969726562,63.928619384765625,31.816604614257812
2011-06-13,25.43075942993164,33.28985595703125,37.0762939453125,147.77000427246094,70.04753112792969,63.23200225830078,47.880821228027344,97.5958480834961,63.60614013671875,31.948026657104492
2011-06-14,25.608304977416992,33.79218673706055,37.733665466308594,148.6699981689453,69.49140930175781,64.58968353271484,48.49420928955078,98.83397674560547,62.64532470703125,32.42446517944336
2011-06-15,24.92350196838379,33.06740951538086,36.49403381347656,149.1199951171875,70.24259185791016,63.435298919677734,47.5741081237793,97.0761489868164,63.78382873535156,31.904245376586914
2011-06-16,24.822050094604492,32.81623458862305,36.368831634521484,148.97000122070312,70.43758392333984,63.58164978027344,47.39009094238281,97.29015350341797,64.07337188720703,32.156131744384766
2011-06-17,24.712141036987305,32.85929489135742,36.725677490234375,149.94000244140625,70.38702392578125,63.597877502441406,47.241661071777344,97.58049011230469,63.77070617675781,32.46279525756836
2011-06-20,24.576871871948242,32.809059143066406,36.6818733215332,150.02999877929688,70.27871704101562,64.18318939208984,47.48755645751953,98.0796890258789,63.84965896606445,32.85708236694336
2011-06-21,24.593778610229492,33.41185760498047,37.47697067260742,150.75999450683594,70.18482971191406,65.5733871459961,48.5063591003418,99.4238052368164,63.56666564941406,33.114463806152344
2011-06-22,24.70368766784668,33.07917785644531,37.113807678222656,150.99000549316406,70.1558837890625,65.06932067871094,48.15505599975586,98.8247299194336,63.60614013671875,33.015892028808594
2011-06-23,24.179515838623047,33.03568649291992,36.79469299316406,148.33999633789062,70.5242919921875,65.32133483886719,48.60297393798828,98.54053497314453,64.09315490722656,32.347801208496094
2011-06-24,23.892066955566406,32.97771072387695,36.44365692138672,146.25999450683594,70.8204345703125,64.98805236816406,47.75983428955078,97.39615631103516,63.823333740234375,32.35276794433594
2011-06-27,23.88361167907715,33.36184310913086,36.7436408996582,145.72999572753906,70.54595184326172,65.4920654296875,48.523929595947266,98.26408386230469,62.94805908203125,32.490840911865234
2011-06-28,24.30632972717285,33.81846237182617,37.18402099609375,146.24000549316406,69.89586639404297,66.50827026367188,49.24409484863281,99.54669189453125,62.44124221801758,32.76145935058594
2011-06-29,24.74595832824707,34.13011169433594,37.83503341674805,147.17999267578125,69.47694396972656,66.82534790039062,49.446083068847656,100.39923858642578,62.02669906616211,33.1038703918457
2011-06-30,24.483869552612305,34.499752044677734,38.3839225769043,146.0,69.23861694335938,67.31307983398438,50.104801177978516,101.3592529296875,61.9279670715332,33.19224166870117
2011-07-01,24.51769256591797,34.9056396484375,38.805171966552734,144.92999267578125,69.0655288696289,68.3617935180664,50.86009979248047,102.85694122314453,61.82891845703125,33.76108932495117
2011-07-05,24.847412109375,34.89113998413086,38.57539749145508,147.6300048828125,69.49998474121094,68.52655029296875,51.11479568481445,102.77249145507812,61.96760940551758,34.02066421508789
2011-07-06,24.83895492553711,34.659202575683594,38.3328742980957,148.91000366210938,69.62303924560547,68.80376434326172,51.281654357910156,102.8953628540039,62.28456497192383,34.27470779418945
2011-07-07,25.363126754760742,35.1375732421875,38.66475296020508,149.14999389648438,69.35517883300781,69.8393325805664,51.98426055908203,103.96295166015625,62.09967803955078,34.70550537109375
2011-07-08,25.337764739990234,34.73893737792969,38.186073303222656,150.25,70.09366607666016,69.4153060913086,51.8437385559082,103.22566223144531,62.977935791015625,34.66130447387695
2011-07-11,25.143314361572266,33.767723083496094,37.030845642089844,151.58999633789062,70.62946319580078,67.93944549560547,50.90401077270508,101.3592529296875,63.92222595214844,34.059326171875
2011-07-12,25.363126754760742,33.42708206176758,36.78192138671875,152.77000427246094,70.73086547851562,67.55621337890625,50.5175666809082,100.9214859008789,64.14016723632812,34.1753044128418
2011-07-13,25.709758758544922,33.97066116333008,37.3308219909668,154.13999938964844,70.84664916992188,68.15958404541016,50.72834777832031,101.2594223022461,64.31841278076172,33.838409423828125
2011-07-14,25.566030502319336,33.60826873779297,37.005313873291016,154.5399932861328,70.44123077392578,67.07513427734375,50.13991928100586,100.56051635742188,63.40058517456055,33.52361297607422
2011-07-15,25.79430389404297,33.81846237182617,37.13296890258789,155.1999969482422,70.73086547851562,67.5235595703125,50.807403564453125,101.14421844482422,63.50615310668945,33.89364242553711
2011-07-18,25.650577545166016,33.42708206176758,36.58407211303711,156.57000732421875,70.68740844726562,66.4390869140625,50.53513717651367,100.31476593017578,62.892093658447266,33.656158447265625
2011-07-19,25.82811737060547,33.91267776489258,37.13296890258789,154.66000366210938,70.95523834228516,67.93944549560547,51.68566131591797,101.94296264648438,64.1996078491211,34.1973991394043
2011-07-20,25.912662506103516,34.01415252685547,37.57334899902344,156.02000427246094,70.60775756835938,67.82528686523438,51.466087341308594,101.88155364990234,63.440216064453125,34.44591522216797
2011-07-21,25.785844802856445,34.557735443115234,38.37116622924805,154.8300018310547,70.2167739868164,68.44499969482422,51.8086051940918,103.29476928710938,62.95153045654297,34.7220573425293
2011-07-22,25.99720573425293,34.53599548339844,38.40944290161133,156.1199951171875,70.48468017578125,68.53468322753906,52.344364166259766,103.36388397216797,63.426979064941406,34.89326858520508
2011-07-25,25.870391845703125,34.46350860595703,38.16691589355469,157.33999633789062,70.26018524169922,67.7274169921875,52.23896408081055,102.78785705566406,62.733646392822266,34.567420959472656
2011-07-26,26.07329559326172,34.57947540283203,38.396690368652344,157.77000427246094,70.5570297241211,67.21369934082031,52.37070846557617,102.40382385253906,63.1628532409668,34.64474868774414
2011-07-27,25.895751953125,33.97066116333008,37.4648551940918,157.19000244140625,70.44123077392578,65.20780944824219,51.0181770324707,100.30707550048828,63.16944122314453,33.67272186279297
2011-07-28,25.81121063232422,33.999656677246094,37.3754997253418,157.32000732421875,70.57881164550781,65.1018295288086,51.105979919433594,100.01517486572266,63.407203674316406,33.70586395263672
2011-07-29,25.599851608276367,34.14461135864258,37.47123718261719,158.2899932861328,71.4331283569336,65.02030944824219,50.93913269042969,99.33164978027344,64.6618423461914,33.71138381958008
2011-08-01,25.599851608276367,34.11561965942383,36.998931884765625,157.72000122070312,71.6929931640625,64.59627532958984,50.70199966430664,98.90921020507812,65.31444549560547,33.20328140258789
2011-08-02,25.599851608276367,33.06467819213867,36.02242660522461,161.52000427246094,72.35343170166016,62.582237243652344,49.41975784301758,96.38232421875,67.27557373046875,32.14289093017578
2011-08-03,25.219404220581055,32.94871520996094,36.2330436706543,161.49000549316406,72.41150665283203,62.998077392578125,49.89400100708008,96.90459442138672,67.40811920166016,31.8778018951416
2011-08-04,24.26405906677246,31.064281463623047,33.705596923828125,160.63999938964844,73.36949920654297,59.19829559326172,47.57539367675781,92.36540985107422,69.80659484863281,30.32036590576172
2011-08-05,24.365510940551758,30.861339569091797,34.299171447753906,161.75,72.52033996582031,58.16273498535156,47.276798248291016,92.22718811035156,67.79240417480469,29.563730239868164
2011-08-08,23.460893630981445,28.288352966308594,31.739816665649414,167.1199951171875,73.67438507080078,53.09907913208008,44.43122863769531,86.22103881835938,69.93244934082031,26.995615005493164
2011-08-09,23.689163208007812,29.948104858398438,33.8779296875,168.61000061035156,74.10253143310547,56.63793182373047,46.57418441772461,90.23027038574219,70.14440155029297,29.453271865844727
2011-08-10,23.790613174438477,28.360828399658203,31.854703903198242,174.5800018310547,75.08238983154297,53.86558532714844,44.66834259033203,86.24409484863281,72.23149871826172,28.773962020874023
2011-08-11,24.30632972717285,29.926372528076172,33.38009262084961,170.75,73.97916412353516,56.55638885498047,46.63566207885742,90.11505889892578,68.58746337890625,30.265140533447266
2011-08-12,24.272512435913086,29.911865234375,33.763038635253906,169.97000122070312,74.49451446533203,56.90702819824219,47.0484504699707,90.72181701660156,69.9457015991211,30.259611129760742
2011-08-15,24.568416595458984,30.607662200927734,34.5480842590332,171.8000030517578,74.21871185302734,58.513362884521484,47.74226379394531,92.6419448852539,69.23677825927734,31.364179611206055
2011-08-16,24.568416595458984,30.34673500061035,34.04386901855469,173.9199981689453,74.5598373413086,57.437042236328125,47.33826446533203,91.85083770751953,70.38301849365234,31.270286560058594
2011-08-17,24.779773712158203,30.564170837402344,34.24173355102539,174.4199981689453,75.08238983154297,57.45334243774414,47.057220458984375,91.91229248046875,71.6153564453125,31.358652114868164
2011-08-18,24.171062469482422,29.121849060058594,32.57592010498047,177.72000122070312,75.47433471679688,54.18358612060547,44.747398376464844,87.94916534423828,73.0862045288086,29.96137237548828
2011-08-19,24.60223388671875,28.75946044921875,32.02063751220703,179.9499969482422,75.55414581298828,53.22954177856445,43.93940353393555,86.51292419433594,73.67585754394531,29.38700294494629
2011-08-22,24.644506454467773,28.7304630279541,32.22488021850586,184.58999633789062,75.41626739501953,53.042015075683594,44.09748458862305,86.58204650878906,73.49036407470703,29.420129776000977
2011-08-23,24.898136138916016,29.7379093170166,33.27159881591797,177.6699981689453,75.11145782470703,55.602378845214844,45.91547775268555,89.43148803710938,72.4766616821289,30.14362335205078
2011-08-24,24.644506454467773,29.448015213012695,33.28437042236328,171.64999389648438,74.3057861328125,56.42591857910156,46.27556610107422,90.69112396240234,70.41605377197266,30.54128074645996
2011-08-25,24.75441551208496,28.87542152404785,32.48018264770508,172.36000061035156,74.76306915283203,55.03975296020508,45.520263671875,89.30859375,71.17802429199219,29.972410202026367
2011-08-26,25.03340721130371,29.36829376220703,32.99076843261719,177.47000122070312,75.00253295898438,56.35255432128906,46.6619987487793,90.60660552978516,71.88032531738281,30.33693504333496
2011-08-29,25.117952346801758,30.317739486694336,33.77580642700195,173.88999938964844,74.50899505615234,59.0189094543457,47.96184158325195,93.21029663085938,70.88652038574219,31.375226974487305
2011-08-30,25.456127166748047,30.361236572265625,33.577945709228516,179.10000610351562,75.02433013916016,59.361385345458984,48.27799987792969,93.45610046386719,72.02613067626953,31.463592529296875
2011-08-31,25.498397827148438,30.984546661376953,34.190673828125,177.72000122070312,74.75581359863281,59.23906707763672,48.3570556640625,93.87080383300781,70.91303253173828,31.817047119140625
2011-09-01,25.320858001708984,30.81785011291504,33.76941680908203,177.8699951171875,75.35154724121094,57.967044830322266,47.91791534423828,92.88773345947266,72.41624450683594,31.358652114868164
2011-09-02,25.18558692932129,30.122058868408203,33.016300201416016,183.24000549316406,76.04254913330078,55.822532653808594,46.79374313354492,90.51446533203125,74.76879119873047,30.618608474731445
2011-09-06,25.101043701171875,29.81039810180664,31.931283950805664,182.89999389648438,76.14441680908203,55.667606353759766,46.80253601074219,89.85393524169922,75.54633331298828,30.486045837402344
2011-09-07,25.329309463500977,30.694631576538086,32.88226318359375,177.0800018310547,75.73705291748047,57.77133560180664,47.988189697265625,92.38847351074219,74.10418701171875,31.634801864624023
2011-09-08,25.16022491455078,30.013338088989258,32.231266021728516,181.80999755859375,76.1080093383789,56.711326599121094,47.76861572265625,91.42842102050781,74.76879119873047,31.391801834106445
2011-09-09,24.76287078857422,28.99863624572754,31.114328384399414,180.6999969482422,76.47899627685547,55.03975296020508,46.705909729003906,89.03208923339844,75.56620788574219,30.40871810913086
2011-09-12,24.70368766784668,28.940658569335938,30.980304718017578,176.6699981689453,76.2461929321289,55.5126838684082,47.30314636230469,89.60811614990234,75.6459732055664,30.508136749267578
2011-09-13,24.627595901489258,28.984148025512695,31.31218910217285,178.5399932861328,76.02070617675781,56.40962219238281,47.93549728393555,90.42997741699219,74.56935119628906,30.57993507385254
2011-09-14,24.50923728942871,28.904415130615234,31.784496307373047,177.2100067138672,76.06442260742188,57.42072296142578,48.620521545410156,91.68186950683594,75.20075988769531,30.778751373291016
2011-09-15,24.61069107055664,29.32479476928711,32.473793029785156,174.39999389648438,75.49700164794922,58.22798538208008,49.34070587158203,93.2640609741211,74.05108642578125,31.286869049072266
2011-09-16,24.50078010559082,29.375520706176758,32.48655700683594,176.02999877929688,75.64248657226562,58.317657470703125,49.79296875,93.8160629272461,74.58934020996094,31.59061622619629
2011-09-19,24.086515426635742,28.50578498840332,31.593015670776367,173.30999755859375,76.2607650756836,57.27392578125,49.81056213378906,92.88188171386719,76.01143646240234,30.900259017944336
2011-09-20,24.044246673583984,28.295597076416016,31.720666885375977,175.77999877929688,76.36260223388672,56.385154724121094,49.59059143066406,92.77384185791016,76.33041381835938,30.883682250976562
2011-09-21,23.689163208007812,27.244657516479492,30.77606773376465,173.58999633789062,76.68994140625,54.2977180480957,48.72830581665039,90.04085540771484,78.85577392578125,29.25446319580078
2011-09-22,22.8521785736084,25.331226348876953,29.78040885925293,169.0500030517578,77.40283203125,52.78109359741211,47.14448928833008,87.13033294677734,81.81966400146484,28.54200553894043
2011-09-23,22.446367263793945,26.005277633666992,30.118684768676758,159.8000030517578,76.76266479492188,53.32132339477539,47.64602279663086,87.65532684326172,80.29781341552734,28.752243041992188
2011-09-26,22.522457122802734,26.39665985107422,30.737773895263672,157.5800018310547,76.44256591796875,54.32817459106445,48.20037841796875,89.7397689819336,79.00862121582031,29.15374183654785
2011-09-27,22.902902603149414,27.237415313720703,31.49727439880371,160.6300048828125,75.93348693847656,55.49872589111328,48.701904296875,90.74341583251953,77.79913330078125,29.443727493286133
2011-09-28,22.285734176635742,26.41840362548828,30.961166381835938,156.22000122070312,75.94799041748047,53.37043380737305,47.98040771484375,88.89053344726562,77.77252960205078,28.696481704711914
2011-09-29,22.547819137573242,26.78080177307129,31.567495346069336,157.6999969482422,75.94799041748047,54.29542922973633,47.40847396850586,89.59309387207031,78.310791015625,29.142595291137695
2011-09-30,21.770017623901367,25.43994903564453,30.495248794555664,158.05999755859375,76.42809295654297,52.633731842041016,46.18540954589844,87.35421752929688,80.27790069580078,28.367462158203125
2011-10-03,21.660110473632812,24.903602600097656,29.691049575805664,160.9600067138672,77.1358413696289,49.924278259277344,44.997562408447266,84.86832427978516,82.48715209960938,27.029117584228516
2011-10-04,21.61783790588379,25.28774070739746,30.188880920410156,157.63999938964844,76.74220275878906,53.03483200073242,45.92144012451172,86.72889709472656,81.44115447998047,28.094219207763672
2011-10-05,21.922197341918945,25.874820709228516,30.654802322387695,159.4600067138672,76.4215316772461,53.76335144042969,47.10050582885742,88.3346939086914,80.85486602783203,27.85443687438965
2011-10-06,22.378734588623047,26.730066299438477,31.478134155273438,160.49000549316406,75.88946533203125,54.95846176147461,47.892398834228516,89.93275451660156,79.36247253417969,28.618412017822266
2011-10-07,22.277280807495117,26.411151885986328,31.261138916015625,159.17999267578125,75.49585723876953,53.616031646728516,47.57564163208008,89.33059692382812,78.77616882324219,27.820972442626953
2011-10-10,22.776090621948242,27.592557907104492,32.45463562011719,163.27000427246094,74.70143127441406,55.965301513671875,49.22102355957031,92.31832885742188,77.66352844238281,29.209505081176758
2011-10-11,22.94517707824707,27.607051849365234,32.3972053527832,162.10000610351562,74.94918060302734,56.350040435791016,49.55538558959961,92.41095733642578,77.40374755859375,28.629560470581055
2011-10-12,22.98744773864746,28.382568359375,32.8695068359375,163.25999450683594,74.69410705566406,57.15220642089844,49.80177307128906,93.22157287597656,76.27777099609375,29.09798240661621
2011-10-13,23.03817367553711,28.1289119720459,32.88226318359375,162.3000030517578,74.99292755126953,57.10311508178711,50.259300231933594,93.03630065917969,77.03728485107422,28.908382415771484
2011-10-14,23.562349319458008,28.694223403930664,33.26521682739258,163.39999389648438,74.62113952636719,58.23273468017578,51.1920051574707,94.6266860961914,75.91800689697266,29.577566146850586
2011-10-17,23.224170684814453,27.723012924194336,32.499324798583984,162.6199951171875,75.10958099365234,56.46462631225586,50.40009689331055,92.82012939453125,77.23051452636719,28.936264038085938
2011-10-18,23.35098648071289,28.462299346923828,32.96524429321289,161.83999633789062,75.02938079833984,57.96259307861328,51.024803161621094,94.63440704345703,76.75079345703125,29.956758499145508
2011-10-19,22.89444923400879,27.918716430664062,32.37166976928711,159.8699951171875,75.14602661132812,56.83297348022461,50.03935241699219,93.51496124267578,76.72418975830078,29.61101722717285
2011-10-20,22.860633850097656,27.382368087768555,32.45463562011719,157.77000427246094,74.99292755126953,56.98848342895508,49.79296875,93.92411041259766,76.1778793334961,29.778305053710938
2011-10-21,22.978994369506836,28.16514015197754,33.23968505859375,159.52000427246094,74.85441589355469,58.224552154541016,50.41767501831055,95.7074966430664,75.37171936035156,30.75975799560547
2011-10-24,23.342533111572266,29.266813278198242,33.737510681152344,161.02000427246094,74.81800842285156,60.09907531738281,51.464744567871094,96.8810043334961,75.49832916259766,31.523738861083984
2011-10-25,23.418624877929688,28.686979293823242,33.15672302246094,165.58999633789062,75.45943450927734,58.412803649902344,50.452877044677734,94.9972152709961,77.41707611083984,31.010711669921875
2011-10-26,23.28335189819336,29.216073989868164,33.60987091064453,167.39999389648438,74.90546417236328,59.41964340209961,50.39129638671875,95.96227264404297,76.0645751953125,31.239347457885742
2011-10-27,23.900522232055664,30.991785049438477,35.46714401245117,169.5500030517578,74.00169372558594,62.55477523803711,51.78151321411133,99.30510711669922,73.48628234863281,32.722686767578125
2011-10-28,23.799068450927734,30.730884552001953,35.26292037963867,169.6199951171875,74.44629669189453,62.23550796508789,51.860694885253906,99.28197479248047,74.25909423828125,32.78960418701172
2011-10-31,23.435527801513672,29.578466415405273,33.4311637878418,167.33999633789062,75.44491577148438,60.58198928833008,50.9896125793457,96.888671875,77.20387268066406,32.42155075073242
2011-11-01,23.156536102294922,28.860942840576172,32.38444137573242,167.3800048828125,76.3497085571289,58.437339782714844,49.660987854003906,94.18659973144531,79.7882080078125,31.378759384155273
2011-11-02,23.30025863647461,29.74516487121582,32.658878326416016,169.05999755859375,76.16709899902344,59.878028869628906,50.08332061767578,95.72291564941406,78.79295349121094,31.981002807617188
2011-11-03,23.58770751953125,30.049571990966797,33.48221206665039,171.72000122070312,75.80924987792969,61.36784744262695,51.12160110473633,97.46770477294922,77.71085357666016,32.42155075073242
2011-11-04,23.663801193237305,29.8538875579834,33.06098175048828,170.85000610351562,76.0356674194336,61.064937591552734,50.85762023925781,96.87323760986328,77.80436706542969,32.15945053100586
2011-11-07,24.010427474975586,30.107561111450195,33.201385498046875,174.97999572753906,76.12330627441406,60.942169189453125,51.21836853027344,97.47544860839844,78.29864501953125,32.16504669189453
2011-11-08,24.128787994384766,30.46270179748535,33.603485107421875,173.52999877929688,75.78007507324219,61.83444595336914,51.80790328979492,98.72607421875,77.29668426513672,32.58326721191406
2011-11-09,23.596162796020508,28.679731369018555,31.880224227905273,172.07000732421875,76.45198822021484,58.8875846862793,49.986541748046875,95.0821762084961,78.89985656738281,31.094350814819336
2011-11-10,23.57080078125,28.86817741394043,32.25678634643555,171.13999938964844,76.07953643798828,59.32143783569336,49.96013641357422,95.97769927978516,77.72421264648438,31.088790893554688
2011-11-11,23.799068450927734,29.56397819519043,33.06098175048828,173.9600067138672,75.72895812988281,60.884849548339844,50.9016227722168,97.78427124023438,77.24995422363281,31.925241470336914
2011-11-14,23.545438766479492,29.15808868408203,32.473793029785156,173.1999969482422,76.20369720458984,60.00899887084961,50.584861755371094,96.8578109741211,78.49240112304688,31.334138870239258
2011-11-15,23.71452522277832,29.33928680419922,32.38444137573242,173.36000061035156,76.10150146484375,60.770259857177734,51.14799880981445,97.33645629882812,78.385498046875,31.568359375
2011-11-16,23.655344009399414,28.549266815185547,31.765344619750977,171.50999450683594,76.37894439697266,59.788002014160156,50.303306579589844,95.79243469238281,79.10018920898438,31.26722526550293
2011-11-17,23.10580825805664,27.824487686157227,31.420686721801758,167.10000610351562,76.53231811523438,58.93670654296875,49.124244689941406,94.27153015136719,79.73480224609375,30.69286346435547
2011-11-18,23.07199478149414,27.933208465576172,31.52919578552246,167.6199951171875,76.24748992919922,58.92033004760742,48.74589157104492,94.17117309570312,79.7147216796875,30.888032913208008
2011-11-21,22.902902603149414,27.034473419189453,30.73138999938965,163.5,76.45929718017578,57.51239013671875,47.813194274902344,92.38008880615234,80.18900299072266,30.10732078552246
2011-11-22,23.055082321166992,27.128692626953125,30.642032623291016,165.30999755859375,76.69297790527344,57.02943801879883,47.971580505371094,92.01724243164062,81.08403015136719,29.967905044555664
2011-11-23,22.708454132080078,26.25170135498047,29.7995548248291,164.8300018310547,76.95597076416016,55.23678207397461,46.88933181762695,89.98683166503906,81.87897491455078,29.064512252807617
2011-11-25,22.522457122802734,26.164731979370117,29.64637565612793,163.39999389648438,76.46660614013672,54.53280258178711,46.52858352661133,89.81694793701172,80.69002532958984,29.192779541015625
2011-11-28,22.801450729370117,27.41861343383789,30.91010284423828,166.6300048828125,76.47388458251953,57.12767028808594,48.14757537841797,92.41868591308594,80.6498794555664,29.845232009887695
2011-11-29,23.097354888916016,27.295391082763672,31.114328384399414,166.8800048828125,76.32778930664062,57.02125930786133,47.84840774536133,92.68115997314453,79.98863220214844,29.800617218017578
2011-11-30,23.367895126342773,28.99863624572754,32.703556060791016,170.1300048828125,75.88231658935547,60.35279846191406,49.61698532104492,96.49495697021484,78.7395248413086,31.18915367126465
2011-12-01,23.28335189819336,28.911670684814453,32.42273712158203,169.6300048828125,75.86036682128906,59.91897201538086,49.96013641357422,96.47953796386719,78.34439849853516,30.932641983032227
2011-12-02,23.48625946044922,28.824695587158203,32.41634750366211,169.82000732421875,76.19696807861328,60.16450500488281,49.81937789916992,96.39460754394531,79.44259643554688,30.904739379882812
2011-12-05,23.359439849853516,29.295801162719727,32.78653335571289,167.32000732421875,76.15310668945312,61.19590759277344,50.364898681640625,97.44454193115234,79.28191375732422,31.166839599609375
2011-12-06,23.48625946044922,28.897172927856445,32.63335418701172,168.17999267578125,75.95549774169922,61.25324249267578,50.22412872314453,97.47544860839844,78.5252685546875,31.116647720336914
2011-12-07,23.28335189819336,29.013132095336914,32.863121032714844,169.39999389648438,76.29940795898438,61.13042068481445,50.22412872314453,97.8382797241211,78.80646514892578,31.456823348999023
2011-12-08,22.98744773864746,27.96943473815918,31.784496307373047,165.97999572753906,76.68719482421875,59.231353759765625,49.37940979003906,95.69206237792969,79.79083251953125,30.743045806884766
2011-12-09,23.07199478149414,28.534780502319336,32.57592010498047,166.39999389648438,76.16039276123047,61.015846252441406,50.17129898071289,97.31331634521484,78.1502914428711,31.417789459228516
2011-12-12,22.776090621948242,27.46208953857422,31.62492561340332,161.99000549316406,76.42382049560547,60.13996124267578,49.608177185058594,95.89275360107422,79.02074432373047,30.86014747619629
2011-12-13,22.86908721923828,27.208425521850586,31.19730567932129,158.4499969482422,76.77503967285156,58.8875846862793,49.062652587890625,94.9972152709961,79.75732421875,30.497671127319336
2011-12-14,22.05746841430664,26.81704330444336,30.82712745666504,152.88999938964844,77.09698486328125,58.150882720947266,48.29716873168945,93.98590850830078,81.26399230957031,30.67612075805664
2011-12-15,21.947559356689453,26.99098777770996,30.980304718017578,152.3300018310547,77.03115844726562,58.691104888916016,48.16518020629883,94.32557678222656,80.96261596679688,31.18915367126465
2011-12-16,22.125104904174805,27.19392204284668,30.852663040161133,155.22999572753906,77.40435791015625,59.149497985839844,48.41316223144531,94.4654312133789,81.90674591064453,31.534896850585938
2011-12-19,22.023649215698242,26.490882873535156,30.565446853637695,154.8699951171875,77.66780090332031,58.12630081176758,47.93661117553711,93.45543670654297,82.94468688964844,31.261646270751953
2011-12-20,22.530912399291992,27.600923538208008,31.643491744995117,156.97999572753906,76.9653549194336,60.459205627441406,49.357418060302734,96.28343200683594,80.87555694580078,32.20964050292969
2011-12-21,22.691543579101562,27.688732147216797,31.475540161132812,157.16000366210938,76.7165298461914,60.70481491088867,48.651432037353516,96.46987915039062,79.75062561035156,32.1984977722168
2011-12-22,22.716907501220703,28.05459976196289,31.759742736816406,156.0399932861328,76.81160736083984,61.09141159057617,49.066192626953125,97.32447814941406,80.08544921875,32.661354064941406
2011-12-23,22.826814651489258,28.164365768432617,31.9793643951416,156.30999755859375,76.49700164794922,61.32170867919922,49.489776611328125,98.19461059570312,79.1948013305664,32.803428649902344
2011-12-27,22.928268432617188,27.893619537353516,31.837257385253906,154.91000366210938,76.54022979736328,61.50264358520508,49.674381256103516,98.27232360839844,79.57102966308594,32.95000076293945
2011-12-28,22.657726287841797,27.42530632019043,31.26239776611328,151.02999877929688,77.0240707397461,60.38400650024414,49.10025405883789,96.9826431274414,81.042236328125,32.55534744262695
2011-12-29,22.725360870361328,27.73994255065918,31.837257385253906,150.33999633789062,77.11933898925781,60.992698669433594,49.45357131958008,97.98486328125,81.19001007080078,32.842891693115234
2011-12-30,22.691543579101562,27.76190948486328,31.992279052734375,151.99000549316406,77.39055633544922,60.663665771484375,49.31222915649414,97.5031509399414,81.45198059082031,32.701934814453125
2012-01-03,23.367895126342773,28.610713958740234,32.864261627197266,155.9199981689453,76.89946746826172,61.667198181152344,50.25733184814453,99.05701446533203,80.22940826416016,32.978206634521484
2012-01-04,23.545438766479492,28.44972801208496,32.67049789428711,156.7100067138672,76.65753173828125,61.32992935180664,50.46930694580078,99.21234893798828,79.27552032470703,32.41437911987305
2012-01-05,23.224170684814453,28.325340270996094,32.186058044433594,157.77999877929688,76.67220306396484,61.675411224365234,50.88445281982422,99.47652435302734,79.13443756103516,32.71885299682617
2012-01-06,23.325624465942383,27.96678924560547,31.74683952331543,157.1999969482422,76.97270202636719,61.51911926269531,51.06109619140625,99.22016906738281,79.75912475585938,32.61172103881836
2012-01-09,23.35098648071289,28.259475708007812,31.869552612304688,156.5,76.9874267578125,61.831687927246094,50.893280029296875,99.46101379394531,79.6180648803711,32.49894714355469
2012-01-10,23.52007484436035,28.87412452697754,32.35399627685547,158.63999938964844,76.83345794677734,62.73649597167969,51.26424026489258,100.32337188720703,79.48370361328125,32.85980224609375
2012-01-11,23.452438354492188,28.896087646484375,32.25064468383789,159.6699981689453,77.2806625366211,62.983245849609375,51.37022399902344,100.37776947021484,80.5182113647461,33.090972900390625
2012-01-12,23.122718811035156,29.013158798217773,32.38629150390625,160.3800048828125,77.11933898925781,63.17243194580078,51.57337188720703,100.61857604980469,80.40406799316406,32.848533630371094
2012-01-13,23.07199478149414,28.749740600585938,32.03749084472656,159.25999450683594,77.46391296386719,62.8352165222168,51.387908935546875,100.09806060791016,81.20342254638672,32.92182540893555
2012-01-17,23.232624053955078,29.29853057861328,32.418582916259766,160.5,77.53721618652344,62.810550689697266,51.85602951049805,100.48651123046875,81.5796127319336,33.192466735839844
2012-01-18,23.241079330444336,30.037578582763672,32.96115493774414,161.60000610351562,77.2952651977539,63.92921447753906,52.54496383666992,101.5975570678711,80.59215545654297,33.423622131347656
2012-01-19,23.342533111572266,30.301010131835938,33.36808395385742,161.22000122070312,76.83345794677734,64.3240737915039,52.87176513671875,102.13361358642578,79.48370361328125,33.55332565307617
2012-01-20,23.173444747924805,30.27906608581543,33.542476654052734,162.07000732421875,76.56954956054688,64.36518859863281,52.792274475097656,102.51429748535156,78.58354187011719,33.761932373046875
2012-01-23,23.44398307800293,30.57175636291504,33.67166519165039,163.16000366210938,76.40095520019531,64.28291320800781,52.80994415283203,102.2501220703125,78.08638000488281,33.925445556640625
2012-01-24,23.48625946044922,30.615644454956055,33.484352111816406,162.00999450683594,76.48892211914062,64.65306091308594,52.712772369384766,102.13361358642578,78.22755432128906,34.18479919433594
2012-01-25,23.680707931518555,30.959569931030273,33.83314895629883,166.4199981689453,76.85546875,65.20417022705078,53.3752326965332,102.98820495605469,78.0394287109375,34.62458419799805
2012-01-26,23.748342514038086,30.835168838500977,33.846065521240234,167.27000427246094,77.26602935791016,65.13018035888672,53.18975067138672,102.45991516113281,79.07393646240234,34.867027282714844
2012-01-27,23.8328857421875,30.996152877807617,33.90419006347656,168.97000122070312,77.5006103515625,65.5743179321289,53.34872817993164,102.4133071899414,79.32247924804688,34.8782958984375
2012-01-30,23.58770751953125,30.54979705810547,33.503719329833984,168.02999877929688,77.76445007324219,65.0643310546875,53.392906188964844,102.06367492675781,80.25624084472656,34.61894607543945
2012-01-31,23.528528213500977,30.81322479248047,33.67811584472656,169.30999755859375,78.05768585205078,64.99852752685547,53.46355438232422,102.02483367919922,81.18324279785156,34.788082122802734
2012-02-01,23.604618072509766,31.493738174438477,34.207767486572266,169.55999755859375,77.78668212890625,66.39688873291016,53.89635467529297,102.9183120727539,80.25334930419922,35.13202667236328
2012-02-02,23.663801193237305,31.581544876098633,34.278831481933594,171.0500030517578,77.89686584472656,66.77528381347656,54.064170837402344,103.0813980102539,80.21968841552734,35.21097946166992
2012-02-03,23.942790985107422,32.1083869934082,34.81493377685547,167.63999938964844,77.27998352050781,68.231201171875,54.80609893798828,104.52651977539062,78.49583435058594,35.701499938964844
2012-02-06,24.0611515045166,31.837646484375,34.64699172973633,167.17999267578125,77.49296569824219,68.00909423828125,54.76194381713867,104.45660400390625,79.27693939208984,35.58872985839844
2012-02-07,24.044246673583984,31.90349578857422,34.86015701293945,169.6999969482422,76.99357604980469,67.96796417236328,54.87675857543945,104.72071838378906,78.29377746582031,35.498512268066406
2012-02-08,24.154150009155273,32.13033676147461,34.98287582397461,168.5,77.03026580810547,68.11602783203125,55.16823196411133,105.031494140625,78.3543930053711,35.56052780151367
2012-02-09,24.280967712402344,32.115699768066406,35.07330322265625,168.02000427246094,76.85401916503906,67.77879333496094,55.565696716308594,105.16357421875,77.7685775756836,35.301170349121094
2012-02-10,24.05270004272461,31.405933380126953,34.40801239013672,167.13999938964844,77.2873306274414,66.84931182861328,55.17707824707031,104.38666534423828,78.77865600585938,34.97416305541992
2012-02-13,24.111881256103516,31.91814422607422,34.802024841308594,167.50999450683594,77.23591613769531,67.7129898071289,55.689361572265625,105.16357421875,78.87972259521484,35.32937240600586
2012-02-14,24.103425979614258,31.654705047607422,34.54364013671875,167.1199951171875,77.39749145507812,67.40865325927734,55.83068084716797,105.031494140625,79.2971420288086,34.96852111816406
2012-02-15,24.18796730041504,31.742523193359375,34.5824089050293,168.11000061035156,77.45620727539062,66.84931182861328,55.44206237792969,104.54203796386719,79.15576171875,34.75989532470703
2012-02-16,24.297874450683594,32.0864372253418,35.06037521362305,168.0,77.1037368774414,68.10780334472656,56.2016487121582,105.69966125488281,78.52278137207031,35.12639236450195
2012-02-17,24.255605697631836,32.144981384277344,35.21540832519531,167.35000610351562,77.02293395996094,68.0995864868164,56.02500534057617,105.97933197021484,78.5025863647461,35.15457534790039
2012-02-21,24.636051177978516,32.01325988769531,35.221858978271484,171.02000427246094,76.74385070800781,67.63896179199219,56.183990478515625,106.02597045898438,77.63383483886719,34.607662200927734
2012-02-22,24.864320755004883,32.0717887878418,35.11851501464844,172.94000244140625,77.04497528076172,67.10429382324219,55.9278450012207,105.68408966064453,78.61031341552734,34.314491271972656
2012-02-23,24.94040870666504,32.01325988769531,35.409183502197266,173.02000427246094,77.1551284790039,68.10780334472656,56.298797607421875,106.15026092529297,78.61031341552734,34.74298858642578
2012-02-24,25.092586517333984,32.33523178100586,35.62234115600586,172.22999572753906,77.21388244628906,67.97621154785156,56.493125915527344,106.38334655761719,79.12200927734375,34.788082122802734
2012-02-27,24.88968276977539,32.01325988769531,35.441463470458984,171.6999969482422,77.47087097167969,67.86103820800781,56.5726203918457,106.56204986572266,79.82243347167969,34.7317008972168
2012-02-28,24.881229400634766,32.45962905883789,35.770896911621094,173.49000549316406,77.50762176513672,67.68010711669922,57.1467399597168,106.87279510498047,79.5597915649414,34.52873611450195
2012-02-29,24.788230895996094,32.43767547607422,35.30582809448242,164.2899932861328,77.1991958618164,66.6683349609375,56.89059066772461,106.45325469970703,79.07494354248047,34.38777160644531
2012-03-01,25.177133560180664,32.74500274658203,35.706298828125,166.61000061035156,76.9490966796875,67.01383209228516,57.34103775024414,107.00487518310547,78.33048248291016,34.59639358520508
2012-03-02,24.92350196838379,32.66450500488281,35.376895904541016,166.33999633789062,77.258056640625,66.01028442382812,57.29689025878906,106.67858123779297,79.06612396240234,34.5456428527832
2012-03-05,24.805139541625977,32.101070404052734,35.189571380615234,165.64999389648438,77.10356903076172,66.0843276977539,56.70510482788086,106.24349212646484,78.43848419189453,34.895225524902344
2012-03-06,24.399328231811523,31.025423049926758,34.065677642822266,162.6999969482422,77.42723846435547,64.76822662353516,56.14864730834961,104.68968200683594,79.39009857177734,34.432884216308594
2012-03-07,24.50923728942871,31.398605346679688,34.48551559448242,163.6300048828125,77.28008270263672,65.37693786621094,56.58143997192383,105.41998291015625,78.90421295166016,34.61894607543945
2012-03-08,24.712141036987305,32.057167053222656,35.22831726074219,165.27999877929688,77.0521011352539,66.22415161132812,57.190887451171875,106.46878814697266,78.1145248413086,34.43852996826172
2012-03-09,24.779773712158203,32.04253005981445,35.112060546875,166.3800048828125,76.99327087402344,67.1207275390625,57.429378509521484,106.88057708740234,78.26972961425781,34.607662200927734
2012-03-12,24.74595832824707,31.691301345825195,35.02163314819336,165.07000732421875,76.97117614746094,66.98912811279297,57.455875396728516,106.8883285522461,78.25630950927734,34.861385345458984
2012-03-13,24.855865478515625,32.55474853515625,35.59003448486328,162.3000030517578,76.41950988769531,68.32168579101562,58.52461242675781,108.81511688232422,76.87948608398438,35.56616973876953
2012-03-14,24.686779022216797,32.04253005981445,35.27354049682617,159.57000732421875,75.54412078857422,67.7623519897461,58.72776794433594,108.69857025146484,74.94246673583984,35.47031784057617
2012-03-15,24.70368766784668,32.29864501953125,35.609413146972656,161.0800018310547,75.52201843261719,68.32989501953125,58.895591735839844,109.32781982421875,75.05720520019531,35.41957473754883
2012-03-16,25.00804328918457,32.262046813964844,35.8548583984375,161.3000030517578,75.50003051757812,68.2723159790039,58.854007720947266,109.4792709350586,75.20565032958984,35.62256622314453
2012-03-19,24.965774536132812,32.13765335083008,36.04218292236328,161.58999633789062,75.03656768798828,68.84811401367188,59.26983642578125,109.90840911865234,74.30799102783203,35.870635986328125
2012-03-20,24.661415100097656,31.581544876098633,35.61587142944336,160.1300048828125,75.07332611083984,68.231201171875,59.376014709472656,109.5884780883789,74.6050033569336,35.81989288330078
2012-03-21,24.60223388671875,31.640077590942383,35.38334655761719,160.2100067138672,75.45589447021484,68.21472930908203,59.38486099243164,109.40901947021484,75.44866180419922,35.76915740966797
2012-03-22,24.407785415649414,31.157133102416992,35.13789749145508,159.57000732421875,75.55147552490234,67.55669403076172,59.2609977722168,108.6208724975586,75.69159698486328,35.27863311767578
2012-03-23,24.644506454467773,31.39128875732422,35.38334655761719,161.52999877929688,75.83101654052734,68.21759033203125,59.2255973815918,108.97201538085938,76.40701293945312,35.498512268066406
2012-03-26,24.75441551208496,31.940092086791992,35.83547592163086,164.39999389648438,75.74272918701172,69.63672637939453,60.26075744628906,110.50145721435547,76.01556396484375,35.91455078125
2012-03-27,24.65296173095703,31.77178382873535,35.609413146972656,163.24000549316406,76.1620101928711,69.1499252319336,60.34925842285156,110.15811920166016,76.56224822998047,35.920249938964844
2012-03-28,24.416236877441406,31.23762321472168,35.36396026611328,161.50999450683594,76.02962493896484,68.74565887451172,60.1103515625,109.61190795898438,76.45425415039062,35.86341094970703
2012-03-29,24.078062057495117,31.201034545898438,35.13789749145508,161.27999877929688,76.34590911865234,68.54759216308594,59.88030242919922,109.4245834350586,77.0279312133789,35.880455017089844
2012-03-30,24.348602294921875,31.42788314819336,35.45439147949219,162.1199951171875,75.97073364257812,68.3248062133789,59.76530456542969,109.877197265625,75.72533416748047,36.176002502441406
2012-04-02,24.661415100097656,31.859600067138672,35.86779022216797,162.94000244140625,76.1527328491211,69.16643524169922,60.38460159301758,110.68094635009766,76.14490509033203,36.4317512512207
2012-04-03,24.5515079498291,31.676664352416992,35.241249084472656,159.88999938964844,75.59278869628906,68.70433807373047,60.36695861816406,110.22834014892578,74.82537841796875,36.2896728515625
2012-04-04,24.171062469482422,31.105913162231445,34.453224182128906,157.2100067138672,75.97589874267578,67.60706329345703,59.54410934448242,109.13589477539062,75.85388946533203,35.891822814941406
2012-04-05,24.26405906677246,31.27421760559082,34.24653244018555,158.30999755859375,76.31488800048828,67.30995178222656,59.915714263916016,109.08126068115234,76.40199279785156,35.75541687011719
2012-04-09,24.154150009155273,30.81322479248047,34.09796905517578,159.3699951171875,77.09589385986328,66.2043685913086,59.46448516845703,107.85614776611328,78.18841552734375,35.37461853027344
2012-04-10,23.8328857421875,30.213193893432617,33.36808395385742,161.10000610351562,77.45701599121094,64.64496612548828,58.50895690917969,106.04582977294922,79.0748519897461,34.61301803588867
2012-04-11,23.892066955566406,30.542482376098633,33.83314895629883,161.07000732421875,77.15486145019531,65.56085205078125,58.79207229614258,106.90416717529297,78.12750244140625,35.05633544921875
2012-04-12,24.204877853393555,31.325435638427734,34.453224182128906,162.6999969482422,77.00016784667969,66.50141906738281,59.46448516845703,108.30094146728516,77.8027114868164,35.53944396972656
2012-04-13,23.95970344543457,30.84980583190918,33.79438781738281,160.85000610351562,77.46437072753906,65.62683868408203,58.562049865722656,107.01343536376953,79.06126403808594,35.39167022705078
2012-04-16,23.722980499267578,30.69614601135254,34.03983688354492,160.4600067138672,77.44222259521484,65.73410034179688,57.90732955932617,106.94319915771484,78.94622802734375,35.87477493286133
2012-04-17,23.8328857421875,31.04738426208496,34.5824089050293,160.25,77.36117553710938,66.68295288085938,59.084041595458984,108.52725219726562,78.89891052246094,36.181678771972656
2012-04-18,23.604618072509766,30.901029586791992,34.40154266357422,159.30999755859375,77.51592254638672,66.17961883544922,58.93362045288086,108.1605224609375,79.12894439697266,35.93729019165039
2012-04-19,23.613073348999023,30.761993408203125,34.194854736328125,159.42999267578125,77.60438537597656,65.80010223388672,58.27006149291992,107.46603393554688,79.20339965820312,35.93729019165039
2012-04-20,23.706069946289062,30.974214553833008,34.52427673339844,159.5399932861328,77.61172485351562,66.17961883544922,58.11078643798828,107.64547729492188,79.21693420410156,36.37491989135742
2012-04-23,23.663801193237305,30.381494522094727,33.83314895629883,159.07000732421875,77.76644897460938,65.26377868652344,57.5799446105957,106.74031829833984,79.79203796386719,35.999813079833984
2012-04-24,23.663801193237305,30.447362899780273,34.104427337646484,159.3000030517578,77.56749725341797,65.75884246826172,57.27027893066406,107.14607238769531,79.23043060302734,36.539756774902344
2012-04-25,23.799068450927734,30.72541046142578,34.56948471069336,159.6199951171875,77.47171020507812,66.78194427490234,58.79207229614258,108.61309051513672,78.82445526123047,36.960323333740234
2012-04-26,23.84979248046875,30.915666580200195,34.77617645263672,161.02999877929688,77.72958374023438,67.4419937133789,59.13712692260742,109.37001037597656,79.298095703125,37.05127716064453
2012-04-27,23.92588233947754,30.959569931030273,34.91829299926758,161.3800048828125,77.8106689453125,67.97010040283203,59.49102783203125,109.54948425292969,79.36576080322266,37.307037353515625
2012-04-30,24.018882751464844,30.893712997436523,34.718048095703125,161.8800048828125,77.87699890136719,67.21924591064453,59.06633758544922,109.14370727539062,79.38605499267578,37.21042251586914
2012-05-01,24.018882751464844,31.098602294921875,34.86015701293945,161.32000732421875,77.73527526855469,67.2852554321289,59.1636962890625,109.8226318359375,78.9743423461914,37.613948822021484
2012-05-02,23.706069946289062,31.040058135986328,34.58884811401367,160.58999633789062,77.88287353515625,67.46678161621094,59.33175277709961,109.49486541748047,79.53056335449219,37.55711364746094
2012-05-03,23.44398307800293,30.80590057373047,34.28529357910156,158.97000122070312,77.87554168701172,66.51792907714844,58.70358657836914,108.659912109375,79.51022338867188,37.42638397216797
2012-05-04,23.029720306396484,30.264421463012695,33.7620849609375,159.47000122070312,78.18547821044922,65.25553131103516,57.24373245239258,106.90416717529297,80.13423919677734,37.09673309326172
2012-05-07,22.978994369506836,30.374183654785156,34.007545471191406,159.0800018310547,78.16333770751953,65.42881774902344,57.296836853027344,106.98225402832031,80.14779663085938,37.35818862915039
2012-05-08,22.89444923400879,29.891233444213867,33.484352111816406,156.0,78.3404769897461,65.3875732421875,57.08449172973633,106.55305480957031,80.57511901855469,37.289981842041016
2012-05-09,22.716907501220703,29.503421783447266,33.0968017578125,154.47000122070312,78.4068603515625,65.01624298095703,56.907535552978516,105.92098236083984,80.62942504882812,37.17062759399414
2012-05-10,22.725360870361328,29.627809524536133,33.251827239990234,154.77000427246094,78.29621124267578,65.26377868652344,56.79252243041992,106.13946533203125,80.39202117919922,37.199031829833984
2012-05-11,22.556276321411133,29.2473201751709,33.04512023925781,153.55999755859375,78.55448150634766,65.09879302978516,56.78366470336914,105.81954193115234,81.0567398071289,37.27861404418945
2012-05-14,22.260374069213867,28.581443786621094,32.4121208190918,151.3300018310547,78.90135192871094,64.23242950439453,56.25282669067383,104.64906311035156,82.18950653076172,36.80687713623047
2012-05-15,22.302642822265625,28.33265495300293,32.00520324707031,149.74000549316406,78.9234619140625,64.11695098876953,56.0670280456543,104.04815673828125,82.52191925048828,36.61362838745117
2012-05-16,22.277280807495117,27.930198669433594,31.688705444335938,149.4600067138672,78.98250579833984,63.6549186706543,55.68656921386719,103.65022277832031,82.75927734375,36.2100944519043
2012-05-17,22.2265567779541,27.549701690673828,31.301143646240234,152.8000030517578,79.27774047851562,62.211021423339844,54.50985336303711,102.11299896240234,84.2243881225586,35.152957916259766
2012-05-18,22.209646224975586,27.286273956298828,31.0750732421875,154.5500030517578,79.22613525390625,61.62522888183594,53.80204772949219,101.2390365600586,84.2447280883789,34.726688385009766
2012-05-21,22.50554847717285,27.93751335144043,31.759742736816406,154.64999389648438,79.0194091796875,63.07734680175781,55.306121826171875,102.97914123535156,84.06836700439453,35.482601165771484
2012-05-22,22.184284210205078,27.64482307434082,31.643491744995117,152.0800018310547,78.84971618652344,62.697792053222656,55.24419403076172,103.15861511230469,83.13233184814453,35.55080795288086
2012-05-23,21.939105987548828,27.454572677612305,31.385114669799805,151.6199951171875,79.05632019042969,63.10208511352539,55.35039138793945,103.2132797241211,83.70890808105469,35.60196304321289
2012-05-24,21.947559356689453,27.3155517578125,31.17841911315918,151.41000366210938,78.8866195678711,63.23411178588867,54.987613677978516,103.4161376953125,83.39005279541016,35.76109313964844
2012-05-25,22.023649215698242,27.1838436126709,31.068613052368164,152.67999267578125,79.11539459228516,63.19286346435547,54.916839599609375,103.08063507080078,83.70207214355469,35.61901092529297
2012-05-29,21.930652618408203,27.9521541595459,31.462629318237305,151.02000427246094,79.04898834228516,64.108642578125,55.61579132080078,104.3291015625,83.44438171386719,36.12485122680664
2012-05-30,21.524839401245117,27.469213485717773,30.719829559326172,151.91000366210938,79.80172729492188,62.87934494018555,55.146881103515625,102.81529235839844,85.56060791015625,35.266639709472656
2012-05-31,21.33884620666504,27.58629035949707,30.84900665283203,151.6199951171875,80.11170196533203,62.79682922363281,54.90798568725586,102.5889892578125,86.55097198486328,35.53376388549805
2012-06-01,20.89921760559082,26.84723472595215,30.06743812561035,157.5,80.79984283447266,60.907379150390625,53.44814682006836,100.006103515625,88.60567474365234,34.66416931152344
2012-06-04,21.017580032348633,26.96431541442871,30.319351196289062,157.32000732421875,80.33419036865234,60.767147064208984,53.85514831542969,99.95929718017578,87.90560150146484,34.42545700073242
2012-06-05,20.941490173339844,27.037492752075195,30.53896141052246,157.13999938964844,80.06806945800781,61.55095672607422,54.07630920410156,100.71621704101562,86.72972106933594,35.135902404785156
2012-06-06,21.33038902282715,27.8277587890625,31.39157485961914,157.2100067138672,79.54325103759766,63.069091796875,55.31498718261719,102.97914123535156,84.99646759033203,35.91455078125
2012-06-07,21.186664581298828,27.996047973632812,31.43679428100586,154.5,79.73546600341797,62.65654754638672,55.09379577636719,103.0416030883789,85.12562561035156,35.65879440307617
2012-06-08,21.254301071166992,27.754587173461914,31.333444595336914,154.72999572753906,79.79460906982422,63.506378173828125,55.62464904785156,103.86093139648438,85.10521697998047,36.16462326049805
2012-06-11,20.865400314331055,27.352136611938477,31.02986717224121,155.36000061035156,80.00894927978516,62.10374069213867,54.686805725097656,102.54214477539062,85.49267578125,35.35188293457031
2012-06-12,20.96685218811035,27.922887802124023,31.546598434448242,156.4600067138672,79.58024597167969,62.887569427490234,55.35039138793945,103.72047424316406,84.71098327636719,35.68722152709961
2012-06-13,20.80622100830078,27.8204402923584,31.29469108581543,157.1199951171875,80.00157165527344,62.161495208740234,54.969932556152344,103.05716705322266,85.54704284667969,35.505340576171875
2012-06-14,21.051395416259766,28.018016815185547,31.527212142944336,157.75,79.78723907470703,62.871063232421875,55.17340850830078,104.14965057373047,85.43828582763672,36.02254867553711
2012-06-15,21.017580032348633,28.53021812438965,31.972896575927734,157.83999633789062,80.15679168701172,63.71265411376953,55.858890533447266,105.21481323242188,85.91409301757812,36.24419403076172
2012-06-18,21.034486770629883,28.588754653930664,31.882471084594727,157.92999267578125,80.13460540771484,63.78689193725586,56.38210678100586,105.41875457763672,86.37627410888672,36.5454216003418
2012-06-19,21.21202850341797,29.049753189086914,32.4121208190918,157.16000366210938,79.86107635498047,64.89253234863281,56.967384338378906,106.43841552734375,85.24794006347656,36.693199157714844
2012-06-20,20.865400314331055,28.95462417602539,32.599449157714844,155.97000122070312,79.69853973388672,64.79350280761719,57.011749267578125,106.26588439941406,85.66940307617188,36.676151275634766
2012-06-21,20.417320251464844,27.894245147705078,31.746135711669922,152.02000427246094,79.86854553222656,63.21759796142578,55.592864990234375,103.88140869140625,86.12477111816406,36.079376220703125
2012-06-22,20.620222091674805,27.983110427856445,32.01713562011719,152.63999938964844,79.5211181640625,63.935420989990234,56.178138732910156,104.68142700195312,84.97604370117188,36.0850715637207
2012-06-25,20.831579208374023,27.46476173400879,31.30328941345215,153.75999450683594,79.95723724365234,62.93705368041992,55.09626388549805,103.00291442871094,86.21308898925781,35.901123046875
2012-06-26,20.975305557250977,27.701711654663086,31.508182525634766,152.6199951171875,79.77983856201172,63.18333435058594,55.44211959838867,103.52054595947266,85.87327575683594,36.02144241333008
2012-06-27,21.09366798400879,27.879438400268555,31.805614471435547,152.8300018310547,79.89068603515625,64.21151733398438,55.77909851074219,104.4539794921875,86.00926208496094,36.16471481323242
2012-06-28,20.865400314331055,27.746150970458984,31.871719360351562,151.0500030517578,80.1494369506836,64.10371398925781,55.158321380615234,104.1559066772461,86.21994018554688,36.56011199951172
2012-06-29,21.770017623901367,28.975364685058594,33.02180099487305,155.19000244140625,79.77983856201172,65.96934509277344,56.896453857421875,106.75215911865234,85.09842681884766,37.494171142578125
2012-07-02,21.72774887084961,28.975364685058594,33.23991775512695,155.08999633789062,80.14994812011719,66.73222351074219,57.06492614746094,107.07373046875,85.97649383544922,37.90677261352539
2012-07-03,22.33646011352539,29.552940368652344,33.5439567565918,157.4600067138672,79.9500961303711,67.60287475585938,57.5438117980957,107.77971649169922,85.31568908691406,38.13026428222656
2012-07-05,22.421005249023438,29.241943359375,32.98875045776367,155.67999267578125,80.16473388671875,67.5282211303711,57.57927322387695,107.29337310791016,85.75167846679688,37.89531326293945
2012-07-06,21.905290603637695,28.708786010742188,32.6781005859375,153.7100067138672,80.44607543945312,66.77369689941406,56.86096954345703,106.27369689941406,86.54863739013672,37.987003326416016
2012-07-09,22.294189453125,28.60511589050293,32.605384826660156,154.0399932861328,80.66819763183594,66.51665496826172,56.75457000732422,106.14037322998047,87.31156158447266,38.027099609375
2012-07-10,22.00674057006836,28.286705017089844,32.38726806640625,152.14999389648438,80.70514678955078,65.77865600585938,56.19586944580078,105.21481323242188,87.48861694335938,37.62024688720703
2012-07-11,22.251916885375977,28.43480682373047,32.48642349243164,152.99000549316406,80.6310806274414,65.55479431152344,55.88551330566406,105.23050689697266,87.59759521484375,37.66035842895508
2012-07-12,22.302642822265625,27.960895538330078,32.16254806518555,152.58999633789062,80.81620788574219,65.33092498779297,55.3623046875,104.72063446044922,88.21749877929688,37.774967193603516
2012-07-13,22.573183059692383,28.501449584960938,32.61860656738281,154.13999938964844,80.74959564208984,66.14351654052734,56.204750061035156,106.4776382446289,87.98588562011719,38.23912811279297
2012-07-16,22.8521785736084,28.43480682373047,32.61199951171875,154.2100067138672,80.92723846435547,65.878173828125,56.045135498046875,106.22669219970703,88.39458465576172,38.313621520996094
2012-07-17,22.877540588378906,28.812454223632812,32.70452880859375,153.47000122070312,80.71996307373047,66.11034393310547,56.337772369384766,106.95610046386719,87.69979095458984,38.68037033081055
2012-07-18,23.080446243286133,28.738412857055664,32.962303161621094,153.0500030517578,80.80142974853516,66.51665496826172,57.100406646728516,107.7482681274414,87.74748992919922,38.451148986816406
2012-07-19,23.359439849853516,29.004974365234375,33.266357421875,153.3800048828125,80.68292999267578,66.2927474975586,57.73002243041992,108.03067016601562,87.52272033691406,38.05002212524414
2012-07-20,23.359439849853516,28.57549476623535,32.48642349243164,153.6699981689453,81.00123596191406,65.44696807861328,56.967384338378906,107.04238891601562,88.59215545654297,37.849449157714844
2012-07-23,22.86908721923828,27.827604293823242,31.818828582763672,153.02999877929688,81.13448333740234,64.4022216796875,56.27569580078125,105.9599380493164,89.08934783935547,37.57440185546875
2012-07-24,22.73381805419922,27.70912742614746,31.475139617919922,153.52000427246094,81.28995513916016,63.55647277832031,55.832279205322266,105.05008697509766,89.79097747802734,37.448341369628906
2012-07-25,22.902902603149414,27.842409133911133,31.640378952026367,155.6699981689453,81.33441925048828,63.69743347167969,55.45984649658203,105.07365417480469,90.0225830078125,37.43113327026367
2012-07-26,22.94517707824707,28.47182846069336,32.605384826660156,156.77000427246094,81.08273315429688,64.24467468261719,56.19586944580078,106.80706787109375,89.1983871459961,37.76350784301758
2012-07-27,23.181900024414062,29.271547317504883,33.292781829833984,157.5399932861328,80.4979019165039,65.7703628540039,57.52604293823242,108.77581787109375,87.51586151123047,38.12451934814453
2012-07-30,23.317169189453125,29.101240158081055,33.253135681152344,157.42999267578125,80.75697326660156,65.54651641845703,57.481727600097656,108.77581787109375,88.16981506347656,38.30217361450195
2012-07-31,23.03817367553711,28.967952728271484,33.04823303222656,156.49000549316406,80.8976058959961,64.96604919433594,57.46399688720703,108.01502990722656,88.346923828125,38.24485397338867
2012-08-01,23.07199478149414,29.01978302001953,33.054847717285156,155.13999938964844,80.60256958007812,63.89644241333008,57.29549789428711,107.92085266113281,87.9052505493164,38.06148910522461
2012-08-02,22.877540588378906,28.679166793823242,32.59217071533203,154.1300048828125,80.79530334472656,63.66424560546875,57.09152603149414,107.17572784423828,88.40355682373047,38.17036819458008
2012-08-03,23.26644515991211,29.567750930786133,33.70259475708008,155.5500030517578,80.37277221679688,65.18165588378906,58.173423767089844,109.30136108398438,86.97689819335938,38.46834182739258
2012-08-06,23.401714324951172,29.752872467041016,33.94053268432617,156.3000030517578,80.42469787597656,65.68745422363281,58.61679458618164,109.51312255859375,87.01111602783203,38.4282341003418
2012-08-07,23.579256057739258,29.83432388305664,34.22475051879883,156.27999877929688,80.00203704833984,66.28447723388672,59.104549407958984,110.06221008300781,85.89163970947266,37.97551345825195
2012-08-08,23.646888732910156,29.893564224243164,34.20492935180664,156.47999572753906,79.89083862304688,66.1849365234375,59.077938079833984,110.19556427001953,85.43424224853516,37.7176513671875
2012-08-09,23.841339111328125,30.01944923400879,34.22475051879883,156.99000549316406,79.83154296875,66.50006866455078,59.25529861450195,110.2896728515625,85.37278747558594,37.59730911254883
2012-08-10,23.71452522277832,30.160140991210938,34.28424072265625,157.17999267578125,80.06135559082031,66.26789855957031,59.290767669677734,110.47002410888672,85.80284881591797,37.64889907836914
2012-08-13,23.528528213500977,29.893564224243164,34.118995666503906,155.99000549316406,80.00945281982422,66.16009521484375,59.432655334472656,110.41519927978516,85.65950775146484,37.62024688720703
2012-08-14,23.553892135620117,29.88616943359375,34.19831466674805,155.1300048828125,79.61652374267578,66.0025405883789,59.45927047729492,110.43083190917969,84.49909973144531,37.54001235961914
2012-08-15,23.756797790527344,29.841733932495117,34.09917068481445,155.6300048828125,79.21620178222656,66.58300018310547,59.610015869140625,110.55634307861328,83.31134796142578,37.71192932128906
2012-08-16,23.84979248046875,30.11571502685547,34.52219009399414,156.55999755859375,79.0234146118164,67.27949523925781,60.3194580078125,111.3720703125,82.6014404296875,37.998451232910156
2012-08-17,23.88361167907715,29.967613220214844,34.568458557128906,156.72000122070312,79.11983489990234,67.75211334228516,60.58548355102539,111.5211181640625,83.00421905517578,38.009918212890625
2012-08-20,23.99351692199707,29.952810287475586,34.52879333496094,157.25999450683594,79.164306640625,67.60287475585938,60.67416763305664,111.52899169921875,83.1749038696289,37.90104293823242
2012-08-21,24.213333129882812,29.908367156982422,34.727081298828125,158.8300018310547,79.23103332519531,67.5614013671875,60.434715270996094,111.19168853759766,83.54347229003906,37.98126220703125
2012-08-22,24.34014892578125,29.92318344116211,34.68743896484375,160.5399932861328,79.84636688232422,67.238037109375,60.68303680419922,111.23875427246094,84.92231750488281,37.95833969116211
2012-08-23,24.221786499023438,29.649200439453125,34.4891357421875,161.88999938964844,79.9872055053711,66.76538848876953,60.18645095825195,110.32887268066406,85.2772216796875,37.84373092651367
2012-08-24,24.111881256103516,29.656606674194336,34.43626022338867,161.97000122070312,79.95014953613281,66.94780731201172,60.55889129638672,110.99556732177734,85.1953125,37.96980285644531
2012-08-27,24.001970291137695,29.353002548217773,34.45608901977539,161.36000061035156,80.15772247314453,67.14681243896484,60.656436920166016,111.0191421508789,85.69364929199219,38.08441162109375
2012-08-28,24.018882751464844,29.293766021728516,34.42304611206055,161.63999938964844,80.18739318847656,67.45360565185547,60.656436920166016,110.90928649902344,85.8984375,38.21620178222656
2012-08-29,24.0611515045166,29.1530704498291,34.317291259765625,160.58999633789062,80.1355209350586,67.66090393066406,60.656436920166016,110.99556732177734,85.52300262451172,38.204750061035156
2012-08-30,24.086515426635742,28.812454223632812,33.80834197998047,160.52000427246094,80.28374481201172,66.98927307128906,60.04454040527344,110.19556427001953,85.9666976928711,38.11878967285156
2012-08-31,24.34014892578125,29.0864315032959,34.105770111083984,164.22000122070312,80.802734375,67.26288604736328,60.443599700927734,110.72106170654297,87.18167877197266,38.23912811279297
2012-09-04,24.348602294921875,28.92353057861328,33.93391799926758,164.47999572753906,80.61784362792969,68.08377838134766,60.38151550292969,110.61908721923828,87.09416961669922,38.508445739746094
2012-09-05,24.230241775512695,28.77542495727539,33.84139633178711,164.30999755859375,80.58817291259766,68.1003646850586,60.3194580078125,110.52498626708984,86.68367767333984,38.43970489501953
2012-09-06,24.221786499023438,29.412240982055664,34.680824279785156,164.88999938964844,80.03877258300781,69.3524398803711,61.65849685668945,112.76824188232422,85.24032592773438,38.783531188964844
2012-09-07,24.492326736450195,30.093502044677734,35.202972412109375,168.44000244140625,80.14275360107422,69.86650085449219,61.5698356628418,113.20751190185547,84.84362030029297,38.817901611328125
2012-09-10,24.526145935058594,29.708446502685547,34.92538070678711,167.2899932861328,80.17986297607422,69.5514144897461,60.78057861328125,112.5643081665039,85.0488052368164,38.514183044433594
2012-09-11,24.576871871948242,30.063880920410156,35.32194900512695,167.89999389648438,80.03135681152344,69.70066833496094,60.68303680419922,112.87808227539062,84.51527404785156,38.628807067871094
2012-09-12,24.70368766784668,30.19716453552246,35.55329132080078,167.9199981689453,79.63790893554688,70.05724334716797,60.86039733886719,113.25456237792969,83.46179962158203,38.70903778076172
2012-09-13,24.872774124145508,31.011709213256836,36.09528732299805,171.30999755859375,79.86809539794922,70.97763061523438,61.685089111328125,114.98017120361328,83.13345336914062,39.18465042114258
2012-09-14,25.134859085083008,31.374547958374023,36.452213287353516,171.8000030517578,79.11820220947266,71.64093780517578,62.23493194580078,115.4900131225586,80.92399597167969,39.40241241455078
2012-09-17,24.441600799560547,31.03392791748047,36.260520935058594,170.39999389648438,79.28155517578125,71.30928039550781,62.26153564453125,115.09780883789062,81.8952865600586,39.28779983520508
2012-09-18,24.26405906677246,31.048728942871094,36.10850524902344,171.72000122070312,79.48198699951172,71.07711029052734,62.31471252441406,115.00369262695312,82.3057632446289,38.91532516479492
2012-09-19,23.90897560119629,31.048728942871094,36.260520935058594,171.74000549316406,79.66759490966797,70.95272064208984,62.43003463745117,115.0664291381836,82.8461685180664,38.69755554199219
2012-09-20,24.044246673583984,30.86360740661621,36.029178619384766,171.47000122070312,79.71211242675781,70.63765716552734,62.36797332763672,115.07433319091797,83.05136108398438,38.12451934814453
2012-09-21,24.204877853393555,30.937654495239258,36.049007415771484,171.9600067138672,79.88289642333984,70.89471435546875,62.3857421875,115.02620697021484,83.14715576171875,38.13026428222656
2012-09-24,23.95124626159668,30.908039093017578,35.923439025878906,171.0500030517578,80.06103515625,70.66326904296875,62.021114349365234,114.85272979736328,83.79698944091797,37.988746643066406
2012-09-25,23.976612091064453,30.44893455505371,35.67226791381836,170.77000427246094,80.35799407958984,69.64775848388672,61.149593353271484,113.63047790527344,84.62474822998047,37.42847442626953
2012-09-26,23.807523727416992,30.30824089050293,35.31533432006836,169.80999755859375,80.69215393066406,69.20658874511719,60.65154266357422,112.99176025390625,85.53449249267578,37.42268753051758
2012-09-27,24.103425979614258,30.789554595947266,35.738365173339844,172.33999633789062,80.52137756347656,69.95574951171875,61.48748779296875,114.05628204345703,84.92573547363281,37.58441925048828
2012-09-28,24.247148513793945,30.604433059692383,35.03113555908203,171.88999938964844,80.52137756347656,69.45626068115234,60.98060989379883,113.52793884277344,84.97359466552734,37.52666091918945
2012-10-01,24.280967712402344,30.908039093017578,35.31533432006836,172.2899932861328,80.6707763671875,69.68934631347656,60.89167404174805,113.82756805419922,85.28885650634766,37.249412536621094
2012-10-02,24.154150009155273,30.952468872070312,35.45414352416992,172.10000610351562,80.61875915527344,69.82251739501953,61.069515228271484,113.94587707519531,85.17232513427734,37.53243637084961
2012-10-03,23.73988914489746,30.74512481689453,35.308738708496094,172.41000366210938,80.70052337646484,69.62276458740234,61.4608268737793,114.41116333007812,85.1998062133789,37.607513427734375
2012-10-04,24.255605697631836,31.06354522705078,35.738365173339844,173.61000061035156,80.3808364868164,70.09722137451172,61.67427444458008,115.23118591308594,84.1373062133789,37.59596252441406
2012-10-05,24.128787994384766,31.06354522705078,35.78462219238281,172.6199951171875,80.0166015625,70.01399993896484,61.34523391723633,115.23906707763672,83.04737091064453,37.642189025878906
2012-10-08,24.0611515045166,30.789554595947266,35.57310485839844,172.0500030517578,80.27684020996094,69.57282257080078,60.78496551513672,114.84484100341797,83.74657440185547,37.56131362915039
2012-10-09,24.23869514465332,30.560007095336914,35.05756378173828,170.99000549316406,80.11323547363281,68.75706481933594,59.81559371948242,113.7093276977539,83.59576416015625,37.42268753051758
2012-10-10,24.19642448425293,30.374879837036133,34.95842742919922,170.83999633789062,80.3065185546875,68.64887237548828,59.51323699951172,112.98383331298828,84.18524932861328,37.572872161865234
2012-10-11,24.475418090820312,30.65627098083496,35.18315505981445,171.32000732421875,80.3808364868164,68.8985366821289,59.326480865478516,113.04694366455078,84.76792907714844,37.54398727416992
2012-10-12,24.137243270874023,30.560007095336914,35.143489837646484,170.05999755859375,80.38829803466797,68.34083557128906,59.29978561401367,112.6762924194336,84.98043060302734,37.4111442565918
2012-10-15,24.018882751464844,30.737722396850586,35.48719787597656,168.35000610351562,80.41060638427734,68.79035949707031,59.73554229736328,113.61469268798828,84.78848266601562,37.65951156616211
2012-10-16,24.035791397094727,31.056137084960938,36.07545471191406,169.4199981689453,80.03146362304688,69.29814147949219,60.580440521240234,114.76591491699219,83.6163101196289,37.890541076660156
2012-10-17,24.044246673583984,31.300485610961914,36.41254425048828,169.5399932861328,79.52598571777344,69.92244720458984,60.544857025146484,115.28641510009766,82.84166717529297,37.78657913208008
2012-10-18,24.035791397094727,31.21162986755371,36.27375030517578,168.7899932861328,79.38475799560547,69.53953552246094,59.84226989746094,114.98675537109375,82.33444213867188,38.173561096191406
2012-10-19,23.672252655029297,30.730316162109375,35.78462219238281,166.97000122070312,79.71929168701172,68.13276672363281,58.410465240478516,113.07058715820312,83.45183563232422,37.855892181396484
2012-10-22,23.562349319458008,31.026519775390625,36.03580093383789,167.5800018310547,79.45160675048828,68.11612701416016,58.712833404541016,113.08634948730469,82.91706848144531,37.6652717590332
2012-10-23,23.274898529052734,30.389699935913086,35.26246643066406,165.42999267578125,79.83074188232422,67.77481079101562,58.152549743652344,111.51712799072266,84.10301971435547,37.284080505371094
2012-10-24,23.20726203918457,30.4193115234375,35.28229904174805,164.86000061035156,79.65982818603516,67.59169006347656,57.94804382324219,111.2016830444336,83.27359008789062,37.25518035888672
2012-10-25,23.26644515991211,30.75252342224121,35.493812561035156,166.02000427246094,79.36985778808594,67.86640930175781,57.94804382324219,111.52497100830078,82.84857177734375,37.151214599609375
2012-10-26,23.317169189453125,30.515575408935547,35.4409294128418,165.92999267578125,79.87538146972656,67.54174041748047,58.11699295043945,111.46194458007812,84.0687255859375,36.8277587890625
2012-10-31,23.30025863647461,30.471147537231445,35.41450119018555,166.8300018310547,80.20243835449219,67.94963073730469,57.761268615722656,111.46194458007812,84.56229400634766,37.18587112426758
2012-11-01,23.342533111572266,30.967275619506836,35.830902099609375,166.07000732421875,80.04241180419922,68.66552734375,58.579429626464844,112.62899017333984,83.86990356445312,37.364925384521484
2012-11-02,22.94517707824707,30.804359436035156,35.48719787597656,162.60000610351562,80.10940551757812,67.58338165283203,57.95690155029297,111.62752532958984,83.80821990966797,37.61330032348633
2012-11-05,23.13962745666504,30.952468872070312,35.40127182006836,163.22999572753906,80.302978515625,68.03288269042969,58.339324951171875,111.85624694824219,84.28123474121094,37.364925384521484
2012-11-06,23.553892135620117,31.196821212768555,35.738365173339844,166.3000030517578,79.93819427490234,68.54063415527344,58.446048736572266,112.73149871826172,83.48605346679688,37.52666091918945
2012-11-07,23.114261627197266,30.685888290405273,35.202972412109375,166.49000549316406,80.6081314086914,66.87579345703125,57.06760787963867,110.17658996582031,85.0009765625,37.35914611816406
2012-11-08,23.148080825805664,30.300827026367188,34.88571548461914,167.99000549316406,80.9654541015625,65.93519592285156,56.169395446777344,108.85182189941406,86.2623062133789,36.914405822753906
2012-11-09,23.33407974243164,30.360069274902344,34.8989372253418,167.82000732421875,80.97286987304688,66.07672882080078,56.40950012207031,108.94647216796875,86.35826873779297,36.81620407104492
2012-11-12,23.224170684814453,30.471147537231445,34.872501373291016,167.4499969482422,81.02499389648438,65.88525390625,56.400604248046875,109.03315734863281,86.5022201538086,36.72957229614258
2012-11-13,23.181900024414062,30.19716453552246,34.70064163208008,167.10000610351562,81.12174987792969,65.51066589355469,56.009300231933594,108.65470123291016,86.79015350341797,36.7006950378418
2012-11-14,23.249534606933594,29.73065757751465,34.337120056152344,167.13999938964844,81.14408874511719,64.29534149169922,55.35121536254883,107.18797302246094,86.87242889404297,36.013343811035156
2012-11-15,23.156536102294922,29.83432388305664,34.44948196411133,166.08999633789062,81.10688781738281,63.962432861328125,55.16444396972656,107.00662231445312,86.70103454589844,35.84584045410156
2012-11-16,23.25798797607422,29.92318344116211,34.429656982421875,165.8800048828125,81.15896606445312,64.49512481689453,55.404571533203125,107.53492736816406,86.62556457519531,36.065338134765625
2012-11-19,23.69761848449707,30.44893455505371,35.176536560058594,167.8699951171875,80.99517822265625,65.86027526855469,56.72076416015625,109.7113265991211,86.13896942138672,36.51008987426758
2012-11-20,23.536983489990234,30.389699935913086,35.22941589355469,167.38999938964844,80.66022491455078,65.97682189941406,56.73854064941406,109.75870513916016,85.27520751953125,36.78155517578125
2012-11-21,23.638437271118164,30.33045196533203,35.288902282714844,167.55999755859375,80.5411148071289,66.32644653320312,56.854164123535156,109.9636459350586,85.22720336914062,36.718017578125
2012-11-23,23.722980499267578,30.826583862304688,36.049007415771484,169.61000061035156,80.49644470214844,66.98404693603516,57.71680450439453,111.46194458007812,85.14492797851562,36.9894905090332
2012-11-26,23.689163208007812,30.826583862304688,35.96308898925781,169.42999267578125,80.63045501708984,67.20045471191406,57.9658203125,111.22538757324219,85.5494155883789,37.06458282470703
2012-11-27,23.655344009399414,30.567413330078125,35.78462219238281,168.7100067138672,80.81657409667969,67.11721801757812,57.77015686035156,110.65762329101562,85.88529205322266,36.856651306152344
2012-11-28,23.579256057739258,30.737722396850586,36.04240036010742,166.5500030517578,80.92073059082031,67.6832275390625,58.2681770324707,111.5486831665039,85.76191711425781,36.810428619384766
2012-11-29,23.73988914489746,30.959875106811523,36.353050231933594,167.17999267578125,81.0026626586914,68.45738220214844,58.615020751953125,112.06909942626953,85.77558898925781,37.01258087158203
2012-11-30,23.756797790527344,30.945068359375,36.39933395385742,166.0500030517578,80.98780059814453,68.32423400878906,58.517208099365234,112.09280395507812,85.54254150390625,37.087677001953125
2012-12-03,23.815977096557617,30.93025016784668,36.445594787597656,166.1300048828125,80.95574951171875,68.24929809570312,58.401573181152344,111.5407943725586,85.62152099609375,37.23786926269531
2012-12-04,23.604618072509766,31.019105911254883,36.538124084472656,164.4199981689453,81.09732818603516,68.33253479003906,58.36600112915039,111.38311004638672,86.11605072021484,37.29562759399414
2012-12-05,23.579256057739258,31.352331161499023,36.591007232666016,164.1199951171875,81.16446685791016,68.24929809570312,57.71680450439453,111.58023071289062,86.07486724853516,37.18008804321289
2012-12-06,23.367895126342773,31.589284896850586,36.663719177246094,164.5,81.20912170410156,68.35749816894531,58.09031677246094,111.95875549316406,86.26029968261719,37.52666091918945
2012-12-07,23.342533111572266,31.685546875,36.67693328857422,165.16000366210938,80.97809600830078,68.40746307373047,57.74347686767578,112.29779052734375,85.46356964111328,37.6652717590332
2012-12-10,23.291805267333984,31.86326789855957,36.71660232543945,165.8000030517578,81.05261993408203,68.7071304321289,57.91246032714844,112.3451156616211,85.84130859375,37.64795684814453
2012-12-11,23.249534606933594,32.02616882324219,36.9281005859375,165.64999389648438,80.89610290527344,69.43135833740234,58.66838455200195,113.11000061035156,85.18880462646484,37.7403678894043
2012-12-12,23.359439849853516,32.1224365234375,37.04707336425781,165.77000427246094,80.55325317382812,69.04008483886719,58.54386901855469,113.16520690917969,84.19976806640625,37.63640213012695
2012-12-13,23.148080825805664,31.98174285888672,36.93471145629883,164.3699951171875,80.39669036865234,68.59893798828125,58.08143615722656,112.47127532958984,84.26155853271484,37.34760665893555
2012-12-14,23.291805267333984,32.1224365234375,37.06690216064453,164.1300048828125,80.57560729980469,68.55730438232422,57.530033111572266,112.05331420898438,84.89347076416016,37.34183883666992
2012-12-17,23.274898529052734,32.203895568847656,37.218936920166016,164.44000244140625,80.1507797241211,69.52285766601562,58.29486846923828,113.3702163696289,83.622802734375,37.5382080078125
2012-12-18,23.33407974243164,32.42887878417969,37.606483459472656,162.0800018310547,79.8377456665039,70.4718246459961,59.184173583984375,114.63189697265625,82.7711410522461,37.92520523071289
2012-12-19,23.418624877929688,32.413978576660156,37.74012756347656,161.69000244140625,79.94954681396484,70.62884521484375,58.92627716064453,113.78031158447266,83.04584503173828,37.87321853637695
2012-12-20,23.308713912963867,32.607669830322266,37.99403381347656,159.72999572753906,80.00169372558594,70.98147583007812,58.92627716064453,114.43474578857422,83.05963134765625,38.36996078491211
2012-12-21,23.26644515991211,32.235191345214844,37.760169982910156,160.3300018310547,80.2178726196289,70.68761444091797,58.30656433105469,113.39607238769531,83.96621704101562,38.306427001953125
2012-12-24,23.190353393554688,32.16811752319336,37.659942626953125,160.6199951171875,80.1358871459961,70.34339141845703,58.19028854370117,113.04664611816406,83.81513977050781,38.35728454589844
2012-12-26,23.42707633972168,32.26497268676758,37.65325164794922,160.77999877929688,80.30081176757812,69.8395767211914,57.68055725097656,112.57010650634766,84.11663818359375,38.176048278808594
2012-12-27,23.42707633972168,32.44682312011719,37.82699203491211,161.16000366210938,80.46499633789062,69.78923034667969,57.59113311767578,112.41922760009766,84.39889526367188,38.316349029541016
2012-12-28,23.359439849853516,32.5660514831543,37.42607116699219,160.5399932861328,80.65161895751953,69.29380798339844,57.03668212890625,111.2042007446289,84.8807144165039,38.064971923828125
2012-12-31,23.48625946044922,33.05044174194336,37.99403381347656,162.02000427246094,80.22616577148438,70.79676055908203,58.243953704833984,113.09425354003906,83.41447448730469,38.468360900878906
2013-01-02,23.57080078125,33.69877624511719,38.58205795288086,163.1699981689453,79.86042785644531,72.87903594970703,60.09507751464844,115.99288940429688,82.29938507080078,38.94775390625
2013-01-03,23.3763484954834,33.46030807495117,38.20786666870117,161.1999969482422,79.44996643066406,72.71110534667969,59.782100677490234,115.73080444335938,81.1842269897461,38.941898345947266
2013-01-04,23.274898529052734,33.52737808227539,38.401641845703125,160.44000244140625,79.4873046875,73.2484359741211,59.585350036621094,116.23905181884766,81.50090026855469,39.12312698364258
2013-01-07,23.317169189453125,33.274009704589844,38.23459243774414,159.42999267578125,79.53203582763672,72.97138977050781,59.603233337402344,115.92144012451172,81.53531646728516,39.210845947265625
2013-01-08,23.3763484954834,32.97592544555664,38.020774841308594,160.55999755859375,79.72615814208984,72.92098999023438,59.486961364746094,115.58787536621094,82.07222747802734,39.13483810424805
2013-01-09,23.342533111572266,33.11750793457031,38.21453857421875,160.49000549316406,79.77088928222656,73.27365112304688,59.710540771484375,115.8817367553711,81.99651336669922,39.245906829833984
2013-01-10,23.42707633972168,33.40815734863281,38.70234298706055,161.97999572753906,79.5395278930664,73.4415512084961,60.0682487487793,116.802978515625,81.76937103271484,39.28682327270508
2013-01-11,23.325624465942383,33.139869689941406,38.78251647949219,161.05999755859375,79.7933349609375,73.33242797851562,60.148746490478516,116.79497528076172,82.4990234375,39.26346206665039
2013-01-14,23.47780418395996,33.281455993652344,38.82929229736328,161.5399932861328,79.76349639892578,73.37439727783203,59.880462646484375,116.7155532836914,82.2718505859375,39.37453079223633
2013-01-15,23.3763484954834,33.139869689941406,38.76915740966797,162.55999755859375,79.95751953125,73.69345092773438,59.585350036621094,116.79497528076172,82.65042114257812,39.56160354614258
2013-01-16,23.401714324951172,33.11005401611328,38.58205795288086,162.64999389648438,80.06202697753906,73.4751968383789,59.826820373535156,116.77911376953125,82.82254791259766,39.51484298706055
2013-01-17,23.50316619873047,33.29635238647461,38.8961181640625,163.35000610351562,79.6962890625,74.15524291992188,60.11296463012695,117.53352355957031,81.99651336669922,39.63761520385742
2013-01-18,23.655344009399414,33.370880126953125,38.85602569580078,163.08999633789062,79.92018127441406,74.36515808105469,59.97883224487305,117.79559326171875,82.62982177734375,39.80714797973633
2013-01-22,23.722980499267578,33.31871795654297,38.876068115234375,163.6699981689453,79.98736572265625,74.90250396728516,60.07719039916992,118.43092346191406,82.78813171386719,40.01178741455078
2013-01-23,23.748342514038086,33.139869689941406,38.83597183227539,163.2100067138672,80.02467346191406,74.72616577148438,60.44384765625,118.62149810791016,82.6642074584961,40.00006866455078
2013-01-24,23.731433868408203,33.0206413269043,39.0230827331543,161.4199981689453,79.89031219482422,74.96968078613281,59.6121940612793,118.65328979492188,82.37511444091797,40.08191680908203
2013-01-25,23.680707931518555,32.908851623535156,39.444034576416016,160.64999389648438,79.3603744506836,75.51544189453125,59.91624450683594,119.3203353881836,81.24618530273438,40.3099250793457
2013-01-28,23.672252655029297,32.67783737182617,39.2502555847168,160.2899932861328,79.19622039794922,75.56581115722656,60.05036544799805,119.17742156982422,80.95022583007812,40.4151725769043
2013-01-29,23.807523727416992,33.04298400878906,39.517547607421875,160.99000549316406,79.0768051147461,75.60782623291016,60.059322357177734,119.64598083496094,80.50279998779297,40.53208541870117
2013-01-30,24.078062057495117,32.88648986816406,39.55763244628906,162.19000244140625,79.12156677246094,74.70099639892578,59.934112548828125,119.17742156982422,80.36514282226562,40.1462287902832
2013-01-31,24.06960678100586,32.95355987548828,39.41062927246094,161.1999969482422,79.18875885009766,75.21318054199219,59.79999542236328,118.88356018066406,80.75749969482422,39.906551361083984
2013-02-01,24.162607192993164,33.16967010498047,39.72469711303711,161.4499969482422,78.91972351074219,75.8764419555664,60.50646209716797,120.1065673828125,79.70882415771484,40.14039611816406
2013-02-04,24.078062057495117,32.72998809814453,39.009708404541016,162.0,79.37557983398438,74.9613265991211,59.451236724853516,118.75650024414062,80.72986602783203,40.04684829711914
2013-02-05,24.171062469482422,32.767250061035156,39.190120697021484,161.9600067138672,79.09162902832031,75.63298034667969,60.32761001586914,119.9556884765625,80.01239776611328,39.953311920166016
2013-02-06,24.137243270874023,32.72998809814453,39.18345642089844,162.38999938964844,79.33075714111328,75.95201110839844,60.1308479309082,120.04301452636719,80.66778564453125,40.09362030029297
2013-02-07,24.044246673583984,32.43936538696289,38.862701416015625,161.83999633789062,79.36812591552734,75.70015716552734,60.18452453613281,119.88420867919922,80.48841094970703,39.924072265625
2013-02-08,24.137243270874023,32.67783737182617,39.10993957519531,161.57000732421875,79.42790222167969,76.23750305175781,60.80154800415039,120.55134582519531,80.79888153076172,40.292388916015625
2013-02-11,24.05270004272461,32.662933349609375,39.069847106933594,159.6999969482422,79.34566497802734,76.1535415649414,60.81945037841797,120.52747344970703,80.7367935180664,40.350860595703125
2013-02-12,24.094970703125,32.752357482910156,39.26362609863281,159.88999938964844,79.2634506225586,76.48941040039062,60.5690803527832,120.72596740722656,80.53669738769531,40.65486145019531
2013-02-13,24.103425979614258,32.916297912597656,39.357177734375,159.0500030517578,78.98697662353516,76.80844116210938,60.78367233276367,120.8292007446289,79.88134765625,40.63148498535156
2013-02-14,24.06960678100586,32.90139389038086,39.143348693847656,158.35000610351562,79.32328796386719,77.00159454345703,60.76579284667969,120.94043731689453,80.60568237304688,40.46193313598633
2013-02-15,23.968156814575195,32.78215789794922,39.04311752319336,155.75999450683594,79.2485580444336,77.0267105102539,60.586936950683594,120.79753112792969,80.37117004394531,40.47946548461914
2013-02-19,23.875158309936523,32.84923553466797,39.504180908203125,155.3300018310547,79.12149810791016,77.70684814453125,61.02511978149414,121.70281982421875,79.97098541259766,40.80101776123047
2013-02-20,23.604618072509766,32.558597564697266,39.11663055419922,151.44000244140625,79.29338073730469,76.26268005371094,60.08614730834961,120.18598175048828,80.21247863769531,40.537933349609375
2013-02-21,23.33407974243164,32.11146926879883,38.528594970703125,152.6199951171875,79.45030212402344,75.5238265991211,59.4422607421875,119.4553451538086,80.68159484863281,40.233924865722656
2013-02-22,23.33407974243164,32.25305938720703,39.08320617675781,152.97000122070312,79.5474853515625,76.43061828613281,60.04143142700195,120.62274932861328,80.7367935180664,40.6373291015625
2013-02-25,23.224170684814453,31.82084083557129,38.14773178100586,154.33999633789062,80.16026306152344,74.74295806884766,59.29916763305664,118.32769775390625,82.32354736328125,39.86561965942383
2013-02-26,23.181900024414062,31.99968910217285,38.4550895690918,156.22000122070312,80.01087951660156,75.036865234375,59.52275085449219,119.13773345947266,81.84742736816406,40.14039611816406
2013-02-27,23.03817367553711,32.34993362426758,38.94288635253906,154.57000732421875,79.97350311279297,75.82608795166016,60.1308479309082,120.63862609863281,81.60601806640625,40.432716369628906
2013-02-28,22.936721801757812,32.20089340209961,38.902793884277344,153.0,80.08555603027344,75.96881866455078,60.00566101074219,120.40040588378906,81.75777435302734,40.39177703857422
2013-03-01,22.776090621948242,32.27540969848633,38.822608947753906,152.44000244140625,80.28535461425781,76.31305694580078,60.25605392456055,120.79753112792969,82.20307922363281,40.526241302490234
2013-03-04,22.691543579101562,31.969877243041992,38.98966598510742,152.3000030517578,80.09834289550781,76.51457214355469,60.52433776855469,121.44074249267578,81.7674560546875,40.83024978637695
2013-03-05,22.902902603149414,32.35737991333008,39.377220153808594,152.3800048828125,80.01600646972656,77.40460205078125,61.41860580444336,122.52874755859375,81.53240203857422,41.151798248291016
2013-03-06,22.776090621948242,32.513877868652344,39.47745132446289,153.22999572753906,79.76158905029297,77.6060791015625,61.266597747802734,122.69548797607422,80.79267120361328,41.029022216796875
2013-03-07,22.928268432617188,32.60331344604492,39.5910530090332,152.69000244140625,79.45480346679688,77.97549438476562,61.42755889892578,122.9178237915039,80.17044067382812,40.83610153198242
2013-03-08,22.99590301513672,32.88648986816406,39.677913665771484,152.7100067138672,79.0507583618164,78.69759368896484,61.49910354614258,123.44195556640625,79.33389282226562,40.90624237060547
2013-03-11,23.0128116607666,32.707637786865234,39.79819107055664,152.99000549316406,79.08819580078125,78.67240142822266,61.67797088623047,123.91059875488281,79.40994262695312,40.94133377075195
2013-03-12,23.06353759765625,32.33502960205078,39.59773635864258,154.19000244140625,79.30513763427734,78.51288604736328,61.45439529418945,123.63257598876953,79.9837417602539,40.78933334350586
2013-03-13,22.94517707824707,32.02949523925781,39.5375862121582,153.66000366210938,79.23780822753906,78.8067626953125,61.37391662597656,123.80728149414062,79.90081024169922,40.83024978637695
2013-03-14,23.114261627197266,32.163631439208984,39.92515182495117,153.67999267578125,79.26026153564453,79.59600830078125,61.579586029052734,124.46643829345703,79.65885925292969,41.08747482299805
2013-03-15,23.164989471435547,31.873003005981445,40.005332946777344,154.0,79.53711700439453,79.55396270751953,61.408382415771484,124.30210876464844,80.03215026855469,41.181034088134766
2013-03-18,23.029720306396484,31.515291213989258,39.56431579589844,155.3800048828125,79.79900360107422,79.11739349365234,61.273929595947266,123.61609649658203,80.64057159423828,40.953025817871094
2013-03-19,22.860633850097656,31.291717529296875,39.444034576416016,156.0800018310547,80.04593658447266,78.78158569335938,61.157413482666016,123.32892608642578,81.18675994873047,40.75424575805664
2013-03-20,23.02126693725586,31.470579147338867,39.68459701538086,155.3699951171875,79.73910522460938,79.51203155517578,61.5876350402832,124.19041442871094,80.28105163574219,40.882869720458984
2013-03-21,22.919815063476562,31.15013313293457,39.32376480102539,156.25,79.94860076904297,78.81513214111328,60.88850402832031,123.12952423095703,81.05534362792969,40.76011657714844
2013-03-22,22.962081909179688,31.269367218017578,39.66454315185547,155.5500030517578,79.97856140136719,79.05864715576172,61.48008346557617,124.11863708496094,81.11756134033203,40.97453689575195
2013-03-25,22.978994369506836,31.239561080932617,39.170074462890625,155.24000549316406,80.0384750366211,79.10408020019531,61.2559928894043,123.6001205444336,81.04151916503906,40.98042297363281
2013-03-26,23.190353393554688,31.68669319152832,39.41731643676758,154.72000122070312,80.1207504272461,79.35670471191406,61.5876350402832,124.58926391601562,81.13832092285156,41.33391189575195
2013-03-27,23.308713912963867,31.805923461914062,39.223533630371094,155.36000061035156,80.46491241455078,79.40721130371094,61.668312072753906,124.58926391601562,81.82970428466797,41.41050720214844
2013-03-28,23.08890151977539,31.873003005981445,39.41062927246094,154.4499969482422,80.31526947021484,79.50824737548828,61.82072830200195,124.97216033935547,81.41490173339844,41.5518913269043
2013-04-01,23.08890151977539,31.530193328857422,38.882755279541016,154.6699981689453,80.52880859375,78.43896484375,61.3994026184082,124.47760009765625,82.02808380126953,41.67560958862305
2013-04-02,22.978994369506836,31.545116424560547,39.29703903198242,152.42999267578125,80.37145233154297,77.95056915283203,61.883453369140625,125.09188079833984,81.69547271728516,41.80522918701172
2013-04-03,22.590091705322266,31.172494888305664,39.1032600402832,150.72999572753906,80.7086410522461,76.72970581054688,61.31875991821289,123.82349395751953,82.42992401123047,41.65793991088867
2013-04-04,22.564727783203125,31.083070755004883,39.450721740722656,150.2899932861328,81.03080749511719,77.38642120361328,61.336666107177734,124.3260726928711,83.41377258300781,42.335445404052734
2013-04-05,22.547819137573242,31.0085391998291,39.27030563354492,152.80999755859375,81.28559112548828,77.23494720458984,60.82577133178711,123.7676773071289,85.09746551513672,42.56520080566406
2013-04-08,22.615455627441406,31.06070899963379,39.423988342285156,152.16000366210938,81.02333068847656,77.87479400634766,61.1484260559082,124.60514831542969,84.44615173339844,42.906917572021484
2013-04-09,22.759178161621094,31.366252899169922,39.56431579589844,153.33999633789062,81.05326843261719,77.6474380493164,61.560752868652344,125.03598022460938,84.23832702636719,42.91279602050781
2013-04-10,22.708454132080078,31.664335250854492,40.152339935302734,150.75,80.71611022949219,79.05357360839844,62.761863708496094,126.56747436523438,83.08126831054688,43.177913665771484
2013-04-11,22.615455627441406,31.694141387939453,40.46638870239258,151.0500030517578,80.80599975585938,79.16307067871094,62.7349739074707,126.98231506347656,83.24057006835938,43.431243896484375
2013-04-12,22.33646011352539,31.20975112915039,40.36616134643555,143.9499969482422,81.2555923461914,78.84309387207031,62.69015121459961,126.67119598388672,84.4808349609375,43.53730392456055
2013-04-15,21.66856575012207,30.449626922607422,39.571006774902344,131.30999755859375,81.4354248046875,75.87089538574219,61.45317840576172,123.7357177734375,85.21520233154297,42.63591384887695
2013-04-16,21.896833419799805,31.07562255859375,40.13229751586914,132.8000030517578,81.2031478881836,77.18439483642578,62.268882751464844,125.56246948242188,84.51543426513672,43.342872619628906
2013-04-17,21.57556915283203,30.58376693725586,39.29703903198242,132.8699951171875,81.35295867919922,75.84563446044922,61.04985046386719,123.72776794433594,85.07669067382812,42.88335037231445
2013-04-18,21.803834915161133,30.58376693725586,39.176761627197266,134.3000030517578,81.3979263305664,75.42465209960938,60.2072639465332,122.95402526855469,85.28455352783203,42.81854248046875
2013-04-19,21.753110885620117,31.030900955200195,39.490814208984375,135.47000122070312,81.35295867919922,76.29188537597656,61.03192138671875,124.0229263305664,85.10441589355469,43.4783821105957
2013-04-22,21.820743560791016,31.179941177368164,39.657859802246094,137.89999389648438,81.3979263305664,76.51078033447266,61.65935134887695,124.57323455810547,85.166748046875,43.41946792602539
2013-04-23,21.685474395751953,31.328989028930664,40.21915054321289,136.8800048828125,81.34550476074219,77.72323608398438,62.250911712646484,125.85760498046875,84.86880493164062,43.66100311279297
2013-04-24,21.922197341918945,31.515291213989258,40.566619873046875,138.3699951171875,81.3829345703125,78.12738800048828,62.22404098510742,125.93739318847656,85.08360290527344,43.7552604675293
2013-04-25,22.209646224975586,31.798471450805664,40.78044128417969,141.6300048828125,81.2930908203125,78.64098358154297,62.55567169189453,126.4478530883789,84.71636199951172,43.60797882080078
2013-04-26,22.082834243774414,31.478025436401367,40.81385803222656,140.91000366210938,81.5852279663086,78.22003936767578,62.358497619628906,126.22452545166016,85.49238586425781,43.46659851074219
2013-04-29,22.378734588623047,31.805923461914062,41.33504867553711,142.3000030517578,81.5552749633789,78.78416442871094,62.93219757080078,127.07002258300781,85.18062591552734,43.8377571105957
2013-04-30,22.209646224975586,32.26051712036133,41.38850402832031,142.77000427246094,81.54032897949219,79.23038482666016,63.389305114746094,127.37317657470703,85.22907257080078,44.35029220581055
2013-05-01,21.81229019165039,31.910266876220703,41.14127731323242,141.11000061035156,81.8066177368164,77.31068420410156,63.09349060058594,126.25637817382812,86.10464477539062,43.99681091308594
2013-05-02,22.091283798217773,32.163631439208984,41.26822280883789,141.9199981689453,81.8066177368164,78.53997802734375,63.891231536865234,127.4289779663086,85.99353790283203,44.285484313964844
2013-05-03,22.33646011352539,32.431907653808594,41.796119689941406,142.08999633789062,81.10896301269531,79.78612518310547,64.64414978027344,128.72122192382812,83.966064453125,44.46223831176758
2013-05-06,22.36182403564453,32.47662353515625,41.74266052246094,142.14999389648438,81.00391387939453,80.2997055053711,64.89512634277344,129.0482940673828,83.75779724121094,44.691993713378906
2013-05-07,22.285734176635742,32.707637786865234,41.80947494506836,140.3800048828125,80.8913803100586,80.9564437866211,64.85929107666016,129.70237731933594,83.43146514892578,44.93943405151367
2013-05-08,22.387187957763672,32.961021423339844,42.25049591064453,142.4600067138672,80.98892974853516,81.19219970703125,65.17302703857422,130.2926788330078,83.56338500976562,44.9630012512207
2013-05-09,22.378734588623047,32.72254943847656,41.84288787841797,140.80999755859375,80.97390747070312,80.91435241699219,65.0833740234375,129.92576599121094,83.34815979003906,44.66843032836914
2013-05-10,22.277280807495117,32.469173431396484,41.88966751098633,139.60000610351562,80.51631927490234,81.52897644042969,65.47777557373047,130.3485107421875,82.45240783691406,44.83340072631836
2013-05-13,22.17582893371582,32.171077728271484,41.86961364746094,138.42999267578125,80.37378692626953,81.4700698852539,65.55842590332031,130.4522247314453,81.8205795288086,45.045475006103516
2013-05-14,22.0997371673584,32.32011413574219,41.94979476928711,137.80999755859375,80.05119323730469,82.51410675048828,65.89906311035156,131.80027770996094,80.9318618774414,45.21044921875
2013-05-15,22.049013137817383,32.32757568359375,42.130210876464844,134.6300048828125,80.2612533569336,82.68250274658203,66.03350830078125,132.51019287109375,81.47346496582031,45.65818786621094
2013-05-16,22.023649215698242,32.215797424316406,41.84288787841797,134.08999633789062,80.64383697509766,82.47200775146484,65.96178436279297,131.8880157470703,82.32054901123047,45.422515869140625
2013-05-17,22.13355827331543,32.35737991333008,42.130210876464844,131.07000732421875,80.20870971679688,83.398193359375,66.59819030761719,133.16427612304688,81.27899169921875,45.67584991455078
2013-05-20,22.277280807495117,32.43936538696289,42.36408996582031,135.1199951171875,80.14875030517578,83.53292083740234,66.4996109008789,133.1563720703125,81.1818618774414,45.78190231323242
2013-05-21,22.150466918945312,32.37228775024414,42.450958251953125,132.8800048828125,80.3587646484375,83.54975128173828,66.5713119506836,133.34774780273438,81.8205795288086,46.04111862182617
2013-05-22,22.049013137817383,32.014591217041016,42.0233039855957,131.94000244140625,79.72113037109375,82.32887268066406,65.98869323730469,132.35862731933594,80.60549926757812,44.92176818847656
2013-05-23,22.150466918945312,31.776121139526367,41.42192840576172,134.61000061035156,79.80358123779297,82.429931640625,65.83631134033203,131.9757080078125,80.9874038696289,44.07929992675781
2013-05-24,22.0659236907959,31.500389099121094,41.06108856201172,133.75999450683594,79.83366394042969,82.41307830810547,65.80047607421875,131.86407470703125,81.09851837158203,43.96736145019531
2013-05-28,22.268827438354492,31.67179298400879,41.16801452636719,133.49000549316406,78.89591979980469,83.4823989868164,66.23068237304688,132.65374755859375,79.04326629638672,43.59031295776367
2013-05-29,22.125104904174805,31.269367218017578,40.77375793457031,134.8300018310547,79.21853637695312,82.70777130126953,65.91698455810547,131.7923126220703,79.93204498291016,42.66535568237305
2013-05-30,22.125104904174805,31.269367218017578,40.934139251708984,136.6999969482422,79.22600555419922,83.26347351074219,66.26657104492188,132.27886962890625,79.73754119873047,42.264739990234375
2013-05-31,21.86301612854004,30.703006744384766,40.138973236083984,133.9199981689453,79.00841522216797,82.345703125,65.65705108642578,130.38034057617188,79.46680450439453,41.699180603027344
2013-06-03,22.13355827331543,31.157588958740234,40.29265594482422,136.50999450683594,79.12260437011719,83.12877655029297,65.77357482910156,131.09832763671875,79.88789367675781,41.934814453125
2013-06-04,22.21809959411621,30.77752685546875,40.43966293334961,135.22999572753906,78.91980743408203,82.24468994140625,65.43294525146484,130.46812438964844,79.15013122558594,41.35157775878906
2013-06-05,22.116647720336914,30.2260684967041,39.5375862121582,135.52000427246094,79.30290222167969,81.19219970703125,64.58142852783203,128.6414337158203,80.24282836914062,41.00989532470703
2013-06-06,22.201194763183594,30.47943878173828,39.758094787597656,136.52999877929688,79.40058135986328,82.05103302001953,64.89512634277344,129.80604553222656,80.19412231445312,41.66972732543945
2013-06-07,22.251916885375977,30.32294464111328,40.29265594482422,133.27999877929688,78.78458404541016,82.68250274658203,65.78252410888672,131.457275390625,78.76033782958984,41.67560958862305
2013-06-10,22.16737174987793,29.91307258605957,40.3327522277832,133.94000244140625,78.58930206298828,83.18768310546875,65.80941009521484,131.457275390625,78.38451385498047,41.316253662109375
2013-06-11,21.972923278808594,29.346710205078125,39.838279724121094,133.25,78.78458404541016,82.28678131103516,65.15507507324219,130.10125732421875,79.31713104248047,40.70353317260742
2013-06-12,21.998289108276367,29.1455020904541,39.79151153564453,134.25,78.4315414428711,81.4700698852539,64.40216064453125,129.02432250976562,78.18267822265625,40.14974594116211
2013-06-13,22.142013549804688,29.76402473449707,40.399574279785156,133.74000549316406,79.02493286132812,82.90984344482422,65.21783447265625,130.98663330078125,79.40766143798828,41.19253158569336
2013-06-14,22.235010147094727,29.294540405273438,39.958553314208984,134.42999267578125,79.1301498413086,82.26993560791016,64.78758239746094,130.16500854492188,79.2197494506836,41.34569549560547
2013-06-17,22.285734176635742,29.562814712524414,40.53321838378906,133.77000427246094,78.94227600097656,82.80879974365234,65.41504669189453,131.1701202392578,78.80213165283203,41.4635124206543
2013-06-18,22.328006744384766,29.68950653076172,40.82054138183594,132.1300048828125,78.89727020263672,83.78551483154297,65.95284271240234,132.20712280273438,78.8438720703125,41.67560958862305
2013-06-19,22.36182403564453,28.77288818359375,40.05878448486328,130.58999633789062,77.81554412841797,82.75827026367188,65.21783447265625,130.38034057617188,78.02952575683594,40.39718246459961
2013-06-20,21.634750366210938,27.48366355895996,38.588741302490234,123.5999984741211,77.46250915527344,80.56914520263672,63.66715621948242,127.14983367919922,76.74888610839844,38.718143463134766
2013-06-21,21.499479293823242,27.878623962402344,38.71569061279297,125.05000305175781,76.64371490478516,80.80487060546875,63.32906723022461,127.55797576904297,75.44733428955078,39.242462158203125
2013-06-24,21.406478881835938,27.31226348876953,38.10763931274414,123.93000030517578,76.45594024658203,79.7439956665039,62.69963073730469,125.94615173339844,75.76054382324219,39.06464385986328
2013-06-25,21.42338752746582,27.893524169921875,38.595428466796875,123.47000122070312,76.36576080322266,80.51017761230469,63.158233642578125,127.15702056884766,75.0854263305664,39.71887969970703
2013-06-26,21.364208221435547,28.33320426940918,38.749107360839844,118.27999877929688,76.67377471923828,80.88907623291016,63.72471618652344,128.41604614257812,75.57263946533203,40.31960678100586
2013-06-27,21.355754852294922,28.9017276763916,39.139076232910156,115.94000244140625,77.08689880371094,82.14364624023438,63.99445724487305,129.1697998046875,76.34520721435547,41.12849044799805
2013-06-28,21.245845794677734,29.06783103942871,39.0640754699707,119.11000061035156,76.99675750732422,81.67212677001953,64.0843734741211,128.64053344726562,76.86720275878906,40.87274169921875
2013-07-01,21.381118774414062,29.158424377441406,39.432228088378906,121.12999725341797,77.02613067626953,83.00245666503906,64.47999572753906,129.3943328857422,77.02206420898438,40.78352737426758
2013-07-02,21.46565818786621,28.63747787475586,39.23450469970703,120.05000305175781,77.05618286132812,82.94327545166016,64.50698852539062,129.2740936279297,76.97325134277344,41.408042907714844
2013-07-03,21.660110473632812,28.373220443725586,39.24814224243164,120.73999786376953,76.90576934814453,83.11238861083984,64.76774597167969,129.3302001953125,76.74307250976562,41.13445281982422
2013-07-05,21.609386444091797,28.192018508911133,39.432228088378906,118.08999633789062,75.61193084716797,84.28787994384766,65.26229095458984,130.7254638671875,74.12704467773438,40.93816375732422
2013-07-08,21.71929168701172,28.22977066040039,39.67765808105469,119.51000213623047,76.0557632446289,84.62616729736328,65.32521057128906,131.47122192382812,74.84554290771484,40.979801177978516
2013-07-09,21.854562759399414,28.5997257232666,39.89581298828125,120.62000274658203,76.18364715576172,85.41260528564453,65.72087860107422,132.41746520996094,74.92230224609375,41.56267547607422
2013-07-10,21.922197341918945,28.32792854309082,40.0117073059082,120.94999694824219,75.9128189086914,85.64942169189453,66.09854125976562,132.46556091308594,74.33627319335938,41.58051681518555
2013-07-11,22.0321044921875,29.717144012451172,41.04794692993164,124.23999786376953,76.67254638671875,86.6557388305664,67.41136932373047,134.2698516845703,75.20832824707031,42.585670471191406
2013-07-12,22.116647720336914,29.40003776550293,40.77526092529297,124.12999725341797,76.6124038696289,86.8333740234375,67.70809173583984,134.32601928710938,75.14552307128906,42.32398223876953
2013-07-15,22.05746841430664,29.702041625976562,41.02750778198242,124.18000030517578,76.85308837890625,87.59445190429688,67.86090850830078,134.8392791748047,75.543212890625,42.50241470336914
2013-07-16,22.082834243774414,29.822845458984375,41.000244140625,124.88999938964844,76.89067840576172,87.15469360351562,67.77102661132812,134.33401489257812,75.80125427246094,42.53215408325195
2013-07-17,22.0659236907959,30.094654083251953,41.12295150756836,123.31999969482422,77.22920227050781,87.49295043945312,67.94182586669922,134.67889404296875,75.94081115722656,42.686798095703125
2013-07-18,22.158918380737305,29.73978042602539,41.395652770996094,124.01000213623047,76.86813354492188,88.07648468017578,67.77102661132812,135.4165802001953,74.9920425415039,43.04960250854492
2013-07-19,22.17582893371582,29.656742095947266,41.361568450927734,125.11000061035156,77.28935241699219,88.2117919921875,67.06962585449219,135.6571044921875,76.17796325683594,43.01985549926758
2013-07-22,22.158918380737305,29.951194763183594,41.593353271484375,128.83999633789062,77.28182983398438,88.3978500366211,67.2674331665039,135.92176818847656,76.28962707519531,43.150718688964844
2013-07-23,22.192737579345703,30.27584457397461,41.68199157714844,129.7100067138672,77.19155883789062,88.33863830566406,66.7729263305664,135.6331329345703,75.96868896484375,43.1031494140625
2013-07-24,22.015193939208984,29.966289520263672,41.6274528503418,127.4800033569336,76.67254638671875,87.6029281616211,66.98873138427734,135.13592529296875,75.00601196289062,42.26451110839844
2013-07-25,21.98983383178711,30.139942169189453,41.709259033203125,128.6699981689453,76.785400390625,88.40628051757812,67.41136932373047,135.46469116210938,74.97814178466797,42.32994079589844
2013-07-26,21.854562759399414,30.071992874145508,41.450191497802734,128.77999877929688,76.85308837890625,88.05110168457031,67.77102661132812,135.6090545654297,75.43851470947266,42.365631103515625
2013-07-29,21.846111297607422,29.694486618041992,41.05478286743164,128.47000122070312,76.6951675415039,87.43375396728516,67.64512634277344,135.19204711914062,74.8874282836914,42.05039596557617
2013-07-30,21.770017623901367,29.626537322998047,41.04794692993164,128.1199951171875,76.67254638671875,87.5098648071289,68.00479125976562,135.19204711914062,74.85952758789062,41.92549514770508
2013-07-31,21.922197341918945,29.452880859375,41.14340591430664,127.95999908447266,76.72523498535156,87.66207122802734,68.13067626953125,135.28829956054688,75.13157653808594,41.24150085449219
2013-08-01,21.972923278808594,29.988943099975586,41.702430725097656,126.61000061035156,76.04804992675781,88.85450744628906,68.82307434082031,136.85198974609375,73.68390655517578,41.08090591430664
2013-08-02,21.88838005065918,29.98139190673828,42.043312072753906,126.36000061035156,76.69580078125,88.93061828613281,69.2096939086914,137.08450317382812,74.49514770507812,40.87868881225586
2013-08-05,21.778472900390625,29.792638778686523,41.954681396484375,125.69999694824219,76.45481872558594,89.2350082397461,69.254638671875,136.88406372070312,73.9217300415039,40.84894943237305
2013-08-06,21.600929260253906,29.415138244628906,41.89332580566406,123.97000122070312,76.4773941040039,88.33863830566406,68.84101104736328,136.1062469482422,74.13846588134766,40.706199645996094
2013-08-07,21.457204818725586,29.098031997680664,41.709259033203125,124.1500015258789,76.75607299804688,87.71283721923828,68.71513366699219,135.66517639160156,74.6910171508789,40.59915542602539
2013-08-08,21.56711196899414,29.656742095947266,42.08420944213867,126.86000061035156,76.86909484863281,88.07648468017578,69.05683135986328,136.16236877441406,74.89380645751953,40.61698913574219
2013-08-09,21.71929168701172,29.717144012451172,42.159202575683594,126.86000061035156,76.92176818847656,87.98345184326172,68.77809143066406,135.7694091796875,75.0126724243164,40.97385025024414
2013-08-12,21.98137855529785,29.996492385864258,42.043312072753906,129.1300048828125,76.77119445800781,88.44857788085938,68.93991088867188,135.6090545654297,74.50213623046875,40.68240737915039
2013-08-13,21.972923278808594,30.17769432067871,42.31600570678711,127.73999786376953,76.07816314697266,88.33016967773438,69.32658386230469,136.00997924804688,73.42515563964844,40.12333297729492
2013-08-14,22.150466918945312,30.27584457397461,42.336463928222656,129.0,76.14595794677734,87.98345184326172,69.06583404541016,135.31234741210938,73.53706359863281,39.968685150146484
2013-08-15,22.36182403564453,29.928529739379883,41.98194885253906,131.69000244140625,75.72413635253906,86.35131072998047,67.89688110351562,133.4198455810547,72.54399108886719,39.23712158203125
2013-08-16,22.370275497436523,29.671842575073242,42.05694580078125,132.5800018310547,75.430419921875,85.9876937866211,67.86991882324219,132.9788055419922,72.29219818115234,38.27359390258789
2013-08-19,22.344913482666016,29.11313247680664,41.75697708129883,132.00999450683594,75.10652923583984,85.11663055419922,67.75301361083984,132.1287841796875,71.66278076171875,37.76803207397461
2013-08-20,22.302642822265625,29.060285568237305,41.702430725097656,132.4499969482422,75.51322174072266,86.34288787841797,68.04973602294922,132.77838134765625,72.21527099609375,38.624507904052734
2013-08-21,22.277280807495117,28.380773544311523,41.21157455444336,132.07000732421875,75.03862762451172,85.81855773925781,67.81597137451172,131.9604034423828,71.42498016357422,38.53529357910156
2013-08-22,22.285734176635742,28.841337203979492,41.613800048828125,132.80999755859375,75.00859069824219,87.02784729003906,68.48136138916016,133.16322326660156,72.15231323242188,38.767242431640625
2013-08-23,22.463275909423828,29.181089401245117,41.97513961791992,134.89999389648438,75.430419921875,87.24773406982422,68.93991088867188,133.61228942871094,72.93556213378906,39.171695709228516
2013-08-26,22.590091705322266,28.86398696899414,41.66834259033203,135.4499969482422,75.58104705810547,87.25616455078125,68.97589874267578,133.11514282226562,73.29925537109375,39.058692932128906
2013-08-27,22.809904098510742,28.19957160949707,40.95933151245117,136.75,76.01036834716797,85.20966339111328,67.56419372558594,130.9739990234375,74.22244262695312,38.86836242675781
2013-08-28,22.84372329711914,28.259977340698242,40.9116096496582,136.7100067138672,75.70154571533203,85.37879943847656,67.82495880126953,131.4391632080078,73.62096405029297,38.630455017089844
2013-08-29,22.60700035095215,28.486474990844727,40.843441009521484,135.8699951171875,75.77688598632812,86.23291778564453,68.3014907836914,131.64767456054688,74.20838928222656,38.689918518066406
2013-08-30,22.53936767578125,28.705429077148438,40.338932037353516,134.6199951171875,75.63380432128906,84.8883056640625,67.86090850830078,131.230712890625,74.12451171875,38.3628044128418
2013-09-03,22.657726287841797,28.886634826660156,41.11613464355469,136.4199981689453,75.20453643798828,85.46334838867188,68.2475814819336,131.8240966796875,73.07901763916016,38.02973175048828
2013-09-04,22.463275909423828,29.40003776550293,41.48427200317383,134.66000366210938,74.95560455322266,86.21599578857422,68.97589874267578,132.91468811035156,72.91771697998047,38.35686492919922
2013-09-05,22.412548065185547,29.747343063354492,41.450191497802734,132.1999969482422,74.38228607177734,86.35131072998047,69.0927734375,133.08311462402344,71.9009780883789,37.95241165161133
2013-09-06,22.53936767578125,30.18524742126465,41.675167083740234,134.14999389648438,74.83487701416016,86.58810424804688,69.1737289428711,133.14723205566406,72.25858306884766,38.54124450683594
2013-09-09,22.395641326904297,30.97800636291504,42.247825622558594,133.91000366210938,74.98577880859375,87.89886474609375,69.98299407958984,134.4222412109375,72.29367065429688,39.34418487548828
2013-09-10,22.192737579345703,31.212060928344727,42.72505187988281,131.74000549316406,74.63875579833984,88.76148223876953,70.32463836669922,135.4165802001953,71.788818359375,39.314453125
2013-09-11,22.2265567779541,31.234704971313477,42.87504577636719,131.6999969482422,75.01591491699219,88.80376434326172,70.18980407714844,135.841552734375,72.42688751220703,39.62967300415039
2013-09-12,22.33646011352539,30.87229347229004,42.629615783691406,127.66999816894531,75.0234603881836,88.15259552001953,70.14485931396484,135.48072814941406,72.32876586914062,39.37392044067383
2013-09-13,22.268827438354492,31.07615852355957,42.834136962890625,127.81999969482422,75.1215591430664,88.63462829589844,70.18980407714844,135.78543090820312,72.60919189453125,39.48691940307617
2013-09-16,21.98983383178711,31.4234561920166,43.16818618774414,126.44999694824219,75.28746795654297,88.82910919189453,70.0009536743164,136.5712890625,72.12541961669922,39.879478454589844
2013-09-17,21.761564254760742,31.355504989624023,43.19546127319336,126.5,75.43839263916016,89.70861053466797,70.46857452392578,137.18075561523438,72.72140502929688,39.855682373046875
2013-09-18,22.235010147094727,32.669227600097656,44.34760665893555,132.00999450683594,76.37384796142578,90.56275177001953,71.31376647949219,138.76852416992188,73.61896514892578,41.20581817626953
2013-09-19,22.150466918945312,32.495574951171875,44.13627624511719,131.75,76.10977172851562,90.46974182128906,71.48458862304688,138.5359344482422,73.1841812133789,41.17012405395508
2013-09-20,21.947559356689453,31.770761489868164,43.81584930419922,127.95999908447266,76.18521881103516,90.13990783691406,71.23931121826172,137.56741333007812,73.56987762451172,40.498023986816406
2013-09-23,21.786930084228516,31.884017944335938,43.802215576171875,127.55000305175781,76.47184753417969,90.14838409423828,71.09500122070312,136.93080139160156,74.10975646972656,40.220733642578125
2013-09-24,21.778472900390625,31.61220359802246,43.734039306640625,127.66000366210938,76.75101470947266,90.44769287109375,71.09500122070312,136.60848999023438,74.90912628173828,39.91462707519531
2013-09-25,21.81229019165039,31.3705997467041,43.781761169433594,128.7899932861328,76.96226501464844,90.27809143066406,70.85147094726562,136.21359252929688,75.06341552734375,40.04667663574219
2013-09-26,21.98137855529785,31.49895477294922,43.96583557128906,127.79000091552734,76.7962646484375,90.77839660644531,71.40166473388672,136.73744201660156,74.53750610351562,40.292762756347656
2013-09-27,21.871469497680664,31.129005432128906,43.80903244018555,128.97000122070312,76.90185546875,90.3713607788086,71.31146240234375,136.1089324951172,74.71980285644531,40.12471008300781
2013-09-30,21.778472900390625,30.774150848388672,43.495418548583984,128.17999267578125,77.03012084960938,90.39683532714844,71.14006042480469,135.3835906982422,74.60769653320312,39.698543548583984
2013-10-01,21.634750366210938,31.38570213317871,43.727230072021484,124.58999633789062,76.85861206054688,91.4482650756836,71.86158752441406,136.455322265625,74.38127136230469,40.274757385253906
2013-10-02,21.846111297607422,31.506519317626953,43.713592529296875,127.05999755859375,76.9870834350586,91.07514190673828,71.83454895019531,136.3264617919922,74.4937515258789,40.33476638793945
2013-10-03,21.81229019165039,31.38570213317871,43.42725372314453,127.18000030517578,77.09285736083984,90.14241790771484,70.99581909179688,135.0693359375,74.37422180175781,39.632511138916016
2013-10-04,21.879924774169922,31.793418884277344,43.529510498046875,126.52999877929688,76.88129425048828,90.74444580078125,71.60909271240234,136.0927734375,74.3179931640625,39.55448532104492
2013-10-07,22.0321044921875,31.5216121673584,43.07956314086914,127.63999938964844,76.94927215576172,89.68456268310547,71.01384735107422,134.91627502441406,74.62032318115234,39.734561920166016
2013-10-08,22.108192443847656,31.2195987701416,42.74551010131836,127.4000015258789,76.9114761352539,88.234619140625,69.64299011230469,133.34495544433594,74.64139556884766,39.302398681640625
2013-10-09,21.947559356689453,31.453659057617188,42.92958068847656,126.11000061035156,76.77552795410156,87.87846374511719,69.426513671875,133.44168090820312,74.04379272460938,39.30839920043945
2013-10-10,22.2265567779541,32.193565368652344,43.699954986572266,124.2699966430664,76.60932922363281,89.99827575683594,70.8965835571289,136.31838989257812,74.163330078125,40.31076431274414
2013-10-11,22.108192443847656,32.337013244628906,43.93174362182617,122.5999984741211,76.72265625,91.30408477783203,71.45574188232422,137.1967315673828,74.14220428466797,40.71291732788086
2013-10-14,22.0997371673584,32.52577590942383,44.08173370361328,122.83000183105469,76.46575164794922,91.761962890625,71.96080017089844,137.7446746826172,73.54460906982422,40.73691940307617
2013-10-15,22.023649215698242,32.20866012573242,43.87038040161133,123.7300033569336,76.48090362548828,90.86316680908203,71.68124389648438,136.74549865722656,73.49541473388672,40.586875915527344
2013-10-16,22.192737579345703,32.465370178222656,44.19762420654297,123.54000091552734,76.85107421875,91.99089050292969,72.49291229248047,138.65521240234375,74.41639709472656,41.349151611328125
2013-10-17,22.074377059936523,32.669227600097656,44.783935546875,127.41999816894531,77.28923797607422,92.79640197753906,72.90776824951172,139.5819091796875,75.09133911132812,41.9733772277832
2013-10-18,22.201194763183594,32.69940948486328,45.049808502197266,126.8499984741211,77.2968521118164,93.85630798339844,74.0892562866211,140.5247039794922,75.25304412841797,41.93136215209961
2013-10-21,22.150466918945312,32.64657974243164,45.11798858642578,126.9800033569336,77.2439193725586,93.66978454589844,74.2515640258789,140.53274536132812,75.01399230957031,41.679283142089844
2013-10-22,22.125104904174805,32.963680267333984,45.56794357299805,129.33999633789062,77.78033447265625,93.91567993164062,74.35978698730469,141.34664916992188,75.85059356689453,42.06341552734375
2013-10-23,21.786930084228516,32.193565368652344,45.12480163574219,128.69000244140625,77.91632080078125,93.6019287109375,73.90884399414062,140.66978454589844,76.14585876464844,42.141441345214844
2013-10-24,21.795381546020508,32.1256217956543,45.438411712646484,129.89999389648438,77.7576675415039,94.10220336914062,74.2335433959961,141.13717651367188,75.85059356689453,42.12943649291992
2013-10-25,21.86301612854004,32.2766227722168,45.30887222290039,130.4600067138672,77.89369201660156,94.18704223632812,74.76567077636719,141.7817840576172,76.13180541992188,42.645633697509766
2013-10-28,21.947559356689453,32.465370178222656,45.233882904052734,130.55999755859375,77.81810760498047,94.14463806152344,74.78369903564453,142.00735473632812,75.87174224853516,42.339515686035156
2013-10-29,21.88838005065918,32.57107162475586,45.32933044433594,129.77000427246094,77.92391204833984,94.41593170166016,74.90994262695312,142.7648162841797,75.97015380859375,42.09342575073242
2013-10-30,21.956012725830078,32.38987350463867,45.165706634521484,129.60000610351562,77.71993255615234,93.12712860107422,74.8377914428711,142.0557098388672,75.5131607055664,41.73929214477539
2013-10-31,21.770017623901367,32.05765914916992,44.913455963134766,127.73999786376953,77.62924194335938,92.58444213867188,74.66643524169922,141.65286254882812,75.67488098144531,41.49321365356445
2013-11-01,21.499479293823242,32.07276916503906,44.69530487060547,126.94999694824219,77.19865417480469,92.18592834472656,74.68445587158203,141.99130249023438,74.855712890625,41.70928955078125
2013-11-04,21.406478881835938,32.26906967163086,44.913455963134766,126.80999755859375,77.35001373291016,93.24583435058594,74.79268646240234,142.4908447265625,74.92622375488281,41.787315368652344
2013-11-05,21.347299575805664,31.619766235351562,44.52486801147461,126.55999755859375,77.00191497802734,92.92362976074219,74.87388610839844,142.03961181640625,74.03095245361328,41.103065490722656
2013-11-06,21.364208221435547,31.717905044555664,44.913455963134766,127.19999694824219,77.2364730834961,92.52508544921875,74.85579681396484,142.7648162841797,74.06623840332031,41.043033599853516
2013-11-07,21.21202850341797,31.144107818603516,44.20444869995117,126.16000366210938,77.44078063964844,90.96491241455078,73.44890594482422,140.95977783203125,74.69361114501953,40.53284454345703
2013-11-08,21.33038902282715,31.07615852355957,44.46352005004883,124.27999877929688,76.57061767578125,92.61837005615234,74.44095611572266,142.8615264892578,72.89604187011719,39.98666000366211
2013-11-11,21.42338752746582,30.917600631713867,44.5589485168457,123.87000274658203,76.53276824951172,92.74553680419922,74.32369995117188,142.88568115234375,72.62110137939453,40.02867126464844
2013-11-12,21.279664993286133,30.75149917602539,44.408973693847656,122.44999694824219,76.46467590332031,92.82183837890625,74.44095611572266,142.5956268310547,72.95947265625,39.84859848022461
2013-11-13,21.372663497924805,30.804344177246094,44.5521354675293,122.8499984741211,76.78250885009766,93.71216583251953,75.34284210205078,143.73983764648438,73.227294921875,40.10669708251953
2013-11-14,21.46565818786621,31.30266571044922,44.75666046142578,124.2699966430664,77.1532974243164,93.61894226074219,75.57733917236328,144.45700073242188,73.67855072021484,40.3887939453125
2013-11-15,21.43184471130371,31.899112701416016,45.11798858642578,124.31999969482422,77.09274291992188,93.97505187988281,75.72162628173828,145.08555603027344,73.8265609741211,40.538848876953125
2013-11-18,21.28812026977539,32.18600845336914,45.11798858642578,122.9000015258789,77.36517333984375,93.31363677978516,74.98210906982422,144.57789611816406,74.27064514160156,40.28675842285156
2013-11-19,21.254301071166992,31.98971176147461,45.00209045410156,122.94999694824219,77.07759857177734,92.73706817626953,74.76567077636719,144.26358032226562,73.70671844482422,40.004661560058594
2013-11-20,21.271207809448242,31.551816940307617,44.688480377197266,120.12000274658203,76.65386962890625,92.70316314697266,74.58526611328125,143.8123321533203,72.4519271850586,39.518489837646484
2013-11-21,21.541748046875,31.5216121673584,44.9680061340332,119.94000244140625,76.72196197509766,94.37357330322266,75.34284210205078,144.97276306152344,72.57178497314453,39.824588775634766
2013-11-22,21.609386444091797,31.74812126159668,45.097537994384766,119.91999816894531,76.94140625,94.83988189697266,75.74867248535156,145.69796752929688,73.2485122680664,39.66852569580078
2013-11-25,21.58402442932129,31.340412139892578,44.961177825927734,120.45999908447266,77.00191497802734,94.95862579345703,75.9290542602539,145.55294799804688,73.45994567871094,39.48247528076172
2013-11-26,21.57556915283203,31.446109771728516,44.961177825927734,119.81999969482422,77.16842651367188,95.66239166259766,76.32588958740234,145.59324645996094,73.73491668701172,39.34441375732422
2013-11-27,21.57556915283203,31.64995574951172,45.07026672363281,119.45999908447266,76.9943618774414,96.19656372070312,76.85800170898438,145.94773864746094,73.60798645019531,39.6805534362793
2013-11-29,21.56711196899414,31.974609375,45.15888977050781,120.69999694824219,76.94898223876953,96.24744415283203,77.31795501708984,145.85104370117188,73.62913513183594,39.314395904541016
2013-12-02,21.541748046875,31.30266571044922,44.8248291015625,117.58000183105469,76.61846923828125,95.28083801269531,77.092529296875,145.47239685058594,73.05651092529297,39.0863151550293
2013-12-03,21.66856575012207,31.196956634521484,44.51123046875,117.95999908447266,76.75493621826172,94.82299041748047,77.02936553955078,144.8438262939453,73.32515716552734,39.008277893066406
2013-12-04,21.710838317871094,31.15920639038086,44.27262496948242,119.95999908447266,76.40628051757812,94.56855773925781,77.10149383544922,144.82769775390625,72.62518310546875,39.152347564697266
2013-12-05,21.685474395751953,30.97800636291504,44.02037811279297,118.30000305175781,76.2168197631836,94.63642883300781,77.00228881835938,144.19114685058594,72.42012023925781,39.2904052734375
2013-12-06,21.761564254760742,31.66506004333496,44.56576919555664,118.55000305175781,76.28501892089844,95.37411499023438,77.56148529052734,145.802734375,72.76653289794922,39.57249450683594
2013-12-09,21.685474395751953,31.710365295410156,44.51805114746094,119.72000122070312,76.37598419189453,95.34866333007812,77.87712097167969,146.17344665527344,72.93627166748047,39.76457214355469
2013-12-10,21.753110885620117,31.7254581451416,44.443058013916016,121.81999969482422,76.69432067871094,94.48377227783203,77.82301330566406,145.64964294433594,73.4594497680664,39.66252517700195
2013-12-11,21.753110885620117,31.0233097076416,44.027198791503906,120.86000061035156,76.39872741699219,92.93211364746094,76.82191467285156,144.01385498046875,72.89385223388672,38.75020217895508
2013-12-12,21.55020523071289,30.842092514038086,43.70677185058594,118.29000091552734,76.17893981933594,93.1356201171875,76.62349700927734,143.53839111328125,72.61813354492188,38.53411102294922
2013-12-13,21.46565818786621,30.917600631713867,43.67951202392578,119.37999725341797,76.29261779785156,93.4408187866211,76.52430725097656,143.5222930908203,72.97161102294922,38.63014602661133
2013-12-16,21.533294677734375,31.121456146240234,43.99311065673828,119.69000244140625,76.25471496582031,94.55162048339844,76.94818878173828,144.41673278808594,72.70296478271484,38.76219177246094
2013-12-17,21.43184471130371,30.849660873413086,43.802215576171875,118.6500015258789,76.49725341796875,94.41593170166016,76.79489135742188,143.95750427246094,73.02816772460938,38.94227600097656
2013-12-18,21.47411346435547,31.46368408203125,44.491241455078125,117.61000061035156,76.20927429199219,95.71326446533203,77.68772888183594,146.41510009765625,72.6605224609375,39.632511138916016
2013-12-19,21.524839401245117,30.884700775146484,44.491241455078125,114.81999969482422,75.89086151123047,95.00104522705078,77.47128295898438,146.24591064453125,72.58979797363281,39.0863151550293
2013-12-20,21.69392967224121,30.8389835357666,44.74567794799805,115.94000244140625,76.12589263916016,96.60357666015625,78.26021575927734,147.09666442871094,73.7069320678711,39.3264045715332
2013-12-23,21.69392967224121,31.067535400390625,45.20640563964844,115.56999969482422,75.88330841064453,97.69906616210938,79.08354949951172,147.8824920654297,73.28980255126953,39.40443420410156
2013-12-24,21.761564254760742,31.25037384033203,45.29579544067383,116.0999984741211,75.58772277832031,98.0735855102539,79.1197280883789,148.20655822753906,72.70296478271484,39.43979263305664
2013-12-26,21.795381546020508,30.983734130859375,45.543357849121094,116.73999786376953,75.52247619628906,98.08209228515625,79.38212585449219,148.9600372314453,72.42277526855469,39.470272064208984
2013-12-27,21.854562759399414,31.46368408203125,45.77716827392578,117.12000274658203,75.47693634033203,98.02250671386719,79.18305206298828,148.95191955566406,72.21707153320312,39.55561065673828
2013-12-30,21.72774887084961,31.6008243560791,45.96970748901367,115.38999938964844,75.68185424804688,97.96294403076172,79.06544494628906,148.92762756347656,72.7136459350586,39.567813873291016
2013-12-31,21.69392967224121,31.84461212158203,46.14160919189453,116.12000274658203,75.34022521972656,98.19274139404297,79.58112335205078,149.63253784179688,72.25257110595703,39.35445022583008
2014-01-02,21.381118774414062,30.618057250976562,45.323307037353516,118.0,75.63632202148438,97.12876892089844,78.95686340332031,148.19842529296875,72.47240447998047,39.36054611206055
2014-01-03,21.245845794677734,30.564729690551758,45.37144470214844,119.29000091552734,75.59080505371094,97.62247467041016,78.38687133789062,148.1741180419922,72.47240447998047,39.58000564575195
2014-01-06,21.271207809448242,30.275232315063477,45.316436767578125,119.5,75.80335998535156,96.83086395263672,78.09735107421875,147.74473571777344,72.77745819091797,39.78115463256836
2014-01-07,21.254301071166992,30.404747009277344,45.57086181640625,118.81999969482422,75.92481994628906,97.63945007324219,78.8211669921875,148.65216064453125,72.9619140625,39.95793151855469
2014-01-08,21.051395416259766,30.30569839477539,45.557106018066406,118.12000274658203,75.55281829833984,97.76715850830078,78.9930419921875,148.68458557128906,72.76329040527344,39.762874603271484
2014-01-09,20.882308959960938,30.145719528198242,45.52272033691406,118.45999908447266,75.75017547607422,97.7927017211914,78.73067474365234,148.78176879882812,73.18885803222656,39.762874603271484
2014-01-10,21.017580032348633,30.678998947143555,45.942195892333984,120.26000213623047,76.38795471191406,98.32894134521484,78.9840087890625,149.18692016601562,74.06132507324219,40.305389404296875
2014-01-13,21.009122848510742,30.313322067260742,45.543357849121094,121.0199966430664,76.60802459716797,96.98406982421875,77.81687927246094,147.2019805908203,74.4301986694336,40.03717803955078
2014-01-14,21.009122848510742,30.640913009643555,45.90781021118164,119.88999938964844,76.3195571899414,98.17575073242188,79.30065155029297,148.80612182617188,74.08970642089844,40.329769134521484
2014-01-15,21.068302154541016,30.63328742980957,46.1003532409668,119.66000366210938,76.25128173828125,98.90775299072266,79.95210266113281,149.608154296875,74.01165771484375,40.63457107543945
2014-01-16,21.034486770629883,30.465686798095703,46.079734802246094,119.79000091552734,76.46382141113281,99.02692413330078,79.96112823486328,149.4137420654297,74.50819396972656,40.70771026611328
2014-01-17,21.05984878540039,30.313322067260742,45.942195892333984,120.93000030517578,76.64602661132812,98.67791748046875,79.50875091552734,148.78176879882812,74.82034301757812,40.46997833251953
2014-01-21,21.110576629638672,30.267614364624023,46.1622428894043,119.69999694824219,76.56246948242188,99.26525115966797,80.11493682861328,149.21929931640625,74.8770980834961,40.835731506347656
2014-01-22,21.21202850341797,30.671371459960938,46.1622428894043,119.19000244140625,76.34996032714844,99.76744079589844,80.32301330566406,149.31651306152344,74.69268035888672,41.01250457763672
2014-01-23,21.19512176513672,29.917171478271484,45.85280227661133,121.79000091552734,76.86621856689453,99.09500885009766,80.05160522460938,148.0930938720703,75.74955749511719,40.914974212646484
2014-01-24,21.203575134277344,29.13248062133789,44.59438705444336,122.29000091552734,77.17748260498047,96.56697845458984,78.47734069824219,144.93348693847656,76.23900604248047,40.402931213378906
2014-01-27,21.05984878540039,29.01820945739746,44.388099670410156,120.95999908447266,76.94207000732422,95.15401458740234,77.71737670898438,144.220458984375,75.70697021484375,40.092044830322266
2014-01-28,21.161304473876953,29.201045989990234,44.7731819152832,120.94999694824219,77.05596923828125,96.15843200683594,77.672119140625,145.07923889160156,75.89139556884766,40.42730712890625
2014-01-29,21.144393920898438,28.782033920288086,44.27119445800781,122.47000122070312,77.42037963867188,94.77099609375,76.83975982666016,143.68569946289062,76.51561737060547,40.20787048339844
2014-01-30,21.05984878540039,29.048683166503906,44.49812316894531,119.7699966430664,77.344482421875,96.18396759033203,78.26021575927734,145.20889282226562,76.29574584960938,40.81743621826172
2014-01-31,21.034486770629883,29.094388961791992,43.74170684814453,120.08999633789062,77.64810180664062,95.46894836425781,78.05211639404297,144.3582000732422,76.80642700195312,41.03689193725586
2014-02-03,21.034486770629883,28.2716121673584,42.84775161743164,121.31999969482422,78.07015991210938,92.48130798339844,76.26071166992188,141.1093292236328,77.74230194091797,40.38463592529297
2014-02-04,21.19512176513672,28.84298324584961,43.34286117553711,120.98999786376953,77.83446502685547,93.17926788330078,76.82166290283203,142.0978546142578,76.9173812866211,40.872310638427734
2014-02-05,21.237394332885742,28.736330032348633,43.4322509765625,121.29000091552734,77.55305480957031,92.48130798339844,76.62261962890625,141.9195098876953,76.2061996459961,40.78695297241211
2014-02-06,21.32193374633789,29.338172912597656,44.20243453979492,121.23999786376953,77.40857696533203,93.21332550048828,77.59973907470703,143.79103088378906,75.87910461425781,41.085655212402344
2014-02-07,21.56711196899414,29.505779266357422,44.78006362915039,122.16999816894531,77.61392974853516,94.2687759399414,78.9840087890625,145.57350158691406,75.94313049316406,41.39654541015625
2014-02-10,21.448753356933594,29.178184509277344,44.628780364990234,122.91999816894531,77.65193176269531,94.5156021118164,79.4363784790039,145.84083557128906,76.15644836425781,41.78667449951172
2014-02-11,21.558658599853516,29.810514450073242,45.337066650390625,124.36000061035156,77.30972290039062,95.35830688476562,80.34112548828125,147.4368896484375,75.7155990600586,41.951263427734375
2014-02-12,21.600929260253906,29.818134307861328,45.412696838378906,124.43000030517578,77.127197265625,95.73281860351562,80.4948959350586,147.50978088378906,75.32444763183594,41.975650787353516
2014-02-13,21.71929168701172,29.848608016967773,45.55023193359375,125.48999786376953,77.49222564697266,96.95003509521484,81.09207916259766,148.2714080810547,75.75114440917969,42.134124755859375
2014-02-14,21.795381546020508,30.214279174804688,45.72214889526367,127.1500015258789,77.43901824951172,97.08621215820312,81.25489807128906,149.0896453857422,75.79380798339844,42.29871368408203
2014-02-18,22.108192443847656,29.932409286499023,46.11410903930664,127.4000015258789,77.62910461425781,98.0990982055664,81.65298461914062,149.26792907714844,75.96446990966797,42.50597381591797
2014-02-19,22.16737174987793,29.726715087890625,45.80467224121094,126.2699966430664,77.47705078125,97.0947036743164,81.09207916259766,148.279541015625,75.64447784423828,42.481597900390625
2014-02-20,22.209646224975586,29.83336067199707,45.96282958984375,127.5999984741211,77.3934326171875,98.14167022705078,81.47203826904297,149.15451049804688,75.45954132080078,42.39016342163086
2014-02-21,22.150466918945312,30.039064407348633,46.052215576171875,127.58000183105469,77.49222564697266,98.44811248779297,81.36348724365234,148.98435974121094,75.85778045654297,42.493778228759766
2014-02-24,22.24346351623535,30.039064407348633,46.4510612487793,128.99000549316406,77.41621398925781,99.171630859375,81.79778289794922,149.81077575683594,75.66580200195312,42.597412109375
2014-02-25,22.142013549804688,29.69623374938965,46.34103012084961,129.2100067138672,77.68235778808594,99.27377319335938,81.7072525024414,149.75399780273438,76.34136199951172,42.73762512207031
2014-02-26,22.082834243774414,29.71908950805664,46.18288803100586,128.11000061035156,77.91049194335938,99.88658142089844,81.6349105834961,149.76217651367188,76.74671173095703,42.83514404296875
2014-02-27,22.015193939208984,30.28285026550293,46.34103012084961,128.1999969482422,78.00172424316406,100.43136596679688,82.16455841064453,150.5479736328125,77.16629028320312,42.719337463378906
2014-02-28,22.091283798217773,30.077150344848633,46.423553466796875,127.62000274658203,77.92574310302734,100.03130340576172,82.07369232177734,150.92874145507812,77.20894622802734,43.11555862426758
2014-03-03,22.395641326904297,29.543869018554688,45.44020462036133,130.2899932861328,78.31109619140625,99.49505615234375,81.46501159667969,149.867431640625,77.72437286376953,43.13992691040039
2014-03-04,22.31109619140625,30.046680450439453,46.34103012084961,128.67999267578125,77.70939636230469,101.99754333496094,82.5007095336914,151.97389221191406,76.55524444580078,43.76171875
2014-03-05,22.125104904174805,30.06953239440918,46.29977798461914,128.88999938964844,77.79315185546875,101.9379653930664,82.72779846191406,152.11167907714844,76.71923065185547,43.70684814453125
2014-03-06,22.328006744384766,30.496158599853516,46.78113555908203,130.1699981689453,77.45804595947266,101.92093658447266,82.6551513671875,152.46002197265625,75.96353912353516,43.341102600097656
2014-03-07,22.2265567779541,30.107633590698242,46.52670669555664,129.08999633789062,77.12284851074219,101.88691711425781,82.24632263183594,152.5248565673828,75.48593139648438,42.87171936035156
2014-03-10,22.040557861328125,29.901931762695312,46.23788833618164,129.1300048828125,77.20662689208984,101.54644012451172,82.31900787353516,152.44384765625,75.59290313720703,42.64617919921875
2014-03-11,22.049013137817383,29.56673812866211,45.90093231201172,129.86000061035156,77.2828369140625,100.49095916748047,81.96467590332031,151.69036865234375,75.79246520996094,42.914371490478516
2014-03-12,21.98983383178711,29.627660751342773,45.72903060913086,131.75999450683594,77.58751678466797,100.79737854003906,82.27355194091797,151.7308807373047,76.32002258300781,43.04240036010742
2014-03-13,21.88838005065918,29.094388961791992,44.87633514404297,132.2100067138672,78.04452514648438,99.63128662109375,81.11067199707031,150.029541015625,77.34651947021484,42.84124755859375
2014-03-14,22.00674057006836,29.254379272460938,44.78006362915039,133.10000610351562,78.05216217041016,100.04833221435547,80.55652618408203,149.608154296875,77.36080932617188,42.95096206665039
2014-03-17,21.761564254760742,29.61243438720703,45.34393310546875,131.63999938964844,77.73986053466797,100.49095916748047,81.26513671875,150.961181640625,76.78337097167969,43.04240036010742
2014-03-18,21.871469497680664,30.023822784423828,45.62587356567383,130.6199951171875,77.93025970458984,101.95500946044922,82.24632263183594,152.0387420654297,77.06137084960938,43.17042541503906
2014-03-19,21.86301612854004,29.38387680053711,45.06887435913086,128.08999633789062,77.20662689208984,101.29106903076172,81.8011474609375,151.22854614257812,76.46261596679688,42.353572845458984
2014-03-20,21.761564254760742,29.513399124145508,44.89695739746094,127.86000061035156,77.22186279296875,101.4272689819336,82.02828979492188,152.11167907714844,76.3271255493164,42.42673873901367
2014-03-21,21.778472900390625,29.69623374938965,44.80756759643555,128.47000122070312,77.3665771484375,100.95911407470703,81.04122161865234,151.52163696289062,77.15401458740234,42.81686019897461
2014-03-24,21.770017623901367,29.985734939575195,44.924461364746094,126.18000030517578,77.39705657958984,99.80996704101562,80.33098602294922,150.8950958251953,77.70298767089844,42.536441802978516
2014-03-25,21.91374397277832,30.32856559753418,45.412696838378906,126.41000366210938,77.35140991210938,99.78611755371094,80.59503936767578,151.61122131347656,77.41071319580078,42.92483901977539
2014-03-26,21.896833419799805,30.397125244140625,45.40582275390625,125.41000366210938,77.67893981933594,97.87454223632812,79.5569839477539,150.52069091796875,78.01666259765625,42.44013214111328
2014-03-27,22.091283798217773,30.793277740478516,45.63274383544922,124.58999633789062,77.75508117675781,97.62704467773438,79.11079406738281,150.20339965820312,78.40872955322266,42.7100944519043
2014-03-28,22.0997371673584,31.03706169128418,45.97657775878906,124.55999755859375,77.48088073730469,97.53319549560547,79.26560974121094,150.94390869140625,77.96674346923828,42.9677848815918
2014-03-31,22.082834243774414,31.24276351928711,46.21037673950195,123.61000061035156,77.48847961425781,99.28262329101562,79.83015441894531,152.18084716796875,77.77423858642578,43.32979965209961
2014-04-01,21.81229019165039,31.608442306518555,46.50606155395508,123.38999938964844,77.32825469970703,100.58829498291016,81.23243713378906,153.1898956298828,77.10956573486328,43.52611541748047
2014-04-02,21.761564254760742,31.66937828063965,46.59547805786133,124.31999969482422,76.99246215820312,101.04056549072266,81.44190979003906,153.7025604248047,76.6664810180664,43.56295394897461
2014-04-03,21.939105987548828,31.547487258911133,46.464805603027344,123.91999816894531,77.04586791992188,100.01651763916016,80.79536437988281,153.49913024902344,77.00242614746094,43.470924377441406
2014-04-04,22.040557861328125,31.46368408203125,46.320404052734375,125.56999969482422,77.51904296875,97.7038345336914,78.64641571044922,151.68438720703125,77.5169677734375,43.618167877197266
2014-04-07,21.98983383178711,31.6008243560791,46.1003532409668,124.91000366210938,77.70215606689453,96.27871704101562,77.89973449707031,150.0081024169922,77.98152923583984,43.75928497314453
2014-04-08,22.24346351623535,31.966493606567383,46.07284927368164,126.08999633789062,77.80901336669922,96.95285034179688,78.61907958984375,150.62657165527344,78.1673583984375,44.02924728393555
2014-04-09,22.302642822265625,32.21028518676758,46.66423034667969,126.31999969482422,77.7861328125,98.35242462158203,79.96675872802734,152.24586486816406,77.78137969970703,43.91881561279297
2014-04-10,22.31109619140625,31.867462158203125,45.839046478271484,127.01000213623047,78.11427307128906,95.54478454589844,77.48995208740234,149.0478515625,78.50325775146484,43.5015869140625
2014-04-11,22.209646224975586,31.867462158203125,45.56398010253906,126.93000030517578,78.27449798583984,94.22209167480469,76.5885009765625,147.70513916015625,79.13934326171875,43.23775100708008
2014-04-14,22.412548065185547,31.79890251159668,45.825294494628906,127.8499984741211,78.15242004394531,94.48657989501953,77.18949127197266,148.86878967285156,78.93207550048828,43.49545669555664
2014-04-15,22.429458618164062,31.318939208984375,45.63274383544922,125.48999786376953,78.24398803710938,94.85356140136719,77.4444580078125,149.89418029785156,79.4251937866211,44.01084518432617
2014-04-16,22.47173309326172,31.715091705322266,46.196624755859375,125.54000091552734,78.12189483642578,95.8861083984375,78.473388671875,151.46470642089844,79.52530670166016,44.2931022644043
2014-04-17,22.522457122802734,32.00458908081055,46.437313079833984,124.75,77.67925262451172,96.36404418945312,78.49159240722656,151.6763153076172,78.65333557128906,44.0353889465332
2014-04-21,22.446367263793945,31.806514739990234,46.49919509887695,124.23999786376953,77.66403198242188,96.81632995605469,79.07437133789062,152.20523071289062,78.5889892578125,44.286956787109375
2014-04-22,22.437915802001953,31.72270965576172,46.691741943359375,123.77999877929688,77.63348388671875,97.8148193359375,79.70265197753906,152.89691162109375,78.85346984863281,44.38512420654297
2014-04-23,22.421005249023438,31.494163513183594,46.58171081542969,123.76000213623047,77.83189392089844,97.20036315917969,79.00153350830078,152.5388946533203,79.30371856689453,44.20718765258789
2014-04-24,22.556276321411133,31.52463722229004,46.57484436035156,124.55999755859375,77.80901336669922,96.95285034179688,79.75729370117188,152.84808349609375,79.4538345336914,44.39124298095703
2014-04-25,22.463275909423828,31.098011016845703,46.34790802001953,125.43000030517578,77.91581726074219,95.2461166381836,78.48253631591797,151.5949249267578,79.56819152832031,44.21945571899414
2014-04-28,22.387187957763672,31.25037384033203,46.4923095703125,124.87999725341797,77.80138397216797,94.69140625,78.73745727539062,152.07508850097656,79.18219757080078,44.56304931640625
2014-04-29,22.446367263793945,31.547487258911133,46.79487991333008,124.86000061035156,77.87005615234375,94.93032836914062,79.36576843261719,152.78297424316406,79.07502746582031,44.59373092651367
2014-04-30,22.328006744384766,31.48654556274414,46.980560302734375,124.22000122070312,78.07609558105469,95.5618667602539,79.5752182006836,153.23873901367188,79.40373992919922,44.75327682495117
2014-05-01,22.158918380737305,31.52463722229004,47.11121368408203,123.80000305175781,78.30088806152344,95.52772521972656,79.81195831298828,153.25497436523438,80.2556381225586,44.94346237182617
2014-05-02,22.21809959411621,31.699861526489258,47.035560607910156,125.05999755859375,78.41558074951172,95.6045150756836,79.66620635986328,153.0352783203125,80.75000762939453,44.931190490722656
2014-05-05,22.16737174987793,31.52463722229004,47.001182556152344,126.22000122070312,78.36971282958984,95.48502349853516,80.08511352539062,153.3281707763672,80.26282501220703,45.023223876953125
2014-05-06,22.184284210205078,31.66937828063965,46.91866683959961,125.9800033569336,78.4614486694336,93.931884765625,79.04704284667969,151.99365234375,80.58523559570312,44.86369705200195
2014-05-07,22.24346351623535,31.836992263793945,46.97367477416992,124.16999816894531,78.52263641357422,93.99163055419922,78.8194351196289,152.8887176513672,80.29859924316406,45.40363693237305
2014-05-08,22.17582893371582,31.76079559326172,46.980560302734375,124.16999816894531,78.60667419433594,93.04437255859375,78.74656677246094,152.72607421875,79.95476531982422,45.5079345703125
2014-05-09,22.0659236907959,31.707473754882812,46.91178512573242,124.0999984741211,78.54552459716797,93.89776611328125,79.0379409790039,152.95384216308594,79.69680786132812,45.53862380981445
2014-05-12,22.116647720336914,32.24076843261719,47.22122573852539,124.94000244140625,78.33909606933594,96.03121948242188,80.34009552001953,154.44308471679688,79.3743896484375,45.67973709106445
2014-05-13,22.21809959411621,32.362648010253906,47.290000915527344,124.5999984741211,78.64495849609375,95.09249877929688,80.39470672607422,154.58145141601562,80.06221771240234,45.38523483276367
2014-05-14,22.31955337524414,32.59120178222656,47.20060729980469,125.80999755859375,79.00425720214844,93.5478744506836,79.975830078125,153.84902954101562,80.92909240722656,45.40363693237305
2014-05-15,22.184284210205078,32.28647232055664,46.99430465698242,124.7699966430664,79.28717803955078,92.9163589477539,79.34756469726562,152.49822998046875,81.57386016845703,45.37908172607422
2014-05-16,22.209646224975586,32.71308898925781,47.097442626953125,124.5,79.11895751953125,93.50521850585938,79.8665771484375,153.0271453857422,81.34464263916016,45.79632568359375
2014-05-19,22.192737579345703,32.71308898925781,47.001182556152344,124.58000183105469,79.01953887939453,94.51221466064453,80.42201232910156,153.588623046875,80.74282836914062,45.61224365234375
2014-05-20,22.235010147094727,32.44645690917969,46.70549392700195,124.69000244140625,79.24897766113281,93.06997680664062,80.13063049316406,152.62020874023438,80.92192840576172,45.47113800048828
2014-05-21,22.277280807495117,32.69784927368164,47.0699462890625,124.38999938964844,79.12660217285156,93.5478744506836,80.89552307128906,153.906005859375,80.4276123046875,45.17048263549805
2014-05-22,22.294189453125,32.92640686035156,47.131839752197266,124.66999816894531,79.04251861572266,94.52075958251953,81.25067138671875,154.28028869628906,80.31295013427734,45.090721130371094
2014-05-23,22.344913482666016,32.865455627441406,47.25560760498047,124.51000213623047,79.20308685302734,95.55330657958984,81.842529296875,154.8988037109375,80.74282836914062,45.48954772949219
2014-05-27,22.158918380737305,32.583580017089844,47.59255599975586,121.8499984741211,79.22605895996094,96.92728424072266,82.86239624023438,155.85086059570312,81.2155990600586,45.81471252441406
2014-05-28,22.16737174987793,32.77404022216797,47.43441390991211,121.19999694824219,79.66179656982422,96.42375946044922,82.60741424560547,155.7369842529297,82.2187271118164,45.52633285522461
2014-05-29,22.17582893371582,32.865455627441406,47.72322463989258,120.94000244140625,79.56249237060547,96.74808502197266,83.1355209350586,156.54251098632812,81.78166961669922,45.61838912963867
2014-05-30,22.00674057006836,32.415977478027344,47.7300910949707,120.43000030517578,79.50128173828125,96.3128433227539,83.14463806152344,156.79481506347656,81.7458267211914,45.826995849609375
2014-06-02,21.98137855529785,32.51502227783203,47.82636260986328,119.69999694824219,79.13750457763672,95.79228210449219,83.06268310546875,156.97381591796875,81.13821411132812,45.968109130859375
2014-06-03,21.96446990966797,32.69784927368164,47.70947265625,120.01000213623047,78.7392578125,95.5618667602539,83.0262680053711,156.89248657226562,80.1397476196289,45.94355392456055
2014-06-04,21.905290603637695,32.51502227783203,47.69571304321289,119.76000213623047,78.67801666259766,95.93732452392578,83.33586883544922,157.20985412597656,80.11822509765625,46.03559112548828
2014-06-05,21.930652618408203,32.857845306396484,48.025787353515625,120.66000366210938,78.7928466796875,97.95135498046875,84.03700256347656,158.2351531982422,80.15409088134766,46.882320404052734
2014-06-06,22.023649215698242,33.185428619384766,48.28709411621094,120.61000061035156,78.73162078857422,98.89004516601562,84.5196304321289,158.991943359375,80.15409088134766,46.68598937988281
2014-06-09,22.116647720336914,33.30731964111328,48.23896408081055,120.6500015258789,78.61674499511719,99.76053619384766,84.45585632324219,159.15475463867188,80.03919982910156,46.12150192260742
2014-06-10,22.05746841430664,33.4825439453125,48.135807037353516,121.38999938964844,78.47881317138672,99.56424713134766,84.6015853881836,159.17100524902344,79.7446517944336,45.77791213989258
2014-06-11,21.998289108276367,33.3682746887207,47.8951301574707,121.41000366210938,78.58607482910156,99.07776641845703,84.58338928222656,158.61769104003906,79.88833618164062,45.65519332885742
2014-06-12,22.31109619140625,33.20829391479492,47.90888977050781,122.63999938964844,78.89237213134766,98.47187042236328,83.81851196289062,157.49468994140625,80.59944152832031,45.53862380981445
2014-06-13,22.31109619140625,33.22352600097656,47.94327163696289,122.95999908447266,78.7392578125,98.64259338378906,84.06431579589844,157.9747772216797,80.55633544921875,45.65519332885742
2014-06-16,22.378734588623047,33.0711555480957,47.9570198059082,122.41999816894531,78.7392578125,99.12046813964844,84.1371841430664,158.10501098632812,80.75745391845703,45.42204284667969
2014-06-17,22.404094696044922,33.07876968383789,47.92264175415039,122.27999877929688,78.40997314453125,99.82025146484375,84.1827163696289,158.5443878173828,80.11822509765625,45.53862380981445
2014-06-18,22.497095108032227,33.444454193115234,48.335227966308594,122.66999816894531,78.82347869873047,100.49439239501953,84.65620422363281,159.70811462402344,80.7359390258789,45.857666015625
2014-06-19,22.716907501220703,33.25398635864258,48.59653854370117,126.94000244140625,78.62438201904297,100.57978057861328,84.6015853881836,159.8870849609375,79.70162963867188,46.23808288574219
2014-06-20,22.759178161621094,33.185428619384766,48.51402282714844,126.5,78.71624755859375,100.91255950927734,84.70111083984375,160.21170043945312,80.30487823486328,46.397605895996094
2014-06-23,22.674638748168945,33.11687088012695,48.38335418701172,126.8499984741211,78.66265106201172,100.71630859375,84.7193374633789,160.16268920898438,80.05352020263672,46.20740509033203
2014-06-24,22.708454132080078,33.10163497924805,48.08079528808594,126.9800033569336,78.98429870605469,99.64102935791016,84.63716888427734,159.19781494140625,80.86524200439453,46.24144744873047
2014-06-25,22.742271423339844,33.1715087890625,48.06388854980469,126.98999786376953,79.06089782714844,100.48587799072266,85.17586517333984,159.91741943359375,81.0735092163086,46.14857482910156
2014-06-26,22.649272918701172,33.20989990234375,48.09910583496094,126.7300033569336,79.2676773071289,100.3152084350586,85.22151184082031,159.80288696289062,81.46138000488281,46.105220794677734
2014-06-27,22.60700035095215,33.286678314208984,48.127296447753906,126.66000366210938,79.2676773071289,100.9894027709961,85.59585571289062,160.11358642578125,81.33927917480469,46.45820236206055
2014-06-30,22.47173309326172,33.19453430175781,48.16957473754883,128.0399932861328,79.32894897460938,101.39046478271484,85.741943359375,160.0318145751953,81.54036712646484,46.346736907958984
2014-07-01,22.404094696044922,33.50936508178711,48.592288970947266,127.69999694824219,79.06962585449219,102.42305755615234,86.68236541748047,161.10292053222656,80.85768127441406,46.594444274902344
2014-07-02,22.36182403564453,33.70900344848633,48.669795989990234,127.69999694824219,78.74735260009766,102.02815246582031,86.82843017578125,161.2664794921875,79.99353790283203,46.48298263549805
2014-07-03,22.31955337524414,33.908653259277344,48.76844024658203,127.16000366210938,78.58621978759766,102.64495849609375,87.37623596191406,162.05958557128906,79.70548248291016,46.216678619384766
2014-07-07,22.142013549804688,33.88560485839844,48.387977600097656,127.0199966430664,78.7780532836914,100.88877868652344,87.11149597167969,161.4954071044922,80.28881072998047,46.35293197631836
2014-07-08,22.082834243774414,33.73204040527344,47.880699157714844,127.06999969482422,79.13867950439453,99.66378021240234,86.06148529052734,160.45704650878906,81.18894958496094,46.48916244506836
2014-07-09,21.930652618408203,33.92400360107422,48.035709381103516,127.83999633789062,79.15397644042969,99.79228210449219,86.70059967041016,161.17652893066406,81.25379180908203,46.56349563598633
2014-07-10,21.96446990966797,33.739723205566406,47.5073127746582,128.5399932861328,79.32281494140625,98.72998046875,86.42671966552734,160.5387420654297,81.27539825439453,46.77403259277344
2014-07-11,21.770017623901367,33.70132064819336,47.535484313964844,128.77999877929688,79.45326232910156,98.60150909423828,86.983642578125,160.75955200195312,81.79387664794922,46.78022766113281
2014-07-14,21.854562759399414,33.96239471435547,47.88776397705078,125.72000122070312,79.27680206298828,99.1069564819336,87.50406646728516,161.56900024414062,81.4410400390625,47.009376525878906
2014-07-15,21.65165901184082,33.93936538696289,47.76799011230469,124.52999877929688,79.20773315429688,98.13034057617188,87.2027587890625,161.2664794921875,81.27539825439453,47.040340423583984
2014-07-16,21.685474395751953,34.02381896972656,48.06388854980469,124.97000122070312,79.32281494140625,97.86477661132812,87.54972076416016,161.86338806152344,81.70748138427734,47.1889533996582
2014-07-17,21.7362003326416,33.386505126953125,47.45094299316406,127.08999633789062,79.78321838378906,96.35706329345703,86.3901596069336,160.023681640625,82.7373275756836,46.94743728637695
2014-07-18,21.592477798461914,33.908653259277344,47.82435989379883,126.12999725341797,79.62203216552734,97.85621643066406,87.75968933105469,161.6590118408203,82.47087097167969,47.41190719604492
2014-07-21,21.69392967224121,34.02381896972656,47.648197174072266,126.33999633789062,79.64502716064453,97.4621353149414,87.65017700195312,161.3564453125,82.88134002685547,47.238494873046875
2014-07-22,21.600929260253906,34.338645935058594,47.85957336425781,125.73999786376953,79.74483489990234,98.2845458984375,88.20711517333984,162.05958557128906,83.05416107177734,47.387115478515625
2014-07-23,21.660110473632812,34.36935806274414,47.95820236206055,125.62000274658203,79.73711395263672,98.40447998046875,88.77314758300781,162.41941833496094,82.9461669921875,47.47382354736328
2014-07-24,21.634750366210938,34.52293395996094,48.07094192504883,124.3499984741211,79.41487121582031,98.20744323730469,88.6727294921875,162.4275665283203,82.3267822265625,47.41190719604492
2014-07-25,21.71929168701172,34.38471984863281,47.8736572265625,125.79000091552734,79.7218246459961,97.31651306152344,88.3257827758789,161.66709899902344,83.2989730834961,47.08368682861328
2014-07-28,21.677019119262695,34.62275314331055,47.880699157714844,125.58000183105469,79.62977600097656,96.8282241821289,88.35317993164062,161.73252868652344,83.18378448486328,47.41190719604492
2014-07-29,21.609386444091797,34.41543197631836,47.782073974609375,125.19999694824219,79.73711395263672,97.09378814697266,88.19796752929688,161.03756713867188,83.48623657226562,47.18275833129883
2014-07-30,21.516389846801758,34.24650573730469,47.71162414550781,124.83000183105469,79.17700958251953,97.47928619384766,88.54491424560547,161.0620574951172,82.3267822265625,47.08368682861328
2014-07-31,21.406478881835938,33.647579193115234,46.91548156738281,123.38999938964844,79.15397644042969,95.25196075439453,86.75537872314453,157.88137817382812,82.08191680908203,46.3838996887207
2014-08-01,21.237394332885742,33.83186721801758,46.591392517089844,124.37999725341797,79.61992645263672,94.81507110595703,86.43580627441406,157.39894104003906,82.71735382080078,46.272430419921875
2014-08-04,21.398025512695312,34.14668273925781,46.809810638427734,123.98999786376953,79.66602325439453,95.65458679199219,87.02928161621094,158.53553771972656,82.50069427490234,46.594444274902344
2014-08-05,21.296573638916016,33.624534606933594,46.210941314697266,123.87000274658203,79.7044677734375,95.41475677490234,86.36277770996094,156.9983367919922,82.76789855957031,46.11760711669922
2014-08-06,21.43184471130371,33.3941764831543,46.09822463989258,125.66999816894531,79.77365112304688,95.7145767211914,86.29888153076172,157.04739379882812,82.81842803955078,46.09903335571289
2014-08-07,21.47411346435547,33.26364517211914,45.724815368652344,126.18000030517578,80.13494110107422,95.25196075439453,86.02497863769531,156.19691467285156,83.59102630615234,46.12380599975586
2014-08-08,21.372663497924805,33.56311798095703,45.992530822753906,126.19000244140625,80.06575775146484,96.1771469116211,86.64582824707031,158.0040283203125,83.41050720214844,46.39627456665039
2014-08-11,21.406478881835938,33.99311447143555,46.16866683959961,125.95999908447266,80.02731323242188,97.09378814697266,87.1571044921875,158.4618682861328,83.40328216552734,46.687339782714844
2014-08-12,21.271207809448242,34.0315055847168,46.13344955444336,125.98999786376953,79.9119644165039,96.42557525634766,87.12057495117188,158.24118041992188,82.86175537109375,46.613037109375
2014-08-13,21.254301071166992,34.215797424316406,46.39412307739258,126.19999694824219,80.1733627319336,97.17945861816406,88.04275512695312,159.3122100830078,83.40328216552734,47.288047790527344
2014-08-14,21.000669479370117,34.2695426940918,46.640708923339844,126.30999755859375,80.33483123779297,97.32508087158203,88.49925231933594,160.0645294189453,84.07478332519531,47.25708770751953
2014-08-15,21.085214614868164,34.177391052246094,46.591392517089844,125.4800033569336,80.65770721435547,97.13663482666016,88.92838287353516,160.0318145751953,84.99180603027344,47.207542419433594
2014-08-18,20.907670974731445,34.50758743286133,46.89434814453125,124.95999908447266,80.40396881103516,98.55011749267578,89.61314392089844,161.37286376953125,84.14697265625,47.67200469970703
2014-08-19,20.94994354248047,34.6688232421875,47.007080078125,124.68000030517578,80.31945037841797,98.89280700683594,90.1153335571289,162.21495056152344,83.88707733154297,47.77106857299805
2014-08-20,21.009122848510742,34.59972381591797,46.85912322998047,124.22000122070312,80.08114624023438,98.47301483154297,90.1153335571289,162.64833068847656,83.74994659423828,47.98781204223633
2014-08-21,21.05984878540039,34.453826904296875,47.056396484375,122.87999725341797,80.25025939941406,98.68717193603516,90.29792022705078,163.1225128173828,84.21919250488281,47.913509368896484
2014-08-22,21.026033401489258,34.36168670654297,46.8309440612793,123.19000244140625,80.25794219970703,98.69572448730469,90.43486022949219,162.8690948486328,84.68852996826172,47.52955627441406
2014-08-25,21.05984878540039,34.61508560180664,47.13389587402344,122.73999786376953,80.31945037841797,99.1583480834961,90.7544174194336,163.69488525390625,85.00623321533203,47.42428207397461
2014-08-26,21.068302154541016,34.8223876953125,47.14093780517578,123.3499984741211,80.3040771484375,100.0578384399414,90.84573364257812,163.80123901367188,84.73184204101562,47.51717758178711
2014-08-27,21.102123260498047,34.99900436401367,47.23253631591797,123.31999969482422,80.52703094482422,99.80938720703125,90.864013671875,163.73583984375,85.45388793945312,47.548133850097656
2014-08-28,21.119029998779297,34.653472900390625,47.021156311035156,124.0,80.63463592529297,99.29540252685547,90.76354217529297,163.64584350585938,85.90153503417969,47.54194641113281
2014-08-29,21.161304473876953,34.59972381591797,47.00001907348633,123.86000061035156,80.64232635498047,99.85223388671875,91.10136413574219,164.1119842529297,85.95931243896484,47.79586410522461
2014-09-02,20.856943130493164,34.54597091674805,47.09162521362305,121.6500015258789,80.12716674804688,100.40048217773438,91.36613464355469,164.03013610839844,84.4764633178711,47.80203628540039
2014-09-03,20.941490173339844,34.99900436401367,47.42276382446289,122.1500015258789,80.24264526367188,99.76655578613281,90.82745361328125,163.94021606445312,84.9468765258789,47.9259033203125
2014-09-04,20.856943130493164,34.90686798095703,47.197296142578125,121.4800033569336,79.9577407836914,99.38106536865234,90.74529266357422,163.70314025878906,83.9120101928711,47.746307373046875
2014-09-05,20.8231258392334,35.20633316040039,47.20435333251953,122.05999755859375,79.98082733154297,99.69802856445312,91.20179748535156,164.43899536132812,83.75283813476562,48.25411605834961
2014-09-08,20.721677780151367,34.791683197021484,46.70412063598633,120.7300033569336,79.89610290527344,99.85223388671875,91.37530517578125,164.0138397216797,83.78900909423828,48.20457458496094
2014-09-09,20.552589416503906,34.36168670654297,46.57025909423828,120.87000274658203,79.71131134033203,98.67005920410156,90.61746978759766,162.9753875732422,83.72384643554688,47.90733337402344
2014-09-10,20.408864974975586,34.215797424316406,46.83798599243164,120.26000213623047,79.51109313964844,99.25255584716797,91.36613464355469,163.58863830566406,83.19557189941406,47.15179443359375
2014-09-11,20.307411193847656,33.985435485839844,46.57731246948242,119.47000122070312,79.41097259521484,99.89506530761719,91.29312133789062,163.77667236328125,82.92056274414062,47.1889533996582
2014-09-12,20.146778106689453,33.624534606933594,46.51389694213867,118.37999725341797,79.11064910888672,98.83280944824219,90.82745361328125,162.82003784179688,82.05213165283203,45.73984909057617
2014-09-15,20.172142028808594,33.45561218261719,46.415260314941406,118.63999938964844,79.25696563720703,97.75340270996094,89.95098114013672,162.69740295410156,82.17518615722656,45.516902923583984
2014-09-16,20.358139038085938,33.89329147338867,46.6125373840332,118.83000183105469,79.23385620117188,98.02754974365234,90.73615264892578,163.9238739013672,81.84226989746094,45.962791442871094
2014-09-17,20.27359390258789,33.578468322753906,46.281402587890625,117.54000091552734,79.0335693359375,98.2845458984375,90.87310028076172,164.14466857910156,81.63236236572266,45.95039749145508
2014-09-18,20.079143524169922,33.624534606933594,46.640708923339844,117.77999877929688,78.97967529296875,98.88420867919922,91.55784606933594,165.01953125,81.89290618896484,45.547874450683594
2014-09-19,20.01996421813965,33.371150970458984,46.47866439819336,117.08999633789062,79.28009033203125,97.63349914550781,91.50115966796875,164.87083435058594,82.93498992919922,45.603599548339844
2014-09-22,19.850873947143555,32.86436462402344,46.274349212646484,116.8499984741211,79.44944763183594,96.2628402709961,90.6500015258789,163.59750366210938,83.03636169433594,45.24441909790039
2014-09-23,19.850873947143555,32.68007278442383,45.88685607910156,117.5999984741211,79.61885833740234,95.36331939697266,90.40290832519531,162.66104125976562,83.55010986328125,44.91621398925781
2014-09-24,19.9354190826416,33.14846420288086,46.119346618652344,117.05000305175781,79.39558410644531,96.22663116455078,91.37301635742188,163.93438720703125,83.0870132446289,44.79620361328125
2014-09-25,19.893144607543945,32.426673889160156,45.4429931640625,117.38999938964844,79.78057098388672,94.60308837890625,89.45111083984375,161.28919982910156,84.07123565673828,44.59619140625
2014-09-26,19.859331130981445,32.57257843017578,45.633216857910156,117.05999755859375,79.61115264892578,95.45355224609375,90.40290832519531,162.57070922851562,83.9482192993164,45.19621276855469
2014-09-29,19.977689743041992,31.912208557128906,45.210487365722656,117.02999877929688,79.86530303955078,95.376220703125,90.28392791748047,162.27490234375,84.6212158203125,45.133705139160156
2014-09-30,19.631059646606445,31.912208557128906,45.17526626586914,116.20999908447266,79.79598999023438,93.93307495117188,90.41206359863281,161.84780883789062,84.14358520507812,44.908721923828125
2014-10-01,19.563425064086914,31.259536743164062,44.63981246948242,116.7699966430664,80.46644592285156,92.60162353515625,88.9660415649414,159.6544952392578,85.77523040771484,44.94620132446289
2014-10-02,19.487333297729492,31.42845916748047,44.16072463989258,116.73999786376953,80.2272720336914,93.48638916015625,88.9660415649414,159.67904663085938,85.02803039550781,44.87120056152344
2014-10-03,19.301340103149414,31.697208404541016,44.16072463989258,114.61000061035156,80.20409393310547,94.19078826904297,89.84463500976562,161.43710327148438,85.39071655273438,45.152462005615234
2014-10-06,19.54651641845703,32.11186218261719,44.44254684448242,116.02999877929688,80.33528900146484,93.38330841064453,89.6524429321289,161.2481689453125,85.44144439697266,45.27122497558594
2014-10-07,19.470430374145508,31.827741622924805,43.688682556152344,116.36000061035156,80.80587005615234,91.84566497802734,88.38032531738281,158.75906372070312,86.59504699707031,44.91496276855469
2014-10-08,19.394338607788086,32.3038215637207,44.37913513183594,117.47000122070312,81.09136962890625,93.60665130615234,90.10089111328125,161.53561401367188,86.61678314208984,45.89000701904297
2014-10-09,19.16607093811035,31.79703712463379,43.18844985961914,117.63999938964844,80.95243835449219,91.08116912841797,88.64576721191406,158.33180236816406,86.23951721191406,45.89000701904297
2014-10-10,19.098434448242188,31.105960845947266,42.54027557373047,117.58999633789062,81.26876068115234,89.97303771972656,86.43099212646484,156.5245819091797,87.09561157226562,45.93376541137695
2014-10-13,19.098434448242188,31.420785903930664,42.483909606933594,118.5199966430664,81.6930923461914,89.61222076416016,85.07646942138672,153.95333862304688,87.62521362304688,45.97750473022461
2014-10-14,18.81098747253418,31.60506820678711,42.589595794677734,118.58999633789062,81.85511779785156,90.66023254394531,85.08564758300781,154.19163513183594,88.19835662841797,46.7213020324707
2014-10-15,18.574264526367188,31.205781936645508,42.335960388183594,118.98999786376953,82.31803131103516,91.57077026367188,84.53654479980469,153.1483154296875,88.89481353759766,46.54004669189453
2014-10-16,18.760263442993164,30.921682357788086,41.9414176940918,119.22000122070312,82.09428405761719,92.60162353515625,84.00569152832031,153.01687622070312,88.32898712158203,46.61505126953125
2014-10-17,18.827896118164062,31.267213821411133,42.723453521728516,118.98999786376953,81.85511779785156,92.32671356201172,85.11308288574219,154.82418823242188,87.83563995361328,46.671287536621094
2014-10-20,18.692625045776367,31.359359741210938,42.991188049316406,119.80000305175781,81.97083282470703,93.40907287597656,86.38519287109375,156.32749938964844,88.15480041503906,47.38384246826172
2014-10-21,18.844804763793945,31.48989486694336,43.5054931640625,120.0199966430664,81.74715423583984,94.94670867919922,88.65487670898438,159.42446899414062,87.45114135742188,47.81510925292969
2014-10-22,18.633445739746094,31.28257179260254,43.18844985961914,119.33999633789062,81.72399139404297,93.5894775390625,88.19728088378906,158.29083251953125,87.5454330444336,47.82761001586914
2014-10-23,18.85325813293457,31.274890899658203,43.60413360595703,118.5199966430664,81.38448333740234,95.2473373413086,89.5242919921875,160.13096618652344,86.76911926269531,48.196380615234375
2014-10-24,18.73489761352539,31.497560501098633,43.84368896484375,118.3499984741211,81.45390319824219,95.41056060791016,90.25648498535156,161.36309814453125,86.856201171875,48.158905029296875
2014-10-27,18.684171676635742,31.251859664916992,43.59709548950195,118.05999755859375,81.53880310058594,95.3590087890625,90.32052612304688,161.14129638671875,87.01580810546875,48.51516342163086
2014-10-28,18.83635139465332,31.88149642944336,44.25935745239258,118.0999984741211,81.33818054199219,98.07351684570312,91.68418884277344,162.9897003173828,86.47172546386719,48.727664947509766
2014-10-29,19.056167602539062,31.92757225036621,43.92118453979492,116.41000366210938,81.0682373046875,97.84160614013672,91.34556579589844,162.7432098388672,86.66753387451172,48.45265197753906
2014-10-30,18.895530700683594,32.22703170776367,44.23823165893555,115.19000244140625,81.15303802490234,98.67483520507812,91.5377426147461,163.7864532470703,86.7401123046875,48.758934020996094
2014-10-31,18.870166778564453,32.365257263183594,45.05549240112305,112.66000366210938,81.02189636230469,100.12654876708984,92.80072021484375,165.659423828125,86.51525115966797,49.37145233154297
2014-11-03,18.701080322265625,32.09649658203125,44.667999267578125,112.1500015258789,80.9917984008789,99.95476531982422,93.07527923583984,165.74986267089844,86.5152359008789,49.802738189697266
2014-11-04,18.430540084838867,32.1272087097168,44.41435623168945,112.22000122070312,80.98404693603516,99.49090576171875,92.76410675048828,165.17478942871094,86.78433227539062,49.88397979736328
2014-11-05,18.481266021728516,31.843101501464844,44.49890899658203,109.79000091552734,81.00723266601562,99.6712646484375,92.77326202392578,166.21807861328125,86.66069793701172,49.7777214050293
2014-11-06,18.4981746673584,31.45149803161621,44.25935745239258,109.87999725341797,80.75987243652344,100.10075378417969,93.06615447998047,166.8834228515625,86.1007308959961,49.39643859863281
2014-11-07,18.582719802856445,31.651140213012695,44.28050231933594,112.97000122070312,81.2777099609375,100.25538635253906,92.98377227783203,167.0395965576172,87.08975982666016,49.33395004272461
2014-11-10,18.405176162719727,31.735607147216797,44.47776794433594,110.45999908447266,80.94540405273438,100.75362396240234,93.3132095336914,167.56524658203125,86.2897720336914,49.74022674560547
2014-11-11,18.4981746673584,31.70489501953125,44.7454948425293,112.04000091552734,80.95314025878906,100.82237243652344,93.60609436035156,167.72952270507812,86.34796142578125,49.54645538330078
2014-11-12,18.438995361328125,31.643461227416992,44.36504364013672,111.5,80.92221069335938,101.27761840820312,93.77080535888672,167.5488739013672,86.27520751953125,49.17143249511719
2014-11-13,18.100818634033203,31.55899429321289,44.5764045715332,111.66999816894531,81.0535659790039,100.41864013671875,94.17350006103516,167.73782348632812,86.47888946533203,49.44021224975586
2014-11-14,18.29526710510254,31.820072174072266,44.63981246948242,114.47000122070312,81.22359466552734,100.23823547363281,94.46637725830078,167.77883911132812,86.90068054199219,49.03395080566406
2014-11-17,18.219181060791016,31.482213973999023,44.463680267333984,114.05000305175781,81.13086700439453,99.40498352050781,94.18265533447266,167.8856658935547,86.68251037597656,49.25270080566406
2014-11-18,18.126182556152344,31.651140213012695,44.94981002807617,115.05000305175781,81.22359466552734,99.98050689697266,94.88735961914062,168.85499572753906,86.9225082397461,49.4651985168457
2014-11-19,18.033184051513672,31.635787963867188,44.815956115722656,113.68000030517578,81.00723266601562,98.91535949707031,94.45722198486328,168.58392333984375,86.36978149414062,49.021427154541016
2014-11-20,18.185361862182617,31.582033157348633,44.5482292175293,114.86000061035156,81.15401458740234,100.02347564697266,94.87822723388672,168.8796844482422,86.82066345214844,49.18393325805664
2014-11-21,18.37981414794922,32.58793258666992,44.93572235107422,115.38999938964844,81.31636047363281,100.14373016357422,95.06124877929688,169.78329467773438,87.34432220458984,49.49020004272461
2014-11-24,18.219181060791016,32.31917953491211,45.196407318115234,115.11000061035156,81.40908813476562,101.3377685546875,95.80255889892578,170.25979614257812,87.4170150756836,49.665225982666016
2014-11-25,18.13463592529297,32.11186218261719,45.273902893066406,115.37999725341797,81.61003875732422,101.41507720947266,95.94896697998047,170.1365203857422,88.144287109375,49.752708435058594
2014-11-26,18.092363357543945,32.518829345703125,45.45003890991211,115.16000366210938,81.74909973144531,101.75010681152344,96.57130432128906,170.5718994140625,88.38429260253906,50.2340087890625
2014-11-28,17.263835906982422,31.866147994995117,45.08367919921875,112.11000061035156,82.06597900390625,100.23823547363281,97.01974487304688,170.21043395996094,89.08247375488281,50.35900115966797
2014-12-01,17.618921279907227,31.320964813232422,45.04140853881836,116.58000183105469,81.86475372314453,98.67483520507812,95.9215087890625,169.02752685546875,88.56278991699219,50.2340087890625
2014-12-02,17.24692726135254,31.31328773498535,45.16822052001953,115.13999938964844,81.5008544921875,99.86028289794922,96.30595397949219,170.1201171875,87.70266723632812,50.54651641845703
2014-12-03,17.145475387573242,31.397735595703125,45.11186218261719,116.33000183105469,81.53185272216797,100.82237243652344,96.47980499267578,170.7772979736328,88.04522705078125,50.49650192260742
2014-12-04,17.09474754333496,31.45149803161621,44.96390914916992,115.87999725341797,81.81825256347656,100.34131622314453,96.43402099609375,170.58834838867188,88.78144836425781,50.627769470214844
2014-12-05,17.052474975585938,31.390071868896484,45.06254577636719,114.43000030517578,81.36151885986328,101.09723663330078,96.44317626953125,170.86761474609375,88.26393127441406,50.37150955200195
2014-12-08,16.75657081604004,30.92934799194336,44.667999267578125,115.77999877929688,81.63247680664062,99.8344955444336,95.75679016113281,169.72581481933594,89.34265899658203,50.69025802612305
2014-12-09,16.87493324279785,30.637569427490234,44.42845916748047,118.19000244140625,81.93439483642578,101.50958251953125,96.05879974365234,169.61082458496094,89.80188751220703,50.92155838012695
2014-12-10,16.61284828186035,30.184528350830078,43.86481857299805,117.95999908447266,82.30597686767578,99.35345458984375,94.54873657226562,166.89170837402344,90.45790100097656,50.87152862548828
2014-12-11,16.460668563842773,29.931135177612305,43.808448791503906,117.69000244140625,82.1666030883789,99.74859619140625,94.99720001220703,167.73782348632812,90.82967376708984,50.96529006958008
2014-12-12,16.325397491455078,29.439708709716797,42.9630012512207,117.41000366210938,82.84010314941406,98.537353515625,93.96302032470703,165.02696228027344,92.06153106689453,50.521514892578125
2014-12-15,16.063316345214844,29.017391204833984,42.25141143798828,114.38999938964844,82.53819274902344,97.5409164428711,92.9928970336914,163.89332580566406,91.87206268310547,49.8652229309082
2014-12-16,15.970314979553223,28.971309661865234,42.55437088012695,114.94999694824219,82.95623016357422,97.40349578857422,91.50115966796875,162.57891845703125,93.00911712646484,49.79645919799805
2014-12-17,16.063316345214844,29.63726806640625,43.06303787231445,114.2699966430664,82.38336944580078,100.4100341796875,93.16678619384766,165.76632690429688,92.17089080810547,50.94029235839844
2014-12-18,16.012588500976562,30.04229736328125,43.83140182495117,115.1500015258789,81.91887664794922,101.90469360351562,95.40899658203125,169.86546325683594,90.53084564208984,51.29654312133789
2014-12-19,16.249309539794922,30.252607345581055,43.89543151855469,114.7699966430664,82.22084045410156,102.13664245605469,95.82884216308594,170.58819580078125,91.74808502197266,51.27157211303711
2014-12-22,15.953408241271973,30.673221588134766,44.10885238647461,112.55000305175781,82.22084045410156,102.83247375488281,96.06767272949219,171.3728790283203,91.87206268310547,52.128753662109375
2014-12-23,16.114042282104492,30.392820358276367,43.96656799316406,112.73999786376953,81.53958892822266,102.9613037109375,95.72776794433594,171.60418701171875,90.04969787597656,51.98303985595703
2014-12-24,15.902682304382324,30.462915420532227,44.165771484375,112.7699966430664,81.59851837158203,103.25877380371094,95.8104476928711,171.6207733154297,90.53990173339844,51.76762390136719
2014-12-26,15.885773658752441,30.704378128051758,44.27959442138672,114.83000183105469,81.70703887939453,103.93130493164062,96.49019622802734,172.1741485595703,90.87590026855469,51.95136642456055
2014-12-29,15.73359489440918,30.517444610595703,43.95945739746094,113.66999816894531,81.98615264892578,104.37102508544922,96.47183227539062,172.4053955078125,91.5551986694336,52.23645782470703
2014-12-30,15.71668529510498,30.57975196838379,43.553932189941406,115.19999694824219,82.07916259765625,103.75885009765625,95.82884216308594,171.4803009033203,91.80352783203125,52.19844436645508
2014-12-31,15.5983247756958,30.603120803833008,43.283592224121094,113.58000183105469,82.17217254638672,103.1380615234375,94.84588623046875,169.7787628173828,91.97884368896484,51.317813873291016
2015-01-02,15.41232681274414,30.198081970214844,43.0986213684082,114.08000183105469,82.59088134765625,102.5431137084961,94.56114959716797,169.6878662109375,93.00151824951172,52.090755462646484
2015-01-05,15.192513465881348,29.6606502532959,42.081260681152344,115.80000305175781,83.09480285644531,101.1722183227539,93.17405700683594,166.6233367919922,94.4624252319336,52.37582778930664
2015-01-06,15.048787117004395,29.53601837158203,41.6046028137207,117.12000274658203,83.65302276611328,99.421875,91.92473602294922,165.05392456054688,96.16437530517578,52.895347595214844
2015-01-07,14.955793380737305,30.174718856811523,42.067039489746094,116.43000030517578,83.63748931884766,100.64627838134766,93.10975646972656,167.11065673828125,95.97447204589844,53.706295013427734
2015-01-08,15.014972686767578,30.688793182373047,42.636192321777344,115.94000244140625,83.29638671875,102.3534164428711,94.8918228149414,170.0760498046875,94.70346069335938,53.9090461730957
2015-01-09,14.989607810974121,30.587541580200195,42.429874420166016,117.26000213623047,83.70728302001953,101.37052154541016,94.2671890258789,168.71316528320312,95.74072265625,53.934391021728516
2015-01-12,14.659889221191406,30.33829689025879,42.33026885986328,118.55999755859375,84.00187683105469,101.03424835205078,93.2843017578125,167.39151000976562,96.28856658935547,54.34618377685547
2015-01-13,14.6007080078125,30.603120803833008,42.5436897277832,118.16000366210938,84.07937622070312,101.11183166503906,93.2567138671875,166.92066955566406,96.28856658935547,54.263816833496094
2015-01-14,14.76133918762207,30.431753158569336,42.42276382446289,117.97000122070312,84.46703338623047,100.70661926269531,92.7422866821289,165.91294860839844,97.0190200805664,54.73265838623047
2015-01-15,14.55843448638916,30.501863479614258,42.69309997558594,120.94000244140625,85.18804931640625,99.008056640625,91.53895568847656,164.3931427001953,98.54568481445312,54.85935974121094
2015-01-16,14.837430000305176,30.758913040161133,43.24801254272461,122.5199966430664,84.56005859375,100.620361328125,92.61370086669922,166.54901123046875,97.28931427001953,55.33454513549805
2015-01-20,14.634525299072266,30.71216583251953,43.39741134643555,124.19999694824219,84.7538833618164,100.1978988647461,93.34859466552734,166.90419006347656,98.58219146728516,54.89738082885742
2015-01-21,14.727522850036621,31.389812469482422,43.7389030456543,124.2300033569336,84.35074615478516,99.87889099121094,93.82626342773438,167.74673461914062,97.4426498413086,54.85935974121094
2015-01-22,14.710614204406738,31.98956298828125,43.90253448486328,125.2300033569336,84.14140319824219,101.91371154785156,95.56243896484375,170.24127197265625,97.0920181274414,55.835025787353516
2015-01-23,14.617616653442383,31.74811363220215,43.65353775024414,124.2300033569336,84.6918716430664,101.8447494506836,95.77373504638672,169.30784606933594,98.44340515136719,55.6766471862793
2015-01-26,14.566889762878418,31.763675689697266,44.25114059448242,122.98999786376953,84.49803161621094,102.82766723632812,95.66346740722656,169.70437622070312,98.14390563964844,56.145484924316406
2015-01-27,14.64297866821289,31.59232521057129,44.3151741027832,124.4000015258789,84.61431884765625,102.33619689941406,93.1832504272461,167.46585083007812,98.29727935791016,56.16449737548828
2015-01-28,14.431620597839355,31.249608993530273,43.65353775024414,123.41999816894531,85.26556396484375,100.61176300048828,92.70555114746094,165.3182373046875,99.90432739257812,55.79071807861328
2015-01-29,14.363985061645508,31.249608993530273,44.25114059448242,120.76000213623047,84.96322631835938,101.99995422363281,93.59661865234375,166.84637451171875,99.24689483642578,55.98711395263672
2015-01-30,14.710614204406738,30.392820358276367,43.553932189941406,123.44999694824219,85.7074966430664,99.7581787109375,92.87089538574219,164.74827575683594,101.00729370117188,54.834014892578125
2015-02-02,14.913519859313965,30.938037872314453,44.08039474487305,122.41999816894531,85.60033416748047,100.67212677001953,93.67929077148438,166.78854370117188,100.62594604492188,54.68830871582031
2015-02-03,15.327781677246094,31.52222442626953,44.78470993041992,121.05000305175781,84.87813568115234,102.47415161132812,94.57952117919922,169.20046997070312,98.49602508544922,55.163490295410156
2015-02-04,14.989607810974121,31.366439819335938,44.414772033691406,121.58000183105469,85.01789093017578,102.09476470947266,94.49687194824219,168.55621337890625,98.66433715820312,54.93540954589844
2015-02-05,15.192513465881348,31.553382873535156,45.0265998840332,121.79000091552734,84.70729064941406,103.41397857666016,95.31439971923828,170.2577667236328,97.58113861083984,55.594295501708984
2015-02-06,15.234785079956055,31.01593589782715,44.46455764770508,118.63999938964844,83.75985717773438,103.30189514160156,94.73567962646484,169.78700256347656,95.8537368774414,53.97872543334961
2015-02-09,15.386964797973633,30.969196319580078,44.25114059448242,119.16999816894531,83.72103881835938,102.48275756835938,94.43254852294922,169.02708435058594,95.70006561279297,53.59859848022461
2015-02-10,15.192513465881348,30.891307830810547,44.656654357910156,118.47000122070312,83.51140594482422,103.1380615234375,95.90231323242188,170.8277130126953,94.9388198852539,53.769657135009766
2015-02-11,15.074151992797852,30.66543197631836,44.414772033691406,117.06999969482422,83.4803237915039,102.99146270751953,96.25137329101562,170.9268798828125,95.1145248413086,53.61127471923828
2015-02-12,15.302420616149902,31.319713592529297,45.1048698425293,117.33999633789062,83.51140594482422,104.16409301757812,97.3720703125,172.57066345214844,94.79977416992188,54.25114440917969
2015-02-13,15.471506118774414,31.678003311157227,45.40365982055664,117.9800033569336,83.23184204101562,104.78487396240234,98.2080078125,173.281005859375,93.82627868652344,53.890037536621094
2015-02-17,15.479960441589355,31.6079044342041,45.510372161865234,116.01000213623047,82.64163970947266,105.11251831054688,98.29986572265625,173.55357360839844,92.41368103027344,53.756996154785156
2015-02-18,15.293966293334961,31.600122451782227,45.78071212768555,116.33999633789062,83.03764343261719,105.22460174560547,98.4376449584961,173.57008361816406,92.96257019042969,54.25746536254883
2015-02-19,15.243241310119629,31.46770668029785,45.83763122558594,115.94000244140625,82.82801055908203,105.23323822021484,98.92453002929688,173.44619750976562,92.34782409667969,53.09175109863281
2015-02-20,15.184056282043457,31.678003311157227,46.264488220214844,115.27999877929688,82.78140258789062,105.51776123046875,99.58592987060547,174.48699951171875,92.61864471435547,53.604942321777344
2015-02-23,15.08260726928711,31.35865020751953,46.10086441040039,115.43000030517578,83.16191101074219,105.6212387084961,99.68695068359375,174.46221923828125,93.6799545288086,54.03574752807617
2015-02-24,15.09106159210205,31.810428619384766,46.385433197021484,115.26000213623047,83.7132568359375,105.7591781616211,99.76045227050781,174.957763671875,94.9095687866211,52.971397399902344
2015-02-25,15.319329261779785,31.74811363220215,46.421016693115234,115.69999694824219,83.79093170166016,105.8798828125,99.51241302490234,174.80909729003906,95.31938934326172,52.984039306640625
2015-02-26,15.192513465881348,31.755897521972656,46.29294967651367,116.06999969482422,83.29395294189453,106.26788330078125,100.01764678955078,174.60260009765625,94.01659393310547,52.407535552978516
2015-02-27,15.361601829528809,31.73253631591797,46.31428909301758,116.16000366210938,83.58903503417969,105.6902084350586,99.57672882080078,174.0078887939453,94.80709838867188,52.819332122802734
2015-03-02,15.1417875289917,31.685794830322266,46.385433197021484,115.68000030517578,82.966796875,106.45759582519531,100.47693634033203,175.10647583007812,93.04116821289062,53.12342834472656
2015-03-03,15.234785079956055,31.444324493408203,46.10086441040039,115.47000122070312,82.78793334960938,105.82817077636719,100.00847625732422,174.38784790039062,92.7038345336914,53.02206802368164
2015-03-04,15.099514961242676,31.101621627807617,45.915889739990234,115.11000061035156,82.85014343261719,105.50051879882812,99.62264251708984,173.6527099609375,92.733154296875,52.51521682739258
2015-03-05,15.040334701538086,31.054880142211914,46.02260971069336,115.0,82.89678192138672,105.81092834472656,99.79718017578125,173.84266662597656,92.61581420898438,52.66727066040039
2015-03-06,14.854339599609375,30.57975196838379,45.39654541015625,111.86000061035156,82.04901885986328,104.47447967529297,98.66734313964844,171.39768981933594,90.56973266601562,50.918678283691406
2015-03-09,14.812067985534668,30.462915420532227,45.46768569946289,111.97000122070312,82.43018341064453,104.93144989013672,98.95207214355469,172.10809326171875,91.40579223632812,51.324134826660156
2015-03-10,14.617616653442383,29.7852783203125,44.47879409790039,111.41999816894531,82.78014373779297,103.7243423461914,97.11487579345703,169.316162109375,92.60843658447266,51.28612518310547
2015-03-11,14.693704605102539,30.011150360107422,44.592628479003906,110.75,82.9278793334961,104.36238861083984,96.55451965332031,168.9196014404297,93.28317260742188,51.330467224121094
2015-03-12,14.626070022583008,30.198081970214844,45.14754867553711,110.72000122070312,83.00568389892578,106.095458984375,97.18834686279297,171.06729125976562,93.21717071533203,52.22378158569336
2015-03-13,14.330167770385742,29.831998825073242,44.88431167602539,110.87999725341797,82.8812255859375,105.71605682373047,96.76579284667969,170.0182342529297,92.93119049072266,52.19210433959961
2015-03-16,14.31325912475586,30.19029998779297,45.389427185058594,110.80999755859375,83.16903686523438,106.33686828613281,98.01508331298828,172.289794921875,93.8258285522461,52.73062515258789
2015-03-17,14.21180534362793,30.540809631347656,45.275604248046875,110.20999908447266,83.34016418457031,106.62139892578125,98.1712417602539,171.7776641845703,94.60325622558594,52.71162414550781
2015-03-18,14.6007080078125,31.28855323791504,46.24314880371094,112.37000274658203,84.29682922363281,107.4749984741211,99.13577270507812,173.84266662597656,96.42928314208984,53.814002990722656
2015-03-19,14.355528831481934,30.758913040161133,45.702457427978516,112.29000091552734,83.900146484375,107.68193054199219,99.28278350830078,173.04971313476562,95.93791961669922,53.78864288330078
2015-03-20,14.549980163574219,31.218446731567383,46.71269989013672,113.56999969482422,84.24237060546875,108.63035583496094,99.92545318603516,174.5772247314453,96.44395446777344,55.13811492919922
2015-03-23,14.71906852722168,31.311925888061523,46.94746780395508,114.29000091552734,84.35128784179688,108.5355224609375,99.73207092285156,174.2369842529297,96.3266372680664,55.06843566894531
2015-03-24,14.6007080078125,31.43655014038086,46.847862243652344,114.56999969482422,84.6079330444336,108.50963592529297,99.37300109863281,173.2579803466797,97.25801086425781,54.599609375
2015-03-25,14.64297866821289,30.938037872314453,46.627323150634766,114.7300033569336,84.24237060546875,105.9177017211914,97.09881591796875,170.7190704345703,96.4366226196289,53.65762710571289
2015-03-26,14.820521354675293,30.649852752685547,46.221805572509766,115.4800033569336,83.76790618896484,105.78797912597656,96.76739501953125,170.3125,94.9332046508789,53.37717819213867
2015-03-27,14.524617195129395,30.735517501831055,46.342750549316406,115.05999755859375,84.09461212158203,106.46256256103516,97.15408325195312,170.70249938964844,96.1138916015625,53.44729232788086
2015-03-30,14.6007080078125,31.327505111694336,46.3712043762207,113.75,84.08680725097656,107.90682220458984,98.2681655883789,172.78506469726562,95.63729095458984,54.21211624145508
2015-03-31,14.431620597839355,31.25739860534668,45.65265655517578,113.66000366210938,84.30460357666016,107.56090545654297,97.22770690917969,171.27499389648438,95.84259033203125,53.73412322998047
2015-04-01,14.693704605102539,31.6468448638916,45.97991180419922,115.5999984741211,84.70580291748047,107.60414123535156,96.72137451171875,170.6692657470703,97.10147094726562,53.65762710571289
2015-04-02,14.617616653442383,32.12198257446289,46.37833023071289,115.27999877929688,84.46427154541016,107.80303955078125,96.78579711914062,171.28330993652344,96.07259368896484,54.065513610839844
2015-04-06,14.803611755371094,32.534793853759766,46.847862243652344,116.69000244140625,84.57337188720703,108.27873992919922,97.57759094238281,172.43655395507812,95.53611755371094,54.626373291015625
2015-04-07,14.8797025680542,32.3712272644043,46.783843994140625,116.11000061035156,84.64347076416016,107.58683776855469,97.41188049316406,171.98023986816406,96.33716583251953,53.66398620605469
2015-04-08,14.592252731323242,33.04888153076172,46.983036041259766,115.47000122070312,84.56556701660156,108.51222229003906,98.18528747558594,172.56103515625,96.36656951904297,53.74684524536133
2015-04-09,14.592252731323242,33.376014709472656,47.047061920166016,114.66999816894531,84.22278594970703,108.123046875,98.80216217041016,173.32435607910156,95.11719512939453,52.63149642944336
2015-04-10,14.744431495666504,33.39937973022461,47.139564514160156,115.97000122070312,84.19943237304688,108.64198303222656,99.20726013183594,174.27020263671875,95.25689697265625,52.593257904052734
2015-04-13,14.676796913146973,33.204654693603516,46.840755462646484,115.13999938964844,84.37078857421875,108.71113586425781,98.95868682861328,173.4819793701172,95.38911437988281,52.453060150146484
2015-04-14,14.744431495666504,33.3526496887207,47.18936538696289,114.44000244140625,84.62010192871094,108.68521118164062,98.67327117919922,173.81387329101562,96.06529998779297,52.63789367675781
2015-04-15,15.040334701538086,33.58632278442383,47.40279006958008,115.43000030517578,84.66687774658203,109.4462661743164,99.29013061523438,174.5937957763672,95.98441314697266,52.24274444580078
2015-04-16,15.200967788696289,33.85114288330078,47.53084182739258,115.02999877929688,84.72918701171875,109.3857421875,99.15203857421875,174.5439910888672,95.50677490234375,52.37657928466797
2015-04-17,15.16715145111084,33.25918197631836,46.93323516845703,115.5999984741211,84.90055847167969,107.61280059814453,97.60523223876953,172.53616333007812,96.60172271728516,52.13438034057617
2015-04-20,15.099514961242676,33.22802734375,46.983036041259766,114.72000122070312,84.74473571777344,108.66790008544922,99.06916046142578,174.1125946044922,95.74921417236328,52.21086502075195
2015-04-21,14.989607810974121,33.422760009765625,47.40279006958008,115.37999725341797,84.56556701660156,108.55546569824219,99.49270629882812,173.90518188476562,95.31566619873047,52.300086975097656
2015-04-22,15.040334701538086,33.781044006347656,47.495269775390625,113.83000183105469,84.07476043701172,108.71981811523438,100.03590393066406,174.75973510742188,93.86055755615234,52.4084358215332
2015-04-23,15.22633171081543,34.03029251098633,47.67314147949219,114.66000366210938,84.33186340332031,109.2127456665039,100.41341400146484,175.19947814941406,94.26476287841797,52.548648834228516
2015-04-24,15.217875480651855,34.15492248535156,47.95058822631836,113.05000305175781,84.62788391113281,108.84954833984375,101.77609252929688,175.6060028076172,94.85272216796875,52.657012939453125
2015-04-27,15.217875480651855,34.28733825683594,48.18537139892578,115.33000183105469,84.49549865722656,107.64737701416016,101.51826477050781,174.87591552734375,94.85272216796875,52.58688735961914
2015-04-28,15.243241310119629,34.341854095458984,48.242271423339844,116.33000183105469,84.10592651367188,108.24412536621094,101.31573486328125,175.43179321289062,93.54456329345703,52.48491668701172
2015-04-29,15.344693183898926,33.9134635925293,47.822532653808594,115.51000213623047,83.79430389404297,107.06793975830078,100.68040466308594,174.7100372314453,92.39816284179688,51.42694091796875
2015-04-30,15.463053703308105,33.39937973022461,47.31741714477539,113.47000122070312,83.77095031738281,104.80204772949219,99.09679412841797,172.95928955078125,92.55985260009766,50.5920295715332
2015-05-01,15.446147918701172,33.60190200805664,47.843875885009766,113.08000183105469,83.31292724609375,105.48526763916016,100.40420532226562,174.8343963623047,91.31387329101562,50.97442626953125
2015-05-04,15.43769359588623,33.796634674072266,47.794071197509766,114.0999984741211,83.14131164550781,105.86580657958984,100.56995391845703,175.33221435546875,90.45223236083984,51.02540588378906
2015-05-05,15.564506530761719,33.43053436279297,47.0826416015625,114.41999816894531,83.00082397460938,104.51665496826172,98.93106842041016,173.32435607910156,90.32705688476562,49.916446685791016
2015-05-06,15.564506530761719,33.017723083496094,47.20357894897461,114.36000061035156,82.59522247314453,104.87989044189453,98.24972534179688,172.61082458496094,88.78059387207031,49.820838928222656
2015-05-07,15.319329261779785,32.97098922729492,47.047061920166016,113.41999816894531,82.94625091552734,105.2777328491211,98.83900451660156,173.2994384765625,89.97358703613281,50.58563995361328
2015-05-08,15.4038724899292,33.391597747802734,48.13555908203125,113.97000122070312,83.2661361694336,106.0647201538086,100.07274627685547,175.58111572265625,90.21659088134766,51.2930908203125
2015-05-11,15.336236953735352,33.07223892211914,47.715816497802734,113.52999877929688,82.4468765258789,106.12527465820312,99.68606567382812,174.74310302734375,88.02210998535156,50.521915435791016
2015-05-12,15.496872901916504,32.963199615478516,47.68735885620117,114.5,82.50930786132812,105.93499755859375,99.23489379882812,174.22039794921875,88.2503890991211,50.67487335205078
2015-05-13,15.51378059387207,33.0255126953125,48.0430793762207,116.55000305175781,82.40006256103516,105.93499755859375,99.43742370605469,174.25363159179688,87.5434341430664,50.19049072265625
2015-05-14,15.60677719116211,33.3526496887207,48.61933898925781,117.18000030517578,82.68098449707031,107.05929565429688,100.89217376708984,176.0706787109375,87.77909851074219,51.15924835205078
2015-05-15,15.5983247756958,33.60969161987305,48.6762580871582,117.52999877929688,83.2739486694336,106.93819427490234,100.89217376708984,176.26145935058594,89.53911590576172,51.681880950927734
2015-05-18,15.556052207946777,33.266963958740234,48.512638092041016,117.5199966430664,82.71215057373047,108.14900970458984,101.3341064453125,176.80909729003906,88.03682708740234,51.54802703857422
2015-05-19,15.22633171081543,33.32149124145508,48.3276481628418,115.88999938964844,82.34547424316406,108.0019760131836,101.22366333007812,176.7510223388672,87.25626373291016,51.36957550048828
2015-05-20,15.192513465881348,33.298126220703125,48.42013931274414,116.08000183105469,82.52494812011719,108.2009048461914,101.28810119628906,176.62657165527344,87.40350341796875,51.3249397277832
2015-05-21,15.378510475158691,33.18128967285156,48.6762580871582,115.69000244140625,83.01642608642578,108.07984161376953,101.81290435791016,177.1409454345703,88.62596893310547,51.08277130126953
2015-05-22,15.20942211151123,33.29033279418945,48.363216400146484,115.5999984741211,82.82920837402344,107.61280059814453,101.7116470336914,176.71778869628906,88.66277313232422,51.019039154052734
2015-05-26,14.913519859313965,32.760677337646484,47.495269775390625,113.91000366210938,83.34420013427734,106.58366394042969,100.5423355102539,174.8178253173828,90.17971801757812,50.6302604675293
2015-05-27,14.710614204406738,32.768470764160156,47.957698822021484,113.88999938964844,83.29736328125,107.88954162597656,102.16277313232422,176.4771728515625,90.38594055175781,51.12738037109375
2015-05-28,14.786705017089844,32.34007263183594,47.872337341308594,114.0199966430664,83.37535858154297,107.79441833496094,101.93258666992188,176.278076171875,90.1650390625,51.02540588378906
2015-05-29,14.972700119018555,32.02851104736328,47.4099006652832,114.0999984741211,83.42219543457031,107.14578247070312,101.32492065429688,175.182861328125,90.36385345458984,50.439056396484375
2015-06-01,14.938882827758789,31.90387725830078,47.28184509277344,114.0,83.05411529541016,107.48307037353516,101.66561126708984,175.53964233398438,89.39266967773438,51.057289123535156
2015-06-02,15.116421699523926,32.02851104736328,47.50238800048828,114.45999908447266,82.4758071899414,107.6906509399414,101.34332275390625,175.36544799804688,88.14549255371094,50.58563995361328
2015-06-03,14.921972274780273,31.864940643310547,47.76561737060547,113.63999938964844,81.7725601196289,108.76304626464844,101.64717102050781,175.830078125,86.728515625,49.85908126831055
2015-06-04,14.786705017089844,31.382028579711914,47.253379821777344,112.83999633789062,82.17107391357422,107.67333221435547,100.87377166748047,174.34487915039062,87.85765838623047,49.76347732543945
2015-06-05,14.854339599609375,31.241823196411133,46.69135284423828,112.23999786376953,81.57713317871094,108.45172119140625,100.6343765258789,174.0462188720703,86.78760528564453,49.209007263183594
2015-06-08,14.862792015075684,31.23402976989746,46.627323150634766,112.56999969482422,81.69437408447266,107.95010375976562,99.61241912841797,172.97592163085938,86.6916732788086,49.119773864746094
2015-06-09,15.099514961242676,31.047094345092773,46.3712043762207,112.81999969482422,81.42864227294922,107.6214370727539,99.44664001464844,172.95101928710938,86.00531005859375,48.76285934448242
2015-06-10,15.158695220947266,31.498857498168945,47.34587097167969,113.77999877929688,81.1160888671875,108.96194458007812,100.80934143066406,175.02528381347656,85.2525634765625,49.10704040527344
2015-06-11,15.02342700958252,31.34307289123535,47.47393035888672,113.26000213623047,81.75686645507812,109.23870086669922,100.95663452148438,175.58946228027344,87.04585266113281,49.40656280517578
2015-06-12,14.871248245239258,31.34307289123535,47.09687042236328,113.2300033569336,81.70997619628906,108.91006469726562,100.12799835205078,174.24533081054688,87.04585266113281,49.3619499206543
2015-06-15,14.803611755371094,30.992568969726562,46.81229782104492,113.7300033569336,81.90534973144531,108.56411743164062,99.63082122802734,173.4986572265625,87.18607330322266,49.09428024291992
2015-06-16,14.845884323120117,31.000356674194336,46.79806900024414,113.31999969482422,82.21797180175781,109.33385467529297,100.17404174804688,174.4444122314453,87.8724136352539,49.48941421508789
2015-06-17,14.88815689086914,31.187292098999023,46.69135284423828,113.8499984741211,82.26483917236328,109.16951751708984,100.45025634765625,174.72653198242188,87.1934585571289,49.91007995605469
2015-06-18,14.88815689086914,31.475494384765625,47.111106872558594,115.31999969482422,82.2022476196289,110.63111114501953,101.91419982910156,176.54359436035156,86.7654037475586,50.598384857177734
2015-06-19,14.752886772155762,31.2028751373291,46.99726867675781,115.12000274658203,82.63992309570312,110.57920837402344,101.4103012084961,175.75987243652344,87.87982177734375,50.20962142944336
2015-06-22,14.803611755371094,31.654640197753906,47.886558532714844,113.63999938964844,81.94441986083984,111.34030151367188,102.15780639648438,176.66033935546875,86.08651733398438,49.693382263183594
2015-06-23,14.981152534484863,31.966209411621094,48.01461410522461,112.88999938964844,81.69437408447266,111.57377624511719,102.24088287353516,176.78538513183594,85.56988525390625,49.27910614013672
2015-06-24,14.8797025680542,31.740318298339844,47.601993560791016,112.58999633789062,81.93656158447266,110.63111114501953,101.71483612060547,175.50143432617188,86.30785369873047,49.01142120361328
2015-06-25,14.896612167358398,31.631242752075195,47.58100891113281,112.44000244140625,81.73341369628906,110.5705795288086,101.5118637084961,174.9678497314453,86.00531005859375,48.51429748535156
2015-06-26,14.96424674987793,31.333066940307617,47.559303283691406,112.55999755859375,81.34268951416016,110.26786041259766,100.83816528320312,174.93450927734375,85.03850555419922,48.86322021484375
2015-06-29,14.896612167358398,30.634674072265625,46.09794998168945,113.06999969482422,82.2883071899414,107.48307037353516,98.4572525024414,171.26600646972656,87.28939819335938,48.10356140136719
2015-06-30,15.217875480651855,31.089799880981445,45.931549072265625,112.37000274658203,82.06165313720703,107.98468017578125,98.80792999267578,171.62454223632812,86.68424987792969,48.0842399597168
2015-07-01,15.031881332397461,31.066261291503906,46.22816467285156,111.9800033569336,81.63275909423828,108.3046875,99.59231567382812,173.00025939941406,85.51421356201172,48.876094818115234
2015-07-02,15.006516456604004,31.215351104736328,46.28603744506836,111.76000213623047,81.92233276367188,107.50477600097656,99.62002563476562,172.84182739257812,85.79520416259766,48.9984245300293
2015-07-06,14.51616382598877,30.34433364868164,45.352787017822266,112.05999755859375,82.5014877319336,107.47003936767578,99.38932800292969,172.34991455078125,87.38542175292969,49.307430267333984
2015-07-07,14.431620597839355,29.889211654663086,45.36726760864258,110.76000213623047,82.72065734863281,107.59162902832031,99.63849639892578,173.4337921142578,88.20639038085938,50.07997131347656
2015-07-08,14.363985061645508,28.86125373840332,44.31103515625,111.08999633789062,83.04939270019531,105.95013427734375,97.90354919433594,170.52403259277344,88.96813201904297,49.886837005615234
2015-07-09,14.533072471618652,29.418397903442383,45.04171371459961,111.36000061035156,82.47021484375,106.332275390625,97.84817504882812,170.83251953125,87.21527099609375,49.64864730834961
2015-07-10,14.6007080078125,30.163846969604492,46.517547607421875,111.48999786376953,81.89889526367188,107.80879211425781,99.34317779541016,172.98355102539062,85.83221435546875,50.06064987182617
2015-07-13,14.609163284301758,30.367877960205078,46.69116973876953,110.98999786376953,81.67971801757812,109.02467346191406,101.08731842041016,174.892822265625,85.56597137451172,50.1314811706543
2015-07-14,14.55843448638916,30.422801971435547,47.08182907104492,110.73999786376953,81.93799591064453,109.63263702392578,101.75176239013672,175.65151977539062,85.8470687866211,50.23447799682617
2015-07-15,14.389348983764648,30.07754135131836,46.908203125,110.16000366210938,82.25106811523438,109.05073547363281,101.86251831054688,175.5930938720703,86.75678253173828,50.318172454833984
2015-07-16,14.321712493896484,30.454198837280273,47.31333541870117,109.76000213623047,82.21973419189453,109.70211791992188,103.30213165283203,177.0021514892578,87.35582733154297,50.72376251220703
2015-07-17,14.245622634887695,30.414962768554688,47.23374938964844,108.6500015258789,82.2275619506836,109.22444152832031,104.82479858398438,177.15220642089844,87.80699157714844,50.543495178222656
2015-07-20,14.017355918884277,30.21878433227539,47.35673141479492,105.69999694824219,82.06317901611328,108.63385772705078,105.18473815917969,177.24391174316406,87.43719482421875,50.6014404296875
2015-07-21,14.076536178588867,30.22663116455078,47.21928024291992,105.37000274658203,82.29019165039062,108.12142181396484,105.1201171875,176.5436248779297,87.91055297851562,50.459808349609375
2015-07-22,13.87363052368164,29.7950496673584,46.8575553894043,104.80000305175781,82.39188385009766,108.52094268798828,103.92964935302734,176.22677612304688,88.4578628540039,50.6787109375
2015-07-23,13.755270004272461,29.50470542907715,46.73457717895508,104.33000183105469,82.72846984863281,107.32239532470703,103.54206085205078,175.23464965820312,89.55988311767578,50.047786712646484
2015-07-24,13.645362854003906,29.080970764160156,46.22092819213867,105.3499984741211,82.80674743652344,105.59404754638672,102.52694702148438,173.4170684814453,89.78177642822266,50.26023483276367
2015-07-27,13.38327693939209,28.531681060791016,45.88091278076172,104.86000061035156,83.08072662353516,104.71682739257812,101.67794036865234,172.4082489013672,90.26251220703125,50.350364685058594
2015-07-28,13.493183135986328,28.8220157623291,46.45966720581055,105.0199966430664,82.84589385986328,105.61140441894531,102.55464172363281,174.52589416503906,89.60426330566406,50.38255310058594
2015-07-29,13.535455703735352,29.104509353637695,46.62605667114258,105.16999816894531,82.72846984863281,105.90672302246094,102.94224548339844,175.72653198242188,89.27140808105469,50.71089553833008
2015-07-30,13.484729766845703,28.814180374145508,46.58989715576172,104.2699966430664,82.82244110107422,106.21070861816406,103.43132781982422,175.76824951171875,89.95927429199219,50.459808349609375
2015-07-31,13.298733711242676,29.1280517578125,46.86479568481445,104.93000030517578,83.30766296386719,106.7925796508789,103.31133270263672,175.50143432617188,90.62493133544922,50.85895538330078
2015-08-03,13.078920364379883,28.641544342041016,46.74180221557617,104.0999984741211,83.5616455078125,106.2628173828125,102.9883804321289,174.9095001220703,91.57888793945312,51.17441177368164
2015-08-04,13.155009269714355,28.74355125427246,46.777992248535156,104.30999755859375,83.13050842285156,106.01092529296875,102.7945556640625,174.56764221191406,90.85246276855469,50.801002502441406
2015-08-05,13.104283332824707,28.751392364501953,47.023956298828125,103.93000030517578,82.80915069580078,106.25409698486328,103.58820343017578,175.14291381835938,90.17059326171875,50.466251373291016
2015-08-06,13.095829010009766,28.50029182434082,46.82862854003906,104.38999938964844,83.09918975830078,104.82109069824219,101.9271011352539,173.7088623046875,90.9710922241211,50.537052154541016
2015-08-07,13.045104026794434,28.484600067138672,46.74180221557617,104.6500015258789,83.42835998535156,104.11759948730469,101.7978744506836,173.3754119873047,92.16446685791016,50.72376251220703
2015-08-10,13.3240966796875,28.963260650634766,47.31333541870117,105.72000122070312,83.08345794677734,105.31612396240234,102.9606704711914,175.55984497070312,91.02298736572266,50.56280517578125
2015-08-11,13.146554946899414,28.32765769958496,46.58989715576172,106.26000213623047,83.63215637207031,104.41284942626953,101.64103698730469,173.9756622314453,92.4684066772461,50.89759063720703
2015-08-12,13.104283332824707,27.888235092163086,46.257102966308594,107.75,83.60083770751953,104.2131118774414,101.99171447753906,174.18409729003906,91.96431732177734,51.058528900146484
2015-08-13,13.045104026794434,27.841140747070312,46.22816467285156,106.86000061035156,83.3813705444336,103.8656997680664,101.82560729980469,173.96728515625,91.66785430908203,51.11647415161133
2015-08-14,12.96055793762207,27.88037109375,46.300506591796875,106.8499984741211,83.29512786865234,104.53446197509766,101.98249816894531,174.60101318359375,91.8827896118164,51.3932991027832
2015-08-17,12.909832000732422,27.5743465423584,46.21369552612305,107.12999725341797,83.44404602050781,105.63746643066406,102.83147430419922,175.57643127441406,92.29788970947266,51.831058502197266
2015-08-18,12.842196464538574,27.27616310119629,45.866455078125,107.11000061035156,83.31080627441406,104.79501342773438,102.30548095703125,175.0678253173828,91.57145690917969,51.972721099853516
2015-08-19,12.698473930358887,26.938739776611328,45.461307525634766,108.55000305175781,83.82032012939453,103.70935821533203,101.63179016113281,173.68394470214844,92.47577667236328,51.66368103027344
2015-08-20,12.732290267944336,26.514999389648438,44.361671447753906,110.44000244140625,84.04764556884766,101.08645629882812,98.8171615600586,170.05714416503906,93.40972137451172,51.28384780883789
2015-08-21,12.520931243896484,25.698915481567383,43.34884262084961,111.12999725341797,84.38473510742188,99.9052734375,94.4982681274414,164.93800354003906,93.69136810302734,50.33106994628906
2015-08-24,12.208118438720703,24.576791763305664,41.851318359375,110.52999877929688,84.52582550048828,96.00565338134766,90.86231994628906,157.992919921875,93.6617660522461,47.97480773925781
2015-08-25,12.258846282958984,24.89067840576172,42.24921798706055,109.16000366210938,84.06333923339844,95.26741790771484,90.5208511352539,156.13368225097656,92.15706634521484,46.65504837036133
2015-08-26,12.182755470275879,25.714611053466797,43.247562408447266,107.66999816894531,83.54595184326172,97.69055938720703,95.07965850830078,162.12831115722656,90.37806701660156,47.9168701171875
2015-08-27,12.622383117675781,26.852426528930664,43.77567672729492,107.7300033569336,83.4989242553711,99.43626403808594,97.48826599121094,166.1385498046875,90.42996215820312,48.84389877319336
2015-08-28,12.952103614807129,26.50715446472168,43.710567474365234,108.69999694824219,83.51461029052734,100.41768646240234,97.46983337402344,166.14683532714844,90.69683074951172,48.773094177246094
2015-08-31,13.264914512634277,26.554237365722656,43.38502502441406,108.81999969482422,83.37349700927734,100.05291748046875,96.26089477539062,164.80459594726562,90.00006866455078,47.65934753417969
2015-09-01,12.825288772583008,25.526277542114258,41.93088912963867,109.19999694824219,83.7480239868164,97.18682861328125,93.25247192382812,159.88558959960938,90.6485366821289,46.75160598754883
2015-09-02,12.935195922851562,25.89508819580078,42.55305099487305,108.62000274658203,83.52030944824219,98.93254852294922,95.88253021240234,162.9203338623047,89.86860656738281,47.234439849853516
2015-09-03,13.01973819732666,25.997100830078125,42.65434646606445,107.83999633789062,83.72444152832031,98.77619934082031,95.41189575195312,163.03709411621094,90.306884765625,47.36320877075195
2015-09-04,12.859106063842773,25.220247268676758,41.67768859863281,107.48999786376953,83.98355865478516,98.02928924560547,94.27681732177734,160.5692596435547,91.13143157958984,46.481224060058594
2015-09-08,12.952103614807129,26.020639419555664,42.90032196044922,107.5199966430664,83.61457824707031,100.27002716064453,96.93456268310547,164.60452270507812,89.78688049316406,47.18294906616211
2015-09-09,12.783015251159668,25.887245178222656,42.7266845703125,106.12999725341797,83.64591979980469,99.11490631103516,95.84561920166016,162.40341186523438,90.2177505493164,46.642154693603516
2015-09-10,12.892922401428223,26.15403938293457,43.00883865356445,106.37999725341797,83.45756530761719,99.56653594970703,96.88842010498047,163.2871856689453,89.60856628417969,46.74516677856445
2015-09-11,12.876014709472656,26.256057739257812,43.001590728759766,106.16000366210938,83.67733001708984,100.03557586669922,97.42367553710938,164.02919006347656,90.17314147949219,47.640045166015625
2015-09-14,12.71537971496582,26.216814041137695,42.676048278808594,106.22000122070312,83.75587463378906,99.57523345947266,97.12837219238281,163.4206085205078,90.3143081665039,47.66578674316406
2015-09-15,12.75765323638916,26.46792221069336,42.96542739868164,105.9000015258789,83.09638214111328,100.69561004638672,98.2726821899414,165.46324157714844,88.58346557617188,48.135738372802734
2015-09-16,12.969012260437012,27.111370086669922,43.623756408691406,107.30999755859375,83.07281494140625,101.56414031982422,98.82640838623047,166.89723205566406,88.24921417236328,48.650753021240234
2015-09-17,12.884469032287598,27.048595428466797,43.64546585083008,108.41000366210938,83.76371002197266,101.91154479980469,98.86329650878906,166.52207946777344,89.32633209228516,49.20442581176758
2015-09-18,12.690018653869629,26.54639434814453,42.55305099487305,109.20999908447266,84.1562728881836,100.50455474853516,97.4571533203125,163.8008575439453,90.70053100585938,49.12074661254883
2015-09-21,12.833742141723633,26.499309539794922,42.5313606262207,108.52999877929688,83.67733001708984,100.32217407226562,97.76243591308594,164.64735412597656,89.22230529785156,49.5391845703125
2015-09-22,12.75765323638916,26.004947662353516,41.51853561401367,107.79000091552734,84.09349822998047,98.80224609375,96.30083465576172,162.51022338867188,90.46286010742188,48.914737701416016
2015-09-23,12.656201362609863,25.58905792236328,41.32320022583008,108.22000122070312,83.99922943115234,98.50695037841797,96.37483978271484,162.2504119873047,90.45543670654297,49.22163391113281
2015-09-24,12.732290267944336,25.479198455810547,41.207454681396484,110.48999786376953,84.12487030029297,98.34197235107422,96.02332305908203,161.6637420654297,91.0719985961914,48.75996780395508
2015-09-25,12.808379173278809,25.424272537231445,41.569175720214844,109.80999755859375,83.90502166748047,97.04761505126953,95.209228515625,161.62185668945312,90.28460693359375,48.955047607421875
2015-09-28,12.630838394165039,24.882822036743164,40.751678466796875,108.41999816894531,84.38394165039062,94.33006286621094,92.4987564086914,157.56564331054688,91.82967376708984,48.19428253173828
2015-09-29,12.71537971496582,25.000532150268555,40.69380569458008,107.9800033569336,84.67443084716797,93.6594009399414,92.0177001953125,157.65780639648438,92.08966064453125,48.70796203613281
2015-09-30,12.808379173278809,25.722454071044922,41.467891693115234,106.86000061035156,84.69013977050781,95.1139907836914,94.13613891601562,160.59947204589844,91.77022552490234,49.11758804321289
2015-10-01,12.723835945129395,25.86370277404785,41.59811782836914,106.7300033569336,84.75621032714844,94.94850158691406,94.56166076660156,161.0184783935547,92.16180419921875,49.35818099975586
2015-10-02,12.808379173278809,26.554237365722656,42.30708694458008,108.98999786376953,85.16510772705078,96.3595199584961,96.21757507324219,163.42376708984375,92.72008514404297,49.715797424316406
2015-10-05,12.97746753692627,27.1270694732666,43.14628982543945,108.7699966430664,84.69330596923828,98.65900421142578,97.59593200683594,166.33184814453125,91.46209716796875,50.554561614990234
2015-10-06,13.231098175048828,27.079984664916992,43.196929931640625,109.86000061035156,84.86629486083984,97.9795913696289,97.13339233398438,165.761962890625,91.85661315917969,50.437530517578125
2015-10-07,13.205735206604004,27.801908493041992,43.7395133972168,109.69999694824219,84.65404510498047,99.71292877197266,97.71619415283203,167.1195831298828,91.55139923095703,51.016239166259766
2015-10-08,13.264914512634277,28.100101470947266,44.08677673339844,109.13999938964844,84.43378448486328,100.61005401611328,98.10472869873047,168.62815856933594,90.7846908569336,51.44535827636719
2015-10-09,13.3240966796875,28.202104568481445,44.16634750366211,110.87000274658203,84.48098754882812,100.81038665771484,98.54879760742188,168.72872924804688,91.02285766601562,51.36085510253906
2015-10-12,13.112737655639648,27.990236282348633,44.07952880859375,111.30999755859375,84.76404571533203,100.66230010986328,98.78929138183594,168.887939453125,91.71517944335938,51.72499084472656
2015-10-13,13.028192520141602,27.535112380981445,43.5224723815918,111.86000061035156,84.84270477294922,99.28612518310547,98.15098571777344,167.82362365722656,91.87147521972656,51.32183837890625
2015-10-14,13.062010765075684,27.746980667114258,43.60928726196289,113.80999755859375,85.30657958984375,98.31059265136719,97.99373626708984,167.01907348632812,92.67540740966797,50.93819808959961
2015-10-15,13.028192520141602,28.42181968688965,44.35443878173828,113.29000091552734,85.01568603515625,100.66230010986328,99.60337829589844,169.58360290527344,92.22138977050781,51.633949279785156
2015-10-16,13.03664779663086,28.445363998413086,44.318267822265625,112.48999786376953,84.94496154785156,100.53166961669922,100.0196533203125,170.3545684814453,92.2510986328125,52.024078369140625
2015-10-19,12.799925804138184,28.155027389526367,44.16634750366211,112.0199966430664,84.90564727783203,100.7232894897461,100.59320831298828,170.43838500976562,91.99799346923828,52.75231170654297
2015-10-20,12.825288772583008,28.14717674255371,43.9854850769043,112.7300033569336,84.61465454101562,100.58393859863281,100.07514190673828,170.22047424316406,91.43231201171875,52.7327995300293
2015-10-21,12.71537971496582,27.739131927490234,43.96377944946289,111.7300033569336,84.90564727783203,99.05094146728516,99.4646224975586,169.16455078125,92.34044647216797,52.53775405883789
2015-10-22,12.75765323638916,28.311965942382812,44.455718994140625,111.69000244140625,84.99211120605469,99.92196655273438,101.49053192138672,172.02230834960938,92.49677276611328,52.99940490722656
2015-10-23,12.681563377380371,28.47675323486328,44.89702606201172,111.5,84.51242065429688,100.90621185302734,104.33052062988281,173.9080047607422,91.70771789550781,52.48573684692383
2015-10-26,12.647747993469238,28.217802047729492,44.730628967285156,111.43000030517578,84.73259735107422,100.21809387207031,104.39527130126953,173.48060607910156,92.318115234375,52.472713470458984
2015-10-27,12.588566780090332,27.89607810974121,44.3399772644043,111.68000030517578,84.94496154785156,99.12063598632812,104.6080551147461,173.14532470703125,92.54889678955078,52.453208923339844
2015-10-28,12.799925804138184,27.5743465423584,44.62934875488281,110.77999877929688,84.50458526611328,102.01238250732422,105.47762298583984,175.11474609375,92.17671966552734,52.49874496459961
2015-10-29,12.723835945129395,27.315401077270508,44.303802490234375,109.72000122070312,83.98561096191406,100.92359161376953,105.31111907958984,175.0142364501953,90.71025085449219,52.427207946777344
2015-10-30,12.850650787353516,27.362472534179688,44.209747314453125,109.30000305175781,84.1507568359375,100.46200561523438,104.8393325805664,174.26004028320312,91.39506530761719,51.94606018066406
2015-11-02,12.783015251159668,27.9039249420166,44.62934875488281,108.58999633789062,83.90898132324219,102.55242919921875,106.02342987060547,176.3216094970703,90.97509765625,53.051422119140625
2015-11-03,13.011284828186035,28.272733688354492,44.61488342285156,106.9800033569336,83.68848419189453,103.08370208740234,106.39344787597656,176.83285522460938,90.22904205322266,52.51823806762695
2015-11-04,12.79146957397461,28.0451717376709,44.36891174316406,105.97000122070312,83.60186004638672,103.03146362304688,106.4026870727539,176.29649353027344,90.33354187011719,52.284156799316406
2015-11-05,12.690018653869629,28.09225082397461,44.28932571411133,105.63999938964844,83.54674530029297,103.10984802246094,106.11593627929688,176.12051391601562,90.09479522705078,52.492244720458984
2015-11-06,12.613929748535156,27.69989776611328,44.08677673339844,104.0999984741211,82.97970581054688,103.84150695800781,106.18993377685547,176.0282745361328,88.77439880371094,50.86017990112305
2015-11-09,12.504021644592285,27.009357452392578,43.631004333496094,104.4000015258789,82.83796691894531,102.6220932006836,105.06130981445312,174.38572692871094,88.27456665039062,49.988887786865234
2015-11-10,12.478658676147461,26.89166259765625,43.6020622253418,104.18000030517578,82.99549102783203,102.92691802978516,104.7930679321289,174.78799438476562,88.53563690185547,50.56108474731445
2015-11-11,12.35184383392334,26.946582794189453,43.826332092285156,103.83000183105469,82.95611572265625,102.02979278564453,104.66353607177734,174.1007843017578,88.34918212890625,50.61960220336914
2015-11-12,12.174301147460938,26.687633514404297,43.25481033325195,103.8499984741211,83.00333404541016,100.07870483398438,103.64594268798828,171.67031860351562,88.77439880371094,50.27499008178711
2015-11-13,12.081303596496582,26.318824768066406,42.89308547973633,103.55999755859375,83.31832122802734,99.3558120727539,101.61078643798828,169.7427520751953,89.2816390991211,49.702796936035156
2015-11-16,12.140483856201172,26.82888412475586,43.43566131591797,103.70999908447266,83.4285888671875,100.20940399169922,103.07240295410156,172.3240509033203,89.1996078491211,50.27499008178711
2015-11-17,11.954487800598145,26.750411987304688,43.55141830444336,102.33999633789062,83.405029296875,99.8261489868164,103.13714599609375,172.1983184814453,89.34881591796875,50.27499008178711
2015-11-18,12.005213737487793,27.040752410888672,43.94930648803711,102.43000030517578,83.36560821533203,101.51589965820312,105.11685943603516,174.93043518066406,89.5352783203125,50.71712875366211
2015-11-19,12.005213737487793,27.284013748168945,44.173580169677734,103.55999755859375,83.54674530029297,101.08908081054688,105.19085693359375,174.77960205078125,90.13212585449219,50.8731803894043
2015-11-20,11.988306045532227,27.558652877807617,44.07229995727539,103.08999633789062,83.43648529052734,101.74236297607422,105.90315246582031,175.41651916503906,89.85607147216797,51.51040267944336
2015-11-23,12.081303596496582,27.299701690673828,43.797386169433594,102.26000213623047,83.54674530029297,102.24752807617188,105.59788513183594,175.2153778076172,90.13212585449219,51.620941162109375
2015-11-24,12.27575397491455,27.440948486328125,43.80461883544922,102.94000244140625,83.62547302246094,102.99657440185547,105.50537872314453,175.4500274658203,90.12460327148438,51.347843170166016
2015-11-25,12.258846282958984,27.229084014892578,43.90591049194336,102.45999908447266,83.67268371582031,103.79792785644531,105.59788513183594,175.42486572265625,90.33354187011719,51.555912017822266
2015-11-27,12.072847366333008,26.63270378112793,43.913143157958984,101.25,83.75932312011719,104.18989562988281,105.7458724975586,175.6260528564453,90.2439956665039,52.004573822021484
2015-11-30,11.996758460998535,26.67194366455078,43.87696838378906,101.91999816894531,83.79085540771484,103.73695373535156,105.47762298583984,174.8968963623047,90.60209655761719,51.620941162109375
2015-12-01,12.13202953338623,26.875965118408203,44.3399772644043,102.27999877929688,84.23646545410156,104.42506408691406,106.5322036743164,176.56468200683594,91.82585906982422,52.33616638183594
2015-12-02,11.878398895263672,26.554237365722656,43.869728088378906,100.69000244140625,83.9998779296875,103.30146789550781,105.87539672851562,174.76283264160156,91.85575866699219,51.269813537597656
2015-12-03,12.013668060302734,26.4051456451416,43.659934997558594,101.76000213623047,83.11649322509766,101.55945587158203,104.08075714111328,172.31564331054688,89.3588638305664,50.463558197021484
2015-12-04,11.996758460998535,26.58562469482422,44.01442337036133,104.0199966430664,83.42408752441406,102.58724212646484,106.5136947631836,175.67630004882812,90.1437759399414,51.425865173339844
2015-12-07,11.650129318237305,26.14619255065918,43.73227310180664,102.66999816894531,83.6922607421875,101.04556274414062,106.03266906738281,174.6120147705078,91.01849365234375,51.2828369140625
2015-12-08,11.590950012207031,25.855852127075195,43.088409423828125,102.83999633789062,83.73957824707031,100.48809814453125,106.04190826416016,173.4386749267578,91.0633544921875,51.23731231689453
2015-12-09,11.599403381347656,25.64398956298828,42.89308547973633,102.63999938964844,83.8657455444336,99.364501953125,104.43228912353516,172.08935546875,90.96615600585938,50.95120620727539
2015-12-10,11.557130813598633,25.471351623535156,42.90032196044922,102.55000305175781,83.68437957763672,99.69547271728516,104.90409088134766,172.53358459472656,91.08577728271484,50.58709716796875
2015-12-11,11.438770294189453,24.757272720336914,42.08281707763672,103.11000061035156,84.35478210449219,97.47444915771484,102.48961639404297,169.189697265625,92.52114868164062,50.49607467651367
2015-12-14,11.362680435180664,25.157472610473633,42.147926330566406,101.79000091552734,83.7317123413086,96.7776107788086,103.26667785644531,170.04446411132812,91.32499694824219,50.730140686035156
2015-12-15,11.337319374084473,25.54197120666504,42.35773468017578,101.5199966430664,83.51873016357422,98.17123413085938,103.89573669433594,171.82957458496094,90.78672790527344,51.2828369140625
2015-12-16,11.286591529846191,26.04418182373047,43.21139144897461,102.75,83.29788970947266,99.66935729980469,105.44064331054688,174.34375,90.59236145019531,52.284156799316406
2015-12-17,11.168230056762695,25.706764221191406,42.66157913208008,100.5,83.64495086669922,98.60673522949219,103.90497589111328,171.68714904785156,91.61656188964844,52.024078369140625
2015-12-18,11.218957901000977,25.62044906616211,42.21303939819336,102.04000091552734,83.94462585449219,97.09990692138672,101.9118423461914,168.62850952148438,92.12491607666016,51.419376373291016
2015-12-21,11.168230056762695,25.820476531982422,42.408626556396484,103.1500015258789,83.98406219482422,97.83152770996094,103.04386901855469,170.01950073242188,92.10250854492188,51.620941162109375
2015-12-22,11.117505073547363,26.027673721313477,42.729740142822266,102.61000061035156,83.74746704101562,98.72864532470703,103.72126770019531,171.5623016357422,91.4371337890625,51.82899475097656
2015-12-23,11.320408821105957,26.39426040649414,43.444942474365234,102.30999755859375,83.55817413330078,99.97420501708984,104.4914321899414,173.6868133544922,90.74934387207031,52.36174011230469
2015-12-24,11.320408821105957,26.298627853393555,43.37196731567383,103.05000305175781,83.71143341064453,100.16316986083984,104.47283935546875,173.40016174316406,91.26925659179688,52.36174011230469
2015-12-28,11.15977668762207,26.115337371826172,43.269798278808594,102.2699966430664,83.7271957397461,99.69953155517578,104.41719818115234,173.00393676757812,91.53895568847656,52.65184020996094
2015-12-29,11.345771789550781,26.139245986938477,43.700374603271484,102.19999694824219,83.28485107421875,100.77552795410156,106.05958557128906,174.85028076171875,90.0181884765625,53.212223052978516
2015-12-30,11.23586654663086,25.732810974121094,43.437644958496094,101.41999816894531,83.31644439697266,99.7607650756836,105.10381317138672,173.61094665527344,89.92827606201172,53.02763748168945
2015-12-31,11.295045852661133,25.653114318847656,42.85380172729492,101.45999908447266,83.41124725341797,98.5185775756836,103.79549407958984,171.874267578125,90.33281707763672,52.566097259521484
2016-01-04,11.210502624511719,24.95182228088379,42.196990966796875,102.88999938964844,83.76671600341797,96.2353744506836,101.60563659667969,169.47158813476562,90.98458862304688,51.93317413330078
2016-01-05,11.100597381591797,25.007606506347656,42.13130187988281,103.18000030517578,83.74308776855469,96.4453353881836,101.4293212890625,169.75816345214844,90.61754608154297,52.93532180786133
2016-01-06,10.923055648803711,24.529451370239258,41.437992095947266,104.66999816894531,84.24858856201172,94.9756851196289,100.45502471923828,167.6168212890625,91.83861541748047,52.790283203125
2016-01-07,10.872326850891113,23.772369384765625,40.57683181762695,106.1500015258789,84.43026733398438,92.43879699707031,97.30944061279297,163.59542846679688,92.0033950805664,51.761756896972656
2016-01-08,10.821601867675781,23.517351150512695,40.087867736816406,105.68000030517578,84.6435775756836,90.8466796875,96.51144409179688,161.79965209960938,92.41545867919922,51.069488525390625
2016-01-11,10.525697708129883,23.509382247924805,40.25572204589844,104.73999786376953,84.37498474121094,90.45303344726562,96.80838012695312,161.95986938476562,91.40413665771484,51.359596252441406
2016-01-12,10.458061218261719,23.55719757080078,40.44546890258789,104.20999908447266,84.754150390625,90.72419738769531,97.93112182617188,163.2666015625,92.72261810302734,51.01673889160156
2016-01-13,10.398881912231445,23.310148239135742,39.81783676147461,104.72000122070312,85.08597564697266,87.81116485595703,94.55355072021484,159.19468688964844,93.63660430908203,50.28493118286133
2016-01-14,10.42424488067627,23.61298370361328,40.32870101928711,103.0199966430664,84.91213989257812,89.02713012695312,96.56710815429688,161.80816650390625,92.76006317138672,50.1662712097168
2016-01-15,10.204432487487793,22.68057632446289,38.86909866333008,104.08000183105469,85.30711364746094,87.58372497558594,93.5699462890625,158.3347930908203,94.20591735839844,49.82339859008789
2016-01-19,10.119888305664062,23.015287399291992,39.226707458496094,103.9800033569336,85.19651794433594,86.4027328491211,93.77412414550781,158.54551696777344,93.91378784179688,50.08713912963867
2016-01-20,10.043798446655273,22.51322364807129,38.33634948730469,105.37000274658203,85.61522674560547,86.76142120361328,93.4864730834961,156.51377868652344,94.90267181396484,48.74216079711914
2016-01-21,10.179069519042969,22.600881576538086,38.620975494384766,105.48999786376953,85.40192413330078,86.56022644042969,93.57926177978516,157.39048767089844,94.25840759277344,49.012474060058594
2016-01-22,10.483426094055176,23.373903274536133,39.75946044921875,105.0,85.21232604980469,88.67720794677734,96.28873443603516,160.61944580078125,93.89876556396484,50.377227783203125
2016-01-25,10.255158424377441,22.975439071655273,39.226707458496094,106.08000183105469,85.49671936035156,86.70893859863281,94.85977172851562,158.19143676757812,94.40821075439453,50.06075668334961
2016-01-26,10.458061218261719,23.310148239135742,39.92731857299805,107.29000091552734,85.5599365234375,88.4410171508789,95.71342468261719,160.34963989257812,94.45313262939453,51.10905075073242
2016-01-27,10.584878921508789,23.230457305908203,39.671875,107.69000244140625,85.62313842773438,87.2250747680664,93.32868957519531,158.60455322265625,94.43065643310547,50.120094299316406
2016-01-28,10.703239440917969,23.597047805786133,39.78865051269531,106.54000091552734,85.73371887207031,87.20758819580078,94.6463394165039,159.43077087402344,94.5655517578125,49.73771667480469
2016-01-29,10.804693222045898,24.362091064453125,40.489253997802734,106.94999694824219,86.19186401367188,90.06813049316406,96.62275695800781,163.31723022460938,95.36714172363281,50.75960922241211
2016-02-01,10.601787567138672,24.130983352661133,40.44546890258789,108.05000305175781,85.99331665039062,89.6569595336914,96.8825912475586,163.25820922851562,95.07520294189453,50.84534454345703
2016-02-02,10.415789604187012,23.349992752075195,39.504024505615234,108.08999633789062,86.60244750976562,87.72368621826172,94.78553009033203,160.31588745117188,96.83902740478516,50.383827209472656
2016-02-03,10.677877426147461,24.011442184448242,39.83243942260742,109.25,86.50751495361328,87.8374252319336,94.33084106445312,161.2770233154297,96.03587341308594,50.720062255859375
2016-02-04,10.660966873168945,24.194740295410156,39.88352966308594,110.56999969482422,86.71321868896484,88.17861938476562,94.3215560913086,161.5299530029297,96.5012435913086,50.746429443359375
2016-02-05,10.593332290649414,23.915813446044922,39.2704963684082,112.31999969482422,86.82396697998047,85.76416015625,91.04609680175781,158.4528045654297,96.61386108398438,49.78385925292969
2016-02-08,10.542607307434082,23.589075088500977,38.540687561035156,113.83000183105469,87.47270202636719,84.35576629638672,89.65420532226562,156.31983947753906,98.69293975830078,48.35975646972656
2016-02-09,10.272067070007324,23.262331008911133,38.09552001953125,113.58000183105469,87.48851776123047,83.78714752197266,89.3758316040039,156.32827758789062,98.79802703857422,47.469703674316406
2016-02-10,10.288975715637207,23.357967376708984,38.05172348022461,114.45999908447266,87.74958038330078,83.83089447021484,89.71916961669922,156.19342041015625,99.66866302490234,47.79936599731445
2016-02-11,10.415789604187012,22.96746826171875,37.4970703125,119.05999755859375,88.15299987792969,82.92111206054688,89.58928680419922,154.16162109375,100.3667221069336,47.12027359008789
2016-02-12,10.567970275878906,23.365938186645508,38.153900146484375,118.36000061035156,87.4805679321289,84.4957275390625,90.95329284667969,157.3399658203125,98.70042419433594,47.6609001159668
2016-02-16,10.44960880279541,23.883934020996094,38.92748260498047,114.7699966430664,87.21953582763672,86.49897766113281,93.00396728515625,159.99563598632812,97.65715026855469,48.537784576416016
2016-02-17,10.66942310333252,24.3541259765625,39.59890365600586,115.4800033569336,87.00594329833984,87.85491180419922,95.11032104492188,162.60903930664062,97.056640625,48.9531364440918
2016-02-18,10.610241889953613,24.21068000793457,39.394561767578125,118.29000091552734,87.40937805175781,87.43501281738281,94.024658203125,161.9429931640625,98.25010681152344,49.447608947753906
2016-02-19,10.517243385314941,24.099109649658203,39.350765228271484,117.58000183105469,87.40937805175781,87.87239837646484,94.30300903320312,161.86715698242188,98.3326416015625,49.731109619140625
2016-02-22,10.677877426147461,24.696802139282227,39.79594421386719,115.48999786376953,87.3223648071289,88.85218811035156,95.83407592773438,164.21087646484375,98.28010559082031,50.205814361572266
2016-02-23,10.534151077270508,24.17082977294922,39.146419525146484,117.22000122070312,87.49642181396484,88.03861236572266,94.25660705566406,162.13694763183594,98.67790222167969,50.073944091796875
2016-02-24,10.66942310333252,24.115049362182617,39.00775909423828,117.61000061035156,87.49642181396484,88.88715362548828,95.15666961669922,162.8788604736328,98.48274993896484,50.01462173461914
2016-02-25,10.660966873168945,24.194740295410156,39.474830627441406,117.91999816894531,87.75743103027344,89.70071411132812,96.09386444091797,164.85157775878906,98.83554077148438,51.036537170410156
2016-02-26,10.644060134887695,23.955665588378906,39.37266540527344,117.11000061035156,87.33029174804688,90.2693099975586,95.97325134277344,164.4722137451172,97.88232421875,50.772804260253906
2016-02-29,10.779329299926758,24.16286277770996,39.139122009277344,118.63999938964844,87.47270202636719,89.8669204711914,95.11032104492188,163.18234252929688,98.31011962890625,50.57501983642578
2016-03-01,10.787784576416016,25.02354621887207,40.16084671020508,117.7699966430664,86.78900909423828,91.80020904541016,98.16313934326172,167.01824951171875,96.57907104492188,51.99911117553711
2016-03-02,10.846964836120605,25.358253479003906,40.438167572021484,118.68000030517578,86.63850402832031,92.74496459960938,98.2002182006836,167.76856994628906,96.97760772705078,52.37492370605469
2016-03-03,10.906145095825195,25.645145416259766,40.8322639465332,120.7300033569336,86.74142456054688,93.71597290039062,98.0146484375,168.42616271972656,97.33102416992188,52.65184020996094
2016-03-04,11.117505073547363,26.155181884765625,41.1314811706543,120.54000091552734,86.44832611083984,94.23210906982422,98.05174255371094,168.97415161132812,96.70684051513672,52.65841293334961
2016-03-07,11.320408821105957,26.115337371826172,41.08039093017578,121.13999938964844,86.27404022216797,95.25559997558594,97.44862365722656,169.10903930664062,96.67681884765625,52.79686737060547
2016-03-08,11.168230056762695,25.669057846069336,40.67900466918945,120.58000183105469,86.77315521240234,92.95492553710938,96.6413345336914,167.2627716064453,97.7446517944336,52.25624465942383
2016-03-09,11.337319374084473,25.828445434570312,40.8322639465332,119.58000183105469,86.43250274658203,93.42732238769531,97.26301574707031,168.08889770507812,97.1505355834961,52.54630661010742
2016-03-10,11.320408821105957,25.8682918548584,40.76657485961914,121.5,86.12348175048828,92.66624450683594,97.1146011352539,168.22377014160156,96.75202178955078,52.35513687133789
2016-03-11,11.362680435180664,26.410200119018555,41.83207702636719,119.41000366210938,85.87794494628906,94.6520004272461,98.81262969970703,170.93844604492188,95.77440643310547,53.5286865234375
2016-03-14,11.261228561401367,26.250810623168945,41.74452209472656,117.87000274658203,85.9412841796875,94.40706634521484,98.9796371459961,170.71923828125,96.0751953125,53.5352897644043
2016-03-15,11.168230056762695,25.876256942749023,41.35042190551758,117.95999908447266,85.92547607421875,92.93743133544922,98.94255828857422,170.4409942626953,96.16541290283203,53.56166458129883
2016-03-16,11.362680435180664,26.39426040649414,41.7153205871582,120.58999633789062,86.37700653076172,93.59349822998047,99.82406616210938,171.42745971679688,96.45118713378906,54.20777893066406
2016-03-17,11.489497184753418,26.976024627685547,42.03643035888672,120.12999725341797,86.47207641601562,95.02818298339844,99.76837158203125,172.51502990722656,96.8497314453125,54.972557067871094
2016-03-18,11.481040954589844,27.119462966918945,41.96345138549805,119.80000305175781,86.62260437011719,95.88545227050781,99.92475128173828,173.1929168701172,97.0527572631836,54.735198974609375
2016-03-21,11.514860153198242,27.175251007080078,41.897769927978516,118.95999908447266,86.37700653076172,95.65798950195312,100.31560516357422,173.43865966796875,96.30831146240234,54.2411994934082
2016-03-22,11.599403381347656,27.111495971679688,41.824790954589844,119.30999755859375,86.19481658935547,95.5443115234375,100.62271118164062,173.345458984375,96.28569793701172,54.2411994934082
2016-03-23,11.354227066040039,26.64927864074707,41.40150451660156,116.61000061035156,86.5909194946289,93.77804565429688,99.79443359375,172.20147705078125,97.37612915039062,53.94786071777344
2016-03-24,11.286591529846191,26.585525512695312,41.12417221069336,116.33000183105469,86.50375366210938,94.05883026123047,99.82238006591797,172.1251983642578,97.41375732421875,53.967857360839844
2016-03-28,11.320408821105957,26.673189163208008,41.37230682373047,116.5999984741211,86.63053131103516,94.17289733886719,99.6827621459961,172.22689819335938,97.54153442382812,54.45452880859375
2016-03-29,11.295045852661133,27.03977394104004,41.8174934387207,118.76000213623047,87.2167739868164,96.78758239746094,101.28350067138672,173.82000732421875,98.56431579589844,55.63457107543945
2016-03-30,11.252774238586426,27.31869888305664,42.13130187988281,117.0999984741211,87.09798431396484,96.79637908935547,101.77674865722656,174.5826416015625,97.52654266357422,55.527889251708984
2016-03-31,11.23586654663086,27.294788360595703,41.7153205871582,117.63999938964844,87.41485595703125,97.06837463378906,101.62781524658203,174.1589813232422,98.21839904785156,55.86789321899414
2016-04-01,11.041417121887207,27.215099334716797,41.270137786865234,116.93000030517578,87.38941192626953,97.49830627441406,102.7074203491211,175.3453369140625,98.47460174560547,55.794578552246094
2016-04-04,10.889236450195312,26.888349533081055,41.18256759643555,116.1500015258789,87.49261474609375,96.68228149414062,102.31649780273438,174.7775421142578,98.53485107421875,55.714561462402344
2016-04-05,10.863874435424805,26.362388610839844,40.37248229980469,117.66000366210938,87.84172821044922,95.58551788330078,101.33003234863281,173.0319061279297,99.61243438720703,55.347877502441406
2016-04-06,10.982234954833984,26.681154251098633,41.02930450439453,116.94000244140625,87.65129089355469,96.66474151611328,102.99588775634766,174.9215850830078,98.88905334472656,55.481224060058594
2016-04-07,10.948416709899902,26.147216796875,40.43087387084961,118.61000061035156,88.10355377197266,95.35740661621094,101.51614379882812,172.8285369873047,100.1098403930664,55.13454818725586
2016-04-08,11.210502624511719,26.601465225219727,41.2044563293457,118.43000030517578,87.96866607666016,95.73468017578125,101.44168853759766,173.2945556640625,99.476806640625,55.44124221801758
2016-04-11,11.295045852661133,26.944137573242188,41.226356506347656,120.02999877929688,87.95281982421875,95.43637084960938,101.06941986083984,172.88787841796875,99.34870147705078,55.32789993286133
2016-04-12,11.540223121643066,27.35854721069336,41.839385986328125,120.05000305175781,87.60365295410156,96.46292114257812,101.91633605957031,174.49790954589844,98.6629638671875,55.72789764404297
2016-04-13,11.599403381347656,27.844675064086914,42.50349807739258,118.7699966430664,87.66719055175781,98.54241180419922,103.21926879882812,176.26048278808594,99.00963592529297,55.481224060058594
2016-04-14,11.5064058303833,27.709197998046875,42.64216995239258,117.11000061035156,87.46084594726562,98.41957092285156,103.22858428955078,176.26895141601562,98.53485107421875,55.17455291748047
2016-04-15,11.464134216308594,27.549808502197266,42.547279357910156,117.91999816894531,87.72273254394531,98.66525268554688,102.96798706054688,176.07406616210938,99.37882232666016,55.58789825439453
2016-04-18,11.514860153198242,27.67731475830078,42.91218185424805,117.73999786376953,87.63539123535156,99.41106414794922,103.51705169677734,177.31134033203125,98.9493408203125,55.85456848144531
2016-04-19,11.760037422180176,28.09969139099121,43.656585693359375,119.58000183105469,87.49261474609375,99.49003601074219,102.88423919677734,177.87054443359375,98.6404037475586,55.88124465942383
2016-04-20,11.988306045532227,27.97218132019043,43.69306945800781,118.97000122070312,87.04827117919922,99.63917541503906,102.96798706054688,178.04006958007812,97.55524444580078,54.93455505371094
2016-04-21,11.937579154968262,27.693254470825195,43.43034362792969,119.41999816894531,86.90546417236328,99.13905334472656,102.97730255126953,177.08251953125,96.97500610351562,53.95454025268555
2016-04-22,11.886853218078613,27.525896072387695,43.45223617553711,117.88999938964844,86.81026458740234,100.12174987792969,101.42308044433594,177.08251953125,96.72634887695312,54.541194915771484
2016-04-25,11.878398895263672,27.350574493408203,43.23329544067383,118.2300033569336,86.71504974365234,99.41106414794922,101.42308044433594,176.77743530273438,96.32697296142578,54.99453353881836
2016-04-26,12.0305757522583,27.64543914794922,43.386566162109375,118.69999694824219,86.53256225585938,100.38500213623047,100.92984771728516,177.04014587402344,95.8899154663086,55.207881927490234
2016-04-27,12.140483856201172,27.812793731689453,43.41574478149414,119.04000091552734,87.00859069824219,100.73594665527344,100.12017822265625,177.40455627441406,96.84693145751953,55.17455291748047
2016-04-28,12.208118438720703,27.525896072387695,42.82461929321289,121.29000091552734,87.31011199951172,99.58655548095703,98.91031646728516,175.79446411132812,97.24628448486328,55.061222076416016
2016-04-29,12.326480865478516,27.40636444091797,42.64216995239258,123.6500015258789,87.27838897705078,98.69158172607422,98.38914489746094,174.84532165527344,97.49498748779297,54.5545539855957
2016-05-02,12.157393455505371,27.334640502929688,43.043548583984375,123.23999786376953,87.02486419677734,99.56897735595703,99.3198013305664,176.2351531982422,96.51337432861328,55.40122985839844
2016-05-03,11.971395492553711,26.561614990234375,42.33565139770508,122.95999908447266,87.54139709472656,97.9369888305664,98.39846801757812,174.70130920410156,97.72901153564453,55.4879035949707
2016-05-04,11.979851722717285,26.131277084350586,41.846683502197266,122.20999908447266,87.7003402709961,97.1297836303711,97.765625,173.726806640625,98.2651596069336,56.28125
2016-05-05,11.861490249633789,26.12330436706543,41.75910568237305,122.06999969482422,87.9386978149414,96.74372863769531,97.7376937866211,173.69287109375,98.92200469970703,56.44123840332031
2016-05-06,11.937579154968262,26.163158416748047,41.875877380371094,123.18000030517578,87.73206329345703,97.31404876708984,98.25884246826172,174.32838439941406,98.49922943115234,57.061256408691406
2016-05-09,11.675493240356445,25.828445434570312,41.78829574584961,120.6500015258789,87.89900207519531,97.59481811523438,98.5380630493164,174.4725341796875,98.808837890625,57.687931060791016
2016-05-10,11.96294116973877,26.322538375854492,42.38672637939453,120.9800033569336,87.88304138183594,98.57749938964844,99.88748931884766,176.6417999267578,98.81634521484375,57.6812858581543
2016-05-11,12.241934776306152,26.2587833404541,42.02183151245117,122.12000274658203,88.01811981201172,97.35790252685547,98.98477935791016,174.98936462402344,99.37508392333984,56.44791793823242
2016-05-12,12.258846282958984,26.187061309814453,42.00724792480469,121.16000366210938,87.77976989746094,96.84024047851562,98.54736328125,175.04025268554688,98.92200469970703,56.77458190917969
2016-05-13,12.241934776306152,25.716875076293945,41.57666015625,121.70999908447266,88.11347961425781,96.19971466064453,98.18437957763672,173.51490783691406,99.88101196289062,56.26790237426758
2016-05-16,12.37720775604248,26.027673721313477,42.07291793823242,121.80000305175781,87.79569244384766,97.4193115234375,99.4128646850586,175.2266845703125,99.02022552490234,56.801246643066406
2016-05-17,12.47020435333252,25.908138275146484,41.76640701293945,122.22000122070312,87.6764907836914,95.87507629394531,98.1657943725586,173.59115600585938,99.18637084960938,55.747901916503906
2016-05-18,12.37720775604248,25.653114318847656,41.7809944152832,120.0999984741211,86.9692611694336,96.37521362304688,98.51944732666016,173.64208984375,97.7743911743164,54.87455368041992
2016-05-19,12.343389511108398,25.414039611816406,41.481781005859375,119.87000274658203,87.05667877197266,95.6030502319336,98.00759887695312,173.0403594970703,98.19721221923828,54.26120376586914
2016-05-20,12.394115447998047,25.669057846069336,41.824790954589844,119.70999908447266,87.11233520507812,97.20874786376953,99.08712005615234,174.13351440429688,98.27272033691406,54.69455337524414
2016-05-23,12.326480865478516,25.621238708496094,41.686126708984375,119.37000274658203,87.16795349121094,97.09468078613281,98.95686340332031,173.896240234375,98.49168395996094,54.701210021972656
2016-05-24,12.326480865478516,25.884227752685547,42.29186248779297,117.30000305175781,87.02486419677734,99.0951919555664,100.93912506103516,176.15032958984375,98.0537338256836,55.3812141418457
2016-05-25,12.47020435333252,26.195024490356445,42.73704147338867,116.9800033569336,86.98516082763672,99.67426300048828,101.66505432128906,177.34519958496094,97.68375396728516,55.3812141418457
2016-05-26,12.461750984191895,26.37035369873047,42.85380172729492,116.58000183105469,87.25534057617188,99.56021881103516,101.96287536621094,177.3960723876953,98.18964385986328,55.4879035949707
2016-05-27,12.512476921081543,26.362388610839844,42.81002426147461,115.62000274658203,87.08847045898438,100.55167388916016,102.49335479736328,178.15869140625,98.04615020751953,55.78788375854492
2016-05-31,12.436387062072754,26.39426040649414,42.60567092895508,116.05999755859375,87.1917953491211,100.9026870727539,102.68878173828125,177.81971740722656,98.28023529052734,55.7812385559082
2016-06-01,12.563202857971191,26.37832260131836,42.569190979003906,115.94000244140625,87.16230010986328,101.58706665039062,102.69808197021484,178.1841278076172,98.678955078125,55.82789993286133
2016-06-02,12.588566780090332,26.5935001373291,42.569190979003906,115.66999816894531,87.43289184570312,102.36792755126953,102.9121322631836,178.7264862060547,99.39024353027344,56.11457061767578
2016-06-03,12.673110008239746,26.999929428100586,42.84650421142578,118.87999725341797,88.2446060180664,101.75376892089844,102.42818450927734,178.19259643554688,100.80511474609375,56.34124755859375
2016-06-06,12.825288772583008,27.286819458007812,43.08733367919922,118.91999816894531,88.01380157470703,102.85054016113281,102.80044555664062,179.09930419921875,100.05604553222656,55.907901763916016
2016-06-07,12.952103614807129,27.533863067626953,43.401161193847656,118.81999969482422,88.14111328125,103.14884185791016,102.53987884521484,179.3789825439453,100.29813385009766,56.247920989990234
2016-06-08,13.171918869018555,27.733097076416016,43.488731384277344,120.58000183105469,88.2446060180664,103.9122085571289,102.7166748046875,179.96371459960938,100.83534240722656,56.60792922973633
2016-06-09,13.146554946899414,27.41433334350586,42.95598602294922,121.25,88.37987518310547,103.24535369873047,102.54917907714844,179.71791076660156,101.48606872558594,56.73459243774414
2016-06-10,12.985920906066895,26.72100257873535,41.70802688598633,121.73999786376953,88.69025421142578,101.84147644042969,101.38587188720703,178.01463317871094,101.97785186767578,56.467918395996094
2016-06-13,12.985920906066895,26.346445083618164,41.102291107177734,122.63999938964844,88.8653335571289,100.73594665527344,100.53893280029297,176.6417999267578,102.43183898925781,56.48125457763672
2016-06-14,12.90137767791748,26.2587833404541,40.44546890258789,122.7699966430664,88.8414306640625,100.4464340209961,100.53893280029297,176.29437255859375,102.35618591308594,56.3345832824707
2016-06-15,12.833742141723633,26.537710189819336,40.71548843383789,123.68000030517578,89.11196899414062,100.51659393310547,100.2504653930664,176.04867553710938,102.7496109008789,56.86792755126953
2016-06-16,12.613929748535156,26.442075729370117,40.803070068359375,122.37999725341797,89.20744323730469,100.50782775878906,100.54827880859375,176.5740203857422,103.2490234375,57.18791580200195
2016-06-17,12.909832000732422,26.51380157470703,41.2044563293457,123.94999694824219,88.90510559082031,100.077880859375,99.36971282958984,175.91648864746094,102.60584259033203,57.09459686279297
2016-06-20,13.028192520141602,26.983989715576172,42.226173400878906,123.20999908447266,88.52308654785156,101.16590118408203,99.99491119384766,177.0493927001953,101.50880432128906,57.17458724975586
2016-06-21,12.926741600036621,27.191190719604492,42.569190979003906,120.83999633789062,88.32417297363281,100.97286987304688,100.31216430664062,177.55194091796875,101.03962707519531,57.39252853393555
2016-06-22,12.850650787353516,27.260263442993164,42.543121337890625,120.9000015258789,88.49921417236328,100.5780258178711,100.06958770751953,177.26235961914062,101.20610809326172,57.30509948730469
2016-06-23,12.952103614807129,27.91888427734375,43.719905853271484,120.11000061035156,88.07749938964844,102.49954986572266,101.49726104736328,179.5707244873047,100.04845428466797,57.5943603515625
2016-06-24,12.690018653869629,26.224145889282227,39.96609878540039,126.0,89.29503631591797,98.60382843017578,97.31678771972656,173.12257385253906,102.7344741821289,57.083126068115234
2016-06-27,12.664654731750488,25.886812210083008,39.19895935058594,126.68000030517578,90.06694793701172,95.3661880493164,95.38520812988281,170.02191162109375,105.29943084716797,57.12344741821289
2016-06-28,12.867560386657715,26.649839401245117,40.22677230834961,125.31999969482422,90.05103302001953,96.84024047851562,97.4754409790039,173.0884246826172,105.5188980102539,58.32756423950195
2016-06-29,13.053556442260742,27.32451820373535,40.96413040161133,125.83999633789062,89.68498229980469,99.04253387451172,99.20174407958984,176.03575134277344,104.70924377441406,59.033878326416016
2016-06-30,12.97746753692627,27.597604751586914,41.57487106323242,126.47000122070312,89.88387298583984,100.88509368896484,100.34952545166016,178.43785095214844,105.09514617919922,59.64599609375
2016-07-01,13.138099670410156,27.86264991760254,41.57487106323242,128.41000366210938,90.12137603759766,101.2448501586914,100.85342407226562,178.81259155273438,106.55430603027344,59.666160583496094
2016-07-05,12.766108512878418,27.268293380737305,40.77049255371094,129.47000122070312,90.6154556274414,99.75325775146484,100.23753356933594,177.52642822265625,107.8884506225586,60.32542037963867
2016-07-06,12.81683349609375,27.19600486755371,40.69601058959961,130.22999572753906,90.63140106201172,100.47756958007812,101.05872344970703,178.59115600585938,108.06280517578125,60.06304931640625
2016-07-07,12.453296661376953,27.123720169067383,40.53215408325195,129.74000549316406,90.5118408203125,100.6893081665039,101.35730743408203,178.4803924560547,108.05523681640625,59.444217681884766
2016-07-08,12.58011245727539,27.710054397583008,41.15034103393555,130.52000427246094,90.68716430664062,103.03604125976562,102.92495727539062,181.13804626464844,108.85111999511719,60.4061164855957
2016-07-11,12.529386520385742,27.9751033782959,41.75362777709961,129.2899932861328,90.20906829833984,104.22704315185547,103.51283264160156,181.7769317626953,107.89606475830078,60.80971908569336
2016-07-12,12.766108512878418,28.368667602539062,42.31967544555664,127.1500015258789,89.67512512207031,105.62098693847656,104.0353775024414,183.0972442626953,106.12226867675781,60.80299377441406
2016-07-13,12.605474472045898,28.320480346679688,42.27498245239258,128.32000732421875,89.90623474121094,105.20633697509766,103.78345489501953,183.0717010498047,107.37300872802734,61.139339447021484
2016-07-14,12.656201362609863,28.730106353759766,42.63994216918945,127.33000183105469,89.53168487548828,105.31220245361328,104.4926528930664,184.09384155273438,105.81153869628906,60.59446334838867
2016-07-15,12.622383117675781,28.665851593017578,42.423954010009766,126.83999633789062,89.18902587890625,105.60334014892578,104.32464599609375,183.8468017578125,104.90189361572266,60.61466979980469
2016-07-18,12.563202857971191,28.922866821289062,42.52821350097656,127.04000091552734,89.16509246826172,105.77979278564453,105.01521301269531,184.3408660888672,104.80329132080078,60.77608871459961
2016-07-19,12.487113952636719,28.625686645507812,42.193058013916016,127.20999908447266,89.40419006347656,105.25045776367188,104.63259887695312,184.1534881591797,105.39456939697266,61.07206726074219
2016-07-20,12.402569770812988,28.7702579498291,42.57290267944336,125.38999938964844,89.22088623046875,105.93856811523438,105.85499572753906,184.92013549804688,104.81855010986328,61.078819274902344
2016-07-21,12.334935188293457,28.68191146850586,42.40160369873047,127.30000305175781,89.42013549804688,105.43572998046875,105.6124038696289,184.2216339111328,105.03073120117188,61.19987869262695
2016-07-22,12.309571266174316,28.890745162963867,42.4835319519043,126.3499984741211,89.34835052490234,106.22090148925781,106.05097198486328,185.0479278564453,105.21263885498047,61.73802185058594
2016-07-25,12.174301147460938,28.60158920288086,42.431400299072266,125.47000122070312,89.27664947509766,106.06209564208984,106.060302734375,184.5453338623047,105.13687133789062,61.62367248535156
2016-07-26,12.123574256896973,28.82648277282715,42.610145568847656,126.0,89.3324203491211,106.57380676269531,106.18158721923828,184.63052368164062,105.30362701416016,61.320960998535156
2016-07-27,12.005213737487793,28.922866821289062,42.76655578613281,128.02999877929688,89.71495819091797,106.87374877929688,106.91876983642578,184.43463134765625,106.61503601074219,60.843353271484375
2016-07-28,11.971395492553711,28.930898666381836,42.721866607666016,127.66000366210938,89.76280212402344,106.60025787353516,107.29206085205078,184.6475372314453,106.41791534423828,61.40839767456055
2016-07-29,12.072847366333008,29.08350944519043,43.22833251953125,128.97999572753906,90.10545349121094,106.8119888305664,107.52533721923828,184.94566345214844,107.30472564697266,62.1887092590332
2016-08-01,11.861490249633789,29.027280807495117,42.945308685302734,129.22000122070312,89.7926254272461,106.90023040771484,108.09455108642578,184.7923583984375,106.1414566040039,62.323246002197266
2016-08-02,11.844581604003906,28.818452835083008,42.729312896728516,130.27000427246094,89.57715606689453,105.40925598144531,107.27339172363281,183.60833740234375,105.0478515625,61.32768630981445
2016-08-03,12.039031028747559,28.91482925415039,42.58035659790039,129.64999389648438,89.62509155273438,106.26502990722656,107.62799072265625,184.14500427246094,105.10858154296875,60.9711799621582
2016-08-04,12.089757919311523,29.07547378540039,42.826133728027344,129.8699951171875,89.84049987792969,106.36206817626953,107.93592071533203,184.3408660888672,105.89836883544922,60.72227478027344
2016-08-05,12.140483856201172,29.412805557250977,43.01978302001953,127.55000305175781,89.28189086914062,107.89714813232422,108.97168731689453,185.84861755371094,104.79728698730469,60.76266098022461
2016-08-08,12.208118438720703,29.62164306640625,43.10916519165039,127.44000244140625,89.23399353027344,107.84420776367188,108.85037231445312,185.7378387451172,104.99464416503906,60.8702392578125
2016-08-09,12.174301147460938,29.822431564331055,43.45176696777344,127.95999908447266,89.55322265625,107.95890808105469,109.10231018066406,185.84861755371094,106.0274887084961,61.19987869262695
2016-08-10,12.0305757522583,29.83047103881836,43.60072708129883,128.55999755859375,89.7926254272461,107.18253326416016,108.8223876953125,185.3886260986328,106.43753051757812,61.13261032104492
2016-08-11,12.216573715209961,30.216005325317383,43.91354751586914,127.66999816894531,89.36170196533203,107.69425964355469,109.28895568847656,186.24896240234375,105.48834228515625,60.439735412597656
2016-08-12,12.309571266174316,30.103557586669922,43.80183410644531,127.4000015258789,89.6809310913086,107.80010223388672,109.36359405517578,186.08709716796875,106.3768081665039,60.69536590576172
2016-08-15,12.512476921081543,30.416807174682617,43.97313690185547,127.83999633789062,89.41759490966797,108.86761474609375,109.83016204833984,186.62374877929688,105.37439727783203,60.634830474853516
2016-08-16,12.613929748535156,30.280261993408203,43.906105041503906,128.47000122070312,89.26593780517578,107.98536682128906,109.22362518310547,185.6611785888672,105.09342956542969,59.90835189819336
2016-08-17,12.664654731750488,30.08749771118164,43.89120101928711,128.5,89.40959930419922,107.66777038574219,109.41960144042969,186.0104522705078,105.72369384765625,60.1505012512207
2016-08-18,12.825288772583008,30.368610382080078,44.11465072631836,129.11000061035156,89.5691909790039,108.46177673339844,109.44760131835938,186.4277801513672,105.89083862304688,59.928524017333984
2016-08-19,12.783015251159668,30.199935913085938,43.78693389892578,127.97000122070312,89.26593780517578,108.46177673339844,109.41960144042969,186.1552276611328,105.3364486694336,59.54508972167969
2016-08-22,12.664654731750488,29.798341751098633,43.83162307739258,127.77999877929688,89.46548461914062,108.70879364013672,109.5035629272461,186.1467742919922,106.22491455078125,59.86799240112305
2016-08-23,12.71537971496582,29.67786979675293,44.017822265625,127.76000213623047,89.45743560791016,109.4675064086914,109.69953155517578,186.52149963378906,106.33885955810547,59.901611328125
2016-08-24,12.563202857971191,29.7581787109375,43.91354751586914,126.33999633789062,89.425537109375,108.57648468017578,108.99034118652344,185.5675506591797,106.08824157714844,59.639286041259766
2016-08-25,12.613929748535156,29.78227424621582,43.734798431396484,126.2300033569336,89.28189086914062,108.78819274902344,108.81303405761719,185.43971252441406,105.68578338623047,59.90835189819336
2016-08-26,12.571657180786133,29.525259017944336,43.47411346435547,126.05000305175781,88.93875122070312,108.5676498413086,108.97168731689453,185.09051513671875,105.07059478759766,59.3163948059082
2016-08-29,12.520931243896484,29.750146865844727,43.60817337036133,126.30000305175781,89.3058090209961,109.13228607177734,109.12100219726562,186.00193786621094,106.4755630493164,59.901611328125
2016-08-30,12.402569770812988,29.669830322265625,43.54859924316406,125.02999877929688,89.2978515625,109.33518981933594,108.7663803100586,185.6952667236328,106.06548309326172,59.78728103637695
2016-08-31,12.165846824645996,29.34052276611328,43.45922088623047,124.77999877929688,89.1941146850586,108.7176284790039,108.65442657470703,185.16709899902344,106.21732330322266,59.84780502319336
2016-09-01,12.0305757522583,29.56541633605957,43.757144927978516,125.29000091552734,89.33397674560547,108.79701232910156,108.93437957763672,185.17567443847656,106.33457946777344,59.69981002807617
2016-09-02,12.165846824645996,30.047330856323242,44.26360321044922,126.56999969482422,89.10220336914062,109.84687042236328,109.28895568847656,186.0104522705078,105.46719360351562,60.21775436401367
2016-09-06,12.25039005279541,30.689884185791016,44.56153106689453,128.7100067138672,89.51774597167969,109.9527359008789,109.97014617919922,186.57261657714844,106.23555755615234,60.68191146850586
2016-09-07,12.360297203063965,30.593503952026367,44.58387756347656,128.27000427246094,89.56573486328125,110.64089965820312,110.03547668457031,186.55555725097656,106.15950012207031,61.045166015625
2016-09-08,12.58011245727539,30.5131893157959,44.457252502441406,127.58999633789062,89.1261978149414,110.42034149169922,109.3916015625,186.12974548339844,104.82811737060547,60.298492431640625
2016-09-09,12.385660171508789,29.485097885131836,43.593284606933594,126.75,88.70264434814453,106.97079467773438,106.63886260986328,181.6747283935547,103.10116577148438,57.91050338745117
2016-09-12,12.385660171508789,29.685897827148438,43.95079040527344,126.58999633789062,88.7826156616211,108.46177673339844,108.55177307128906,184.28123474121094,103.15444946289062,58.59663391113281
2016-09-13,12.225028038024902,28.93893051147461,43.06447982788086,125.75,88.45490264892578,106.37969970703125,107.58130645751953,181.63214111328125,101.98281860351562,57.125492095947266
2016-09-14,12.13202953338623,29.027280807495117,43.004886627197266,126.18000030517578,88.65470886230469,106.39735412597656,108.09455108642578,181.56398010253906,102.13497161865234,57.30836868286133
2016-09-15,12.19120979309082,29.525259017944336,43.377288818359375,125.37000274658203,88.67869567871094,107.66777038574219,109.77417755126953,183.37835693359375,101.6937484741211,57.52510452270508
2016-09-16,12.208118438720703,29.324462890625,42.818695068359375,125.05999755859375,88.77458953857422,107.50896453857422,109.7218017578125,182.6695098876953,102.51532745361328,57.55220031738281
2016-09-19,12.199664115905762,29.557388305664062,43.042137145996094,125.31999969482422,88.62272644042969,108.22358703613281,109.2447280883789,182.7037811279297,102.18063354492188,58.0737419128418
2016-09-20,12.241934776306152,29.573450088500977,43.30281066894531,125.44000244140625,88.75860595703125,107.76482391357422,109.45050811767578,182.7122802734375,102.5381851196289,57.98568344116211
2016-09-21,12.394115447998047,30.400732040405273,44.062503814697266,127.2699966430664,88.90245819091797,109.32636260986328,110.52631378173828,184.76699829101562,103.36741638183594,58.730743408203125
2016-09-22,12.461750984191895,30.617595672607422,44.50938415527344,127.56999969482422,89.16616821289062,110.89674377441406,111.40564727783203,185.9313201904297,104.18907165527344,59.780582427978516
2016-09-23,12.318025588989258,30.22403907775879,44.13698959350586,127.6500015258789,89.20611572265625,110.11153411865234,110.69470977783203,184.91250610351562,104.09019470214844,59.963478088378906
2016-09-26,12.402569770812988,29.78227424621582,43.72735595703125,127.55000305175781,89.46187591552734,109.01811218261719,109.76856231689453,183.414306640625,104.75201416015625,60.105709075927734
2016-09-27,12.284208297729492,30.207969665527344,43.9359016418457,126.62000274658203,89.6136474609375,109.4604263305664,110.85372161865234,184.55294799804688,105.52047729492188,59.469017028808594
2016-09-28,12.571657180786133,30.48105812072754,44.24871063232422,126.22000122070312,89.57372283935547,110.30089569091797,111.04083251953125,185.46897888183594,105.2922134399414,59.956687927246094
2016-09-29,12.647747993469238,29.95094871520996,43.69755554199219,126.06999969482422,89.62964630126953,108.69075775146484,110.236328125,183.791015625,105.55847930908203,59.157440185546875
2016-09-30,12.690018653869629,30.079463958740234,44.0401725769043,125.63999938964844,89.40587615966797,109.88508605957031,111.0595474243164,185.1779022216797,104.6151351928711,58.75104522705078
2016-10-03,12.799925804138184,30.288286209106445,43.92100524902344,125.31999969482422,89.1978530883789,109.5400390625,110.90049743652344,184.73272705078125,104.26991271972656,57.653785705566406
2016-10-04,12.766108512878418,29.95094871520996,43.91354751586914,120.97000122070312,88.78975677490234,109.00040435791016,110.73210906982422,183.791015625,103.0504150390625,56.86809539794922
2016-10-05,12.842196464538574,30.384672164916992,44.09230041503906,120.77999877929688,88.58968353271484,109.65506744384766,111.1250228881836,184.60430908203125,102.57029724121094,55.71664810180664
2016-10-06,12.867560386657715,30.40876579284668,43.853965759277344,119.66000366210938,88.40565490722656,109.5400390625,111.06888580322266,184.73272705078125,101.9986572265625,55.73698043823242
2016-10-07,12.833742141723633,30.27222442626953,43.63052749633789,119.73999786376953,88.53369140625,108.66423797607422,110.82567596435547,184.0991973876953,102.06724548339844,55.64213943481445
2016-10-10,12.97746753692627,30.601530075073242,43.757144927978516,120.16000366210938,88.30162811279297,109.96469116210938,111.52727508544922,185.05804443359375,101.46517181396484,55.98759078979492
2016-10-11,12.90137767791748,29.894729614257812,43.138954162597656,119.55000305175781,88.27763366699219,107.95648956298828,109.93695831298828,182.7208709716797,101.23651123046875,55.44571304321289
2016-10-12,12.808379173278809,29.838499069213867,43.042137145996094,119.73999786376953,88.27763366699219,107.86803436279297,109.84341430664062,182.96051025390625,101.3355712890625,56.0823974609375
2016-10-13,12.892922401428223,29.573450088500977,42.878273010253906,120.02999877929688,88.4616470336914,106.97451782226562,109.45050811767578,182.36129760742188,101.7166976928711,56.52267074584961
2016-10-14,12.90137767791748,29.62164306640625,42.95275115966797,119.36000061035156,88.1895751953125,106.541015625,109.58148193359375,182.45545959472656,100.29141998291016,56.272056579589844
2016-10-17,12.918285369873047,29.58951187133789,42.826133728027344,119.68000030517578,88.38162231445312,106.41716003417969,109.2821273803711,181.82199096679688,100.93159484863281,56.393978118896484
2016-10-18,12.943649291992188,30.111591339111328,43.250675201416016,120.41999816894531,88.55768585205078,107.02759552001953,110.25501251220703,182.96051025390625,101.25929260253906,56.75293731689453
2016-10-19,13.028192520141602,30.29633331298828,43.369850158691406,121.11000061035156,88.59768676757812,107.47877502441406,110.24563598632812,183.4485321044922,101.34322357177734,56.8748664855957
2016-10-20,12.909832000732422,30.207969665527344,43.43687438964844,120.73999786376953,88.5176773071289,107.16030883789062,110.11470794677734,183.10610961914062,101.4499282836914,56.74618148803711
2016-10-21,12.96055793762207,30.199935913085938,43.34005355834961,120.83000183105469,88.61367797851562,107.10723114013672,110.52631378173828,183.19174194335938,101.60234832763672,56.53620529174805
2016-10-24,12.969012260437012,30.32844352722168,43.33260726928711,120.55999755859375,88.49366760253906,107.78840637207031,111.85467529296875,183.97080993652344,101.16024017333984,56.66489791870117
2016-10-25,12.909832000732422,30.36057472229004,43.30281066894531,121.47000122070312,88.47765350341797,106.98334503173828,111.49921417236328,183.3543701171875,101.42706298828125,56.563297271728516
2016-10-26,12.825288772583008,30.039302825927734,43.10916519165039,120.79000091552734,88.28560638427734,105.92174530029297,110.74144744873047,182.98623657226562,100.7410888671875,55.825016021728516
2016-10-27,12.90137767791748,29.78227424621582,43.05702209472656,121.01000213623047,87.98155975341797,104.70973205566406,110.236328125,182.4982147216797,99.64360046386719,54.36201095581055
2016-10-28,12.81683349609375,29.661800384521484,43.042137145996094,121.58000183105469,87.99755859375,104.41783142089844,109.54408264160156,181.9588623046875,99.4225845336914,54.490684509277344
2016-10-31,12.647747993469238,29.83047103881836,43.06447982788086,121.94000244140625,88.06953430175781,104.83360290527344,109.44116973876953,181.96742248535156,100.03235626220703,55.37798309326172
2016-11-01,12.706926345825195,29.58951187133789,42.878273010253906,122.7300033569336,88.07274627685547,103.55082702636719,108.61795043945312,180.6490020751953,100.03993225097656,54.1723518371582
2016-11-02,12.554749488830566,29.236112594604492,42.587806701660156,123.63999938964844,88.33721160888672,102.23265838623047,107.74797058105469,179.561767578125,100.47518157958984,53.379886627197266
2016-11-03,12.512476921081543,29.155792236328125,42.543121337890625,124.30000305175781,88.28114318847656,101.73725128173828,106.69084930419922,178.73985290527344,99.70401763916016,52.96671676635742
2016-11-04,12.427932739257812,28.858617782592773,42.13346862792969,124.38999938964844,88.5535659790039,102.39189910888672,106.31666564941406,178.54299926757812,100.59737396240234,53.386653900146484
2016-11-07,12.478658676147461,29.902759552001953,42.71442413330078,122.1500015258789,88.18495178222656,104.89552307128906,108.84247589111328,182.4811553955078,99.74211883544922,54.32134246826172
2016-11-08,12.461750984191895,30.095521926879883,42.83359146118164,121.63999938964844,87.8724365234375,105.16976928710938,109.5534439086914,183.30300903320312,99.33743286132812,54.60585021972656
2016-11-09,12.520931243896484,29.115636825561523,42.87082290649414,121.55999755859375,86.53424072265625,108.40768432617188,110.05858612060547,185.2464141845703,95.12230682373047,53.779518127441406
2016-11-10,12.419477462768555,28.28835105895996,42.75166320800781,119.75,86.01337432861328,110.1416244506836,108.28117370605469,185.7086944580078,93.71727752685547,52.87865447998047
2016-11-11,12.182755470275879,27.750211715698242,42.490970611572266,117.0999984741211,85.83707427978516,112.67176818847656,108.32794952392578,185.28057861328125,93.19046020507812,53.19699478149414
2016-11-14,12.157393455505371,27.549415588378906,42.26008605957031,116.11000061035156,85.3402328491211,114.25537109375,107.23343658447266,185.42613220214844,92.63294982910156,54.45682907104492
2016-11-15,12.427932739257812,28.103618621826172,42.4462890625,117.12000274658203,85.3402328491211,114.60921478271484,108.72085571289062,186.87301635742188,93.09111785888672,54.00301742553711
2016-11-16,12.27575397491455,27.870695114135742,41.99940490722656,116.7699966430664,85.42039489746094,114.60037231445312,109.36632537841797,186.5220184326172,93.93107604980469,53.84723663330078
2016-11-17,12.301116943359375,27.91085433959961,42.31967544555664,116.16999816894531,85.04377746582031,115.27271270751953,110.16148376464844,187.48086547851562,92.54898834228516,53.2985954284668
2016-11-18,12.402569770812988,27.782333374023438,41.8578987121582,115.1500015258789,84.66714477539062,115.88317108154297,109.7498779296875,187.0613250732422,92.28173065185547,53.45439529418945
2016-11-21,12.749198913574219,28.055421829223633,42.215396881103516,115.58000183105469,84.73930358886719,116.42280578613281,110.89116668701172,188.47398376464844,92.51080322265625,53.291839599609375
2016-11-22,12.732290267944336,28.481115341186523,42.31967544555664,115.54000091552734,84.81945037841797,117.48440551757812,111.22792053222656,188.8420867919922,92.48025512695312,54.22653579711914
2016-11-23,12.783015251159668,28.17589569091797,42.17072296142578,113.25,84.514892578125,118.21867370605469,110.77890014648438,188.94479370117188,92.121337890625,53.99625778198242
2016-11-25,12.690018653869629,28.31244659423828,42.29733657836914,112.61000061035156,84.44278717041016,118.60798645019531,111.13436889648438,189.6468505859375,92.25878143310547,54.30781555175781
2016-11-28,12.732290267944336,28.424888610839844,42.07388687133789,113.80000305175781,84.82745361328125,117.068603515625,110.88180541992188,188.7564697265625,92.93840789794922,54.55842971801758
2016-11-29,12.478658676147461,28.46505355834961,42.34201431274414,113.2699966430664,84.91558837890625,117.00668334960938,111.26534271240234,189.12460327148438,93.32785034179688,55.07997512817383
2016-11-30,12.859106063842773,28.513240814208984,42.29733657836914,111.75,84.3466567993164,116.431640625,109.91824340820312,188.6708526611328,91.81584167480469,54.45003890991211
2016-12-01,13.095829010009766,28.17589569091797,42.13346862792969,111.54000091552734,84.02484893798828,115.86544036865234,108.0192642211914,187.97743225097656,90.846435546875,53.65081787109375
2016-12-02,13.188826560974121,28.20802879333496,42.237735748291016,112.13999938964844,84.40200805664062,115.80352020263672,108.23441314697266,188.071533203125,91.51216888427734,54.1859016418457
2016-12-05,13.256461143493652,28.440954208374023,42.65483093261719,111.54000091552734,84.36988067626953,117.79402160644531,109.07633972167969,189.20164489746094,91.41266632080078,54.58549880981445
2016-12-06,13.197280883789062,28.593557357788086,42.945308685302734,111.43000030517578,84.40200805664062,119.06796264648438,109.33826446533203,189.80099487304688,91.34384155273438,54.93772888183594
2016-12-07,13.095829010009766,29.07547378540039,43.585845947265625,111.83000183105469,84.68284606933594,120.22689819335938,110.7227783203125,192.28363037109375,92.1242446899414,56.03498840332031
2016-12-08,13.121192932128906,29.203981399536133,43.54859924316406,111.56999969482422,84.36186981201172,122.1201171875,110.91919708251953,192.75450134277344,91.03775787353516,56.421058654785156
2016-12-09,13.188826560974121,29.051374435424805,43.734798431396484,110.4000015258789,83.92854309082031,122.35894012451172,111.7891845703125,193.9188690185547,89.90534210205078,56.36009979248047
2016-12-12,13.273370742797852,28.858617782592773,43.54115676879883,110.81999969482422,83.94461822509766,121.06734466552734,111.28404235839844,193.6962432861328,90.07369232177734,56.732643127441406
2016-12-13,13.307188034057617,29.179893493652344,44.010372161865234,110.44999694824219,83.99275970458984,121.07615661621094,112.6872787475586,194.98902893066406,90.3950424194336,56.7055549621582
2016-12-14,13.180373191833496,28.31244659423828,43.362403869628906,108.83000183105469,83.29464721679688,119.56338500976562,112.453369140625,193.3795166015625,89.38499450683594,55.466041564941406
2016-12-15,13.163463592529297,28.360637664794922,43.26557540893555,107.33999633789062,83.06190490722656,120.45694732666016,112.63115692138672,194.17568969726562,89.83647918701172,55.14093017578125
2016-12-16,13.222643852233887,28.232120513916016,43.29536056518555,108.05000305175781,83.16621398925781,120.23574829101562,112.2136001586914,193.79592895507812,89.62987518310547,55.967254638671875
2016-12-19,13.146554946899414,28.03936004638672,43.22833251953125,108.58999633789062,83.55140686035156,121.0230941772461,112.6733627319336,194.2178955078125,90.59395599365234,56.570091247558594
2016-12-20,13.205735206604004,28.135740280151367,43.377288818359375,107.79000091552734,83.3749008178711,122.0492935180664,113.10491943359375,194.9671173095703,90.14253234863281,56.69878387451172
2016-12-21,13.129646301269531,28.018760681152344,43.38933563232422,107.8499984741211,83.51126861572266,121.25310516357422,113.02049255371094,194.4245147705078,90.5403823852539,55.83854675292969
2016-12-22,13.112737655639648,27.68568992614746,43.29151153564453,107.58999633789062,83.47511291503906,120.20755004882812,112.70149993896484,194.08876037597656,90.37853240966797,55.74520492553711
2016-12-23,13.138099670410156,27.848163604736328,43.404388427734375,107.93000030517578,83.5554428100586,120.8471450805664,112.77656555175781,194.3728485107422,90.56266021728516,55.89043426513672
2016-12-27,13.341005325317383,27.970008850097656,43.35170364379883,108.55999755859375,83.4349594116211,121.3890151977539,113.3582763671875,194.8551788330078,90.2710952758789,56.007999420166016
2016-12-28,13.34946060180664,28.181230545043945,43.186161041259766,108.86000061035156,83.7403564453125,120.14535522460938,112.47630310058594,193.2447509765625,90.93085479736328,55.66914367675781
2016-12-29,13.36637020111084,28.6442928314209,43.29151153564453,110.29000091552734,83.9975814819336,120.2519760131836,112.31682586669922,193.20169067382812,91.25308990478516,56.36067199707031
2016-12-30,13.391732215881348,28.44119644165039,43.44200897216797,109.61000061035156,84.24671936035156,119.79002380371094,111.16275787353516,192.49551391601562,91.39117431640625,57.07297134399414
2017-01-03,13.231098175048828,28.782394409179688,43.7129020690918,110.47000122070312,84.20651245117188,120.38520050048828,112.15730285644531,193.9681854248047,91.78239440917969,57.259674072265625
2017-01-04,13.332551956176758,29.001728057861328,44.209564208984375,110.86000061035156,84.30292510986328,122.3928451538086,112.76717376708984,195.12213134765625,92.13530731201172,58.09646224975586
2017-01-05,13.400186538696289,29.318552017211914,44.585811614990234,112.58000183105469,84.8494873046875,120.98040008544922,113.4051742553711,194.9671173095703,93.57762145996094,58.28317642211914
2017-01-06,13.38327693939209,29.19670295715332,44.43531799316406,111.75,84.46366119384766,120.5362548828125,114.3996810913086,195.66464233398438,92.71835327148438,58.29008102416992
2017-01-09,13.180373191833496,29.172327041625977,44.36758041381836,112.66999816894531,84.78521728515625,119.74563598632812,114.77500915527344,195.0187225341797,93.46249389648438,57.76450729370117
2017-01-10,13.121192932128906,29.342924118041992,44.375118255615234,113.1500015258789,84.74501037597656,120.89154052734375,115.02835845947266,195.0187225341797,93.40115356445312,57.27351379394531
2017-01-11,13.264914512634277,29.69225311279297,44.6083869934082,113.5,84.84148406982422,121.10476684570312,115.33796691894531,195.5699005126953,93.71569061279297,56.92083740234375
2017-01-12,13.459365844726562,29.82222557067871,44.67611312866211,113.91000366210938,84.88966369628906,120.17201232910156,115.15968322753906,195.0791015625,93.50852966308594,57.21128463745117
2017-01-13,13.434003829956055,29.797861099243164,44.8416633605957,114.20999908447266,84.70480346679688,121.04253387451172,115.55376434326172,195.52688598632812,93.06355285644531,57.1283073425293
2017-01-17,13.425549507141113,29.7816162109375,44.67611312866211,115.8499984741211,85.13082885742188,119.39918518066406,115.20659637451172,194.83790588378906,94.03787231445312,57.57088088989258
2017-01-18,13.307188034057617,29.619136810302734,44.548194885253906,114.87000274658203,84.52799224853516,119.79002380371094,115.44117736816406,195.2684783935547,92.83340454101562,57.66769790649414
2017-01-19,13.264914512634277,29.529773712158203,44.43531799316406,114.7699966430664,84.20651245117188,118.81289672851562,115.3848876953125,194.54510498046875,92.19666290283203,57.07990646362305
2017-01-20,13.417096138000488,29.586637496948242,44.691165924072266,115.05000305175781,84.24671936035156,119.42586517333984,115.63819122314453,195.25987243652344,92.01258087158203,57.49482727050781
2017-01-23,13.417096138000488,30.02532386779785,44.80404281616211,115.79000091552734,84.68875885009766,118.92839050292969,115.73201751708984,194.7518310546875,92.93313598632812,57.978878021240234
2017-01-24,13.450912475585938,30.21216583251953,44.916908264160156,115.2699966430664,84.36724853515625,120.74939727783203,116.51074981689453,196.00048828125,92.29642486572266,57.99272918701172
2017-01-25,13.36637020111084,30.545238494873047,45.38346481323242,114.31999969482422,83.94930267333984,121.88646697998047,117.68355560302734,197.6969451904297,91.13800811767578,57.61236572265625
2017-01-26,13.425549507141113,30.41526222229004,45.2028694152832,113.26000213623047,84.06187438964844,121.39791107177734,117.80551147460938,197.49029541015625,91.44487762451172,57.501705169677734
2017-01-27,13.315642356872559,30.43963050842285,45.12761688232422,113.48999786376953,84.16629791259766,120.98040008544922,118.03070831298828,197.18026733398438,91.77474975585938,56.941566467285156
2017-01-30,13.239553451538086,30.277156829833984,44.80404281616211,113.97000122070312,84.14219665527344,119.2925796508789,117.11123657226562,195.9573974609375,91.49857330322266,56.554325103759766
2017-01-31,13.315642356872559,30.334016799926758,44.871761322021484,115.55000305175781,84.43155670166016,120.12760925292969,116.87667083740234,195.94020080566406,92.13530731201172,56.96232604980469
2017-02-01,13.459365844726562,30.350269317626953,45.052364349365234,115.19999694824219,84.2697525024414,120.05654907226562,117.68355560302734,196.0177459716797,91.56562805175781,56.277679443359375
2017-02-02,13.459365844726562,30.480253219604492,45.07494354248047,115.83999633789062,84.30198669433594,119.7544937133789,117.58036804199219,196.1468505859375,91.52716064453125,56.94847869873047
2017-02-03,13.450912475585938,30.66709327697754,45.25554275512695,116.12999725341797,84.36634063720703,121.58441162109375,117.9181137084961,197.49891662597656,91.48871612548828,57.259674072265625
2017-02-06,13.36637020111084,30.59398078918457,44.93196105957031,117.69999694824219,84.76880645751953,120.66946411132812,118.05887603759766,197.14585876464844,92.04229736328125,57.16287612915039
2017-02-07,13.307188034057617,30.43963050842285,44.88681411743164,117.45999908447266,84.9217529296875,120.13646697998047,118.49044036865234,197.15444946289062,92.71888732910156,56.96232604980469
2017-02-08,13.357914924621582,30.626483917236328,44.962059020996094,118.19000244140625,85.26791381835938,119.92326354980469,118.68746185302734,197.41282653808594,93.97969055175781,57.41182327270508
2017-02-09,13.425549507141113,30.764589309692383,45.15018844604492,117.29000091552734,84.76075744628906,121.61112213134766,119.11904907226562,198.58392333984375,92.89566802978516,57.55011749267578
2017-02-10,13.569272994995117,31.048908233642578,45.25554275512695,117.5999984741211,84.70440673828125,122.53495788574219,119.51315307617188,199.36764526367188,92.84188079833984,57.95813751220703
2017-02-13,13.417096138000488,31.146400451660156,45.43614196777344,116.80000305175781,84.57563781738281,122.8547592163086,120.18865966796875,200.4526824951172,92.54969787597656,57.978878021240234
2017-02-14,13.434003829956055,31.17889976501465,45.368412017822266,116.93000030517578,84.2697525024414,123.26336669921875,120.59214782714844,201.25357055664062,91.88082885742188,57.67461013793945
2017-02-15,13.450912475585938,31.430721282958984,45.541500091552734,117.44999694824219,84.1087646484375,124.00066375732422,121.30516052246094,202.30416870117188,91.45799255371094,57.48097229003906
2017-02-16,13.36637020111084,31.316993713378906,45.64684295654297,118.08000183105469,84.44686126708984,123.65422058105469,121.26765441894531,202.1319580078125,91.95771789550781,57.819828033447266
2017-02-17,13.341005325317383,31.187015533447266,45.52643966674805,117.68000030517578,84.67224884033203,123.5743179321289,121.79303741455078,202.45059204101562,92.50358581542969,57.930477142333984
2017-02-21,13.3240966796875,31.528217315673828,45.67694091796875,117.75,84.63199615478516,124.54257202148438,122.39353942871094,203.65625,92.34212493896484,58.67042922973633
2017-02-22,13.256461143493652,31.625696182250977,45.67694091796875,117.91000366210938,84.76880645751953,123.99180603027344,122.4404525756836,203.47537231445312,92.49589538574219,58.4767951965332
2017-02-23,13.298733711242676,31.633821487426758,45.77477264404297,118.94000244140625,84.9942398071289,123.25450134277344,121.98068237304688,203.6131591796875,92.77266693115234,58.78105545043945
2017-02-24,13.273370742797852,31.260129928588867,45.443668365478516,119.69999694824219,85.38863372802734,123.1656723022461,122.21525573730469,203.8715057373047,93.80288696289062,59.05771255493164
2017-02-27,13.239553451538086,31.16265296936035,45.4737663269043,119.12000274658203,85.08273315429688,124.36487579345703,122.36540985107422,204.19012451171875,93.24931335449219,59.36888885498047
2017-02-28,13.290279388427734,30.86207389831543,45.406044006347656,119.2300033569336,85.04249572753906,122.44615173339844,121.99006652832031,203.63897705078125,93.59528350830078,58.96086120605469
2017-03-01,13.34946060180664,31.34136390686035,45.880126953125,119.05999755859375,84.45005798339844,124.68470764160156,123.32239532470703,206.48948669433594,92.02696990966797,58.78105545043945
2017-03-02,13.138099670410156,30.788957595825195,45.57912063598633,117.58000183105469,84.20825958251953,123.25450134277344,122.70318603515625,205.1890869140625,91.69576263427734,58.46296691894531
2017-03-03,13.205735206604004,31.02454376220703,45.85000991821289,117.51000213623047,84.28882598876953,123.1656723022461,122.92835235595703,205.3182830810547,91.93450927734375,58.234779357910156
2017-03-06,13.188826560974121,31.040788650512695,45.7070426940918,116.72000122070312,84.27272033691406,122.3217544555664,122.65621948242188,204.7068328857422,91.49547576904297,57.971981048583984
2017-03-07,13.129646301269531,31.07328224182129,45.549015045166016,115.77999877929688,84.15180969238281,121.52224731445312,122.44982147216797,204.09544372558594,91.21817779541016,57.69535446166992
2017-03-08,12.833742141723633,30.78083038330078,45.38346481323242,115.05999755859375,83.86970520019531,120.7227554321289,122.6656265258789,203.71646118164062,90.72518920898438,56.6303825378418
2017-03-09,12.723835945129395,30.53712272644043,45.556549072265625,114.47000122070312,83.63594818115234,120.2430648803711,122.75942993164062,203.97486877441406,90.00111389160156,55.77977752685547
2017-03-10,12.605474472045898,30.878305435180664,45.9403190612793,114.72000122070312,83.81328582763672,120.77606964111328,123.27545166015625,204.68963623046875,90.3169174194336,55.60689926147461
2017-03-13,12.588566780090332,31.308874130249023,46.18111801147461,114.73999786376953,83.60363006591797,121.06034088134766,123.48188018798828,204.79293823242188,89.74690246582031,55.74520492553711
2017-03-14,12.53783893585205,31.13014030456543,45.82744598388672,114.12000274658203,83.69234466552734,120.48292541503906,123.18161010742188,204.00927734375,90.17826080322266,55.73136520385742
2017-03-15,12.647747993469238,31.942522048950195,46.48211669921875,116.25,84.4258804321289,122.34841918945312,123.94161224365234,205.77467346191406,91.27975463867188,56.858604431152344
2017-03-16,12.630838394165039,32.13749694824219,46.70786666870117,116.7300033569336,84.19209289550781,122.50830841064453,123.85717010498047,205.36997985839844,90.8176040649414,56.74794006347656
2017-03-17,12.673110008239746,32.080631256103516,46.82827377319336,116.98999786376953,84.41786193847656,122.99687957763672,123.81391143798828,205.00926208496094,91.38760375976562,57.010719299316406
2017-03-20,12.664654731750488,32.454322814941406,46.73044204711914,117.51000213623047,84.61930084228516,122.46391296386719,123.92677307128906,204.7843475341797,91.78050231933594,56.96232604980469
2017-03-21,12.59701919555664,32.096866607666016,46.51974105834961,118.54000091552734,84.9014892578125,119.00833892822266,122.04637908935547,202.15505981445312,92.54308319091797,56.71337890625
2017-03-22,12.588566780090332,32.2512321472168,46.52727127075195,118.83000183105469,85.06265258789062,119.03499603271484,122.87374114990234,202.6307830810547,92.91282653808594,56.682029724121094
2017-03-23,12.563202857971191,32.25935363769531,46.63262939453125,118.66999816894531,84.97399139404297,119.72789764404297,122.56348419189453,202.41455078125,92.78184509277344,57.09999084472656
2017-03-24,12.605474472045898,32.3405876159668,46.76054382324219,118.86000061035156,85.02237701416016,119.81428527832031,122.8173599243164,202.26747131347656,93.11310577392578,57.03727722167969
2017-03-27,12.588566780090332,32.2512321472168,46.88094711303711,119.52999877929688,85.23194122314453,120.03701782226562,123.0147705078125,202.05995178222656,93.5367431640625,56.52180480957031
2017-03-28,12.664654731750488,32.3405876159668,47.1067008972168,119.04000091552734,84.9417495727539,120.9723892211914,123.7669448852539,203.53025817871094,92.91282653808594,56.76559829711914
2017-03-29,12.783015251159668,32.39745330810547,47.1067008972168,119.33000183105469,85.18358612060547,121.36438751220703,124.3404541015625,203.7205352783203,93.46742248535156,57.08602523803711
2017-03-30,12.833742141723633,32.22685623168945,46.94114685058594,118.47000122070312,84.9417495727539,122.28199768066406,124.54733276367188,204.3692169189453,92.71257781982422,57.19052505493164
2017-03-31,12.859106063842773,31.9993896484375,46.87342071533203,118.72000122070312,85.11105346679688,122.47798156738281,124.46266174316406,203.89353942871094,92.98213958740234,57.53187561035156
2017-04-03,12.808379173278809,32.17811965942383,46.80569839477539,119.3499984741211,85.52999114990234,121.18622589111328,124.387451171875,203.53892517089844,93.92002868652344,57.69904708862305
2017-04-04,12.935195922851562,32.19436264038086,46.790645599365234,119.62000274658203,85.40892028808594,121.043701171875,124.58486938476562,203.6686553955078,93.41057586669922,57.69904708862305
2017-04-05,12.96055793762207,32.096866607666016,46.542320251464844,119.62000274658203,85.57036590576172,119.67176055908203,124.07719421386719,203.0631866455078,93.69618225097656,57.78263854980469
2017-04-06,12.994376182556152,32.040008544921875,46.54985046386719,119.18000030517578,85.51384735107422,120.78534698486328,124.14298248291016,203.63401794433594,93.55721282958984,58.08914566040039
2017-04-07,13.028192520141602,31.983137130737305,46.51974105834961,119.45999908447266,85.25552368164062,120.73187255859375,124.07719421386719,203.4264678955078,93.1789779663086,58.1727294921875
2017-04-10,13.129646301269531,31.853160858154297,46.46707534790039,119.45999908447266,85.40892028808594,120.9991455078125,124.12420654296875,203.5475616455078,93.61123657226562,58.53497314453125
2017-04-11,13.155009269714355,31.78005027770996,46.685302734375,121.19000244140625,85.80447387695312,121.9613037109375,123.58831024169922,203.30538940429688,94.49895477294922,58.938987731933594
2017-04-12,13.155009269714355,31.93440055847168,46.647674560546875,122.0199966430664,86.07086181640625,120.30421447753906,123.08998107910156,202.41455078125,95.01616668701172,58.83450698852539
2017-04-13,13.197280883789062,31.796295166015625,46.346675872802734,122.5999984741211,86.32917022705078,119.1283187866211,122.60107421875,201.09986877441406,95.30949401855469,58.7021484375
2017-04-17,13.121192932128906,32.12936782836914,46.63262939453125,122.23999786376953,86.19196319580078,120.52698516845703,123.616455078125,202.881591796875,95.01616668701172,59.41267395019531
2017-04-18,13.070465087890625,31.723175048828125,46.42191696166992,122.81999969482422,86.68440246582031,120.55366516113281,123.42843627929688,202.276123046875,96.25894927978516,59.5728874206543
2017-04-19,12.842196464538574,31.528217315673828,46.233787536621094,121.7300033569336,86.4583511352539,120.9723892211914,123.62591552734375,201.90426635742188,95.73406982421875,59.489315032958984
2017-04-20,12.79146957397461,31.918153762817383,46.60251998901367,121.95999908447266,86.26463317871094,122.51364135742188,124.66011047363281,203.5475616455078,95.3635482788086,59.49628829956055
2017-04-21,12.664654731750488,31.918153762817383,46.63262939453125,122.30999755859375,86.30494689941406,122.23751068115234,124.63191986083984,202.8988800048828,95.3635482788086,59.280330657958984
2017-04-24,12.622383117675781,32.37308120727539,47.81406021118164,121.4800033569336,86.12737274169922,123.76082611083984,126.13623809814453,205.13034057617188,94.89266204833984,58.62552261352539
2017-04-25,12.681563377380371,32.65741729736328,48.152679443359375,120.25,85.68338775634766,124.96357727050781,127.04822540283203,206.32395935058594,93.75019073486328,58.86933517456055
2017-04-26,12.613929748535156,32.53554916381836,48.01723098754883,120.83999633789062,85.90940856933594,125.60496520996094,126.8696060180664,206.1941680908203,94.26739501953125,58.430477142333984
2017-04-27,12.546293258666992,32.494937896728516,48.06238555908203,120.38999938964844,85.96592712402344,125.5693130493164,127.6311264038086,206.3671875,94.23651123046875,58.27722930908203
2017-04-28,12.512476921081543,32.543678283691406,48.00970458984375,120.7699966430664,86.05470275878906,123.88560485839844,127.8568115234375,205.9174041748047,94.44495391845703,57.67117691040039
2017-05-01,12.53783893585205,32.730525970458984,48.20534896850586,119.66999816894531,85.86878204345703,124.59829711914062,128.99440002441406,206.4363555908203,93.65979766845703,58.01252365112305
2017-05-02,12.402569770812988,32.96611404418945,48.45368194580078,119.6500015258789,86.04661560058594,123.96578216552734,129.21058654785156,206.51419067382812,94.13935089111328,57.915008544921875
2017-05-03,12.35184383392334,32.74677658081055,48.35585403442383,117.9800033569336,85.86878204345703,123.19961547851562,128.79696655273438,206.26339721679688,94.20127868652344,57.14177703857422
2017-05-04,12.055940628051758,32.38121032714844,48.814884185791016,116.79000091552734,85.67473602294922,123.03034973144531,128.8439483642578,206.50555419921875,93.73717498779297,56.86313247680664
2017-05-05,12.225028038024902,32.649295806884766,49.35668182373047,117.01000213623047,85.69091033935547,123.82322692871094,129.31407165527344,207.3185577392578,93.82221984863281,57.399505615234375
2017-05-08,12.174301147460938,32.64116287231445,48.98794937133789,116.75,85.480712890625,123.3065185546875,129.5961456298828,207.28399658203125,93.31172180175781,56.99549102783203
2017-05-09,12.115120887756348,33.05547332763672,48.8675651550293,116.05000305175781,85.38365936279297,123.25306701660156,130.0474090576172,207.09371948242188,93.30399322509766,56.688968658447266
2017-05-10,12.309571266174316,33.274818420410156,48.94281005859375,116.04000091552734,85.35134887695312,124.01924133300781,130.12261962890625,207.46554565429688,93.1956558227539,57.13480758666992
2017-05-11,12.360297203063965,33.347930908203125,48.82240676879883,116.5,85.416015625,123.15506744384766,130.01918029785156,207.04180908203125,93.1956558227539,56.849185943603516
2017-05-12,12.360297203063965,33.48603439331055,49.093299865722656,116.83000183105469,85.85259246826172,122.50470733642578,130.31069946289062,206.69583129882812,93.89958953857422,56.619319915771484
2017-05-15,12.427932739257812,33.82722854614258,49.34164047241211,117.13999938964844,85.79598999023438,123.45796203613281,130.724365234375,207.83753967285156,93.64432525634766,56.786502838134766
2017-05-16,12.444841384887695,33.85972213745117,49.65767288208008,117.6500015258789,85.9091796875,123.50254821777344,131.2696533203125,207.64727783203125,93.99241638183594,56.40338897705078
2017-05-17,12.529386520385742,33.282936096191406,49.093299865722656,119.79000091552734,86.59639739990234,120.17062377929688,127.93201446533203,203.9627227783203,95.361572265625,56.63326644897461
2017-05-18,12.49556827545166,32.730525970458984,49.17608642578125,118.80999755859375,86.57215881347656,120.6072006225586,129.0508270263672,204.7843475341797,95.46987915039062,56.94673538208008
2017-05-19,12.740743637084961,33.42917251586914,49.747982025146484,119.4000015258789,86.54789733886719,121.18622589111328,129.5961456298828,206.1163330078125,95.69418334960938,57.25321960449219
2017-05-22,12.825288772583008,33.46166229248047,49.80818176269531,119.9000015258789,86.45085906982422,122.00582885742188,130.686767578125,207.1629180908203,95.43120574951172,57.476158142089844
2017-05-23,12.783015251159668,33.4941520690918,49.815704345703125,119.13999938964844,86.22445678710938,122.40674591064453,130.818359375,207.6212921142578,94.7891845703125,57.524906158447266
2017-05-24,12.75765323638916,33.6241340637207,49.84580612182617,119.61000061035156,86.4023666381836,122.48693084716797,131.4200439453125,208.10565185546875,95.3228988647461,57.99162673950195
2017-05-25,12.478658676147461,33.78661346435547,49.84580612182617,119.4800033569336,86.45085906982422,122.56706237792969,132.5389404296875,209.1002655029297,95.35382843017578,57.99857711791992
2017-05-26,12.571657180786133,33.90846633911133,49.70284652709961,120.54000091552734,86.50749206542969,122.53145599365234,132.7739715576172,209.0570831298828,95.51626586914062,57.58062744140625
2017-05-30,12.47020435333252,33.72974395751953,49.65016174316406,120.13999938964844,86.72573852539062,121.56932830810547,132.88674926757812,208.87542724609375,95.98812103271484,57.21839904785156
2017-05-31,12.334935188293457,33.46977996826172,49.71036148071289,120.62000274658203,86.76618194580078,121.44459533691406,132.8397979736328,208.82351684570312,96.22795104980469,57.25321960449219
2017-06-01,12.25039005279541,33.75412368774414,50.03392791748047,120.72000122070312,86.72084045410156,123.78760528564453,133.3568572998047,210.484130859375,96.238037109375,57.55277633666992
2017-06-02,12.19120979309082,33.92472457885742,50.583251953125,121.61000061035156,87.10140228271484,124.58938598632812,134.87998962402344,211.18470764160156,97.37751770019531,58.14487075805664
2017-06-05,12.123574256896973,33.88409423828125,50.30483627319336,121.7300033569336,86.9556655883789,123.81432342529297,134.851806640625,211.02908325195312,96.77285766601562,57.89409255981445
2017-06-06,12.208118438720703,33.90034484863281,50.16185760498047,123.0999984741211,87.23097229003906,123.698486328125,134.31591796875,210.35440063476562,97.30001068115234,57.61545181274414
2017-06-07,12.039031028747559,33.85972213745117,50.176910400390625,122.44999694824219,87.06900787353516,123.81432342529297,134.84239196777344,210.7436065673828,96.83491516113281,58.01948547363281
2017-06-08,12.039031028747559,34.06282043457031,50.08661651611328,121.6500015258789,86.93138122558594,125.50700378417969,134.98341369628906,210.847412109375,96.5791015625,57.88013458251953
2017-06-09,12.106666564941406,33.802860260009766,49.89848709106445,120.54000091552734,86.85041046142578,126.15734100341797,131.60812377929688,210.5273895263672,96.43183898925781,58.284210205078125
2017-06-12,11.996758460998535,33.6241340637207,49.71036148071289,120.36000061035156,86.83417510986328,125.95244598388672,130.90296936035156,210.484130859375,96.40081024169922,58.806617736816406
2017-06-13,12.0474853515625,33.78661346435547,50.09413528442383,120.4800033569336,86.8666000366211,126.5938720703125,131.96542358398438,211.51336669921875,96.41629791259766,58.938987731933594
2017-06-14,11.836126327514648,33.77848815917969,50.05651092529297,119.81999969482422,87.32002258300781,125.84553527832031,131.39187622070312,211.2452392578125,97.90461730957031,59.0225715637207
2017-06-15,11.886853218078613,33.42917251586914,49.537288665771484,119.31999969482422,87.16617584228516,125.20408630371094,130.80897521972656,210.8387451171875,97.74960327148438,59.322120666503906
2017-06-16,11.937579154968262,33.48603439331055,49.95867919921875,119.33999633789062,87.21481323242188,124.8923110961914,130.24143981933594,210.8848419189453,97.94339752197266,59.16887283325195
2017-06-19,11.861490249633789,33.81911087036133,50.16185760498047,118.43000030517578,86.97187042236328,125.81881713867188,132.41920471191406,212.64047241210938,97.80386352539062,59.175819396972656
2017-06-20,11.74312973022461,33.445308685302734,49.75810623168945,118.18000030517578,87.19049072265625,124.54483032226562,131.3821258544922,211.20639038085938,98.67980194091797,59.036537170410156
2017-06-21,11.616312026977539,33.51876449584961,49.69693374633789,118.5199966430664,87.18235778808594,124.23303985595703,132.6831817626953,211.15420532226562,98.88135528564453,58.91807174682617
2017-06-22,11.633222579956055,33.69015884399414,49.68928909301758,118.91999816894531,87.26336669921875,124.7051773071289,132.64544677734375,211.0586395263672,99.0984115600586,58.97382354736328
2017-06-23,11.683947563171387,33.86970520019531,49.81162643432617,119.43000030517578,87.28762817382812,125.53369903564453,133.15452575683594,211.31065368652344,99.05194091796875,59.178466796875
2017-06-26,11.709312438964844,34.19615936279297,49.895748138427734,118.36000061035156,87.36051940917969,125.68515014648438,132.5323028564453,211.4497528076172,99.42400360107422,59.60041809082031
2017-06-27,11.844581604003906,33.7962532043457,49.888099670410156,118.80999755859375,86.93138122558594,124.58047485351562,130.1282958984375,209.7462615966797,98.36202239990234,59.06595230102539
2017-06-28,11.920669555664062,34.05741882324219,50.323974609375,118.9000015258789,86.85041046142578,126.48698425292969,132.00436401367188,211.62353515625,98.03640747070312,59.20661163330078
2017-06-29,11.971395492553711,33.6248664855957,49.826934814453125,118.31999969482422,86.52655029296875,125.73863220214844,129.71348571777344,209.76365661621094,97.2147445678711,58.53148651123047
2017-06-30,12.216573715209961,33.779930114746094,49.857513427734375,118.0199966430664,86.32410430908203,125.54261779785156,129.76058959960938,210.15476989746094,96.98991394042969,58.53148651123047
2017-07-03,12.343389511108398,33.97580337524414,49.79634094238281,116.08999633789062,86.0069808959961,126.5938720703125,128.39358520507812,210.5111083984375,96.67768096923828,59.276920318603516
2017-07-05,12.157393455505371,33.9105224609375,49.79634094238281,116.5199966430664,86.07188415527344,126.13948822021484,129.65692138671875,210.99781799316406,96.70093536376953,58.4400634765625
2017-07-06,12.165846824645996,33.50244140625,49.574581146240234,116.47000122070312,85.90969848632812,124.49231719970703,128.4879150390625,209.068359375,95.90090942382812,57.34298324584961
2017-07-07,12.0474853515625,33.56773376464844,49.58222961425781,115.27999877929688,85.77185821533203,125.70023345947266,129.87376403808594,210.42416381835938,95.32608032226562,57.666481018066406
2017-07-10,12.098212242126465,33.88603210449219,49.70458221435547,115.47000122070312,85.88536834716797,125.15441131591797,130.7222442626953,210.65011596679688,95.46592712402344,57.13904571533203
2017-07-11,12.216573715209961,34.16351318359375,49.81928634643555,115.62000274658203,85.99889373779297,125.5212631225586,131.08990478515625,210.4936981201172,95.62902069091797,57.07574462890625
2017-07-12,12.157393455505371,34.8245849609375,50.216922760009766,116.02999877929688,86.25027465820312,126.48754119873047,132.64544677734375,212.0755157470703,96.289306640625,57.778987884521484
2017-07-13,12.148937225341797,34.99597930908203,50.362213134765625,115.81999969482422,86.16108703613281,126.59490966796875,132.93772888183594,212.43186950683594,95.68339538574219,57.87044143676758
2017-07-14,12.284208297729492,35.43668746948242,50.71396255493164,116.7699966430664,86.2826919555664,126.80963134765625,133.984130859375,213.4226837158203,95.7999267578125,58.42598342895508
2017-07-17,12.241934776306152,35.27346420288086,50.61455154418945,117.29000091552734,86.38813781738281,127.1048812866211,134.05015563964844,213.3965606689453,96.06401824951172,58.89716339111328
2017-07-18,12.29266357421875,35.37955856323242,50.66043472290039,118.11000061035156,86.70441436767578,126.77383422851562,134.94577026367188,213.50958251953125,96.90294647216797,58.770591735839844
2017-07-19,12.402569770812988,35.673370361328125,50.882205963134766,118.08000183105469,86.70441436767578,128.035400390625,135.73768615722656,214.66549682617188,96.94178009033203,59.213623046875
2017-07-20,12.385660171508789,35.63256072998047,51.088661193847656,118.23999786376953,86.72870635986328,128.12493896484375,135.9167938232422,214.76109313964844,97.22142791748047,58.939369201660156
2017-07-21,12.216573715209961,35.60808181762695,50.88984298706055,119.26000213623047,86.8828125,127.54332733154297,135.86019897460938,214.56993103027344,97.6330795288086,58.89716339111328
2017-07-24,12.241934776306152,35.71418380737305,50.752201080322266,119.30999755859375,86.82601928710938,127.72234344482422,136.4824676513672,214.51776123046875,97.25248718261719,58.784664154052734
2017-07-25,12.37720775604248,35.62440490722656,50.8210334777832,118.91999816894531,86.33948516845703,128.8854217529297,136.13363647460938,215.0392303466797,95.98634338378906,58.86200714111328
2017-07-26,12.49556827545166,35.918209075927734,51.13454818725586,119.87999725341797,86.615234375,128.16964721679688,136.5767364501953,215.0478973388672,96.14166259765625,59.26988220214844
2017-07-27,12.571657180786133,35.72234344482422,51.01985168457031,119.79000091552734,86.47736358642578,127.35545349121094,135.71888732910156,214.84805297851562,95.66786193847656,59.34021759033203
2017-07-28,12.639291763305664,35.70602035522461,51.07337188720703,120.69000244140625,86.62330627441406,127.01544189453125,135.60568237304688,214.59600830078125,96.23492431640625,59.178466796875
2017-07-31,12.71537971496582,35.746822357177734,51.180419921875,120.75,86.64764404296875,126.61283874511719,135.03062438964844,214.4743194580078,96.35142517089844,59.255828857421875
2017-08-01,12.571657180786133,35.85291290283203,51.463375091552734,120.6500015258789,86.86283874511719,126.8543701171875,135.3417510986328,214.9523162841797,97.02787780761719,59.52305603027344
2017-08-02,12.59701919555664,35.88556671142578,51.48630142211914,120.4000015258789,86.78165435791016,125.46756744384766,135.7094268798828,215.05665588378906,97.08241271972656,58.98155212402344
2017-08-03,12.504021644592285,35.73866271972656,51.516883850097656,120.58999633789062,87.0821533203125,124.84125518798828,135.18142700195312,214.63941955566406,98.08663940429688,58.86200714111328
2017-08-04,12.529386520385742,35.86924362182617,51.5857048034668,119.6500015258789,86.84663391113281,125.44966125488281,135.42657470703125,215.03053283691406,97.253662109375,59.058921813964844
2017-08-07,12.554749488830566,36.11408615112305,51.608646392822266,119.51000213623047,86.89534759521484,125.65546417236328,136.2845001220703,215.4303436279297,97.36265563964844,58.99561309814453
2017-08-08,12.563202857971191,36.12224197387695,51.3333625793457,119.86000061035156,86.82225799560547,125.26175689697266,136.0487518310547,214.9002227783203,97.01233673095703,58.71430969238281
2017-08-09,12.647747993469238,35.79579544067383,51.24925231933594,121.30999755859375,86.92786407470703,124.17915344238281,135.86962890625,214.89146423339844,97.54169464111328,58.51741409301758
2017-08-10,12.453296661376953,34.9470100402832,50.52279281616211,122.20999908447266,87.2527084350586,121.92444610595703,132.9565887451172,211.85818481445312,98.3746566772461,58.095458984375
2017-08-11,12.49556827545166,35.028621673583984,50.4310302734375,122.79000091552734,87.3501968383789,122.1034164428711,133.96533203125,212.17111206054688,98.42134857177734,57.736812591552734
2017-08-14,12.385660171508789,35.387725830078125,50.7980842590332,121.91999816894531,87.13900756835938,123.95548248291016,135.69056701660156,214.2744140625,97.91535186767578,58.70024871826172
2017-08-15,12.326480865478516,35.428531646728516,50.759849548339844,120.9800033569336,86.8791275024414,122.93550872802734,135.78480529785156,214.24830627441406,97.50281524658203,58.52442932128906
2017-08-16,12.29266357421875,35.79579544067383,51.05043029785156,121.87000274658203,87.04154205322266,122.97130584716797,136.0205078125,214.62208557128906,97.86084747314453,58.75652313232422
2017-08-17,12.326480865478516,35.3387565612793,50.47691345214844,122.48999786376953,87.3501968383789,120.72550964355469,133.23939514160156,211.27589416503906,98.5926284790039,58.39082336425781
2017-08-18,12.546293258666992,35.64073181152344,50.61455154418945,122.30000305175781,87.36644744873047,120.7165756225586,133.14512634277344,210.94566345214844,98.56930541992188,57.80007553100586
2017-08-21,12.394115447998047,35.77130889892578,50.59926223754883,122.76000213623047,87.42327117919922,120.63603210449219,132.97544860839844,211.11077880859375,98.81060791015625,58.418968200683594
2017-08-22,12.427932739257812,36.17121887207031,50.84395217895508,122.20999908447266,87.2527084350586,121.94232177734375,135.00234985351562,213.31837463378906,98.42915344238281,58.25018310546875
2017-08-23,12.53783893585205,36.34260177612305,50.851600646972656,122.66999816894531,87.55322265625,121.74552154541016,134.52151489257812,212.55355834960938,99.09864044189453,58.847930908203125
2017-08-24,12.529386520385742,36.45686340332031,50.73690414428711,122.29000091552734,87.41513061523438,122.12133026123047,134.12562561035156,212.05816650390625,98.73272705078125,58.66510009765625
2017-08-25,12.504021644592285,36.66905975341797,51.042789459228516,122.73999786376953,87.56131744384766,122.4702377319336,133.84274291992188,212.55355834960938,99.11421203613281,58.946407318115234
2017-08-28,12.512476921081543,36.538482666015625,51.042789459228516,124.69000244140625,87.64257049560547,122.98915100097656,134.257568359375,212.56222534179688,99.05197143554688,58.49633026123047
2017-08-29,12.512476921081543,36.473182678222656,50.8363151550293,124.41999816894531,87.84561157226562,123.01600646972656,134.7854766845703,212.80557250976562,99.37109375,58.433021545410156
2017-08-30,12.419477462768555,36.530311584472656,50.76749038696289,124.36000061035156,87.77252197265625,123.80337524414062,136.36932373046875,213.81375122070312,99.3399658203125,58.7635383605957
2017-08-31,12.766108512878418,36.58744812011719,51.1574821472168,125.81999969482422,87.91056823730469,125.02021789550781,137.83059692382812,215.10011291503906,99.6357650756836,59.10110092163086
2017-09-01,12.783015251159668,36.85676574707031,51.226295471191406,126.05999755859375,87.65191650390625,125.7270736694336,137.64199829101562,215.40426635742188,98.87362670898438,59.3050537109375
2017-09-05,12.808379173278809,36.375247955322266,50.882205963134766,127.45999908447266,88.26197814941406,124.51917266845703,136.4070587158203,213.8572540283203,100.44156646728516,59.14330291748047
2017-09-06,12.935195922851562,36.611934661865234,51.195716857910156,126.80999755859375,88.05047607421875,124.77860260009766,136.82188415527344,214.5872802734375,99.8253402709961,59.29800796508789
2017-09-07,12.926741600036621,36.88125228881836,51.61629104614258,128.1300048828125,88.4327621459961,124.46546936035156,137.14236450195312,214.56121826171875,100.8471908569336,59.67776870727539
2017-09-08,12.783015251159668,36.636409759521484,51.62394714355469,127.97000122070312,88.36772918701172,124.56393432617188,135.9545135498047,214.30917358398438,100.62879180908203,59.72700119018555
2017-09-11,12.808379173278809,37.12610626220703,52.029232025146484,126.19000244140625,87.8634262084961,125.87016296386719,137.51947021484375,216.594970703125,99.42749786376953,60.275535583496094
2017-09-12,12.842196464538574,37.085289001464844,52.189815521240234,126.55999755859375,87.65191650390625,126.63964080810547,137.84947204589844,217.32505798339844,98.90481567382812,59.565250396728516
2017-09-13,12.90137767791748,36.8894157409668,51.90687561035156,125.61000061035156,87.47297668457031,127.01544189453125,138.03802490234375,217.42935180664062,98.51481628417969,59.41054153442383
2017-09-14,12.909832000732422,36.98734664916992,51.99863815307617,126.16000366210938,87.48919677734375,126.89913940429688,137.2272186279297,217.3598175048828,98.92044830322266,59.90279006958008
2017-09-15,12.969012260437012,37.20771408081055,52.044525146484375,125.52999877929688,87.59497833251953,127.41807556152344,137.69859313964844,217.6524200439453,98.95942687988281,60.01532745361328
2017-09-18,12.952103614807129,37.338287353515625,52.113346099853516,124.36000061035156,87.25334167480469,128.28594970703125,137.51817321777344,218.11534118652344,98.38998413085938,59.691856384277344
2017-09-19,12.926741600036621,37.4199104309082,52.35804748535156,124.62000274658203,87.15576934814453,128.28594970703125,137.75437927246094,218.33372497558594,98.14820098876953,59.29800796508789
2017-09-20,13.03664779663086,37.24851608276367,52.24333572387695,123.62000274658203,86.98494720458984,128.69754028320312,137.32920837402344,218.4122772216797,98.21839904785156,59.136253356933594
2017-09-21,12.985920906066895,37.24851608276367,52.13627243041992,122.68000030517578,86.87106323242188,128.56333923339844,136.48837280273438,217.82704162597656,98.16375732421875,59.023746490478516
2017-09-22,13.03664779663086,37.036319732666016,52.296878814697266,123.23999786376953,87.02561950683594,129.10914611816406,136.35606384277344,217.87075805664062,98.44463348388672,58.6074104309082
2017-09-25,13.256461143493652,36.40789794921875,51.99863815307617,124.52999877929688,87.28585815429688,129.2880401611328,134.91989135742188,217.42527770996094,99.06088256835938,58.948455810546875
2017-09-26,13.138099670410156,36.30995559692383,51.883941650390625,123.13999938964844,87.21270751953125,129.69969177246094,135.2694549560547,217.55628967285156,98.88145446777344,59.04791259765625
2017-09-27,13.087372779846191,36.17937469482422,51.92217254638672,121.9800033569336,86.76529693603516,132.23794555664062,136.48837280273438,218.403564453125,97.39151763916016,58.515052795410156
2017-09-28,13.087372779846191,36.15488815307617,52.059810638427734,122.20999908447266,86.74901580810547,132.58770751953125,136.4410858154297,218.66558837890625,97.1029052734375,58.912925720214844
2017-09-29,13.01973819732666,36.57112503051758,52.365692138671875,121.58000183105469,86.64331817626953,132.901611328125,137.4236602783203,219.43418884277344,97.32131958007812,59.03370666503906
2017-10-02,12.909832000732422,36.57928466796875,52.31980514526367,120.7699966430664,86.54474639892578,134.5340118408203,137.54647827148438,220.3863067626953,97.14313507080078,58.948455810546875
2017-10-03,12.918285369873047,37.15873718261719,52.49568557739258,120.83000183105469,86.66693115234375,134.82994079589844,137.83937072753906,220.8579559326172,97.23692321777344,58.863197326660156
2017-10-04,12.935195922851562,37.15058517456055,52.396278381347656,121.16999816894531,86.64247131347656,134.39947509765625,137.97166442871094,221.12001037597656,97.24471282958984,59.161590576171875
2017-10-05,13.078920364379883,37.428062438964844,52.365692138671875,120.5199966430664,86.5528793334961,134.76719665527344,139.32272338867188,222.43014526367188,96.87733459472656,59.37474822998047
2017-10-06,12.876014709472656,37.2403564453125,52.327449798583984,121.08999633789062,86.4469985961914,134.57879638671875,139.51177978515625,222.1768341064453,96.603759765625,59.182899475097656
2017-10-09,12.884469032287598,37.215877532958984,52.342742919921875,122.08000183105469,86.54474639892578,134.02273559570312,139.35108947753906,221.80995178222656,96.90862274169922,59.325008392333984
2017-10-10,13.03664779663086,37.583126068115234,52.83979415893555,122.4000015258789,86.57736206054688,134.408447265625,139.45501708984375,222.3952178955078,97.06489562988281,59.502601623535156
2017-10-11,13.062010765075684,37.75452423095703,52.96977996826172,122.79000091552734,86.67508697509766,134.3097686767578,139.8707275390625,222.74456787109375,97.2525405883789,59.701560974121094
2017-10-12,13.045104026794434,37.73819351196289,52.92391586303711,122.88999938964844,86.75654602050781,134.21109008789062,139.6156463623047,222.4126434326172,97.666748046875,60.085205078125
2017-10-13,13.171918869018555,38.08096694946289,53.19920349121094,123.81999969482422,87.0498046875,133.9689178466797,140.1542205810547,222.68344116210938,98.37027740478516,60.241512298583984
2017-10-16,13.205735206604004,38.056495666503906,53.160945892333984,122.97000122070312,86.90315246582031,133.85240173339844,140.6360626220703,222.98040771484375,98.29994201660156,59.943115234375
2017-10-17,13.188826560974121,37.86062240600586,53.023319244384766,122.12999725341797,86.87060546875,133.46669006347656,140.81556701660156,223.13755798339844,98.42498779296875,60.01416778564453
2017-10-18,13.180373191833496,37.95038986206055,53.17625427246094,121.66999816894531,86.65062713623047,134.10345458984375,140.64552307128906,223.35601806640625,97.7762451171875,59.95021057128906
2017-10-19,13.121192932128906,37.615779876708984,53.09213638305664,122.38999938964844,86.74027252197266,133.89723205566406,140.12579345703125,223.4171142578125,97.94818115234375,59.7725830078125
2017-10-20,13.188826560974121,37.75452423095703,53.023319244384766,121.61000061035156,86.3818359375,134.5160675048828,140.5037841796875,224.570068359375,96.90862274169922,59.431575775146484
2017-10-23,13.188826560974121,37.45254898071289,52.90862274169922,121.80000305175781,86.46330261230469,133.51158142089844,139.58729553222656,223.6966094970703,97.08056640625,59.204219818115234
2017-10-24,13.3240966796875,37.45254898071289,52.99272537231445,121.33000183105469,86.20260620117188,133.78956604003906,139.8235321044922,224.08970642089844,96.47869110107422,58.848976135253906
2017-10-25,13.341005325317383,37.37092971801758,52.78627395629883,121.3499984741211,86.0641098022461,133.14381408691406,139.2943878173828,222.98040771484375,96.017578125,58.678470611572266
2017-10-26,13.400186538696289,37.1179313659668,52.77861404418945,120.33000183105469,85.9500961303711,133.42184448242188,138.85028076171875,223.2686004638672,95.69706726074219,58.19533157348633
2017-10-27,13.46782112121582,37.656585693359375,52.900970458984375,120.9000015258789,86.22704315185547,134.3456268310547,142.8941650390625,225.0941162109375,96.33013916015625,58.458221435546875
2017-10-30,13.50163745880127,37.4199104309082,53.023319244384766,121.12999725341797,86.5365982055664,132.92857360839844,143.21539306640625,224.2555694580078,97.2525405883789,58.40846633911133
2017-10-31,13.535455703735352,37.770851135253906,53.24507141113281,120.66999816894531,86.47957611083984,133.8702850341797,143.7539825439453,224.60499572753906,97.28382110595703,58.4013786315918
2017-11-01,13.54391098022461,37.96672058105469,53.298606872558594,121.11000061035156,86.53179931640625,132.98239135742188,143.70669555664062,224.90194702148438,97.71695709228516,58.68556213378906
2017-11-02,13.628454208374023,38.01568603515625,53.45918273925781,121.19000244140625,86.64602661132812,133.3769989013672,143.4327392578125,224.98928833007812,98.14776611328125,59.182899475097656
2017-11-03,13.712998390197754,37.81980514526367,53.37506866455078,120.62000274658203,86.78470611572266,133.28729248046875,144.81216430664062,225.74041748046875,98.4140853881836,59.03370666503906
2017-11-06,13.975083351135254,38.24420928955078,53.4515380859375,121.6500015258789,86.89078521728516,133.43978881835938,145.3034210205078,226.08987426757812,98.78223419189453,59.431575775146484
2017-11-07,13.89054012298584,37.99937438964844,53.25271987915039,121.20999908447266,86.92340850830078,131.8433074951172,145.38845825195312,225.9326171875,99.19737243652344,59.91469192504883
2017-11-08,13.865177154541016,38.17891311645508,53.42860412597656,121.62999725341797,86.8173599243164,132.02268981933594,145.97430419921875,226.31692504882812,98.97808074951172,60.213104248046875
2017-11-09,13.89054012298584,37.94223403930664,53.12273025512695,122.12999725341797,86.78470611572266,131.55625915527344,145.208984375,225.4959259033203,98.69609832763672,60.27702331542969
2017-11-10,13.865177154541016,37.77900314331055,52.977447509765625,121.12999725341797,86.34412384033203,131.45762634277344,145.19955444335938,225.42604064941406,97.2077865600586,60.34098434448242
2017-11-13,13.822905540466309,37.697391510009766,52.75567626953125,121.30999755859375,86.30333709716797,131.49349975585938,145.3790283203125,225.63568115234375,97.41146087646484,60.64647674560547
2017-11-14,13.636906623840332,37.44438552856445,52.717445373535156,121.55999755859375,86.42574310302734,131.13473510742188,144.8499298095703,225.11158752441406,98.0694580078125,60.51858901977539
2017-11-15,13.619999885559082,37.24851608276367,52.4650993347168,121.41000366210938,86.73578643798828,130.61459350585938,144.16966247558594,223.98484802246094,99.13471221923828,59.907588958740234
2017-11-16,13.577726364135742,38.02384567260742,52.88568115234375,121.4000015258789,86.51547241210938,132.533935546875,146.01205444335938,225.88897705078125,98.27310943603516,60.4049186706543
2017-11-17,13.797541618347168,38.21156311035156,52.69451141357422,122.86000061035156,86.62967681884766,133.14381408691406,145.45458984375,225.22508239746094,99.00154876708984,60.14206314086914
2017-11-20,13.68763542175293,38.407432556152344,52.8092155456543,121.30999755859375,86.49102020263672,134.11245727539062,145.34121704101562,225.60943603515625,98.96241760253906,59.96443176269531
2017-11-21,13.780632019042969,38.921600341796875,53.20683670043945,121.51000213623047,86.50727844238281,135.51162719726562,146.91912841796875,227.08554077148438,99.27576446533203,60.41200256347656
2017-11-22,13.856720924377441,39.01953887939453,53.35211944580078,122.62999725341797,86.78470611572266,135.33221435546875,147.0986328125,226.8846893310547,99.59690856933594,60.27702331542969
2017-11-24,13.898995399475098,38.93791961669922,53.788002014160156,122.31999969482422,86.7112808227539,135.38604736328125,147.6371307373047,227.40872192382812,99.32272338867188,60.355194091796875
2017-11-27,13.87363052368164,38.36662673950195,53.466835021972656,122.83000183105469,86.7684097290039,134.9734649658203,147.57101440429688,227.29518127441406,99.18173217773438,60.070987701416016
2017-11-28,13.81445026397705,38.65227508544922,53.77271270751953,122.80999755859375,86.78470611572266,137.09910583496094,147.94894409179688,229.60104370117188,99.31488800048828,59.84366226196289
2017-11-29,13.721452713012695,38.0401725769043,53.55859375,122.04000091552734,86.50727844238281,137.55654907226562,145.36961364746094,229.4613037109375,98.33573913574219,59.864952087402344
2017-11-30,13.662270545959473,37.623939514160156,53.61213302612305,121.0999984741211,86.23808288574219,137.8076629638672,146.5884246826172,231.47023010253906,98.0068130493164,59.95732879638672
2017-12-01,13.780632019042969,37.411746978759766,53.398014068603516,121.58999633789062,86.55677795410156,137.24256896972656,145.9647979736328,230.98980712890625,99.32935333251953,60.09941864013672
2017-12-04,13.611544609069824,37.48519515991211,53.20683670043945,121.18000030517578,86.51589965820312,136.73135375976562,144.2830352783203,230.71034240722656,99.37643432617188,59.801025390625
2017-12-05,13.611544609069824,37.46072006225586,53.09213638305664,120.31999969482422,86.58124542236328,135.36810302734375,144.37753295898438,229.8805694580078,99.87092590332031,59.303680419921875
2017-12-06,13.38327693939209,36.954708099365234,52.98508071899414,120.06999969482422,86.76103973388672,134.73130798339844,145.0294647216797,229.92425537109375,100.21629333496094,59.246856689453125
2017-12-07,13.425549507141113,37.06080627441406,53.12273025512695,118.48999786376953,86.60577392578125,135.67303466796875,145.52076721191406,230.6491241455078,99.4313735961914,59.39604949951172
2017-12-08,13.493183135986328,37.49335479736328,53.40565490722656,118.4800033569336,86.54036712646484,135.798583984375,146.1632080078125,231.9069366455078,99.43924713134766,59.701560974121094
2017-12-11,13.52700138092041,37.68107604980469,53.54330825805664,118.01000213623047,86.48321533203125,135.7447967529297,147.29698181152344,232.60569763183594,99.23517608642578,59.69445037841797
2017-12-12,13.40864086151123,37.428062438964844,53.61213302612305,118.1500015258789,86.4096450805664,135.32325744628906,147.0986328125,233.01622009277344,99.19588470458984,59.9857292175293
2017-12-13,13.34946060180664,37.87694549560547,53.818580627441406,119.16999816894531,86.76103973388672,136.13047790527344,147.38204956054688,232.98995971679688,99.94158172607422,60.085205078125
2017-12-14,13.391732215881348,37.59945297241211,53.52036666870117,118.93000030517578,86.72834014892578,134.62367248535156,147.2781219482422,232.03790283203125,100.36541748046875,60.070987701416016
2017-12-15,13.391732215881348,37.68107604980469,53.50507736206055,119.18000030517578,86.71200561523438,136.5430450439453,148.950439453125,233.97024536132812,100.7421875,60.44756317138672
2017-12-18,13.450912475585938,38.1054573059082,54.13976287841797,119.7300033569336,86.51589965820312,138.390625,150.1992950439453,235.45391845703125,99.82382202148438,60.845428466796875
2017-12-19,13.55236530303955,37.90413284301758,53.94114685058594,119.81999969482422,86.12364959716797,137.29641723632812,149.3092803955078,234.5497283935547,98.52875518798828,59.55234909057617
2017-12-20,13.628454208374023,37.9538459777832,53.84841537475586,120.13999938964844,85.87036895751953,137.56552124023438,149.1483154296875,234.4267120361328,97.43773651123047,58.863197326660156
2017-12-21,13.636906623840332,38.202396392822266,54.041595458984375,120.30999755859375,85.93093872070312,138.16781616210938,149.167236328125,234.9096221923828,98.00563049316406,58.635169982910156
2017-12-22,13.696088790893555,38.525508880615234,54.18072509765625,120.94000244140625,85.96366882324219,137.91566467285156,148.996826171875,234.8480987548828,98.13931274414062,59.03921890258789
2017-12-26,13.898995399475098,38.492374420166016,54.165245056152344,121.7699966430664,85.99637603759766,137.99668884277344,148.1920928955078,234.56719970703125,98.43038940429688,59.33502960205078
2017-12-27,13.93281078338623,38.591793060302734,54.265716552734375,122.2300033569336,86.36466979980469,137.8616943359375,148.2109832763672,234.6813201904297,99.71243286132812,59.52983093261719
2017-12-28,14.000447273254395,38.85691833496094,54.2966423034668,122.8499984741211,86.25830841064453,138.40184020996094,148.39088439941406,235.16416931152344,99.62598419189453,59.84727478027344
2017-12-29,14.042719841003418,39.039180755615234,54.33528137207031,123.6500015258789,86.3974380493164,137.25843811035156,147.4724884033203,234.2774658203125,99.7832260131836,59.86894607543945
2018-01-02,14.11035442352295,39.776546478271484,54.73712921142578,125.1500015258789,86.11096954345703,138.5548553466797,150.0572052001953,235.95431518554688,98.70565795898438,59.645267486572266
2018-01-03,14.19489860534668,40.15766906738281,54.999881744384766,124.81999969482422,86.20098114013672,138.698974609375,151.51531982421875,237.4467010498047,99.17757415771484,59.472110748291016
2018-01-04,14.17798900604248,40.356510162353516,55.6026611328125,125.45999908447266,86.16006469726562,139.06808471679688,151.78041076660156,238.44754028320312,99.16184997558594,58.44760513305664
2018-01-05,14.1272611618042,40.70448684692383,55.91178512573242,125.33000183105469,86.05365753173828,139.3561248779297,153.3047637939453,240.0365753173828,98.87870025634766,58.476470947265625
2018-01-08,14.118809700012207,40.70448684692383,55.89631652832031,125.30999755859375,86.01277160644531,139.57223510742188,153.9011993408203,240.47547912597656,98.81574249267578,58.77949523925781
2018-01-09,14.21180534362793,40.63820266723633,55.958152770996094,124.7300033569336,85.60359191894531,139.38316345214844,153.9106903076172,241.0197296142578,97.49433898925781,58.02192687988281
2018-01-10,14.262532234191895,40.381370544433594,55.84994125366211,125.02999877929688,85.57902526855469,139.40113830566406,153.5509033203125,240.65109252929688,97.37640380859375,57.372596740722656
2018-01-11,14.254077911376953,40.62991714477539,56.236358642578125,125.44000244140625,85.63631439208984,141.7959442138672,154.60183715820312,242.40687561035156,97.7774887084961,57.17778015136719
2018-01-12,14.347074508666992,41.019309997558594,56.80049514770508,126.95999908447266,85.57902526855469,142.39016723632812,155.73805236816406,243.9871826171875,97.94266510009766,56.716041564941406
2018-01-16,14.279439926147461,40.86189651489258,56.746402740478516,127.16999816894531,85.61994934082031,140.5716094970703,155.2930145263672,243.15313720703125,98.35172271728516,56.82426452636719
2018-01-17,14.296348571777344,41.40042495727539,57.04006576538086,126.13999938964844,85.43172454833984,141.90402221679688,156.9687957763672,245.4707794189453,98.21803283691406,57.22108459472656
2018-01-18,14.296348571777344,41.450138092041016,56.97052001953125,125.86000061035156,85.16165161132812,140.93167114257812,156.99728393554688,245.0581512451172,97.30559539794922,56.48514938354492
2018-01-19,14.270986557006836,41.78981399536133,57.28736114501953,126.41999816894531,84.94064331054688,142.7862548828125,157.48953247070312,246.1731719970703,96.7942886352539,56.788177490234375
2018-01-22,14.304804801940918,42.03009796142578,57.581024169921875,126.6500015258789,84.90794372558594,143.55152893066406,159.17483520507812,248.17478942871094,96.88871002197266,57.30765914916992
2018-01-23,14.406256675720215,42.22893524169922,57.7664909362793,127.27999877929688,85.15345001220703,144.01068115234375,160.49087524414062,248.70150756835938,97.30559539794922,58.10129165649414
2018-01-24,14.55843448638916,42.58518981933594,57.866943359375,128.8300018310547,84.9897689819336,143.119384765625,159.44943237304688,248.60491943359375,96.77859497070312,57.79827880859375
2018-01-25,14.473892211914062,42.56032943725586,57.64283752441406,127.97000122070312,85.1780014038086,143.17343139648438,159.3926239013672,248.71026611328125,97.57303619384766,57.69724655151367
2018-01-26,14.5837984085083,43.14857482910156,58.15287780761719,128.07000732421875,84.92430877685547,143.68655395507812,161.8353271484375,251.58978271484375,97.21119689941406,57.4952507019043
2018-01-29,14.541528701782227,42.49405288696289,57.619651794433594,127.3499984741211,84.7115478515625,142.8763427734375,161.04949951171875,249.92172241210938,96.53477478027344,56.72325134277344
2018-01-30,14.44007396697998,41.91410446166992,57.140525817871094,126.80000305175781,84.51513671875,141.50787353515625,159.7239990234375,247.3582763671875,95.96842956542969,56.312015533447266
2018-01-31,14.45698356628418,42.27864456176758,57.0632438659668,127.6500015258789,84.53965759277344,140.7695770263672,160.38673400878906,247.48117065429688,96.53477478027344,57.32208251953125
2018-02-01,14.6007080078125,41.70697021484375,57.22552490234375,128.07000732421875,84.10357666015625,141.21075439453125,159.02334594726562,247.20021057128906,95.13571166992188,56.088356018066406
2018-02-02,14.363985061645508,40.63820266723633,56.066341400146484,126.38999938964844,83.79206848144531,138.49188232421875,155.85162353515625,241.8187255859375,94.25289154052734,55.61216735839844
2018-02-05,14.228713989257812,39.21317672729492,53.71704864501953,126.70999908447266,84.48063659667969,133.17112731933594,149.7069549560547,231.7052001953125,95.14360809326172,53.95995330810547
2018-02-06,14.144170761108398,40.489070892333984,54.77576446533203,125.37999725341797,84.11178588867188,134.76466369628906,153.67398071289062,236.27029418945312,94.55243682861328,53.96718215942383
2018-02-07,13.983538627624512,39.21317672729492,54.1961784362793,124.79000091552734,83.86583709716797,134.8997344970703,151.6857452392578,234.98858642578125,93.65386199951172,53.73630142211914
2018-02-08,13.839815139770508,37.854427337646484,52.781951904296875,124.9800033569336,83.93962097167969,130.93846130371094,145.28538513183594,226.1744384765625,93.5514144897461,52.19230651855469
2018-02-09,13.636906623840332,38.459228515625,53.00605010986328,124.7699966430664,83.79206848144531,132.1358642578125,147.7943572998047,229.57191467285156,92.96027374267578,53.49821090698242
2018-02-12,13.721452713012695,39.06404495239258,53.817501068115234,125.37000274658203,83.7674560546875,133.38723754882812,150.41702270507812,232.94309997558594,93.37010955810547,53.519859313964844
2018-02-13,13.74681568145752,39.3623046875,53.65521240234375,126.08000183105469,83.9068603515625,133.6753387451172,151.193359375,233.52244567871094,93.78789520263672,53.89502716064453
2018-02-14,13.958175659179688,40.34822082519531,54.60575485229492,128.22999572753906,83.39862060546875,136.0791015625,154.02430725097656,236.6741943359375,92.74748992919922,53.505435943603516
2018-02-15,13.983538627624512,41.176734924316406,54.94578552246094,128.3800048828125,83.4231948852539,137.56455993652344,156.8836212158203,239.6942138671875,93.06272888183594,54.024879455566406
2018-02-16,14.008899688720703,41.04417419433594,55.193084716796875,127.95999908447266,83.61995697021484,138.05075073242188,156.18299865722656,239.7643585205078,93.56722259521484,54.320709228515625
2018-02-20,14.051173210144043,40.48078918457031,54.675296783447266,126.23999786376953,83.5297622680664,136.91636657714844,156.4954376220703,238.26318359375,93.1573257446289,53.6785774230957
2018-02-21,14.03426456451416,40.447654724121094,54.41254425048828,125.66000366210938,83.28384399414062,137.06040954589844,156.05047607421875,237.07798767089844,92.01445770263672,52.61800765991211
2018-02-22,14.161081314086914,40.47249984741211,54.698482513427734,126.30000305175781,83.39862060546875,136.8443603515625,156.0315399169922,237.38526916503906,92.29032135009766,53.21682357788086
2018-02-23,14.254077911376953,41.193294525146484,55.131256103515625,126.13999938964844,83.71833038330078,138.62689208984375,159.22218322753906,241.16897583007812,93.11004638671875,54.068199157714844
2018-02-26,14.330167770385742,41.57441329956055,55.64904022216797,126.44999694824219,83.81664276123047,139.5362548828125,161.33351135253906,243.96954345703125,93.14156341552734,54.21968078613281
2018-02-27,14.186444282531738,40.364803314208984,54.822147369384766,125.12999725341797,83.55435180664062,137.528564453125,159.33580017089844,240.9231719970703,93.007568359375,52.95709228515625
2018-02-28,14.03426456451416,39.78484344482422,54.30436325073242,125.0,83.75111389160156,135.35887145996094,158.31326293945312,238.48263549804688,93.59871673583984,52.9210319519043
2018-03-01,14.059627532958984,39.71027755737305,53.3924674987793,124.72000122070312,84.11152648925781,134.9987030029297,155.72850036621094,235.01495361328125,94.23767852783203,52.971500396728516
2018-03-02,14.059627532958984,39.875980377197266,53.64747619628906,125.38999938964844,83.7995376586914,137.15948486328125,157.15817260742188,236.22640991210938,93.47156524658203,52.949886322021484
2018-03-05,14.144170761108398,39.93397521972656,53.93341827392578,125.18000030517578,83.69279479980469,138.3838348388672,158.90029907226562,238.95664978027344,93.21880340576172,53.5487174987793
2018-03-06,14.19489860534668,40.30679702758789,54.250267028808594,126.52999877929688,83.6845932006836,139.87832641601562,159.57252502441406,239.5624542236328,93.3056869506836,53.80124282836914
2018-03-07,14.042719841003418,40.34822082519531,54.23480987548828,125.72000122070312,83.6845932006836,141.11175537109375,159.9416961669922,239.4746551513672,93.20304107666016,54.133121490478516
2018-03-08,13.958175659179688,40.356510162353516,54.350738525390625,125.41999816894531,83.85699462890625,140.82366943359375,160.822265625,240.6334991455078,93.74008178710938,54.234127044677734
2018-03-09,14.09344482421875,41.2181510925293,54.698482513427734,125.54000091552734,83.6763916015625,143.0743408203125,163.94667053222656,244.8210906982422,93.12405395507812,54.529937744140625
2018-03-12,14.068081855773926,41.31757354736328,54.760311126708984,125.54000091552734,83.87347412109375,143.3264617919922,164.81773376464844,244.51382446289062,93.66111755371094,54.768035888671875
2018-03-13,14.025810241699219,40.94474411010742,54.397098541259766,125.77999877929688,84.01300048828125,142.66021728515625,162.57383728027344,242.93362426757812,94.13494873046875,54.81854248046875
2018-03-14,14.025810241699219,41.01102828979492,54.528472900390625,125.69999694824219,84.17717742919922,141.98504638671875,162.54542541503906,241.68701171875,94.96426391601562,54.86905288696289
2018-03-15,14.017355918884277,40.86189651489258,54.49755859375,124.9000015258789,84.14437866210938,141.2737579345703,162.40342712402344,241.42355346679688,94.96426391601562,54.85459899902344
2018-03-16,14.068081855773926,40.7707633972168,54.458927154541016,124.5999984741211,84.0457992553711,142.06602478027344,161.9205780029297,241.68540954589844,94.6246337890625,55.236995697021484
2018-03-19,13.975083351135254,40.331661224365234,54.01842498779297,124.87000274658203,83.9637222290039,140.6975860595703,158.46580505371094,238.4154052734375,94.32453918457031,54.76081466674805
2018-03-20,14.068081855773926,40.779052734375,54.01070022583008,124.30999755859375,83.7995376586914,140.66160583496094,158.98736572265625,238.82080078125,93.94537353515625,54.573211669921875
2018-03-21,14.321712493896484,41.019309997558594,54.095706939697266,126.4800033569336,83.85699462890625,141.48080444335938,158.2951202392578,238.36245727539062,94.04810333251953,54.169193267822266
2018-03-22,14.21180534362793,39.652278900146484,53.09107208251953,125.9800033569336,84.20178985595703,138.3785400390625,154.387939453125,232.4041290283203,94.98004913330078,53.85173797607422
2018-03-23,14.338621139526367,38.848628997802734,52.503753662109375,127.61000061035156,84.31674194335938,135.40065002441406,150.3196563720703,227.4504852294922,94.9089584350586,52.89216613769531
2018-03-26,14.347074508666992,40.10795211791992,53.44656753540039,128.27999877929688,84.08684539794922,138.36045837402344,155.90530395507812,233.67324829101562,94.54566192626953,53.49390411376953
2018-03-27,14.287894248962402,39.378868103027344,53.05243682861328,127.48999786376953,84.56302642822266,135.68043518066406,150.86016845703125,229.69810485839844,95.55659484863281,53.6978874206543
2018-03-28,14.228713989257812,39.18003463745117,53.36155319213867,125.7300033569336,84.54659271240234,135.63528442382812,149.124755859375,229.01934814453125,95.80934143066406,55.04560089111328
2018-03-29,14.355528831481934,40.000247955322266,53.84841537475586,125.79000091552734,84.71905517578125,137.00689697265625,151.85595703125,231.9457244873047,96.27528381347656,54.980064392089844
2018-04-02,14.161081314086914,39.279457092285156,53.10653305053711,127.26000213623047,84.8053970336914,133.6681365966797,147.4746551513672,226.93923950195312,96.46524047851562,54.23697280883789
2018-04-03,14.237170219421387,39.668853759765625,53.44656753540039,126.30000305175781,84.53402709960938,135.58114624023438,149.1342315673828,229.84791564941406,95.72127532958984,54.69595718383789
2018-04-04,14.17798900604248,39.685420989990234,53.63203048706055,126.44999694824219,84.48464965820312,137.30470275878906,151.486083984375,232.30709838867188,95.52339935302734,55.271461486816406
2018-04-05,14.245622634887695,39.78484344482422,53.98752212524414,125.80000305175781,84.27085876464844,138.4416961669922,152.3490753173828,234.14047241210938,94.81108093261719,55.249576568603516
2018-04-06,14.144170761108398,39.006046295166016,53.63203048706055,126.38999938964844,84.64093780517578,135.68043518066406,148.53677368164062,228.92239379882812,95.84790802001953,54.8343505859375
2018-04-09,14.321712493896484,39.04747009277344,54.072532653808594,126.81999969482422,84.6573257446289,135.8428192138672,149.5800018310547,230.05067443847656,96.00619506835938,54.65950393676758
2018-04-10,14.566889762878418,39.809688568115234,54.65213394165039,127.12000274658203,84.50933074951172,138.40560913085938,152.88015747070312,233.7085723876953,95.83206176757812,54.60124206542969
2018-04-11,14.676796913146973,39.82626724243164,54.44346237182617,128.11000061035156,84.59156036376953,138.70333862304688,151.9982147216797,232.48342895507812,96.17243957519531,54.7177848815918
2018-04-12,14.617616653442383,39.809688568115234,54.65213394165039,126.62000274658203,84.28730773925781,139.65084838867188,153.8285369873047,234.39610290527344,95.46800231933594,54.10582733154297
2018-04-13,14.626070022583008,39.412010192871094,54.706214904785156,127.44999694824219,84.3613052368164,138.919921875,153.03189086914062,233.7085723876953,95.68962097167969,54.38996124267578
2018-04-16,14.57534408569336,39.461727142333984,54.791229248046875,127.62999725341797,84.32020568847656,140.20132446289062,154.1983642578125,235.63002014160156,95.72127532958984,54.725067138671875
2018-04-17,14.5837984085083,39.544578552246094,55.03853225708008,127.75,84.36952209472656,141.72628784179688,157.51744079589844,238.15086364746094,95.98245239257812,55.36614990234375
2018-04-18,14.854339599609375,39.88425827026367,55.32444763183594,127.8499984741211,84.04058837890625,142.10528564453125,157.83990478515625,238.32725524902344,95.21473693847656,55.249576568603516
2018-04-19,14.795157432556152,39.652278900146484,55.11579895019531,127.5999984741211,83.81034088134766,141.12176513671875,156.3889923095703,237.00509643554688,94.43910217285156,54.44825744628906
2018-04-20,14.769793510437012,39.15517807006836,54.90714645385742,126.62999725341797,83.53069305419922,140.3636932373047,153.913818359375,234.99545288085938,93.75838470458984,53.945560455322266
2018-04-23,14.76133918762207,38.84034729003906,54.83760070800781,125.62000274658203,83.44844055175781,140.15618896484375,153.52499389648438,234.960205078125,93.7821273803711,53.90186309814453
2018-04-24,14.685250282287598,38.65806579589844,54.61347198486328,126.2300033569336,83.34977722167969,139.35305786132812,150.2722625732422,231.79588317871094,93.35472869873047,54.10582733154297
2018-04-25,14.710614204406738,38.35980224609375,54.520748138427734,125.41000366210938,83.1688232421875,139.14553833007812,150.45242309570312,232.3687744140625,92.72949981689453,54.00386047363281
2018-04-26,14.786705017089844,38.914913177490234,54.791229248046875,124.97000122070312,83.40731811523438,139.7862091064453,153.6198272705078,234.73104858398438,93.37850189208984,54.710506439208984
2018-04-27,14.778250694274902,39.15517807006836,54.84532165527344,125.5,83.54714965820312,139.58767700195312,153.7146453857422,234.95135498046875,94.0987548828125,55.6502799987793
2018-04-30,14.845884323120117,38.873477935791016,54.66756820678711,124.58999633789062,83.63761138916016,138.35142517089844,152.6240692138672,233.14450073242188,94.26495361328125,55.431705474853516
2018-05-01,14.76133918762207,38.682926177978516,54.47437286376953,123.70999908447266,83.50659942626953,139.02818298339844,154.36903381347656,233.55873107910156,93.92546844482422,55.934383392333984
2018-05-02,14.76133918762207,38.37638473510742,54.451194763183594,123.6500015258789,83.52308654785156,139.55157470703125,153.45860290527344,231.98976135253906,93.82233428955078,55.730384826660156
2018-05-03,14.854339599609375,38.29353713989258,54.621219635009766,124.27999877929688,83.73731231689453,138.7936553955078,153.43966674804688,231.47857666015625,94.24272918701172,55.69399642944336
2018-05-04,14.955793380737305,38.46751403808594,54.81441116333008,124.54000091552734,83.74553680419922,140.5261688232422,156.35101318359375,234.4753875732422,94.38552856445312,56.305904388427734
2018-05-07,14.94733715057373,38.24382019042969,54.822147369384766,124.56999969482422,83.70433807373047,141.71730041503906,157.65023803710938,235.26869201660156,94.23485565185547,56.684730529785156
2018-05-08,14.989607810974121,38.459228515625,54.82986831665039,124.58999633789062,83.56429290771484,142.42112731933594,157.489013671875,235.26869201660156,94.14757537841797,56.400611877441406
2018-05-09,15.124876976013184,38.53379440307617,54.961246490478516,124.33000183105469,83.374755859375,143.1881561279297,159.2054901123047,237.54273986816406,93.58436584472656,56.779449462890625
2018-05-10,15.200967788696289,39.33745574951172,55.31672668457031,125.18000030517578,83.54778289794922,143.95516967773438,160.85560607910156,239.763916015625,94.33792877197266,57.223846435546875
2018-05-11,15.107972145080566,39.27117156982422,55.463558197021484,125.0,83.55603790283203,144.2349090576172,160.70384216308594,240.49549865722656,94.57591247558594,57.02716064453125
2018-05-14,15.217875480651855,39.32087707519531,55.564029693603516,124.48999786376953,83.374755859375,143.6844482421875,160.97885131835938,240.61007690429688,94.07620239257812,56.5390510559082
2018-05-15,15.234785079956055,38.508934020996094,55.162166595458984,122.4800033569336,82.913330078125,143.71153259277344,159.19598388671875,238.9530487060547,93.00534057617188,55.62114334106445
2018-05-16,15.319329261779785,39.08889389038086,55.23944854736328,122.29000091552734,82.74034118652344,145.20947265625,160.24867248535156,239.9578094482422,92.64838409423828,55.45359420776367
2018-05-17,15.336236953735352,38.492374420166016,55.32444763183594,122.36000061035156,82.69088745117188,145.877197265625,159.63223266601562,239.7551727294922,92.18033599853516,55.1767578125
2018-05-18,15.344693183898926,38.169254302978516,55.12352752685547,122.41000366210938,83.01221466064453,146.0666961669922,158.80718994140625,239.1557159423828,92.97359466552734,55.249576568603516
2018-05-21,15.463053703308105,38.4012336730957,55.47129440307617,122.4800033569336,83.06990814208984,147.03225708007812,159.69857788085938,240.95384216308594,93.02115631103516,55.90525817871094
2018-05-22,15.479960441589355,38.53379440307617,55.40172576904297,122.41000366210938,83.03695678710938,145.96739196777344,159.489990234375,240.28387451171875,92.87838745117188,55.98537826538086
2018-05-23,15.564506530761719,38.51722717285156,54.791229248046875,122.54000091552734,83.41596984863281,146.15692138671875,160.8366241455078,240.94509887695312,93.55265045166016,56.54631805419922
2018-05-24,15.463053703308105,38.31010055541992,54.621219635009766,123.58999633789062,83.63021850585938,146.21112060546875,160.7892303466797,240.45143127441406,94.29824829101562,56.429771423339844
2018-05-25,15.234785079956055,38.46751403808594,54.265716552734375,123.20999908447266,83.95977020263672,145.94940185546875,160.95045471191406,239.87852478027344,94.88525390625,56.626468658447266
2018-05-29,15.09106159210205,37.57272720336914,53.16062545776367,123.19000244140625,84.86608123779297,145.75091552734375,160.23915100097656,237.11964416503906,96.96351623535156,56.89600372314453
2018-05-30,15.28551197052002,37.870994567871094,53.9720573425293,123.37000274658203,84.50353240966797,148.0609130859375,161.3866729736328,240.28387451171875,96.31307220458984,57.66823959350586
2018-05-31,15.243241310119629,37.854427337646484,53.63203048706055,123.0999984741211,84.46238708496094,146.87881469726562,161.2823486328125,238.8119659423828,96.1544189453125,57.471534729003906
2018-06-01,15.1417875289917,38.38466262817383,54.095706939697266,122.48999786376953,84.1502914428711,147.84437561035156,163.8143768310547,241.15655517578125,95.6463394165039,57.72650146484375
2018-06-04,14.96424674987793,38.7740592956543,54.257991790771484,122.37000274658203,83.85311889648438,148.62950134277344,165.29373168945312,242.30242919921875,94.95465850830078,58.229183197021484
2018-06-05,14.989607810974121,38.475807189941406,54.17298889160156,122.8499984741211,84.06775665283203,149.5498504638672,165.80589294433594,242.47866821289062,95.17729949951172,58.07617950439453
2018-06-06,15.040334701538086,39.055747985839844,54.65985107421875,122.91999816894531,83.72930145263672,150.63267517089844,166.77325439453125,244.50604248046875,94.40605926513672,58.21458435058594
2018-06-07,15.099514961242676,38.459228515625,54.350738525390625,122.86000061035156,84.08423614501953,149.81155395507812,165.4170684814453,244.47950744628906,95.32039642333984,58.21458435058594
2018-06-08,15.09106159210205,38.38466262817383,54.41254425048828,123.01000213623047,83.96864318847656,150.2627410888672,165.42654418945312,245.20228576660156,95.0341567993164,58.42585372924805
2018-06-11,15.08260726928711,38.38466262817383,54.760311126708984,123.2300033569336,83.88612365722656,150.4883270263672,165.87225341796875,245.5284881591797,94.85926055908203,58.33845138549805
2018-06-12,15.074151992797852,38.28524398803711,54.41254425048828,122.81999969482422,83.8365707397461,151.17408752441406,166.7447052001953,245.8457794189453,94.8830795288086,58.688133239746094
2018-06-13,15.133333206176758,38.02841567993164,54.48983383178711,123.19000244140625,83.73753356933594,150.5785675048828,166.73524475097656,245.061279296875,94.83538818359375,57.544376373291016
2018-06-14,14.96424674987793,37.771575927734375,54.37391662597656,123.37999725341797,84.00166320800781,151.3816680908203,168.42324829101562,245.67832946777344,95.62251281738281,58.09075927734375
2018-06-15,14.6007080078125,37.47331619262695,54.095706939697266,121.33999633789062,84.06775665283203,151.42678833007812,167.83526611328125,245.3648223876953,95.70996856689453,58.0543212890625
2018-06-18,14.727522850036621,37.01763153076172,53.70930862426758,121.11000061035156,84.1090316772461,152.13967895507812,167.73834228515625,244.8601837158203,95.62251281738281,58.07050323486328
2018-06-19,14.57534408569336,36.6090202331543,53.21592330932617,120.80000305175781,84.33195495605469,152.14871215820312,167.26316833496094,243.9216766357422,96.17909240722656,58.01169204711914
2018-06-20,14.55843448638916,36.7674560546875,53.255340576171875,120.26000213623047,84.0594711303711,153.3759002685547,168.45111083984375,244.33779907226562,95.33631134033203,58.658695220947266
2018-06-21,14.448528289794922,36.25042724609375,52.87701416015625,120.05000305175781,84.2823486328125,151.941162109375,166.98756408691406,242.8060760498047,95.83720397949219,58.9381103515625
2018-06-22,14.735978126525879,36.62568664550781,53.436607360839844,120.33999633789062,84.29888153076172,151.4358367919922,166.616943359375,243.248779296875,95.82923126220703,59.401302337646484
2018-06-25,14.566889762878418,36.13367462158203,52.69575119018555,119.88999938964844,84.41445922851562,148.9633026123047,162.86305236816406,239.9375,96.04391479492188,59.24692153930664
2018-06-26,14.710614204406738,35.991912841796875,52.790340423583984,119.26000213623047,84.45574951171875,149.82957458496094,163.52821350097656,240.46871948242188,96.17909240722656,59.43808364868164
2018-06-27,14.786705017089844,35.29975891113281,52.29378890991211,118.58000183105469,84.77777099609375,147.42926025390625,161.30442810058594,238.47657775878906,97.08544921875,59.21015548706055
2018-06-28,14.778250694274902,35.5999641418457,52.49082946777344,118.22000122070312,84.69517517089844,147.8804473876953,162.6919403076172,239.84007263183594,97.10929107666016,59.73955154418945
2018-06-29,14.94733715057373,36.13367462158203,52.78245162963867,118.6500015258789,84.62914276123047,147.7812042236328,163.12908935546875,240.1854248046875,96.77536010742188,59.886558532714844
2018-07-02,14.634525299072266,35.77509689331055,52.30167007446289,117.45999908447266,84.57120513916016,148.80087280273438,164.22203063964844,240.6988525390625,96.69964599609375,59.55573272705078
2018-07-03,14.617616653442383,35.80010986328125,52.45930862426758,118.6500015258789,84.78630828857422,149.3941192626953,162.32135009765625,239.84898376464844,97.21762084960938,60.00423049926758
2018-07-05,14.70215892791748,35.708377838134766,52.9794807434082,119.05000305175781,84.79452514648438,151.09669494628906,164.3360595703125,241.80560302734375,97.49651336669922,60.71742248535156
2018-07-06,14.769793510437012,36.20038986206055,53.263221740722656,118.86000061035156,84.8689956665039,152.3736114501953,166.89251708984375,243.85081481933594,97.81526947021484,61.040924072265625
2018-07-09,14.845884323120117,36.85084915161133,53.77552032470703,119.1500015258789,84.65391540527344,153.33358764648438,168.39404296875,246.04656982421875,97.18571472167969,60.5556526184082
2018-07-10,14.812067985534668,36.7674560546875,53.75187301635742,118.93000030517578,84.58780670166016,152.63626098632812,168.51763916015625,246.93197631835938,97.177734375,60.68065643310547
2018-07-11,14.296348571777344,36.05027770996094,52.85337448120117,117.63999938964844,84.761474609375,151.34117126464844,167.66232299804688,245.1258087158203,97.55229187011719,60.48213577270508
2018-07-12,14.37243938446045,36.542293548583984,53.263221740722656,118.12999725341797,84.72840118408203,152.07473754882812,170.55142211914062,247.34812927246094,97.54430389404297,60.66596221923828
2018-07-13,14.39780330657959,36.56731033325195,53.42872619628906,117.61000061035156,84.8689956665039,151.62196350097656,170.69398498535156,247.5428466796875,97.79135131835938,60.48213577270508
2018-07-16,14.09344482421875,36.3671760559082,53.40509033203125,117.55000305175781,84.72840118408203,151.0332794189453,170.28529357910156,247.32147216796875,97.38495635986328,60.15864562988281
2018-07-17,14.11035442352295,36.634029388427734,53.499656677246094,116.27999877929688,84.67874145507812,151.70347595214844,171.32122802734375,248.322021484375,97.2016830444336,59.7615852355957
2018-07-18,14.237170219421387,36.59233856201172,53.507545471191406,116.30999755859375,84.61258697509766,152.12905883789062,170.998046875,248.84432983398438,96.81120300292969,59.49689483642578
2018-07-19,14.220259666442871,36.14201354980469,53.39720153808594,115.80999755859375,84.84417724609375,153.20681762695312,170.14273071289062,247.90586853027344,97.42477416992188,60.19538497924805
2018-07-20,14.321712493896484,36.65904998779297,53.649410247802734,116.55999755859375,84.54640197753906,152.58189392089844,170.104736328125,247.62254333496094,96.2294921875,59.61454772949219
2018-07-23,14.37243938446045,36.41720962524414,53.649410247802734,116.0,84.13285064697266,152.7721405029297,170.646484375,248.0829620361328,95.0421371459961,59.48954391479492
2018-07-24,14.448528289794922,36.95092010498047,53.96467971801758,116.04000091552734,84.19078063964844,151.14193725585938,171.3497314453125,249.3313446044922,95.3688735961914,59.18810272216797
2018-07-25,14.64297866821289,37.55133819580078,54.36663055419922,116.68000030517578,84.13285064697266,151.69436645507812,173.7445831298828,251.45623779296875,95.21743774414062,59.65865707397461
2018-07-26,14.64297866821289,37.13437271118164,54.1223030090332,115.7699966430664,84.04188537597656,152.50946044921875,171.1121368408203,250.86300659179688,95.03419494628906,59.85718536376953
2018-07-27,14.5837984085083,37.26780319213867,54.22477722167969,115.83000183105469,84.17420196533203,149.66578674316406,168.80271911621094,249.16319274902344,95.193603515625,59.21750259399414
2018-07-30,14.668343544006348,37.209434509277344,54.216880798339844,115.6500015258789,84.06668090820312,148.70579528808594,166.41741943359375,247.8616485595703,94.86683654785156,59.254276275634766
2018-07-31,14.5837984085083,37.40957260131836,54.28781509399414,115.98999786376953,84.18248748779297,150.21820068359375,167.6908416748047,249.08334350585938,95.38482666015625,60.24686050415039
2018-08-01,14.37243938446045,37.07600402832031,54.011962890625,115.13999938964844,83.98359680175781,150.1185760498047,168.32754516601562,248.66734313964844,94.60772705078125,60.673309326171875
2018-08-02,14.45698356628418,36.5839958190918,53.657291412353516,114.5199966430664,84.08303833007812,151.2144317626953,170.61795043945312,250.02188110351562,94.74352264404297,60.43067932128906
2018-08-03,14.507710456848145,36.867530822753906,53.68882369995117,114.91999816894531,84.29852294921875,150.6891326904297,171.1406707763672,251.09329223632812,95.21467590332031,61.08506393432617
2018-08-06,14.533072471618652,36.5839958190918,53.46025085449219,114.33000183105469,84.3399658203125,151.53138732910156,172.1479949951172,252.01412963867188,95.2706527709961,61.00418472290039
2018-08-07,14.64297866821289,36.959251403808594,53.87797927856445,114.58999633789062,84.16590118408203,151.89364624023438,172.77520751953125,252.84619140625,94.77544403076172,60.893882751464844
2018-08-08,14.465437889099121,36.90922164916992,53.8306884765625,114.91000366210938,84.24049377441406,151.75782775878906,172.98434448242188,252.74000549316406,94.87132263183594,60.540950775146484
2018-08-09,14.406256675720215,36.800811767578125,53.673057556152344,114.73999786376953,84.4725341796875,152.14720153808594,172.87979125976562,252.39471435546875,95.66992950439453,60.57038116455078
2018-08-10,14.406256675720215,36.01692581176758,52.601173400878906,114.69000244140625,84.83719635009766,151.72154235839844,171.55877685546875,250.70364379882812,96.36476135253906,60.107154846191406
2018-08-13,14.330167770385742,35.42483901977539,52.41200637817383,112.95999908447266,84.81233215332031,150.83404541015625,171.3686981201172,249.7652130126953,96.16510772705078,59.989505767822266
2018-08-14,14.355528831481934,35.641666412353516,52.40412139892578,113.06999969482422,84.72945404052734,152.3283233642578,172.442626953125,251.35874938964844,95.94949340820312,60.28361892700195
2018-08-15,14.042719841003418,34.61594009399414,51.64750671386719,111.19000244140625,84.93666076660156,150.41746520996094,170.33282470703125,249.4818115234375,96.50850677490234,60.74684143066406
2018-08-16,14.15262508392334,34.832763671875,52.01005935668945,111.0999984741211,84.91178894042969,151.81216430664062,170.89358520507812,251.50050354003906,96.50050354003906,61.23944854736328
2018-08-17,14.21180534362793,35.19968795776367,52.317440032958984,112.12999725341797,84.94493103027344,152.46420288085938,170.93154907226562,252.38583374023438,96.62035369873047,61.805599212646484
2018-08-20,14.237170219421387,35.35813903808594,52.601173400878906,112.69000244140625,85.2101058959961,152.88983154296875,170.77947998046875,252.9259796142578,97.26725006103516,61.84972381591797
2018-08-21,14.262532234191895,35.808448791503906,52.924312591552734,113.0199966430664,85.09410095214844,154.64678955078125,171.40672302246094,253.5191192626953,96.93977355957031,61.47475051879883
2018-08-22,14.465437889099121,36.091983795166016,53.12923812866211,113.2699966430664,85.25159454345703,155.027099609375,172.07199096679688,253.3687286376953,97.32313537597656,61.12917709350586
2018-08-23,14.44007396697998,35.50823974609375,52.750919342041016,112.19999694824219,85.24324035644531,154.5561981201172,171.82492065429688,253.0322265625,97.47491455078125,60.97474670410156
2018-08-24,14.549980163574219,36.16702651977539,53.05829620361328,114.16000366210938,85.26812744140625,155.39840698242188,173.42147827148438,254.55514526367188,97.66658020019531,61.33502197265625
2018-08-27,14.6007080078125,36.68407440185547,53.767642974853516,114.58999633789062,85.07756042480469,155.62486267089844,175.18917846679688,256.5649108886719,97.10749053955078,61.11445999145508
2018-08-28,14.541528701782227,36.550636291503906,53.72034454345703,113.68000030517578,84.88692474365234,155.769775390625,175.4457550048828,256.68890380859375,96.5245361328125,61.93796920776367
2018-08-29,14.70215892791748,36.77579879760742,54.011962890625,114.19999694824219,84.862060546875,156.22256469726562,177.47003173828125,258.0699768066406,96.65229034423828,61.9526481628418
2018-08-30,14.676796913146973,35.81678771972656,53.499656677246094,113.63999938964844,85.0195083618164,156.09579467773438,177.15643310546875,257.0252990722656,96.85993957519531,61.555606842041016
2018-08-31,14.693704605102539,36.00025177001953,53.07404327392578,113.51000213623047,85.03610229492188,156.69351196289062,177.3844757080078,257.03411865234375,96.63631439208984,61.798255920410156
2018-09-04,14.609163284301758,35.29975891113281,52.62480926513672,112.93000030517578,84.84178161621094,155.99620056152344,176.62423706054688,256.59136962890625,96.07757568359375,61.062992095947266
2018-09-05,14.549980163574219,34.791072845458984,52.144046783447266,113.31999969482422,84.83345794677734,155.57958984375,174.34332275390625,255.90084838867188,95.82146453857422,61.4158935546875
2018-09-06,14.465437889099121,34.824432373046875,51.986419677734375,113.54000091552734,85.00782775878906,154.529052734375,172.78475952148438,255.13058471679688,96.17364501953125,61.592376708984375
2018-09-07,14.49925422668457,34.64930725097656,51.56869125366211,113.2300033569336,84.6258773803711,154.44757080078125,172.11949157714844,254.63473510742188,95.35714721679688,60.923301696777344
2018-09-10,14.549980163574219,34.307403564453125,51.88396072387695,113.1500015258789,84.67570495605469,154.63775634765625,172.69927978515625,255.0774383544922,95.70938110351562,61.195335388183594
2018-09-11,14.693704605102539,34.3824462890625,51.931243896484375,113.22000122070312,84.36840057373047,154.89126586914062,174.02972412109375,255.91854858398438,94.9809799194336,61.1879768371582
2018-09-12,14.795157432556152,34.55757141113281,52.15192413330078,114.16999816894531,84.46813201904297,154.51998901367188,173.51654052734375,255.98048400878906,95.20512390136719,61.217411041259766
2018-09-13,14.634525299072266,35.024574279785156,52.538116455078125,113.76000213623047,84.45979309082031,154.5561981201172,175.36973571777344,257.4944763183594,95.34918212890625,61.518863677978516
2018-09-14,14.541528701782227,34.9912109375,52.61693572998047,113.0199966430664,84.30201721191406,155.20826721191406,174.8565216064453,257.5388488769531,94.89295196533203,61.12917709350586
2018-09-17,14.524617195129395,34.674320220947266,52.66421890258789,113.61000061035156,84.31863403320312,153.55999755859375,172.3380889892578,256.1753234863281,94.89295196533203,61.32768249511719
2018-09-18,14.659889221191406,35.00788497924805,53.21592330932617,113.44000244140625,83.9698715209961,154.2030029296875,173.76365661621094,257.56536865234375,93.9004135131836,61.03358459472656
2018-09-19,14.752886772155762,35.49156188964844,53.40509033203125,113.87999725341797,83.82865142822266,153.64151000976562,173.6305694580078,257.83978271484375,93.34004211425781,60.320377349853516
2018-09-20,14.752886772155762,35.88349914550781,54.06713104248047,114.2699966430664,83.83699798583984,155.0633544921875,175.55026245117188,259.9292297363281,93.7723159790039,60.886531829833984
2018-09-21,14.786705017089844,36.05027770996094,54.09077835083008,113.48999786376953,83.87018585205078,154.32080078125,174.59042358398438,259.69183349609375,93.7323226928711,60.86448287963867
2018-09-24,15.006516456604004,35.641666412353516,53.8464469909668,113.47000122070312,83.77885437011719,153.75015258789062,175.07595825195312,258.8291015625,93.49215698242188,59.771484375
2018-09-25,15.040334701538086,35.78343200683594,54.11442184448242,113.6500015258789,83.6958236694336,153.9856414794922,175.31398010253906,258.5890197753906,93.39607238769531,59.77894592285156
2018-09-26,14.972700119018555,35.858489990234375,54.138057708740234,113.05000305175781,83.9698715209961,152.57821655273438,175.43777465820312,257.8152770996094,94.05248260498047,59.06321334838867
2018-09-27,15.040334701538086,36.03360366821289,54.02773666381836,112.05000305175781,83.9698715209961,152.5872344970703,176.9230194091797,258.5355224609375,94.11650085449219,59.34651184082031
2018-09-28,15.192513465881348,35.79176712036133,53.58635330200195,112.76000213623047,84.0113754272461,153.05035400390625,176.88494873046875,258.56231689453125,93.86836242675781,60.151702880859375
2018-10-01,15.479960441589355,35.80010986328125,53.649410247802734,112.56999969482422,83.79835510253906,151.0345458984375,177.24671936035156,259.4606018066406,93.17925262451172,59.592567443847656
2018-10-02,15.53068733215332,35.349788665771484,53.373558044433594,113.87000274658203,84.01470947265625,149.40003967285156,176.8468475341797,259.309326171875,93.74882507324219,59.45836639404297
2018-10-03,15.67441463470459,35.057926177978516,53.27898025512695,113.41999816894531,83.39063262939453,150.70761108398438,177.03724670410156,259.45172119140625,92.12032318115234,58.82463836669922
2018-10-04,15.505327224731445,34.182308197021484,52.65633773803711,113.4800033569336,83.17431640625,148.59188842773438,173.63841247558594,257.4239501953125,91.4704818725586,58.33255386352539
2018-10-05,15.471506118774414,34.057228088378906,52.341087341308594,113.80000305175781,82.97459411621094,147.24795532226562,171.51527404785156,255.98304748535156,90.68428802490234,58.302711486816406
2018-10-08,15.429237365722656,34.10725784301758,52.08887481689453,112.54000091552734,83.00789642333984,146.9392547607422,170.4679718017578,255.98304748535156,90.37943267822266,59.14521408081055
2018-10-09,15.539141654968262,33.9821662902832,51.954891204833984,112.5999984741211,83.16600036621094,146.36717224121094,171.02020263671875,255.6095428466797,91.29399108886719,59.227237701416016
2018-10-10,15.234785079956055,32.97312545776367,50.85147476196289,112.87999725341797,83.20761108398438,142.16294860839844,163.49879455566406,247.51609802246094,91.04534912109375,58.34747314453125
2018-10-11,15.006516456604004,32.639564514160156,50.14213562011719,115.77999877929688,83.54878234863281,139.44793701171875,161.47096252441406,242.0642547607422,92.15235900878906,56.67741775512695
2018-10-12,15.124876976013184,33.59856414794922,50.32341766357422,115.2300033569336,83.44888305664062,139.4751739501953,165.96470642089844,245.4261474609375,91.83150482177734,56.52830505371094
2018-10-15,15.158695220947266,33.2399787902832,50.205196380615234,116.0,83.49882507324219,139.99270629882812,163.95584106445312,244.0475616455078,91.79135131835938,56.908538818359375
2018-10-16,15.22633171081543,34.07389831542969,51.06428909301758,115.80000305175781,83.49051666259766,144.05165100097656,168.72567749023438,249.38381958007812,91.99996948242188,58.079071044921875
2018-10-17,15.09106159210205,33.65694046020508,50.77265930175781,115.79000091552734,83.24922180175781,143.43423461914062,168.79229736328125,249.4282989501953,91.45443725585938,57.855403900146484
2018-10-18,14.921972274780273,32.772979736328125,49.95298385620117,115.91999816894531,83.39897918701172,140.7463836669922,164.87933349609375,245.8262939453125,91.42234802246094,57.74357223510742
2018-10-19,15.006516456604004,33.08153533935547,50.23672103881836,116.01000213623047,83.29915618896484,139.25718688964844,164.72702026367188,245.6929168701172,91.2217788696289,58.243106842041016
2018-10-22,15.02342700958252,33.440128326416016,50.01603317260742,115.70999908447266,83.31575012207031,138.9575653076172,165.5743865966797,244.5901336669922,91.10148620605469,57.4304313659668
2018-10-23,14.693704605102539,33.07319641113281,49.54314422607422,116.38999938964844,83.53211212158203,137.7135467529297,164.96499633789062,243.34486389160156,91.39024353027344,57.68393325805664
2018-10-24,14.592252731323242,32.00577926635742,48.14024353027344,116.66000366210938,83.98139190673828,132.52862548828125,157.4151153564453,235.97190856933594,92.08020782470703,58.22817611694336
2018-10-25,14.651432991027832,32.62288284301758,48.74711227416992,116.4000015258789,83.78173065185547,135.3980255126953,162.86094665527344,240.20538330078125,91.69511413574219,58.97374725341797
2018-10-26,14.76133918762207,32.247615814208984,48.41609191894531,116.7699966430664,84.15615844726562,133.91793823242188,158.67185974121094,235.98072814941406,92.24864196777344,57.55717086791992
2018-10-29,14.609163284301758,31.688892364501953,48.282100677490234,116.30999755859375,84.14787292480469,133.18243408203125,155.40618896484375,234.67337036132812,92.04008483886719,58.28780746459961
2018-10-30,14.533072471618652,32.30599594116211,48.865333557128906,115.80000305175781,83.96478271484375,135.9610595703125,157.96728515625,238.15087890625,91.58280181884766,59.085567474365234
2018-10-31,14.338621139526367,32.656246185302734,49.22788619995117,115.1500015258789,83.75675964355469,136.23345947265625,161.6803436279297,240.69451904296875,91.11749267578125,58.392215728759766
2018-11-01,14.237170219421387,33.823726654052734,49.85840606689453,116.62999725341797,83.82845306396484,139.37527465820312,163.8130340576172,243.2559814453125,91.20195007324219,58.66805648803711
2018-11-02,14.203351974487305,34.04054641723633,49.92933654785156,116.6500015258789,83.36151123046875,139.83837890625,161.26145935058594,241.81521606445312,90.06805419921875,58.18344497680664
2018-11-05,14.19489860534668,34.13228225708008,49.92933654785156,116.37000274658203,83.41153717041016,139.72938537597656,160.86158752441406,243.14926147460938,90.42188262939453,59.04829025268555
2018-11-06,14.135717391967773,34.07389831542969,50.1342658996582,116.04000091552734,83.31980895996094,140.4195556640625,162.0802459716797,244.68795776367188,90.36559295654297,59.34651184082031
2018-11-07,14.101900100708008,34.71601867675781,50.804195404052734,116.02999877929688,83.31980895996094,142.93482971191406,167.16429138183594,249.92636108398438,90.48622131347656,60.054805755615234
2018-11-08,14.017355918884277,33.81538009643555,50.30765914916992,115.77999877929688,83.2031021118164,142.55340576171875,166.0979766845703,249.47276306152344,90.47819519042969,60.09953308105469
2018-11-09,13.865177154541016,33.189945220947266,49.97663116455078,114.4800033569336,83.52825927734375,139.91099548339844,163.29888916015625,247.035888671875,91.15370178222656,60.09207534790039
2018-11-12,13.83135986328125,32.72295379638672,49.156951904296875,113.66000366210938,83.77843475341797,137.14144897460938,158.357666015625,242.419921875,91.748779296875,60.21135711669922
2018-11-13,13.450912475585938,33.09821701049805,49.3697509765625,113.69999694824219,83.84514617919922,136.7056121826172,158.49093627929688,241.96640014648438,91.69245910644531,60.151702880859375
2018-11-14,13.569272994995117,33.29835891723633,49.40916061401367,114.63999938964844,84.02024841308594,135.70677185058594,157.28175354003906,240.31204223632812,91.748779296875,60.00261688232422
2018-11-15,13.54391098022461,34.04054641723633,49.56679153442383,114.7699966430664,84.07862091064453,137.64096069335938,160.03329467773438,242.82015991210938,91.70856475830078,59.592567443847656
2018-11-16,13.628454208374023,34.10725784301758,49.62196350097656,115.62000274658203,84.337158203125,137.96780395507812,159.47157287597656,243.45162963867188,92.23934936523438,60.233726501464844
2018-11-19,13.628454208374023,33.64860534667969,49.18848419189453,115.66999816894531,84.46221160888672,135.17108154296875,154.29234313964844,239.33375549316406,92.49662017822266,60.31575012207031
2018-11-20,13.214190483093262,32.923091888427734,48.337276458740234,115.66999816894531,84.4455337524414,132.56497192382812,151.53128051757812,234.9046630859375,92.52886199951172,59.696929931640625
2018-11-21,13.3240966796875,33.531856536865234,49.01509094238281,115.86000061035156,84.42884826660156,134.41732788085938,152.68325805664062,235.705078125,92.49662017822266,59.74910354614258
2018-11-23,12.935195922851562,33.139915466308594,48.69194030761719,115.7699966430664,84.47887420654297,134.29026794433594,151.57894897460938,234.1309051513672,92.59317016601562,59.62984848022461
2018-11-26,12.994376182556152,33.54853820800781,49.4249267578125,115.63999938964844,84.41216278076172,136.0336456298828,155.08255004882812,237.9107208251953,92.38409423828125,59.74165725708008
2018-11-27,12.943649291992188,33.78202438354492,49.23577117919922,114.94999694824219,84.49555969238281,134.90774536132812,155.60614013671875,238.71121215820312,92.48863220214844,59.99515914916992
2018-11-28,12.90137767791748,34.5909309387207,49.93722152709961,115.37999725341797,84.48719787597656,138.24020385742188,160.6140594482422,244.20758056640625,92.03831481933594,60.5319709777832
2018-11-29,12.985920906066895,34.290714263916016,49.68501281738281,115.73999786376953,84.70401763916016,137.867919921875,160.09042358398438,243.67396545410156,92.40016174316406,60.54685974121094
2018-11-30,12.926741600036621,34.25736999511719,49.47221374511719,115.54000091552734,84.87081146240234,138.5852508544922,161.251953125,245.15931701660156,92.7459716796875,61.120967864990234
2018-12-03,13.222643852233887,34.94950485229492,50.12637710571289,116.41000366210938,85.05633544921875,139.91099548339844,164.0700225830078,248.40550231933594,93.40451049804688,61.44899368286133
2018-12-04,13.231098175048828,34.20731735229492,48.825927734375,117.12000274658203,85.44908142089844,133.95425415039062,157.77685546875,240.35655212402344,94.96820831298828,60.539405822753906
2018-12-06,13.121192932128906,33.89043426513672,48.368804931640625,117.13999938964844,85.66629028320312,133.6636505126953,158.8907928466797,239.991943359375,95.26646423339844,62.03797912597656
2018-12-07,13.273370742797852,33.25666427612305,47.88014602661133,118.08999633789062,85.91699981689453,130.77610778808594,153.6449432373047,234.41551208496094,95.44378662109375,61.225341796875
2018-12-10,13.062010765075684,32.90641403198242,47.50971603393555,117.68000030517578,85.96710968017578,130.39479064941406,155.25396728515625,234.86016845703125,95.83879089355469,60.83015823364258
2018-12-11,13.138099670410156,33.156585693359375,47.65947341918945,117.54000091552734,85.7498550415039,130.25851440429688,155.76803588867188,234.91351318359375,95.82264709472656,60.860023498535156
2018-12-12,13.095829010009766,33.698631286621094,48.360923767089844,117.79000091552734,85.51589965820312,131.5025634765625,157.13902282714844,236.09642028808594,95.39543914794922,59.92060089111328
2018-12-13,13.264914512634277,33.69029235839844,48.27422332763672,117.52999877929688,85.5660400390625,129.64108276367188,157.18658447265625,236.01637268066406,95.16975402832031,60.26689147949219
2018-12-14,13.062010765075684,33.2149658203125,47.65158462524414,117.05999755859375,85.69971466064453,127.6797103881836,153.35928344726562,231.65846252441406,95.5002212524414,60.093360900878906
2018-12-17,12.909832000732422,32.90641403198242,47.27327346801758,117.87000274658203,85.95042419433594,124.8362045288086,149.88426208496094,227.11361694335938,96.05638885498047,57.829978942871094
2018-12-18,12.639291763305664,33.1298713684082,47.31150817871094,118.1500015258789,86.16226959228516,124.68133544921875,150.8267822265625,226.86456298828125,96.63165283203125,58.42599868774414
2018-12-19,12.690018653869629,32.57969284057617,46.85742950439453,117.43000030517578,86.46371459960938,122.08477020263672,147.1232452392578,223.4671630859375,97.9082260131836,57.784690856933594
2018-12-20,12.571657180786133,32.833614349365234,46.6662483215332,119.23999786376953,86.3548355102539,120.07125854492188,144.99061584472656,219.82955932617188,97.55274200439453,56.91705322265625
2018-12-21,12.461750984191895,32.605079650878906,45.85369110107422,118.72000122070312,86.43019104003906,116.95536804199219,140.49685668945312,215.3253631591797,97.5365982055664,56.1248779296875
2018-12-24,12.323866844177246,32.30035400390625,45.319950103759766,120.0199966430664,86.6479263305664,114.68678283691406,137.0127716064453,209.63580322265625,98.0213394165039,54.125526428222656
2018-12-26,12.597920417785645,32.943660736083984,46.371490478515625,119.66000366210938,86.23761749267578,120.19880676269531,145.5677490234375,220.22764587402344,96.97100830078125,55.93625259399414
2018-12-27,12.478021621704102,32.90133285522461,46.50692367553711,120.56999969482422,86.4553451538086,120.69991302490234,146.1310577392578,221.9184112548828,96.98713684082031,55.92871856689453
2018-12-28,12.375252723693848,33.21452331542969,46.753868103027344,121.05999755859375,86.92425537109375,121.04610443115234,146.05465698242188,221.63214111328125,97.80314636230469,56.10979080200195
2018-12-31,12.40950870513916,33.06216049194336,46.82556915283203,121.25,87.25077819824219,121.99363708496094,147.28636169433594,223.57339477539062,98.17488098144531,56.26066207885742
2019-01-02,12.443765640258789,33.14680099487305,46.7299690246582,121.33000183105469,87.43501281738281,122.68610382080078,147.87832641601562,223.80593872070312,98.69197845458984,55.03842544555664
2019-01-03,12.546536445617676,32.54582595825195,46.307762145996094,122.43000030517578,88.1300048828125,120.49037170410156,143.04708862304688,218.46534729003906,99.81501770019531,55.4232063293457
2019-01-04,12.717820167541504,33.59541320800781,47.72575378417969,121.44000244140625,87.41826629638672,124.99108123779297,149.16726684570312,225.78297424316406,98.65963745117188,56.07205581665039
2019-01-07,12.812026023864746,33.67160415649414,47.90897750854492,121.86000061035156,87.17545318603516,127.17770385742188,150.9431610107422,227.56320190429688,98.36878967285156,56.622802734375
2019-01-08,12.9404878616333,33.79856491088867,48.219661712646484,121.52999877929688,86.95771789550781,129.1273651123047,152.30859375,229.70123291015625,98.1102066040039,57.792240142822266
2019-01-09,13.19741439819336,34.39955139160156,48.761375427246094,122.30999755859375,87.00797271728516,130.19332885742188,153.54977416992188,230.77474975585938,97.95671844482422,57.7092399597168
2019-01-10,13.16315746307373,34.64501953125,48.95256423950195,121.58999633789062,86.96609497070312,130.86756896972656,153.98902893066406,231.5888214111328,97.32649993896484,58.4939079284668
2019-01-11,13.120335578918457,34.47572326660156,48.61797332763672,121.80000305175781,87.22565460205078,130.9040069580078,153.42567443847656,231.6782684326172,97.70624542236328,58.659873962402344
2019-01-14,13.009001731872559,34.18793487548828,48.39491653442383,122.08999633789062,87.17545318603516,129.6011505126953,152.06988525390625,230.26483154296875,97.34268188476562,58.463714599609375
2019-01-15,13.111771583557129,34.42493438720703,48.64983367919922,121.87999725341797,87.09169006347656,130.6944122314453,155.039306640625,232.90380859375,96.98713684082031,59.02201843261719
2019-01-16,13.180286407470703,34.8481559753418,48.78527069091797,122.2699966430664,87.04145812988281,131.66934204101562,155.01065063476562,233.46742248535156,97.0841064453125,59.43696975708008
2019-01-17,13.188849449157715,35.000511169433594,48.96052551269531,122.11000061035156,86.88236236572266,132.8628692626953,156.2327880859375,235.23867797851562,97.10836791992188,59.72369384765625
2019-01-18,13.32587718963623,35.1698112487793,49.45442199707031,121.0199966430664,86.60604858398438,134.22946166992188,157.77952575683594,238.36968994140625,96.59937286376953,59.9273796081543
2019-01-22,13.231670379638672,34.560367584228516,48.68967056274414,121.44999694824219,86.90750885009766,132.10662841796875,154.6191864013672,235.14920043945312,97.2538070678711,59.74631881713867
2019-01-23,13.214543342590332,34.91587448120117,48.912723541259766,121.27999877929688,86.8656234741211,131.74220275878906,154.81967163085938,235.6412353515625,97.21337890625,59.75385284423828
2019-01-24,13.248799324035645,35.254451751708984,48.968482971191406,121.08999633789062,87.14197540283203,132.5348663330078,155.8222198486328,235.76649475097656,97.85167694091797,59.95756530761719
2019-01-25,13.317313194274902,35.720001220703125,49.526126861572266,122.86000061035156,86.9409408569336,134.23858642578125,157.6840362548828,237.76144409179688,97.383056640625,60.704498291015625
2019-01-28,13.137465476989746,35.347564697265625,49.25527572631836,123.29000091552734,86.96609497070312,133.51878356933594,155.73631286621094,235.9543914794922,97.2861328125,61.300514221191406
2019-01-29,13.265928268432617,35.40681076049805,49.36680221557617,123.9800033569336,87.2173080444336,133.19993591308594,154.26589965820312,235.6412353515625,97.77893829345703,61.78337478637695
2019-01-30,13.360133171081543,36.17707824707031,49.908504486083984,124.69000244140625,87.41826629638672,134.65768432617188,158.19007873535156,239.37164306640625,97.70624542236328,62.28131103515625
2019-01-31,13.291621208190918,36.4818000793457,49.93240737915039,124.75,87.8201904296875,135.80560302734375,160.55804443359375,241.4739227294922,98.54651641845703,62.93016052246094
2019-02-01,13.411519050598145,36.194000244140625,49.916473388671875,124.5,87.35030364990234,135.9149169921875,159.88011169433594,241.59022521972656,97.95133972167969,62.53028869628906
2019-02-04,13.420083999633789,36.25326156616211,50.09968948364258,123.95999908447266,87.15728759765625,137.53668212890625,161.8660888671875,243.28993225097656,97.5140151977539,62.998085021972656
2019-02-05,13.360133171081543,36.75265884399414,50.49004364013672,124.27999877929688,87.308349609375,137.68243408203125,163.2982635498047,244.30970764160156,97.95944213867188,63.36022186279297
2019-02-06,13.377262115478516,36.25326156616211,50.23512649536133,123.44000244140625,87.37548828125,137.5093231201172,162.81129455566406,243.98765563964844,98.00799560546875,62.945274353027344
2019-02-07,13.248799324035645,35.889286041259766,49.565956115722656,123.73999786376953,87.66075897216797,136.37960815429688,160.6248321533203,241.6617889404297,98.65584564208984,63.46583557128906
2019-02-08,13.265928268432617,35.686134338378906,49.40663528442383,124.20999908447266,87.77823638916016,136.52540588378906,160.9398956298828,241.9569854736328,99.07689666748047,63.46583557128906
2019-02-11,13.188849449157715,35.5676383972168,49.35883331298828,123.5999984741211,87.64399719238281,137.66421508789062,160.78713989257812,242.09109497070312,98.68821716308594,63.639381408691406
2019-02-12,13.265928268432617,35.863887786865234,49.93240737915039,123.86000061035156,87.52653503417969,139.38619995117188,163.16461181640625,245.20431518554688,98.43722534179688,63.239498138427734
2019-02-13,13.343005180358887,35.609962463378906,49.940372467041016,123.37000274658203,87.308349609375,139.77793884277344,163.27919006347656,246.00050354003906,98.06468200683594,63.56390380859375
2019-02-14,13.377262115478516,35.677677154541016,49.956302642822266,124.05999755859375,87.71952056884766,140.0968017578125,163.4796600341797,245.45480346679688,98.62342071533203,63.767635345458984
2019-02-15,13.625624656677246,35.62689208984375,50.68122863769531,124.80000305175781,87.63560485839844,142.3289337158203,164.1671142578125,248.1295928955078,98.77732849121094,64.19766998291016
2019-02-19,13.659879684448242,35.906211853027344,50.87242126464844,126.69999694824219,87.78662109375,142.72071838378906,164.49172973632812,248.5590362548828,99.02833557128906,64.1825942993164
2019-02-20,13.7027006149292,36.10936737060547,51.01581954956055,126.4800033569336,87.76983642578125,143.39491271972656,164.46310424804688,249.05996704101562,98.7448959350586,63.782711029052734
2019-02-21,13.745522499084473,36.03318405151367,50.91225051879883,125.05000305175781,87.50972747802734,142.84828186035156,163.8615264892578,248.17430114746094,97.86227416992188,63.84307098388672
2019-02-22,13.779778480529785,36.4310188293457,51.07954406738281,125.5,87.76983642578125,144.08729553222656,165.07415771484375,249.71295166015625,98.4453125,64.22030639648438
2019-02-25,13.574238777160645,36.83730697631836,51.23090362548828,125.37000274658203,87.63560485839844,144.123779296875,165.67572021484375,250.05300903320312,98.15380096435547,63.71480941772461
2019-02-26,13.634187698364258,36.71034240722656,51.47785568237305,125.58000183105469,87.89570617675781,143.13067626953125,165.84751892089844,249.87399291992188,98.6396484375,63.518646240234375
2019-02-27,13.7027006149292,36.39716339111328,51.27073287963867,124.69000244140625,87.58524322509766,143.3311309814453,165.7425079345703,249.76663208007812,97.52214813232422,63.20176696777344
2019-02-28,13.668444633483887,35.92314147949219,51.199039459228516,123.98999786376953,87.3586654663086,142.8391571044922,165.360595703125,249.301513671875,97.19013977050781,63.367774963378906
2019-03-01,13.514288902282715,35.96546936035156,51.47785568237305,121.87999725341797,87.07203674316406,144.1693115234375,166.50637817382812,250.85804748535156,96.2918472290039,63.171592712402344
2019-03-04,13.557109832763672,36.016258239746094,51.28666305541992,121.55999755859375,87.34102630615234,142.86648559570312,166.5349884033203,249.945556640625,97.04649353027344,63.45829391479492
2019-03-05,13.625624656677246,36.37176513671875,51.3344612121582,121.72000122070312,87.39151763916016,142.20143127441406,166.6591339111328,249.60562133789062,97.2493896484375,63.631832122802734
2019-03-06,13.548545837402344,36.16861343383789,51.20700454711914,121.61000061035156,87.63526153564453,139.4135284423828,165.71385192871094,248.0938262939453,97.60643768310547,63.337581634521484
2019-03-07,13.514288902282715,35.49991989135742,50.55377197265625,121.51000213623047,87.92953491210938,138.19265747070312,163.6801300048828,246.0184326171875,98.2394027709961,63.20176696777344
2019-03-08,13.505725860595703,35.24599075317383,50.561737060546875,122.83999633789062,88.05561065673828,138.1562042236328,163.43190002441406,245.5263214111328,98.65325927734375,63.26969528198242
2019-03-11,13.52285385131836,35.906211853027344,50.9998779296875,122.23999786376953,87.98839569091797,140.57058715820312,166.8310089111328,249.0867919921875,98.36111450195312,64.19766998291016
2019-03-12,13.60849666595459,36.092437744140625,50.968021392822266,122.9800033569336,88.23219299316406,140.64346313476562,167.74755859375,250.02606201171875,99.05087280273438,64.4919204711914
2019-03-13,13.694136619567871,36.13475799560547,51.406158447265625,123.83999633789062,88.19856262207031,141.19923400878906,169.0079345703125,251.68104553222656,98.8642578125,64.80879974365234
2019-03-14,13.634187698364258,35.94007110595703,51.398189544677734,122.41000366210938,88.07244873046875,140.62525939941406,168.72154235839844,251.5200653076172,98.15013885498047,64.90687561035156
2019-03-15,13.634187698364258,36.46487045288086,51.95582962036133,122.97000122070312,88.34984588623047,140.99874877929688,170.2873077392578,252.76268005371094,98.79932403564453,64.70315551757812
2019-03-18,13.7027006149292,36.87116622924805,52.1390495300293,123.04000091552734,88.23219299316406,141.9007568359375,170.69290161132812,253.67913818359375,98.74252319335938,64.37874603271484
2019-03-19,13.736959457397461,36.88809585571289,52.242618560791016,123.37999725341797,88.17335510253906,141.18101501464844,171.2667999267578,253.74208068847656,98.52339172363281,64.1825942993164
2019-03-20,13.839727401733398,36.947349548339844,52.266517639160156,124.18000030517578,88.78704071044922,140.00437927246094,171.94595336914062,252.97828674316406,99.55399322509766,64.37874603271484
2019-03-21,13.771214485168457,36.99812698364258,52.23465347290039,123.68000030517578,88.74502563476562,141.84056091308594,174.63381958007812,255.8356475830078,99.77313232421875,65.52554321289062
2019-03-22,13.651315689086914,35.9146842956543,51.23090362548828,123.97000122070312,89.40076446533203,136.6792449951172,170.79811096191406,250.9117889404297,101.32306671142578,65.05023193359375
2019-03-25,13.7027006149292,35.99932098388672,51.30259704589844,124.91999816894531,89.62777709960938,137.2821502685547,170.47286987304688,250.72305297851562,101.48536682128906,65.13320922851562
2019-03-26,13.72839641571045,36.10936737060547,51.557525634765625,124.30000305175781,89.55208587646484,138.72547912597656,171.2667999267578,252.59194946289062,101.41233825683594,65.65380096435547
2019-03-27,13.651315689086914,35.720001220703125,51.581417083740234,123.6500015258789,89.81271362304688,138.18655395507812,170.16677856445312,251.27122497558594,102.34557342529297,65.46516418457031
2019-03-28,13.60849666595459,35.957008361816406,51.453956604003906,121.9000015258789,89.82112121582031,139.41976928710938,170.5589599609375,252.22364807128906,102.70260620117188,66.10042572021484
2019-03-29,13.617059707641602,36.329437255859375,51.66904830932617,122.01000213623047,89.67819213867188,139.8490753173828,171.85031127929688,253.81390380859375,102.605224609375,66.03964233398438
2019-04-01,13.745522499084473,36.93041229248047,52.33024597167969,121.52999877929688,89.06156158447266,141.37469482421875,174.1268768310547,256.8239440917969,101.14781188964844,66.00163269042969
2019-04-02,13.779778480529785,36.811920166015625,52.34617233276367,121.9800033569336,89.21317291259766,141.00929260253906,174.786865234375,256.9498596191406,101.33485412597656,66.46514892578125
2019-04-03,13.796908378601074,37.06584930419922,52.75246047973633,121.80000305175781,88.93515014648438,141.7400665283203,175.79122924804688,257.3540954589844,100.4565200805664,66.38917541503906
2019-04-04,13.805472373962402,37.29438400268555,52.64093017578125,122.11000061035156,89.02783203125,142.434326171875,175.72425842285156,258.0369873046875,100.7412109375,66.28279876708984
2019-04-05,13.84829330444336,37.582183837890625,52.77634811401367,121.9800033569336,89.06993865966797,143.76808166503906,176.63296508789062,259.2859802246094,100.87132263183594,66.7463150024414
2019-04-08,13.899677276611328,37.582183837890625,52.80821990966797,122.51000213623047,88.92677307128906,143.5305633544922,177.08253479003906,259.483642578125,100.51349639892578,66.37394714355469
2019-04-09,13.873984336853027,37.50600814819336,52.473628997802734,123.1500015258789,89.0868148803711,141.776611328125,176.4607391357422,258.15386962890625,100.8306884765625,66.0244369506836
2019-04-10,13.99388313293457,37.683753967285156,52.67279052734375,123.52999877929688,89.29740905761719,143.7041473388672,177.40773010253906,259.0343933105469,101.07463836669922,66.6323471069336
2019-04-11,13.925371170043945,37.277462005615234,52.5612678527832,121.94999694824219,89.09524536132812,143.5214385986328,176.98683166503906,258.9624328613281,100.48094177246094,66.58673095703125
2019-04-12,13.968191146850586,37.54832458496094,52.92771911621094,121.83000183105469,88.68245697021484,144.04209899902344,177.75204467773438,260.7146301269531,99.76525115966797,66.90589141845703
2019-04-15,13.942499160766602,37.353641510009766,52.95160675048828,121.5999984741211,88.80039978027344,143.57620239257812,177.7808074951172,260.5439147949219,100.01737213134766,66.5639419555664
2019-04-16,13.89111328125,37.632965087890625,52.991432189941406,120.51000213623047,88.49712371826172,143.91419982910156,178.39291381835938,260.7146301269531,99.39114379882812,65.05941772460938
2019-04-17,13.839727401733398,37.74300003051758,53.14280319213867,120.27999877929688,88.51399993896484,142.5988006591797,179.01473999023438,260.0766906738281,99.43181610107422,64.46672058105469
2019-04-18,13.882548332214355,37.71760559082031,53.110931396484375,120.37000274658203,88.72454833984375,142.1785125732422,179.24432373046875,260.5887756347656,99.95233154296875,64.96062469482422
2019-04-22,13.95106315612793,37.472145080566406,53.02330780029297,120.37000274658203,88.59819030761719,141.80404663085938,179.751220703125,260.8134460449219,99.47249603271484,64.24637603759766
2019-04-23,13.968191146850586,37.556785583496094,53.126869201660156,120.12000274658203,88.7582778930664,143.9416046142578,182.037353515625,263.15850830078125,99.68394470214844,65.09739685058594
2019-04-24,13.9168062210083,37.04892349243164,52.76042175292969,120.47000122070312,89.09524536132812,144.3892364501953,181.46343994140625,262.5745849609375,100.49720764160156,65.57612609863281
2019-04-25,13.89111328125,36.99812698364258,52.7205810546875,120.56999969482422,88.98570251464844,143.1925506591797,182.19996643066406,262.41278076171875,100.350830078125,65.43933868408203
2019-04-26,13.72839641571045,37.142024993896484,52.935672760009766,121.37000274658203,89.22158813476562,144.58111572265625,182.362548828125,263.63470458984375,100.69242095947266,65.95603942871094
2019-04-29,13.736959457397461,37.21820831298828,53.15077209472656,120.83000183105469,89.0362548828125,145.27536010742188,182.71646118164062,264.0481262207031,100.04988098144531,65.31015014648438
2019-04-30,13.779778480529785,37.184349060058594,53.18263244628906,121.19999694824219,89.21317291259766,144.59934997558594,181.30078125,264.1828308105469,100.5622787475586,65.93323516845703
2019-05-01,13.736959457397461,36.9050178527832,52.87991714477539,120.4000015258789,89.17264556884766,143.22909545898438,180.71731567382812,262.1971435546875,100.97712707519531,65.9864501953125
2019-05-02,13.582802772521973,36.989662170410156,52.80025100708008,119.94000244140625,88.91942596435547,143.8959503173828,179.9329376220703,261.63104248046875,100.49628448486328,66.05482482910156
2019-05-03,13.591367721557617,37.42981719970703,53.3658561706543,120.6500015258789,89.03760528564453,146.64556884765625,182.80259704589844,264.1919250488281,100.78150939941406,66.61714172363281
2019-05-06,13.634187698364258,36.659549713134766,52.76042175292969,120.80999755859375,89.26551818847656,146.81004333496094,181.68344116210938,263.104736328125,101.05860900878906,66.40438079833984
2019-05-07,13.46290397644043,35.94007110595703,51.83633804321289,121.20999908447266,89.56939697265625,143.90504455566406,178.1442413330078,258.7109375,101.83282470703125,65.20378112792969
2019-05-08,13.480031967163086,35.889286041259766,51.90007019042969,120.91000366210938,89.40056610107422,143.20164489746094,177.69468688964844,258.3515319824219,101.39273834228516,65.13539123535156
2019-05-09,13.411519050598145,35.322174072265625,51.66107940673828,121.19999694824219,89.6369400024414,142.68096923828125,176.7381591796875,257.56982421875,101.80839538574219,65.30258178710938
2019-05-10,13.437211036682129,35.533775329589844,52.043460845947266,121.43000030517578,89.5778579711914,143.07376098632812,176.95816040039062,258.8636779785156,101.66983795166016,66.00163269042969
2019-05-13,13.368697166442871,34.348758697509766,50.83259582519531,122.66999816894531,90.02523803710938,138.515380859375,170.81727600097656,252.35838317871094,102.4684829711914,65.93323516845703
2019-05-14,13.548545837402344,34.83123016357422,51.34243392944336,122.45999908447266,89.94080352783203,140.26016235351562,172.6920623779297,254.6405792236328,102.16696166992188,66.17642974853516
2019-05-15,13.668444633483887,34.898948669433594,51.525657653808594,122.38999938964844,90.2278060913086,140.71693420410156,175.13119506835938,256.13214111328125,102.79450988769531,66.62472534179688
2019-05-16,13.745522499084473,34.72966766357422,51.93989562988281,121.51000213623047,90.05052947998047,141.59388732910156,176.89112854003906,258.5042419433594,102.4522476196289,66.89067077636719
2019-05-17,13.617059707641602,34.10329055786133,51.597347259521484,120.6500015258789,90.09273529052734,139.62066650390625,175.0833740234375,256.8329772949219,102.68042755126953,66.76150512695312
2019-05-20,13.677008628845215,33.95939254760742,51.390228271484375,120.63999938964844,89.94080352783203,138.65237426757812,172.12771606445312,255.13487243652344,102.4684829711914,65.79647064208984
2019-05-21,13.685572624206543,34.39107894897461,51.73278045654297,120.36000061035156,89.83952331542969,140.51597595214844,173.92593383789062,257.4349670410156,102.30551147460938,66.35879516601562
2019-05-22,13.48859691619873,34.22178268432617,51.525657653808594,120.23999786376953,90.10964965820312,139.33753967285156,173.1511688232422,256.644287109375,102.89232635498047,66.55633544921875
2019-05-23,13.205979347229004,33.78163528442383,51.05563735961914,121.16999816894531,90.65833282470703,136.4691162109375,170.50161743164062,253.5084686279297,104.04961395263672,66.70831298828125
2019-05-24,13.38582706451416,33.81549835205078,51.60531234741211,121.30000305175781,90.63301849365234,137.74801635742188,170.41549682617188,254.08343505859375,104.13924407958984,66.91346740722656
2019-05-28,13.497160911560059,33.933998107910156,51.10344696044922,120.83000183105469,91.02973937988281,136.65185546875,169.774658203125,251.72042846679688,104.8890380859375,66.25238800048828
2019-05-29,13.445775985717773,34.15407943725586,50.776824951171875,120.87000274658203,90.99600219726562,135.5099334716797,168.3780975341797,250.0312042236328,105.20687103271484,65.37095642089844
2019-05-30,13.308749198913574,34.34029769897461,50.968021392822266,121.69000244140625,91.32515716552734,135.13539123535156,169.08592224121094,250.71408081054688,106.11153411865234,65.64450073242188
2019-05-31,12.957616806030273,34.45879364013672,50.5059814453125,123.33000183105469,91.9329605102539,133.24444580078125,166.38853454589844,247.3356170654297,107.43994140625,66.0244369506836
2019-06-03,12.914795875549316,34.77197265625,50.800724029541016,125.11000061035156,92.37527465820312,133.71034240722656,162.72500610351562,246.7066650390625,108.15862274169922,66.18401336669922
2019-06-04,12.991873741149902,34.8481559753418,51.382259368896484,125.1500015258789,92.03694915771484,137.17247009277344,167.3067626953125,252.06185913085938,106.92546844482422,65.88765716552734
2019-06-05,12.726384162902832,34.5688362121582,51.36632537841797,125.47000122070312,92.03694915771484,137.19992065429688,168.55029296875,254.24525451660156,106.32115936279297,67.26302337646484
2019-06-06,12.949051856994629,34.58576202392578,51.57345199584961,125.87999725341797,92.02002716064453,136.8436279296875,169.88943481445312,255.89852905273438,106.66413879394531,67.3922119140625
2019-06-07,12.991873741149902,34.85662078857422,52.226680755615234,126.58999633789062,92.38369750976562,137.81195068359375,173.1702880859375,258.4593200683594,107.58695220947266,67.64295959472656
2019-06-10,12.957616806030273,35.22059631347656,52.37007522583008,125.33000183105469,91.92700958251953,138.625,175.18862915039062,259.645263671875,106.57431030273438,67.42256927490234
2019-06-11,13.043258666992188,35.61842727661133,52.632965087890625,125.18000030517578,91.92700958251953,138.21392822265625,175.42770385742188,259.5823669433594,106.63963317871094,67.6049575805664
2019-06-12,12.863411903381348,35.237525939941406,52.242618560791016,125.83000183105469,92.16380310058594,138.3692169189453,174.41384887695312,259.12420654296875,106.72126007080078,67.8329086303711
2019-06-13,13.026130676269531,35.178279876708984,52.2904167175293,126.5999984741211,92.39218139648438,139.8308563232422,175.4468231201172,260.1934509277344,107.08878326416016,68.12167358398438
2019-06-14,13.077516555786133,34.788902282714844,51.908042907714844,126.55999755859375,92.45983123779297,138.60671997070312,174.7007598876953,259.906005859375,107.35833740234375,68.1596450805664
2019-06-17,13.017565727233887,34.92622375488281,51.94547653198242,126.4800033569336,92.44294738769531,139.56289672851562,175.75296020507812,260.0047302246094,107.54608917236328,68.88912963867188
2019-06-18,13.171722412109375,35.77059555053711,52.637210845947266,127.12000274658203,92.62055206298828,141.18544006347656,178.30691528320312,262.7272644042969,108.08512878417969,68.82073211669922
2019-06-19,13.14603042602539,36.06911849975586,52.962730407714844,127.88999938964844,92.87423706054688,141.6896209716797,178.97647094726562,263.3202819824219,108.2402572631836,69.19307708740234
2019-06-20,13.411519050598145,36.5979118347168,53.426605224609375,131.11000061035156,93.02647399902344,142.3589324951172,180.6408233642578,265.836181640625,108.52608489990234,69.5426025390625
2019-06-21,13.445775985717773,36.47850036621094,53.198734283447266,131.97999572753906,92.64592742919922,141.1304473876953,180.3729705810547,265.44976806640625,107.33377075195312,68.56237030029297
2019-06-24,13.505725860595703,36.427330017089844,53.31266784667969,133.94000244140625,92.9673080444336,139.41622924804688,180.37876892089844,265.12469482421875,108.13410186767578,68.32682800292969
2019-06-25,13.548545837402344,36.05204772949219,52.99528503417969,134.1999969482422,93.11109161376953,138.56358337402344,177.2822723388672,262.52435302734375,108.468994140625,67.31620025634766
2019-06-26,13.617059707641602,36.393218994140625,53.06039047241211,132.97000122070312,92.73046112060547,138.24276733398438,178.10675048828125,262.2625732421875,107.77477264404297,65.97123718261719
2019-06-27,13.617059707641602,36.64908981323242,53.190589904785156,132.83999633789062,93.0096206665039,140.83712768554688,178.78733825683594,263.19256591796875,108.53429412841797,66.82052612304688
2019-06-28,13.471467971801758,36.5979118347168,53.49171829223633,133.1999969482422,93.05191040039062,142.55142211914062,179.0175018310547,264.5468444824219,108.46076965332031,67.05066680908203
2019-07-01,13.46290397644043,37.03289031982422,53.74399185180664,130.6199951171875,92.93496704101562,143.1014862060547,181.43324279785156,266.9485168457031,108.20712280273438,67.01997375488281
2019-07-02,13.240234375,36.939064025878906,53.89861297607422,133.41000366210938,93.2653579711914,142.23052978515625,182.15223693847656,267.64385986328125,109.04173278808594,68.18606567382812
2019-07-03,13.368697166442871,36.87083435058594,54.26482009887695,133.6300048828125,93.44331359863281,143.24813842773438,183.52313232421875,269.78363037109375,109.81909942626953,68.99927520751953
2019-07-05,13.394390106201172,36.614967346191406,53.84978485107422,132.13999938964844,92.85023498535156,143.6331787109375,183.14923095703125,269.4767150878906,108.36260986328125,68.75377655029297
2019-07-08,13.377262115478516,36.393218994140625,53.540531158447266,131.2899932861328,92.75704956054688,142.26722717285156,181.86463928222656,267.99591064453125,108.50984954833984,68.99927520751953
2019-07-09,13.420083999633789,36.2823371887207,53.31266784667969,131.75,92.69772338867188,142.459716796875,182.7753448486328,268.3299560546875,108.468994140625,69.22941589355469
2019-07-10,13.711265563964844,36.589385986328125,53.499847412109375,133.8300018310547,92.74854278564453,142.70729064941406,184.59678649902344,269.61199951171875,107.87165069580078,69.62834930419922
2019-07-11,13.719829559326172,36.52114486694336,53.48357009887695,132.6999969482422,92.29106140136719,142.01055908203125,184.46258544921875,270.24407958984375,106.43148803710938,68.72309112548828
2019-07-12,13.754085540771484,36.54673767089844,53.548675537109375,133.52999877929688,92.39270782470703,143.11061096191406,185.5266571044922,271.4539489746094,106.55422973632812,68.63101959228516
2019-07-15,13.60849666595459,36.68319320678711,53.597503662109375,133.52999877929688,92.58758544921875,142.3589324951172,186.1210174560547,271.5442810058594,107.1679458618164,68.57733154296875
2019-07-16,13.46290397644043,36.632022857666016,53.377777099609375,132.39999389648438,92.38422393798828,142.31304931640625,185.16238403320312,270.6684265136719,106.84876251220703,68.41619873046875
2019-07-17,13.343005180358887,36.52114486694336,53.30453109741211,134.5800018310547,92.81632995605469,141.29550170898438,184.251708984375,268.82647705078125,108.0025634765625,68.18606567382812
2019-07-18,13.248799324035645,36.74290084838867,53.46728515625,136.47999572753906,93.04507446289062,141.8271942138672,184.46258544921875,269.8106994628906,108.01070404052734,68.18606567382812
2019-07-19,13.32587718963623,36.555267333984375,53.31266784667969,134.47000122070312,92.87566375732422,141.0113067626953,183.11083984375,268.3119201660156,107.757080078125,67.07366180419922
2019-07-22,13.28305721282959,36.56380081176758,53.36963653564453,134.4499969482422,92.91802215576172,140.88294982910156,184.56805419921875,268.9709777832031,107.96161651611328,67.01229095458984
2019-07-23,13.368697166442871,36.6064338684082,53.70329284667969,133.69000244140625,92.76551818847656,141.81802368164062,185.77590942382812,270.8941955566406,107.37248229980469,67.77178955078125
2019-07-24,13.308749198913574,36.666141510009766,53.74399185180664,134.3699951171875,92.90106964111328,144.1648712158203,187.0796661376953,272.16717529296875,107.83892822265625,67.82551574707031
2019-07-25,13.257362365722656,36.342041015625,53.198734283447266,133.4199981689453,92.74007415771484,142.42308044433594,185.3061981201172,270.86700439453125,107.32342529296875,67.42655181884766
2019-07-26,13.274493217468262,36.41880416870117,53.30453109741211,133.63999938964844,92.72314453125,144.1098175048828,187.2139129638672,272.6818542480469,107.57709503173828,67.73344421386719
2019-07-29,13.32587718963623,36.35056686401367,53.4184684753418,134.52999877929688,92.80789947509766,143.14727783203125,186.57156372070312,272.1852722167969,107.60980224609375,67.91756439208984
2019-07-30,13.4029541015625,36.06911849975586,52.79996871948242,134.97999572753906,92.85023498535156,144.69654846191406,185.76634216308594,271.5171813964844,107.87165069580078,68.46224975585938
2019-07-31,13.317313194274902,35.625606536865234,52.450035095214844,133.2100067138672,93.08747100830078,143.52313232421875,183.19715881347656,268.54669189453125,108.73892974853516,68.1937484741211
2019-08-01,12.949051856994629,34.92622375488281,52.30354690551758,136.41000366210938,94.14329528808594,141.44216918945312,182.28643798828125,266.208251953125,110.89859771728516,68.1937484741211
2019-08-02,12.966182708740234,34.58506393432617,51.83967590332031,135.88999938964844,94.33853149414062,139.8745880126953,179.60223388671875,264.2037048339844,111.92344665527344,68.52361297607422
2019-08-05,12.85484790802002,33.30571365356445,50.54571533203125,137.7899932861328,95.15333557128906,135.6759033203125,173.25604248046875,256.2583923339844,113.8583984375,67.17340850830078
2019-08-06,12.786333084106445,33.78334426879883,50.88751983642578,138.91000366210938,95.30609893798828,136.9226837158203,175.681396484375,259.85174560546875,114.7684326171875,67.91756439208984
2019-08-07,12.623613357543945,33.93686294555664,51.08283233642578,141.02000427246094,95.30609893798828,136.8860626220703,176.63043212890625,260.0052185058594,114.8094482421875,68.57733154296875
2019-08-08,12.692127227783203,34.35478591918945,51.579254150390625,141.72999572753906,95.31459045410156,139.83787536621094,180.47463989257812,265.10662841796875,115.055419921875,69.78179931640625
2019-08-09,12.803460121154785,34.005096435546875,51.2211799621582,141.25999450683594,95.17027282714844,138.07778930664062,178.7777862548828,263.30084228515625,114.82583618164062,69.69740295410156
2019-08-12,12.70925521850586,33.595699310302734,50.81427764892578,142.6300048828125,95.7729263305664,136.2901611328125,176.72628784179688,260.0955505371094,117.21994018554688,69.51329040527344
2019-08-13,13.009001731872559,34.02214813232422,51.29441833496094,141.77999877929688,95.43341827392578,137.75692749023438,180.59925842285156,264.1405334472656,116.81820678710938,69.61300659179688
2019-08-14,12.812026023864746,33.041316986083984,49.88652801513672,142.75,96.06993865966797,133.90664672851562,175.20208740234375,256.3304748535156,119.45008850097656,68.55430603027344
2019-08-15,12.70925521850586,33.2630729675293,50.057430267333984,143.6999969482422,96.68106079101562,133.37493896484375,175.00074768066406,257.0076904296875,120.77832794189453,69.23709106445312
2019-08-16,12.700690269470215,33.72364044189453,50.659645080566406,142.77999877929688,96.42646789550781,136.2534942626953,177.80958557128906,260.7999572753906,119.810791015625,69.95056915283203
2019-08-19,12.760640144348145,33.860103607177734,50.968902587890625,141.11000061035156,95.9681167602539,137.62860107421875,180.63755798339844,263.9419250488281,118.09723663330078,70.4568862915039
2019-08-20,12.794897079467773,33.9283332824707,50.79799270629883,142.2100067138672,96.39249420166016,136.7301788330078,179.2379913330078,261.91943359375,119.3188705444336,69.9582290649414
2019-08-21,12.837718963623047,34.25243377685547,51.156070709228516,141.75999450683594,96.13788604736328,137.85775756835938,180.8292999267578,264.05029296875,118.52359771728516,70.249755859375
2019-08-22,12.777769088745117,33.808929443359375,51.05841827392578,141.39999389648438,95.92569732666016,137.53689575195312,180.2445068359375,263.9690246582031,117.7364730834961,70.57196044921875
2019-08-23,12.683563232421875,33.30571365356445,50.423641204833984,144.1699981689453,96.57073211669922,133.3199462890625,174.5406036376953,257.18829345703125,119.67143249511719,69.58231353759766
2019-08-26,12.674999237060547,33.48481750488281,50.838687896728516,144.19000244140625,96.47736358642578,134.78668212890625,177.17689514160156,260.0323486328125,119.18767547607422,70.11933898925781
2019-08-27,12.760640144348145,33.54452896118164,50.79799270629883,145.57000732421875,96.89325714111328,132.78826904296875,176.80296325683594,259.0120849609375,121.0242691040039,69.91989135742188
2019-08-28,12.87197494506836,33.63835525512695,50.79799270629883,145.16000366210938,96.92716979980469,134.33750915527344,177.4357452392578,260.8360290527344,121.18000793457031,70.15001678466797
2019-08-29,12.906230926513672,34.013614654541016,51.237457275390625,144.1199951171875,96.74046325683594,136.69346618652344,180.14865112304688,264.1676025390625,120.7209701538086,70.69470977783203
2019-08-30,12.700690269470215,34.278018951416016,51.44091033935547,143.75,96.76591491699219,136.44598388671875,179.71728515625,264.05029296875,120.75369262695312,70.74842071533203
2019-09-03,12.632177352905273,34.064788818359375,51.34325408935547,145.75,96.97846984863281,134.44754028320312,177.9725341796875,262.5063781738281,120.90980529785156,71.45420837402344
2019-09-04,12.931924819946289,34.636234283447266,52.067543029785156,146.66000366210938,97.13150024414062,135.5292510986328,180.54168701171875,265.48583984375,121.0904769897461,72.0526123046875
2019-09-05,12.914795875549316,35.02857971191406,52.34423828125,143.13999938964844,96.34938049316406,138.05032348632812,183.8490447998047,268.89886474609375,118.89747619628906,71.53092193603516
2019-09-06,12.949051856994629,35.182098388671875,52.515132904052734,141.9199981689453,96.40890502929688,137.4176788330078,183.66688537597656,269.1064453125,119.74346160888672,71.69202423095703
2019-09-09,13.068951606750488,35.292972564697266,52.66976547241211,141.38999938964844,95.81378936767578,139.26039123535156,183.28341674804688,269.241943359375,117.61615753173828,71.3468246459961
2019-09-10,13.086079597473145,35.31855392456055,52.75927734375,140.17999267578125,95.11662292480469,141.038818359375,182.75621032714844,269.1785888671875,115.55460357666016,70.6103286743164
2019-09-11,12.991873741149902,35.565895080566406,53.05225372314453,141.02999877929688,95.02310943603516,143.9264678955078,184.47219848632812,271.0928039550781,115.34929656982422,70.68704986572266
2019-09-12,12.9404878616333,35.82176971435547,53.36149978637695,141.32000732421875,94.810546875,143.96316528320312,185.23907470703125,272.03179931640625,114.59363555908203,71.06294250488281
2019-09-13,12.9404878616333,36.026466369628906,53.6626091003418,140.14999389648438,93.94336700439453,144.21072387695312,184.57757568359375,271.8511962890625,112.14606475830078,70.30343627929688
2019-09-16,13.514288902282715,35.74501037597656,53.18246078491211,141.32000732421875,94.35150909423828,144.7515106201172,183.75318908691406,271.0115051269531,113.57511138916016,70.91719818115234
2019-09-17,13.257362365722656,35.74501037597656,53.36149978637695,141.60000610351562,94.59800720214844,144.37574768066406,184.6351318359375,271.69775390625,114.1911849975586,71.68437194824219
2019-09-18,13.171722412109375,35.60001754760742,53.29638671875,140.7100067138672,94.6320571899414,143.4864959716797,184.55845642089844,271.86029052734375,114.67572784423828,71.4388656616211
2019-09-19,13.240234375,35.455020904541016,53.475425720214844,141.27999877929688,94.674560546875,142.78976440429688,184.8651885986328,271.84222412109375,115.02069854736328,71.69202423095703
2019-09-20,13.257362365722656,35.489139556884766,53.35335922241211,142.9499969482422,95.21867370605469,142.48721313476562,182.90956115722656,270.557861328125,116.54020690917969,71.69202423095703
2019-09-23,13.291621208190918,35.523258209228516,53.21500778198242,143.75,95.35465240478516,142.37722778320312,182.990234375,270.4942321777344,116.51558685302734,71.8071060180664
2019-09-24,13.137465476989746,35.147979736328125,53.01154708862305,144.50999450683594,95.83080291748047,140.22824096679688,180.55996704101562,268.3717346191406,117.92008972167969,71.64779663085938
2019-09-25,13.060386657714844,35.12239074707031,52.856929779052734,141.8300018310547,95.20165252685547,141.76455688476562,182.58680725097656,269.9591369628906,116.19528198242188,71.78700256347656
2019-09-26,13.060386657714844,35.11386489868164,53.05225372314453,141.7899932861328,95.40568542480469,140.18223571777344,181.9143829345703,269.396728515625,116.94266510009766,72.39019775390625
2019-09-27,13.009001731872559,34.66183090209961,52.87320327758789,141.05999755859375,95.54169464111328,139.05984497070312,179.6570587158203,267.94549560546875,117.2301025390625,71.98807525634766
2019-09-30,12.880538940429688,34.857994079589844,53.06852722167969,138.8699951171875,95.61824035644531,139.2254638671875,181.36688232421875,269.1881103515625,117.51760864257812,72.11180114746094
2019-10-01,12.87197494506836,34.61065673828125,52.547691345214844,139.6300048828125,95.88304901123047,136.49322509765625,179.88758850097656,265.9862060546875,117.87142944335938,71.4312973022461
2019-10-02,12.760640144348145,34.34625244140625,51.47346115112305,141.25999450683594,96.2151107788086,135.46286010742188,176.79449462890625,261.28765869140625,118.15937805175781,71.12968444824219
2019-10-03,12.743512153625488,34.78976058959961,51.81525802612305,141.89999389648438,96.7174301147461,135.9136199951172,178.73489379882812,263.42828369140625,119.23725891113281,71.81794738769531
2019-10-04,12.846282958984375,34.94328689575195,52.2221565246582,141.89999389648438,96.90479278564453,137.20156860351562,181.36688232421875,266.9930725097656,120.11764526367188,72.25098419189453
2019-10-07,12.829154014587402,34.65330123901367,52.15705108642578,140.69000244140625,96.58123779296875,136.96238708496094,180.8193359375,265.84112548828125,119.12200164794922,72.09634399414062
2019-10-08,12.820590019226074,34.40596389770508,51.66878128051758,141.9199981689453,96.78556060791016,134.73609924316406,178.1105194091797,261.7139892578125,119.44285583496094,71.71739959716797
2019-10-09,12.85484790802002,34.67036056518555,52.043128967285156,142.0500030517578,96.53865051269531,135.3524627685547,179.84912109375,264.1993408203125,118.7682113647461,71.8565902709961
2019-10-10,12.9404878616333,35.02857971191406,52.409339904785156,140.80999755859375,95.93413543701172,135.8953399658203,181.24200439453125,265.9862060546875,116.9992446899414,71.97259521484375
2019-10-11,13.094644546508789,35.591487884521484,53.3452262878418,140.02999877929688,95.27849578857422,138.1951141357422,183.5762176513672,268.7436828613281,115.5511703491211,71.9416732788086
2019-10-14,13.034695625305176,35.43796157836914,53.12549591064453,140.58999633789062,95.54244232177734,137.689208984375,183.5570068359375,268.44427490234375,116.39043426513672,71.97259521484375
2019-10-15,13.00043773651123,35.753536224365234,53.74399185180664,139.61000061035156,95.0826644897461,139.271484375,185.89120483398438,271.1020202636719,114.98343658447266,72.0654067993164
2019-10-16,13.017565727233887,35.85588836669922,53.825374603271484,140.41000366210938,95.27001190185547,139.41868591308594,185.4301300048828,270.6666564941406,115.12328338623047,72.07312774658203
2019-10-17,13.068951606750488,35.99235534667969,53.95558166503906,140.61000061035156,95.23590850830078,141.06536865234375,185.9200439453125,271.46484375,114.84357452392578,72.54484558105469
2019-10-18,13.060386657714844,35.80470657348633,53.9311637878418,140.4600067138672,95.32106018066406,140.39382934570312,184.1333465576172,270.276611328125,114.84357452392578,73.10164642333984
2019-10-21,13.043258666992188,36.128814697265625,54.22412872314453,139.7899932861328,94.97196197509766,141.7093505859375,185.766357421875,272.1089172363281,113.97964477539062,73.65843200683594
2019-10-22,13.060386657714844,36.15439987182617,54.09391784667969,140.1999969482422,95.193359375,141.86573791503906,184.28704833984375,271.2199401855469,114.64606475830078,73.44190979003906
2019-10-23,13.223105430603027,36.16292953491211,54.38689422607422,140.52999877929688,95.22743225097656,142.04052734375,184.6424560546875,272.00909423828125,114.76126098632812,73.60428619384766
2019-10-24,13.291621208190918,36.16292953491211,54.484554290771484,141.52999877929688,95.2103500366211,141.838134765625,186.43869018554688,272.45361328125,114.53087615966797,73.41870880126953
2019-10-25,13.368697166442871,36.41880416870117,54.54152297973633,141.86000061035156,95.00603485107422,142.5924835205078,187.92762756347656,273.5692443847656,113.97137451171875,72.79231262207031
2019-10-28,13.317313194274902,36.632022857666016,54.7856559753418,140.63999938964844,94.6484146118164,143.82521057128906,189.7815399169922,275.1112976074219,112.9347152709961,72.35150909423828
2019-10-29,13.291621208190918,36.44438552856445,54.76940155029297,140.25,94.7335433959961,144.29446411132812,188.31185913085938,275.02960205078125,113.00877380371094,72.79231262207031
2019-10-30,13.205979347229004,36.6064338684082,54.997257232666016,141.02000427246094,95.193359375,143.81602478027344,189.224365234375,275.8731689453125,114.66255187988281,73.05523681640625
2019-10-31,13.128900527954102,36.31645202636719,54.86704635620117,142.42999267578125,95.79786682128906,143.00648498535156,189.3108673095703,275.138427734375,116.20940399169922,72.92375946044922
2019-11-01,13.368697166442871,36.86231231689453,55.35531997680664,142.55999755859375,95.61711120605469,145.44436645507812,191.0303192138672,277.68731689453125,115.85166931152344,72.90831756591797
2019-11-04,13.454339981079102,37.229061126708984,55.64016342163086,142.14999389648438,95.13106536865234,146.22633361816406,192.2117919921875,278.8029479980469,114.32685852050781,72.3979263305664
2019-11-05,13.48859691619873,37.44227981567383,55.53437423706055,139.85000610351562,94.61942291259766,146.41029357910156,192.31747436523438,278.49456787109375,113.04108428955078,71.16835021972656
2019-11-06,13.343005180358887,37.322872161865234,55.50994873046875,140.4499969482422,94.89225769042969,145.5639190673828,191.8851776123047,278.5580139160156,113.7252197265625,71.32301330566406
2019-11-07,13.334441184997559,37.59580993652344,55.68085479736328,138.27000427246094,94.13333892822266,145.95030212402344,192.52877807617188,279.5376892089844,111.66466522216797,70.611572265625
2019-11-08,13.368697166442871,37.254638671875,55.6483039855957,137.38999938964844,94.00546264648438,146.34593200683594,193.2972412109375,280.2270202636719,111.19485473632812,70.44145202636719
2019-11-11,13.28305721282959,36.99024200439453,55.57505798339844,137.05999755859375,94.1077880859375,146.06993103027344,193.03790283203125,279.69189453125,111.26905822753906,70.59609985351562
2019-11-12,13.291621208190918,36.75143051147461,55.5994758605957,137.42999267578125,94.15039825439453,146.11593627929688,193.59503173828125,280.28155517578125,111.7800521850586,70.06251525878906
2019-11-13,13.317313194274902,36.469970703125,55.404151916503906,137.97999572753906,94.40624237060547,145.49034118652344,193.64308166503906,280.3721618652344,112.50533294677734,70.70436096191406
2019-11-14,13.274493217468262,36.49556350708008,55.24953079223633,138.55999755859375,94.88373565673828,145.44436645507812,193.48934936523438,280.7803649902344,113.66756439208984,71.25341796875
2019-11-15,13.343005180358887,36.78554153442383,55.5994758605957,138.2100067138672,94.80696868896484,146.1986846923828,194.9110107421875,282.81219482421875,113.54383850097656,71.64008331298828
2019-11-18,13.205979347229004,36.72584533691406,55.66457748413086,138.6199951171875,94.96902465820312,145.83071899414062,195.0647430419922,283.020751953125,113.7499008178711,71.98807525634766
2019-11-19,13.086079597473145,36.802608489990234,55.59132766723633,138.69000244140625,95.1480941772461,146.37350463867188,195.3529052734375,282.9391174316406,114.69776916503906,72.11180114746094
2019-11-20,13.257362365722656,36.64054870605469,55.24139404296875,138.75999450683594,95.49772644042969,145.82150268554688,194.18099975585938,281.88690185546875,115.88462829589844,72.07312774658203
2019-11-21,13.377262115478516,36.56380081176758,55.168148040771484,138.0,95.2589340209961,145.10394287109375,193.74871826171875,281.4334716796875,115.15933990478516,71.06008911132812
2019-11-22,13.368697166442871,36.56380081176758,55.32278060913086,137.74000549316406,95.24187469482422,145.55471801757812,193.87364196777344,282.0592346191406,115.30773162841797,70.79718017578125
2019-11-25,13.368697166442871,36.9305419921875,55.76224136352539,137.0800018310547,95.28453826904297,148.6457977294922,196.16937255859375,284.2453918457031,115.64562225341797,71.02142333984375
2019-11-26,13.445775985717773,36.819664001464844,55.72969055175781,137.74000549316406,95.46363830566406,148.74696350097656,196.54400634765625,284.8892517089844,116.32150268554688,71.96485900878906
2019-11-27,13.377262115478516,36.86231231689453,55.87617492675781,137.00999450683594,95.21634674072266,149.79571533203125,197.9176483154297,286.1592712402344,115.9835205078125,72.30513000488281
2019-11-29,13.111771583557129,36.2823371887207,55.485530853271484,137.86000061035156,95.13953399658203,148.8206024169922,197.01467895507812,285.09796142578125,115.73625946044922,71.97259521484375
2019-12-02,13.094644546508789,36.273807525634766,55.20070266723633,137.7899932861328,94.79795837402344,147.36705017089844,194.99749755859375,282.6761779785156,114.19319915771484,70.88223266601562
2019-12-03,13.1032075881958,36.0861701965332,54.997257232666016,139.11000061035156,95.64338684082031,146.89784240722656,193.4701690673828,280.7803649902344,116.58746337890625,71.33846282958984
2019-12-04,13.308749198913574,36.35909652709961,55.50181579589844,138.9199981689453,95.27617645263672,147.90982055664062,194.449951171875,282.5128173828125,115.42340087890625,71.63233184814453
2019-12-05,13.334441184997559,36.52114486694336,55.39602279663086,139.0,95.05419158935547,148.0570068359375,194.83416748046875,283.020751953125,114.8619155883789,71.6710205078125
2019-12-06,13.420083999633789,36.734378814697266,55.900577545166016,137.6199951171875,94.76383209228516,149.78651428222656,196.91864013671875,285.6059875488281,114.22623443603516,71.81794738769531
2019-12-09,13.4029541015625,36.589385986328125,55.60761260986328,137.5800018310547,94.84066772460938,149.50135803222656,196.0253143310547,284.7079162597656,114.47388458251953,71.95713806152344
2019-12-10,13.46290397644043,36.71731948852539,55.63203048706055,137.97000122070312,94.72966766357422,149.5933074951172,195.86199951171875,284.390380859375,114.48213195800781,71.53955078125
2019-12-11,13.4029541015625,37.254638671875,55.92499542236328,138.9199981689453,95.12252044677734,149.5473175048828,196.89942932128906,285.19775390625,115.3821029663086,70.81262969970703
2019-12-12,13.52285385131836,37.90283966064453,56.29935836791992,138.42999267578125,94.3709945678711,150.83522033691406,198.36911010742188,287.65582275390625,113.48314666748047,69.85369873046875
2019-12-13,13.591367721557617,37.885780334472656,56.68998336791992,139.0500030517578,94.92607116699219,150.25567626953125,199.02230834960938,287.82806396484375,114.79583740234375,69.86917877197266
2019-12-16,13.685572624206543,38.207237243652344,57.29568862915039,139.0399932861328,94.4820785522461,151.3147430419922,201.02032470703125,289.8055419921875,113.76383972167969,70.37181854248047
2019-12-17,13.745522499084473,38.55567932128906,56.966495513916016,139.00999450683594,94.4905776977539,152.0718994140625,201.1355743408203,289.86907958984375,113.6070327758789,69.706787109375
2019-12-18,13.754085540771484,38.76475143432617,56.89243698120117,139.02000427246094,94.23435974121094,152.3673553466797,201.2892608642578,289.8872375488281,112.67401123046875,70.55638885498047
2019-12-19,13.814034461975098,38.782169342041016,56.89243698120117,139.3800048828125,94.3079833984375,153.0229034423828,202.54766845703125,291.075439453125,112.85430908203125,71.18168640136719
2019-12-20,13.796908378601074,38.86057662963867,56.933589935302734,139.52000427246094,94.3079833984375,153.24447631835938,203.3641357421875,292.3516845703125,113.00309753417969,71.57250213623047
2019-12-23,13.80038833618164,38.912837982177734,57.024112701416016,139.9499969482422,94.22244262695312,153.54917907714844,203.90130615234375,292.7981872558594,112.83773040771484,71.21295928955078
2019-12-24,13.861297607421875,38.82571792602539,56.966495513916016,141.27000427246094,94.38490295410156,153.9000701904297,204.0072021484375,292.80731201171875,113.1602783203125,71.40055084228516
2019-12-26,13.965714454650879,39.10448455810547,57.21338653564453,142.3800048828125,94.52175903320312,153.9000701904297,205.8073272705078,294.3660888671875,113.43314361572266,71.71317291259766
2019-12-27,13.99181842803955,39.26127624511719,57.31214904785156,142.3300018310547,94.65855407714844,153.14292907714844,205.6340789794922,294.29315185546875,113.55721282958984,71.93984985351562
2019-12-30,13.965714454650879,38.99995040893555,56.88420486450195,142.6300048828125,94.5986557006836,152.7551727294922,204.286376953125,292.6706848144531,113.14371490478516,72.01020050048828
2019-12-31,13.878700256347656,39.087066650390625,57.14756774902344,142.89999389648438,94.256591796875,152.96751403808594,204.67141723632812,293.3815612792969,112.03560638427734,72.52606964111328
2020-01-02,13.896102905273438,39.8797721862793,57.7236442565918,143.9499969482422,94.69271850585938,153.06906127929688,208.0889129638672,296.125244140625,113.30081939697266,71.67411804199219
2020-01-03,14.061429023742676,39.13933181762695,57.00763702392578,145.86000061035156,95.3255844116211,152.46890258789062,206.1827850341797,293.88299560546875,115.04572296142578,72.11961364746094
2020-01-06,14.087533950805664,39.04349899291992,57.2298583984375,147.38999938964844,95.22296142578125,152.6720428466797,207.51129150390625,295.004150390625,114.39241027832031,72.20560455322266
2020-01-07,14.078831672668457,39.017364501953125,57.0734977722168,147.97000122070312,95.08612060546875,152.1641845703125,207.482421875,294.1745910644531,113.83016967773438,71.40055084228516
2020-01-08,13.869998931884766,39.243865966796875,57.238075256347656,146.86000061035156,94.86376953125,152.63511657714844,209.04185485839844,295.7424621582031,113.07759094238281,71.61939239501953
2020-01-09,13.809090614318848,39.50519561767578,57.369754791259766,146.02999877929688,94.93218994140625,152.8197784423828,210.81320190429688,297.74774169921875,113.4744873046875,71.58032989501953
2020-01-10,13.809090614318848,39.714263916015625,57.155784606933594,146.91000366210938,95.13745880126953,152.24732971191406,210.2741241455078,296.89093017578125,114.48336029052734,72.12743377685547
2020-01-13,13.704673767089844,40.33275604248047,57.45204544067383,145.82000732421875,95.02630615234375,153.23526000976562,212.69998168945312,298.9327392578125,114.13610076904297,72.99504089355469
2020-01-14,13.765582084655762,40.106266021728516,57.50966262817383,145.69000244140625,95.2143783569336,153.79849243164062,211.86248779296875,298.4770202636719,114.72317504882812,72.72149658203125
2020-01-15,13.695971488952637,39.79266357421875,57.50966262817383,146.5399932861328,95.4538345336914,154.53717041015625,211.94912719726562,299.15155029296875,115.48394012451172,73.37801361083984
2020-01-16,13.678568840026855,40.045291900634766,57.74833679199219,146.30999755859375,95.25718688964844,156.53155517578125,213.98037719726562,301.6399841308594,115.1201400756836,73.96424865722656
2020-01-17,13.722076416015625,40.27178192138672,57.921138763427734,146.5800018310547,95.1801986694336,156.1068115234375,215.039306640625,302.5788269042969,114.13610076904297,74.03458404541016
2020-01-21,13.643763542175293,39.2525634765625,57.46028518676758,146.74000549316406,95.55647277832031,154.8141632080078,214.94302368164062,301.98638916015625,115.33514404296875,74.73802947998047
2020-01-22,13.461034774780273,39.57488250732422,57.57549285888672,146.7899932861328,95.57357788085938,154.71261596679688,215.51097106933594,302.0227966308594,115.7403564453125,74.23780822753906
2020-01-23,13.347916603088379,39.16545867919922,57.43558883666992,147.1199951171875,95.81304931640625,154.61105346679688,216.2041015625,302.3691101074219,116.55078125,74.86307525634766
2020-01-24,13.147784233093262,38.85186004638672,57.18869400024414,147.97999572753906,96.15511322021484,152.70895385742188,214.38465881347656,299.68023681640625,117.49346923828125,74.60516357421875
2020-01-27,12.904145240783691,37.510337829589844,56.00361633300781,148.99000549316406,96.80502319335938,150.97311401367188,209.95643615722656,294.8764953613281,119.32103729248047,74.24563598632812
2020-01-28,12.965055465698242,37.823936462402344,56.53031539916992,147.66000366210938,96.48005676269531,152.22885131835938,213.18136596679688,297.966552734375,118.3866195678711,74.54263305664062
2020-01-29,12.904145240783691,38.006866455078125,56.538551330566406,148.4600067138672,96.94184875488281,151.36093139648438,213.5278778076172,297.7204284667969,119.54436492919922,74.2690658569336
2020-01-30,12.791028022766113,37.44063949584961,56.489166259765625,148.47000122070312,97.03594207763672,151.36093139648438,214.28842163085938,298.6866455078125,119.56088256835938,74.32379150390625
2020-01-31,12.68661117553711,36.68278121948242,55.53451919555664,149.3300018310547,97.52336120605469,148.2216033935547,210.8902130126953,293.2630920410156,120.65238952636719,73.41712951660156
2020-02-03,12.451674461364746,37.09219741821289,55.666194915771484,148.36000061035156,97.4403076171875,149.87435913085938,214.07662963867188,295.441650390625,120.55474090576172,73.6594009399414
2020-02-04,12.469077110290527,38.05043029785156,56.596160888671875,146.42999267578125,96.8751449584961,152.1365203857422,218.97659301757812,299.94451904296875,118.93114471435547,74.41756439208984
2020-02-05,12.660506248474121,38.26820373535156,57.13932418823242,146.61000061035156,96.45552062988281,154.4817657470703,219.6985626220703,303.4083251953125,117.63069152832031,74.46446228027344
2020-02-06,12.712716102600098,38.30304718017578,57.29568862915039,147.39999389648438,96.5240249633789,154.13092041015625,221.59503173828125,304.4292907714844,118.16084289550781,74.71456909179688
2020-02-07,12.643104553222656,37.771671295166016,56.75252151489258,147.7899932861328,96.9864730834961,152.23812866210938,220.64195251464844,302.806640625,119.63526916503906,74.69895935058594
2020-02-10,12.529986381530762,37.980735778808594,56.867740631103516,148.1699981689453,97.17485809326172,153.09678649902344,223.30859375,305.0672607421875,119.96656036376953,75.53527069091797
2020-02-11,12.573493957519531,38.477272033691406,57.25454330444336,147.66000366210938,96.9436264038086,154.15859985351562,223.3470458984375,305.595947265625,119.36194610595703,76.10586547851562
2020-02-12,12.74752140045166,38.99995040893555,57.45204544067383,147.5399932861328,96.69529724121094,155.22042846679688,225.52267456054688,307.5647888183594,118.75719451904297,76.55919647216797
2020-02-13,12.756223678588867,38.48598861694336,57.048805236816406,148.3800048828125,96.78092193603516,155.62672424316406,225.23388671875,307.2366027832031,119.21284484863281,77.02034759521484
2020-02-14,12.74752140045166,38.50340270996094,56.95003890991211,149.0,97.02069091796875,155.02655029296875,225.8788604736328,307.7289733886719,119.73468017578125,77.81759643554688
2020-02-18,12.843235969543457,38.25078201293945,56.58793258666992,150.91000366210938,97.17485809326172,154.69410705566406,225.9654541015625,306.9359436035156,120.55474090576172,77.73162078857422
2020-02-19,12.965055465698242,38.529541015625,56.77721405029297,151.7899932861328,97.15767669677734,155.48822021484375,228.13145446777344,308.4034729003906,120.54647064208984,76.68425750732422
2020-02-20,12.912847518920898,37.928470611572266,56.43979263305664,152.41000366210938,97.4403076171875,155.86672973632812,226.0135955810547,307.1364440917969,121.49073028564453,77.5987319946289
2020-02-21,12.860640525817871,37.710697174072266,56.17644119262695,154.6999969482422,97.83423614501953,154.28785705566406,221.6720428466797,303.9735107421875,122.62557220458984,77.82540893554688
2020-02-24,12.6170015335083,36.29948425292969,53.92970657348633,156.08999633789062,98.59635162353516,149.64352416992188,213.12356567382812,293.8920593261719,124.45613861083984,76.76244354248047
2020-02-25,12.382061958312988,36.012020111083984,53.04090118408203,153.3000030517578,98.87035369873047,144.32518005371094,207.32839965820312,284.9864501953125,125.11881256103516,74.68334197998047
2020-02-26,12.260244369506836,36.29948425292969,53.10673141479492,153.97000122070312,98.81897735595703,142.65396118164062,208.39688110351562,283.938232421875,124.45613861083984,73.87826538085938
2020-02-27,12.051411628723145,35.428367614746094,51.534847259521484,154.0,99.29850769042969,137.63104248046875,197.96170043945312,271.1861572265625,125.80633544921875,69.94672393798828
2020-02-28,11.842577934265137,35.297691345214844,51.22211456298828,148.3800048828125,100.41170501708984,135.1103973388672,198.11569213867188,270.04669189453125,128.64744567871094,68.2584457397461
2020-03-02,12.112320899963379,36.06427764892578,51.880496978759766,149.1999969482422,100.34309387207031,139.4499969482422,208.33912658691406,281.741455078125,127.70098876953125,71.17388153076172
2020-03-03,12.138423919677734,35.82035827636719,51.46077346801758,153.88999938964844,101.50912475585938,136.6061553955078,201.6582794189453,273.6745910644531,129.68359375,71.00972747802734
2020-03-04,12.147126197814941,36.4562873840332,52.99974822998047,154.16000366210938,101.28618621826172,140.49337768554688,210.07196044921875,285.17791748046875,128.30650329589844,73.69068908691406
2020-03-05,12.016605377197266,35.689693450927734,51.59245681762695,157.49000549316406,102.18639373779297,136.0244598388672,203.68951416015625,275.6981506347656,131.50025939941406,72.11182403564453
2020-03-06,11.625043869018555,34.95796203613281,50.8188591003418,157.5500030517578,103.22380065917969,133.32833862304688,200.2528076171875,271.1405029296875,138.34410095214844,70.86902618408203
2020-03-09,10.720099449157715,32.57109832763672,46.876800537109375,157.80999755859375,104.14971923828125,120.36485290527344,186.34237670898438,249.96595764160156,142.09365844726562,65.40555572509766
2020-03-10,11.059453964233398,34.22621154785156,48.60505294799805,154.47999572753906,102.23786163330078,124.12278747558594,196.4888153076172,262.900390625,134.81019592285156,68.16886138916016
2020-03-11,10.859322547912598,32.632076263427734,46.12788391113281,153.92999267578125,101.2176284790039,116.22834777832031,187.93072509765625,250.08444213867188,129.8495330810547,64.0727310180664
2020-03-12,10.4242525100708,29.365379333496094,41.058345794677734,147.7899932861328,101.26905059814453,103.3848876953125,170.69912719726562,226.15711975097656,130.65414428710938,57.581974029541016
2020-03-13,10.537371635437012,31.482194900512695,43.543739318847656,143.27999877929688,100.60888671875,110.30979919433594,185.15826416015625,245.4903564453125,127.70098876953125,62.60757827758789
2020-03-16,9.90217113494873,27.55345916748047,39.05028533935547,141.63999938964844,103.26667022705078,95.67510223388672,162.97860717773438,218.62794494628906,135.97158813476562,51.50868225097656
2020-03-17,9.745545387268066,29.45249366760254,40.951358795166016,143.55999755859375,100.67745971679688,100.0609130859375,175.33914184570312,230.4320831298828,126.90454864501953,54.486244201660156
2020-03-18,9.42359447479248,26.908832550048828,38.60586929321289,140.6999969482422,99.28002166748047,92.30496215820312,170.0060272216797,218.76467895507812,119.74549865722656,49.303077697753906
2020-03-19,9.623726844787598,27.117897033691406,39.20664978027344,138.0399932861328,99.60582733154297,95.90593719482422,171.02639770507812,219.22952270507812,123.00568389892578,49.47637939453125
2020-03-20,9.519309043884277,27.318254470825195,38.72108840942383,140.11000061035156,102.14356231689453,93.62532043457031,164.32626342773438,209.78196716308594,132.2552032470703,47.010841369628906
2020-03-23,9.632427215576172,26.664918899536133,38.26844787597656,146.3000030517578,103.3524169921875,92.24034118652344,164.4449462890625,204.41827392578125,137.70530700683594,44.828857421875
2020-03-24,9.84126091003418,28.668489456176758,41.510982513427734,153.39999389648438,102.64933013916016,100.67952728271484,177.1791229248047,222.93919372558594,135.1420135498047,48.86195755004883
2020-03-25,10.006587028503418,29.678983688354492,42.86066818237305,151.3000030517578,102.70938110351562,101.93083190917969,175.86715698242188,226.27664184570312,134.83502197265625,51.4929313659668
2020-03-26,9.971781730651855,30.802730560302734,44.778202056884766,153.24000549316406,102.95802307128906,108.27079772949219,185.1283721923828,239.48887634277344,135.4987335205078,55.12429428100586
2020-03-27,9.936975479125977,29.05178451538086,43.502586364746094,152.25,103.72105407714844,104.33150482177734,178.76129150390625,232.3555450439453,139.11558532714844,55.179439544677734
2020-03-30,9.910872459411621,29.53089714050293,44.383174896240234,152.9199981689453,103.9610824584961,106.63018798828125,185.26341247558594,239.90147399902344,137.97073364257812,56.384639739990234
2020-03-31,9.789052963256836,29.731246948242188,43.99637222290039,148.0500030517578,104.14971923828125,106.09261322021484,183.6813507080078,236.32566833496094,136.85086059570312,55.02189636230469
2020-04-01,9.510607719421387,28.459421157836914,42.04591751098633,149.4499969482422,104.5737533569336,98.86280822753906,175.87680053710938,225.68984985351562,138.7682342529297,51.406288146972656
2020-04-02,9.693337440490723,29.417648315429688,42.868896484375,151.89999389648438,104.59091186523438,99.79895782470703,179.4462127685547,230.89772033691406,139.64886474609375,51.57958984375
2020-04-03,9.936975479125977,28.860136032104492,41.889549255371094,152.64999389648438,104.66817474365234,96.97193908691406,176.89939880371094,227.560302734375,139.98121643066406,50.83124542236328
2020-04-06,9.98918342590332,30.436861038208008,44.11159133911133,156.8800048828125,104.19606018066406,104.39636993408203,189.54673767089844,242.8446502685547,139.6156768798828,54.596519470214844
2020-04-07,10.058794975280762,30.593664169311523,44.358482360839844,156.0399932861328,103.73257446289062,104.6651611328125,189.4695587158203,243.09217834472656,138.1535186767578,55.10066604614258
2020-04-08,10.032690048217773,30.907262802124023,44.72059631347656,154.64999389648438,103.60379791259766,109.43869018554688,193.49246215820312,251.25247192382812,137.14828491210938,58.85806655883789
2020-04-09,10.058794975280762,30.794008255004883,45.73286437988281,158.69000244140625,103.82698059082031,114.67567443847656,193.77220153808594,255.0758514404297,137.3975372314453,62.158607482910156
2020-04-13,10.232823371887207,30.837575912475586,45.29668045043945,161.41000366210938,103.60379791259766,111.57056427001953,195.86566162109375,252.7469024658203,136.14303588867188,59.54338455200195
2020-04-14,10.145808219909668,31.54317283630371,46.10319519042969,162.67999267578125,103.74112701416016,113.83218383789062,204.38406372070312,260.20123291015625,136.10986328125,61.21333694458008
2020-04-15,9.936975479125977,30.7330379486084,44.662986755371094,161.85000610351562,104.66817474365234,109.18843078613281,202.039794921875,254.67245483398438,139.71522521972656,58.78717803955078
2020-04-16,9.910872459411621,30.89855194091797,44.68767166137695,161.7100067138672,104.77973937988281,108.3635025024414,205.72494506835938,255.9010009765625,141.30203247070312,58.117610931396484
2020-04-17,9.954377174377441,31.58673667907715,45.87276840209961,158.57000732421875,104.50505065917969,113.13700103759766,207.69300842285156,262.8143005371094,139.4080047607422,59.95298385620117
2020-04-20,9.789052963256836,31.186019897460938,45.1896858215332,159.6999969482422,104.77973937988281,111.80228424072266,205.23301696777344,258.1840515136719,140.52944946289062,57.7237548828125
2020-04-21,9.327878952026367,30.323610305786133,44.30910110473633,158.61000061035156,105.07160949707031,109.13282775878906,197.66000366210938,250.34471130371094,142.2988739013672,56.67609786987305
2020-04-22,9.45840072631836,31.15117073059082,45.05801010131836,161.72999572753906,104.74543762207031,110.4582748413086,203.5254669189453,255.9010009765625,140.84510803222656,57.5425910949707
2020-04-23,9.432295799255371,31.037925720214844,44.918113708496094,163.33999633789062,104.81409454345703,111.5427474975586,203.09133911132812,255.88265991210938,141.59275817871094,57.062076568603516
2020-04-24,9.310476303100586,30.99437713623047,45.43657684326172,162.63999938964844,104.83982849121094,113.46142578125,206.29417419433594,259.4493408203125,141.92507934570312,57.306278228759766
2020-04-27,9.136449813842773,31.621580123901367,46.037357330322266,161.55999755859375,104.28192901611328,117.95687866210938,207.9534912109375,263.190185546875,139.2833251953125,59.26768112182617
2020-04-28,9.145150184631348,31.682558059692383,46.383018493652344,160.83999633789062,104.73684692382812,119.67163848876953,204.03675842285156,261.9798889160156,140.88658142089844,59.756065368652344
2020-04-29,9.310476303100586,32.60593795776367,47.54340744018555,161.72999572753906,104.6853256225586,125.55741119384766,211.27206420898438,268.8382568359375,140.1555938720703,60.65406036376953
2020-04-30,9.484503746032715,31.917753219604492,46.55583190917969,158.8000030517578,104.4364242553711,120.78390502929688,211.18527221679688,266.3350830078125,138.51902770996094,59.95298385620117
2020-05-01,9.362685203552246,30.76788330078125,45.543575286865234,159.77999877929688,104.5807876586914,115.99185943603516,205.23301696777344,259.2843017578125,139.70513916015625,57.928558349609375
2020-05-04,9.475802421569824,31.098913192749023,45.52710723876953,160.33999633789062,104.59793853759766,116.49238586425781,207.62551879882812,259.9993896484375,139.04803466796875,57.64497375488281
2020-05-05,9.719440460205078,31.27313232421875,45.609413146972656,161.02000427246094,104.52058410644531,117.3914794921875,209.97940063476562,262.40167236328125,138.1580047607422,57.928558349609375
2020-05-06,9.528010368347168,31.177309036254883,45.313148498535156,158.9499969482422,104.13395690917969,116.52945709228516,211.27206420898438,260.6230163574219,135.92872619628906,56.88877868652344
2020-05-07,9.588920593261719,31.429935455322266,45.9962043762207,161.38999938964844,104.76981353759766,118.12373352050781,213.99261474609375,263.767822265625,138.19961547851562,57.70012283325195
2020-05-08,9.789052963256836,32.09197998046875,46.778038024902344,160.4199981689453,104.42610168457031,122.68407440185547,216.92535400390625,268.1322021484375,136.40283203125,59.07074737548828
2020-05-11,9.65853214263916,31.882915496826172,46.73689270019531,159.4199981689453,104.13395690917969,122.07230377197266,218.86439514160156,268.1872253417969,135.338134765625,58.212154388427734
2020-05-12,9.580219268798828,31.760950088500977,46.14434814453125,160.0399932861328,104.47764587402344,117.68807983398438,214.28196716308594,262.84185791015625,136.72723388671875,55.56542205810547
2020-05-13,9.484503746032715,31.699983596801758,45.79046630859375,161.5800018310547,104.69245910644531,113.7487564086914,211.60009765625,258.1932373046875,137.68380737304688,54.21842575073242
2020-05-14,9.649829864501953,31.82193946838379,45.35429000854492,163.00999450683594,104.85572052001953,114.11953735351562,214.00225830078125,261.28314208984375,139.03143310546875,54.40745544433594
2020-05-15,9.745545387268066,31.38637351989746,45.39543151855469,163.92999267578125,104.78694915771484,115.93624114990234,215.3914031982422,262.4842224121094,138.67376708984375,54.19478988647461
2020-05-18,10.0239896774292,32.61465072631836,47.230682373046875,162.69000244140625,104.14253997802734,122.98065948486328,219.4045867919922,270.47943115234375,135.62930297851562,57.40079116821289
2020-05-19,9.997884750366211,32.35332107543945,46.58052062988281,164.25999450683594,104.43470001220703,120.55220031738281,218.85470581054688,267.70123291015625,136.1366729736328,56.62883758544922
2020-05-20,10.17191219329834,32.7801628112793,47.5516357421875,164.64999389648438,104.4604721069336,124.20414733886719,223.2248992919922,272.2489318847656,136.54428100585938,57.13296127319336
2020-05-21,10.128406524658203,32.40559005737305,47.000244140625,162.25,104.52921295166016,124.42660522460938,220.79383850097656,270.369384765625,136.8852996826172,57.18024444580078
2020-05-22,10.050093650817871,31.734825134277344,46.868560791015625,163.2100067138672,104.72683715820312,125.02909851074219,221.5559539794922,270.88287353515625,137.7088165283203,57.95219039916992
2020-05-26,10.154509544372559,32.43171691894531,48.21002197265625,160.88999938964844,104.45187377929688,128.6347198486328,220.95782470703125,274.2203369140625,135.8622283935547,60.118408203125
2020-05-27,10.0239896774292,32.536251068115234,48.79433059692383,161.17999267578125,104.53780364990234,132.62965393066406,222.16371154785156,278.3003845214844,135.61264038085938,61.31573486328125
2020-05-28,10.076197624206543,32.30976486206055,49.25519561767578,161.72000122070312,104.44329833984375,129.48744201660156,221.87432861328125,277.78692626953125,135.11355590820312,61.60718536376953
2020-05-29,10.250225067138672,32.867279052734375,49.082374572753906,162.91000366210938,104.7784194946289,128.74595642089844,225.12539672851562,279.0247497558594,136.07847595214844,60.99277114868164
2020-06-01,10.311135292053223,33.625152587890625,50.176937103271484,163.66000366210938,104.73709106445312,129.97869873046875,225.8007049560547,280.1524658203125,135.1622772216797,62.402801513671875
2020-06-02,10.4242525100708,34.42657470703125,50.64603042602539,162.60000610351562,104.5650863647461,131.05393981933594,227.31527709960938,282.47210693359375,134.6708221435547,62.906925201416016
2020-06-03,10.4242525100708,35.22800064086914,51.85580825805664,159.60000610351562,103.94579315185547,134.2146453857422,228.33786010742188,286.23138427734375,132.88018798828125,64.92347717285156
2020-06-04,10.511266708374023,34.731468200683594,51.633609771728516,161.27999877929688,103.53294372558594,134.02003479003906,226.73643493652344,285.47955322265625,130.95614624023438,64.27754974365234
2020-06-05,10.720099449157715,35.646141052246094,52.522422790527344,158.00999450683594,103.016845703125,139.2013397216797,231.2320098876953,292.7961120605469,130.02333068847656,66.71157836914062
2020-06-08,10.65048885345459,35.86391830444336,53.20549011230469,159.72000122070312,103.12866973876953,141.8986053466797,233.02638244628906,296.33544921875,130.52304077148438,68.36579132080078
2020-06-09,10.685294151306152,35.6200065612793,52.51419448852539,161.25999450683594,103.49853515625,139.27554321289062,234.7146453857422,294.125732421875,132.00559997558594,67.23148345947266
2020-06-10,10.754905700683594,35.88134765625,52.39897155761719,163.57000732421875,104.27265930175781,135.49371337890625,237.53155517578125,292.4845275878906,133.96290588378906,65.52212524414062
2020-06-11,10.406850814819336,34.00844192504883,49.59261703491211,162.38999938964844,104.64250183105469,125.15885925292969,225.7620849609375,275.6230163574219,136.49490356445312,61.31573486328125
2020-06-12,10.450357437133789,34.731468200683594,50.44852066040039,162.6199951171875,104.41023254394531,128.1620330810547,227.55642700195312,278.9238586425781,135.17893981933594,63.513450622558594
2020-06-15,10.546072959899902,34.41605758666992,50.65550994873047,162.3300018310547,104.32425689697266,131.1251220703125,230.32518005371094,281.5278015136719,135.25393676757812,64.41144561767578
2020-06-16,10.633086204528809,34.63508987426758,51.2815055847168,162.25,104.10916900634766,134.27792358398438,234.2804718017578,286.946533203125,133.1799774169922,65.6796875
2020-06-17,10.580877304077148,34.96803665161133,51.47347640991211,162.55999755859375,104.27265930175781,131.85052490234375,235.02330017089844,285.754638671875,133.72964477539062,64.72654724121094
2020-06-18,10.641786575317383,34.98556137084961,51.19804763793945,162.24000549316406,104.50489044189453,131.80401611328125,235.66004943847656,285.8646545410156,135.1456298828125,64.01759338378906
2020-06-19,10.728800773620605,34.9767951965332,50.9476432800293,164.02999877929688,104.53927612304688,131.1251220703125,235.62147521972656,284.2309265136719,135.25393676757812,63.08808517456055
2020-06-22,10.8419189453125,35.406124114990234,51.556941986083984,165.08999633789062,104.44464874267578,132.43643188476562,238.44715881347656,286.0543518066406,135.27053833007812,63.02509307861328
2020-06-23,10.789710998535156,35.747825622558594,51.840728759765625,166.47999572753906,104.41023254394531,132.99447631835938,240.4765625,287.3713073730469,134.3459930419922,62.76513671875
2020-06-24,10.519968032836914,35.274688720703125,50.51362228393555,165.89999389648438,104.60810852050781,128.67913818359375,235.51902770996094,280.0408935546875,135.78695678710938,60.97702407836914
2020-06-25,10.615683555603027,35.42365264892578,51.23143005371094,165.8000030517578,104.62525939941406,130.6228790283203,237.76104736328125,283.04302978515625,136.17843627929688,61.75583267211914
2020-06-26,10.485161781311035,34.99431610107422,50.48857879638672,166.5399932861328,104.90910339355469,127.10735321044922,232.14630126953125,276.3203125,137.635986328125,60.57051467895508
2020-06-29,10.659189224243164,35.15203857421875,50.89756393432617,166.6300048828125,105.01231384277344,131.2646026611328,234.67825317382812,280.38153076171875,137.20285034179688,61.739925384521484
2020-06-30,10.71139907836914,35.03813552856445,50.805747985839844,167.3699951171875,104.82312774658203,133.16188049316406,239.27830505371094,283.97308349609375,136.5365447998047,62.4717903137207
2020-07-01,10.79841136932373,35.43241500854492,50.99772262573242,166.6199951171875,104.65955352783203,131.89706420898438,242.0711669921875,285.9623107910156,136.27139282226562,63.911659240722656
2020-07-02,10.8419189453125,36.238487243652344,51.556941986083984,166.97999572753906,104.78865814208984,132.43643188476562,243.7139892578125,287.5370178222656,136.41307067871094,63.72870635986328
2020-07-06,10.928933143615723,37.79806900024414,52.39995193481445,167.97999572753906,104.63370513916016,133.3943328857422,249.70562744140625,291.9758605957031,135.85440063476562,63.69688415527344
2020-07-07,10.937633514404297,37.167232513427734,51.63206481933594,169.0399932861328,104.96945190429688,131.0321044921875,247.98545837402344,288.9644470214844,137.7639923095703,62.43202590942383
2020-07-08,11.076855659484863,38.13102340698242,52.06609344482422,170.08999633789062,104.80589294433594,132.00863647460938,251.2518768310547,291.1746520996094,137.2136993408203,62.34452819824219
2020-07-09,10.946334838867188,38.13102340698242,51.47347640991211,169.6300048828125,105.14166259765625,129.3394317626953,253.3682403564453,289.51690673828125,139.3983917236328,61.9547119140625
2020-07-10,11.015946388244629,37.88569259643555,52.02435302734375,169.19000244140625,104.93502044677734,131.42269897460938,255.09808349609375,292.4731140136719,138.69798278808594,62.145633697509766
2020-07-13,10.902828216552734,37.6316032409668,51.690494537353516,169.39999389648438,105.04695892333984,129.7579345703125,249.85055541992188,289.94061279296875,139.15660095214844,61.40580749511719
2020-07-14,10.955037117004395,37.684165954589844,52.45003128051758,170.19000244140625,105.03833770751953,131.9062957763672,251.6190643310547,293.6979675292969,139.35670471191406,61.92289733886719
2020-07-15,11.085556983947754,37.79806900024414,53.042640686035156,170.33999633789062,105.00389862060547,136.74246215820312,252.13125610351562,296.39617919921875,138.706298828125,62.52748107910156
2020-07-16,10.99854564666748,37.263607025146484,52.70043182373047,168.72999572753906,105.08139038085938,135.93331909179688,250.4110870361328,295.4200439453125,139.36500549316406,61.77970504760742
2020-07-17,11.015946388244629,37.47389221191406,53.009254455566406,170.1199951171875,105.05554962158203,136.333251953125,250.7009735107422,296.2765197753906,139.0732421875,62.58316421508789
2020-07-20,11.007245063781738,37.955780029296875,53.268001556396484,170.94000244140625,105.12443542480469,135.7473907470703,257.8135986328125,298.6708679199219,139.4150848388672,61.835384368896484
2020-07-21,11.163870811462402,38.306251525878906,53.376502990722656,173.0,105.23634338378906,137.67251586914062,255.12705993652344,299.30633544921875,139.49847412109375,61.986507415771484
2020-07-22,11.233480453491211,38.1397819519043,53.518402099609375,175.6300048828125,105.27079010009766,137.7469024658203,256.0257568359375,301.010009765625,139.9153594970703,62.93319320678711
2020-07-23,11.207377433776855,37.83312225341797,53.09272003173828,177.17999267578125,105.37409210205078,137.88644409179688,249.33836364746094,297.4183349609375,141.54981994628906,62.67067337036133
2020-07-24,11.224780082702637,37.79806900024414,52.80058288574219,178.6999969482422,105.32240295410156,135.85891723632812,246.9707489013672,295.5029296875,141.54135131835938,62.20925521850586
2020-07-27,11.32919692993164,38.38511657714844,53.493350982666016,182.22999572753906,105.15887451171875,137.27264404296875,251.3774871826172,297.6578063964844,141.01609802246094,62.79795837402344
2020-07-28,11.268285751342773,38.0696907043457,53.15114974975586,183.75,105.40853881835938,135.90541076660156,248.17869567871094,295.7700500488281,141.99176025390625,64.04693603515625
2020-07-29,11.32919692993164,38.68301010131836,53.71037292480469,185.1300048828125,105.54625701904297,138.90016174316406,251.0392303466797,299.4075622558594,141.74990844726562,65.28792572021484
2020-07-30,11.198676109313965,38.192352294921875,52.917442321777344,183.75999450683594,105.69264221191406,138.3514404296875,252.35357666015625,298.3393859863281,142.6838836669922,64.86629486083984
2020-07-31,11.259584426879883,37.92949676513672,51.790645599365234,185.42999267578125,105.71845245361328,137.04940795898438,256.85693359375,300.69696044921875,142.59210205078125,64.74696350097656
2020-08-03,11.372702598571777,38.192352294921875,52.80058288574219,185.63999938964844,105.66673278808594,139.2814483642578,260.3262939453125,302.787353515625,141.87416076660156,63.88780212402344
2020-08-04,11.433612823486328,38.70052719116211,53.09272003173828,189.58999633789062,106.02862548828125,140.23939514160156,261.2925720214844,303.95697021484375,143.22653198242188,64.84243774414062
2020-08-05,11.529328346252441,39.12109375,53.268001556396484,191.35000610351562,105.67535400390625,143.02952575683594,261.9400939941406,305.84478759765625,141.97442626953125,64.5162582397461
2020-08-06,11.616342544555664,39.243751525878906,53.3264274597168,193.88999938964844,105.79598999023438,142.97373962402344,265.4094543457031,307.8892517089844,142.76739501953125,64.61967468261719
2020-08-07,11.459717750549316,38.43768310546875,53.109413146972656,190.80999755859375,105.57198333740234,145.2429656982422,262.3459777832031,308.1102600097656,141.81565856933594,65.54248809814453
2020-08-10,11.52062702178955,38.5340576171875,53.28468704223633,190.14999389648438,105.4599838256836,146.74960327148438,261.2249450683594,309.0311584472656,141.18130493164062,65.64590454101562
2020-08-11,11.337897300720215,38.428916931152344,53.47666549682617,179.94000244140625,105.09812927246094,145.90325927734375,256.2771301269531,306.480224609375,139.50344848632812,64.69921875
2020-08-12,11.459717750549316,38.945858001708984,54.66187286376953,179.10000610351562,104.78795623779297,146.49851989746094,262.7228698730469,310.7532653808594,138.2344512939453,65.3515625
2020-08-13,11.52062702178955,38.83195877075195,54.419822692871094,183.3300018310547,104.57254791259766,146.1915740966797,263.3221130371094,310.1914978027344,136.75682067871094,64.548095703125
2020-08-14,11.52062702178955,38.76186752319336,54.08596420288086,182.5399932861328,104.6242446899414,146.09857177734375,263.0128479003906,310.20074462890625,136.22259521484375,64.55603790283203
2020-08-17,11.712056159973145,39.25251770019531,54.49495315551758,186.5,104.79652404785156,146.8518829345703,266.066650390625,311.1860656738281,136.5648193359375,65.08108520507812
2020-08-18,11.738161087036133,39.208709716796875,54.46156311035156,188.17999267578125,104.97746276855469,145.4475555419922,268.6275634765625,311.8583984375,137.54161071777344,64.77082824707031
2020-08-19,11.70335578918457,38.7268180847168,54.21950912475586,182.24000549316406,104.83959197998047,145.4568634033203,266.8204040527344,310.5599365234375,136.68174743652344,63.63323974609375
2020-08-20,11.685953140258789,38.604156494140625,54.04423522949219,183.5,105.14120483398438,144.8616485595703,270.5216369628906,311.5267639160156,137.91725158691406,64.23783874511719
2020-08-21,11.572834014892578,38.79690933227539,53.76879119873047,182.02999877929688,105.21870422363281,143.7921142578125,272.3965148925781,312.6319580078125,138.7436981201172,64.34124755859375
2020-08-24,11.633745193481445,39.22623825073242,54.47825622558594,181.0,105.07221984863281,145.29873657226562,274.0972900390625,315.7998352050781,138.51829528808594,64.75491333007812
2020-08-25,11.729459762573242,39.620513916015625,54.51163864135742,181.22000122070312,104.82237243652344,145.4568634033203,276.2523498535156,316.90496826171875,137.4581298828125,64.9219741821289
2020-08-26,11.755563735961914,39.72564697265625,54.82880783081055,183.36000061035156,104.77931213378906,144.5454864501953,282.1473388671875,320.08209228515625,136.9322052001953,64.3253402709961
2020-08-27,11.712056159973145,39.39270782470703,54.269588470458984,181.24000549316406,104.4088363647461,144.8988494873047,281.2679138183594,320.7820129394531,134.6030731201172,65.27202606201172
2020-08-28,11.790369033813477,39.90964889526367,54.653533935546875,184.38999938964844,104.58112335205078,146.12648010253906,282.6982421875,322.8540954589844,134.5029296875,65.70158386230469
2020-08-31,11.781667709350586,39.02471160888672,54.236209869384766,184.8300018310547,104.69314575195312,144.5547332763672,284.9692077636719,321.6845703125,135.396240234375,65.03335571289062
2020-09-01,11.799071311950684,39.69060516357422,54.29463195800781,185.0500030517578,105.03632354736328,146.2102508544922,289.8399353027344,324.7143249511719,136.94473266601562,65.08108520507812
2020-09-02,11.642446517944336,39.58546829223633,55.020782470703125,182.6199951171875,105.18289947509766,147.37274169921875,292.58441162109375,329.4109802246094,138.24859619140625,66.2902603149414
2020-09-03,11.538029670715332,38.83195877075195,53.777137756347656,181.13999938964844,105.3208236694336,143.02020263671875,277.75030517578125,318.0744934082031,138.64137268066406,65.4947738647461
2020-09-04,11.433612823486328,38.84947967529297,53.85225296020508,181.63999938964844,104.7345199584961,142.10873413085938,274.0489807128906,315.47760009765625,136.00877380371094,65.15269470214844
2020-09-08,11.155168533325195,38.174827575683594,53.19287109375,181.2899932861328,104.95870208740234,139.37448120117188,260.8771667480469,306.8577880859375,136.844482421875,64.35717010498047
2020-09-09,11.259584426879883,38.74434280395508,54.18612289428711,183.0500030517578,104.90695190429688,141.48565673828125,268.5406188964844,312.9174499511719,136.4767608642578,64.99358367919922
2020-09-10,11.146467208862305,38.122257232666016,53.55178451538086,182.4600067138672,105.03632354736328,139.6441650390625,263.1867370605469,307.4839782714844,137.17050170898438,64.19807434082031
2020-09-11,11.224780082702637,38.49024963378906,54.08596420288086,182.4499969482422,105.2001724243164,138.71414184570312,261.3602294921875,307.640625,137.4630126953125,63.8400764465332
2020-09-14,11.233480453491211,39.112335205078125,54.37809753417969,183.88999938964844,105.10525512695312,142.3691864013672,265.91204833984375,311.69268798828125,137.4545440673828,65.39928436279297
2020-09-15,11.294389724731445,39.52412796020508,54.72865295410156,183.4499969482422,105.05354309082031,142.6388702392578,269.6809387207031,313.267333984375,137.12033081054688,66.18685150146484
2020-09-16,11.50322437286377,39.47156524658203,54.72865295410156,183.97000122070312,104.99317932128906,143.98748779296875,265.38055419921875,312.02410888671875,136.71075439453125,66.53688049316406
2020-09-17,11.633745193481445,39.3138427734375,54.803775787353516,182.9600067138672,105.02767944335938,142.93650817871094,261.23468017578125,309.27978515625,137.12872314453125,65.24019622802734
2020-09-18,11.685953140258789,39.0071907043457,54.36140823364258,183.1999969482422,104.93281555175781,142.56446838378906,257.900634765625,305.71917724609375,136.70242309570312,63.768489837646484
2020-09-21,11.398807525634766,38.64796447753906,52.984214782714844,179.52000427246094,105.12252807617188,137.57022094726562,258.51904296875,302.3166198730469,137.39605712890625,61.851295471191406
2020-09-22,11.346598625183105,38.358821868896484,52.9675178527832,178.64999389648438,105.12252807617188,138.6304931640625,263.3221130371094,305.3955078125,137.28750610351562,62.591121673583984
2020-09-23,11.216078758239746,37.76302719116211,52.525150299072266,174.7899932861328,105.12252807617188,134.5003204345703,255.28163146972656,298.3131103515625,137.47129821777344,60.70575714111328
2020-09-24,11.268285751342773,37.58779525756836,52.475074768066406,175.44000244140625,105.17426300048828,134.5003204345703,256.47039794921875,299.1082458496094,137.99786376953125,61.03190612792969
2020-09-25,11.268285751342773,37.622840881347656,52.650352478027344,174.94000244140625,105.260498046875,136.6848602294922,262.4329528808594,303.9438781738281,137.99786376953125,62.2905387878418
2020-09-28,11.364002227783203,38.043399810791016,53.44327163696289,176.6999969482422,105.2432632446289,140.05511474609375,267.8833923339844,308.9923095703125,137.6050567626953,63.56523132324219
2020-09-29,11.233480453491211,38.017120361328125,53.38485336303711,178.19000244140625,105.3208236694336,139.42022705078125,266.6754150390625,307.3094787597656,137.76385498046875,63.10825729370117
2020-09-30,11.364002227783203,38.63044738769531,53.126102447509766,177.1199951171875,105.03632354736328,139.84039306640625,268.501953125,309.6394958496094,136.44334411621094,63.30067443847656
2020-10-01,11.224780082702637,38.98966598510742,53.434932708740234,178.6999969482422,105.09586334228516,142.0716094970703,272.763671875,311.6274108886719,136.6683807373047,64.56732177734375
2020-10-02,11.085556983947754,38.542823791503906,53.3264274597168,178.5399932861328,104.9922866821289,142.6970977783203,265.090576171875,308.66864013671875,136.15802001953125,65.68164825439453
2020-10-05,11.372702598571777,39.05976104736328,54.13603973388672,179.41000366210938,104.32793426513672,146.63681030273438,270.743896484375,314.1423034667969,133.49766540527344,66.0584487915039
2020-10-06,11.416210174560547,39.12985610961914,53.56012725830078,177.3000030517578,104.56952667236328,146.2166748046875,265.91204833984375,309.6764221191406,134.21710205078125,65.62553405761719
2020-10-07,11.459717750549316,39.55917739868164,54.019187927246094,177.22000122070312,104.26757049560547,149.4095001220703,270.51202392578125,315.0668640136719,133.23829650878906,65.72174835205078
2020-10-08,11.572834014892578,39.88336181640625,54.39478302001953,177.85000610351562,104.45738220214844,151.108642578125,271.9519348144531,317.85919189453125,133.95773315429688,66.8200454711914
2020-10-09,11.607640266418457,40.15497589111328,54.820457458496094,181.0800018310547,104.40559387207031,151.8927764892578,276.10736083984375,320.69769287109375,133.93267822265625,66.55548858642578
2020-10-12,11.485821723937988,40.50543975830078,55.137638092041016,180.55999755859375,104.51778411865234,152.91041564941406,284.6309814453125,325.8569641113281,134.359375,66.8681640625
2020-10-13,11.511924743652344,40.33897018432617,54.51998519897461,177.72000122070312,104.7507553100586,151.8927764892578,284.621337890625,323.73040771484375,135.32142639160156,65.72174835205078
2020-10-14,11.59023666381836,40.06735610961914,54.42817306518555,178.27000427246094,104.78524780273438,150.38978576660156,282.2439880371094,321.6961975097656,135.6309356689453,64.92007446289062
2020-10-15,11.625043869018555,39.778228759765625,53.785484313964844,178.9199981689453,104.67308044433594,151.93948364257812,280.34991455078125,321.2986755371094,135.3966827392578,65.25677490234375
2020-10-16,11.546731948852539,39.91841125488281,54.035884857177734,178.3000030517578,104.61270904541016,151.56605529785156,278.8133239746094,321.1045227050781,135.020263671875,64.79180145263672
2020-10-19,11.555432319641113,39.804508209228516,53.83556365966797,178.38999938964844,104.44013214111328,149.7549285888672,274.2615661621094,316.2226257324219,134.50990295410156,63.781681060791016
2020-10-20,11.685953140258789,40.24259567260742,54.102664947509766,179.25,104.21578979492188,150.08169555664062,274.85113525390625,317.4893493652344,133.22994995117188,64.23863983154297
2020-10-21,11.59023666381836,40.35649871826172,53.84391403198242,180.60000610351562,104.07772827148438,148.79336547851562,274.6385498046875,316.8883972167969,132.76976013183594,64.04623413085938
2020-10-22,11.625043869018555,40.34773254394531,53.885643005371094,178.8300018310547,103.71541595458984,151.3606414794922,274.6287536621094,318.62664794921875,131.38946533203125,64.0382080078125
2020-10-23,11.538029670715332,40.584293365478516,54.236209869384766,178.63999938964844,103.8620376586914,152.23828125,275.1700134277344,319.70843505859375,132.1925506591797,64.42301177978516
2020-10-26,11.372702598571777,40.058597564697266,53.2596549987793,178.5500030517578,104.13814544677734,148.95208740234375,271.04351806640625,313.8002014160156,133.42237854003906,63.501094818115234
2020-10-27,11.451014518737793,40.233829498291016,52.84232711791992,179.02000427246094,104.3710708618164,147.6730499267578,273.15997314453125,312.71844482421875,134.31752014160156,62.48295974731445
2020-10-28,11.146467208862305,39.22623825073242,51.264808654785156,176.1300048828125,104.36246490478516,143.1265411376953,262.5102844238281,302.0299987792969,134.4429473876953,60.99182891845703
2020-10-29,11.007245063781738,39.620513916015625,51.50686264038086,175.39999389648438,103.92244720458984,144.83499145507812,267.1006774902344,305.0997314453125,133.1378631591797,61.80955505371094
2020-10-30,11.007245063781738,39.17367172241211,51.239768981933594,176.1999969482422,103.58598327636719,142.92117309570312,260.3262939453125,301.9190979003906,131.82443237304688,61.40068817138672
2020-11-02,11.207377433776855,39.67308044433594,51.907501220703125,177.91000366210938,103.76378631591797,145.4698486328125,260.90606689453125,305.3031921386719,132.81182861328125,62.86774826049805
2020-11-03,11.27698802947998,39.84831619262695,53.268001556396484,178.9199981689453,103.53071594238281,149.59619140625,265.4190979003906,310.6935729980469,132.0413818359375,64.07830047607422
2020-11-04,11.398807525634766,41.10124206542969,53.85225296020508,178.82000732421875,104.40266418457031,149.76426696777344,277.2670593261719,317.63726806640625,134.90560913085938,64.19054412841797
2020-11-05,11.451014518737793,41.80217361450195,55.14598083496094,182.92999267578125,104.3853988647461,153.95606994628906,284.49566650390625,323.83209228515625,135.14016723632812,64.49516296386719
2020-11-06,11.40750789642334,41.99494171142578,55.262840270996094,183.19000244140625,104.03143310546875,152.751708984375,284.7081298828125,323.7581787109375,133.5070037841797,64.05423736572266
2020-11-09,11.546731948852539,42.28407287597656,56.87373352050781,175.0800018310547,103.26309204101562,158.28782653808594,278.8906555175781,327.82635498046875,130.70127868652344,66.322998046875
2020-11-10,11.772967338562012,41.80217361450195,57.38287353515625,175.66000366210938,102.96954345703125,161.2285919189453,273.89434814453125,327.3455810546875,129.94760131835938,67.29304504394531
2020-11-11,11.764266014099121,42.07378387451172,57.86697006225586,174.89999389648438,103.13357543945312,161.16326904296875,280.0213317871094,329.77728271484375,130.41656494140625,67.54957580566406
2020-11-12,11.668550491333008,41.75836944580078,57.02396774291992,175.9600067138672,103.72064208984375,158.6892547607422,278.7070007324219,326.5781555175781,132.63597106933594,66.66771697998047
2020-11-13,11.616342544555664,42.345401763916016,57.90036392211914,177.16000366210938,103.58251190185547,161.97544860839844,281.1519775390625,331.0994873046875,132.4600372314453,68.44746398925781
2020-11-16,11.720758438110352,42.87111282348633,58.50130081176758,177.14999389648438,103.50482940673828,165.8311309814453,283.3456726074219,335.232421875,132.14181518554688,69.21708679199219
2020-11-17,11.755563735961914,42.82730484008789,58.44289016723633,176.5,103.7724380493164,166.60601806640625,282.4469299316406,333.4294128417969,133.0045166015625,69.28119659423828
2020-11-18,11.772967338562012,42.67835235595703,58.13406753540039,175.49000549316406,103.73790740966797,164.27206420898438,280.35943603515625,329.4166564941406,133.3897247314453,67.93437957763672
2020-11-19,11.772967338562012,42.748451232910156,58.543052673339844,175.16000366210938,103.85015869140625,165.53237915039062,282.5531921386719,330.8035888671875,134.0764617919922,68.19894409179688
2020-11-20,11.833876609802246,42.98501968383789,58.71833038330078,175.69000244140625,104.03143310546875,165.7097625732422,280.6203918457031,328.5383605957031,135.26571655273438,67.83018493652344
2020-11-23,11.868682861328125,43.09891128540039,58.6431999206543,172.22999572753906,103.82426452636719,168.80923461914062,280.630126953125,330.5076904296875,134.64596557617188,67.95844268798828
2020-11-24,12.12102222442627,43.67719268798828,59.51960372924805,169.58999633789062,103.66019439697266,171.9833526611328,284.572998046875,335.83343505859375,133.3059539794922,68.31917572021484
2020-11-25,12.225438117980957,43.431861877441406,59.444488525390625,169.50999450683594,103.69474029541016,171.3952178955078,286.3222351074219,335.3157043457031,132.8955841064453,68.3592758178711
2020-11-27,12.199334144592285,43.84366226196289,59.85346984863281,167.7899932861328,104.0055160522461,172.1234130859375,288.96038818359375,336.2494812011719,134.18533325195312,68.05464172363281
2020-11-30,12.129722595214844,42.69587707519531,58.55139923095703,166.6699981689453,103.93647766113281,168.99594116210938,289.5499267578125,334.7608337402344,134.01785278320312,67.34114837646484
2020-12-01,12.094918251037598,43.53700256347656,59.928585052490234,170.17999267578125,103.38358306884766,170.5643310546875,293.2608337402344,338.4222717285156,132.04185485839844,68.20693969726562
2020-12-02,12.147126197814941,43.598331451416016,59.936927795410156,171.4600067138672,103.21080780029297,170.74172973632812,293.6376953125,339.1342468261719,130.99388122558594,67.66983032226562
2020-12-03,12.164528846740723,44.09775924682617,60.03709030151367,172.80999755859375,103.48725891113281,171.7032928466797,294.0533142089844,339.0417785644531,132.05018615722656,68.239013671875
2020-12-04,12.216736793518066,44.55336380004883,60.546234130859375,172.32000732421875,103.0811996459961,175.69900512695312,295.2515869140625,341.96356201171875,130.1136016845703,69.28119659423828
2020-12-07,12.216736793518066,44.55336380004883,60.05377197265625,174.88999938964844,103.40084075927734,175.8670654296875,296.9234619140625,341.2609558105469,131.28732299804688,68.67993927001953
2020-12-08,12.234140396118164,44.570884704589844,60.262447357177734,175.5,103.50452423095703,178.1262969970703,297.928466796875,342.25927734375,131.90774536132812,68.439453125
2020-12-09,12.242840766906738,44.18537521362305,60.34591293334961,172.5,103.35767364501953,176.8286590576172,291.18304443359375,339.1897888183594,131.47181701660156,68.0145492553711
2020-12-10,12.425570487976074,44.754878997802734,60.42938995361328,172.1699981689453,103.59095764160156,178.53709411621094,292.3523864746094,339.0787658691406,132.63706970214844,67.71792602539062
2020-12-11,12.390765190124512,44.43946838378906,60.245750427246094,172.49000549316406,103.79823303222656,177.65953063964844,291.7049255371094,338.68115234375,133.10655212402344,67.65379333496094
2020-12-14,12.425570487976074,44.20840835571289,60.2828254699707,171.5399932861328,103.73777770996094,177.86741638183594,293.8212890625,337.1648254394531,132.73768615722656,67.3571548461914
2020-12-15,12.521285057067871,44.686439514160156,60.89804458618164,173.94000244140625,103.63408660888672,182.31578063964844,296.962158203125,341.72314453125,132.29330444335938,68.7360610961914
2020-12-16,12.590896606445312,44.89889907836914,61.13402557373047,174.89999389648438,103.5477294921875,181.6602325439453,298.5953674316406,342.25927734375,131.9412078857422,68.81621551513672
2020-12-17,12.738821029663086,45.19102478027344,61.5638427734375,176.74000549316406,103.47249603271484,183.823486328125,300.5475158691406,344.1732482910156,131.59205627441406,69.48162841796875
2020-12-18,12.782325744628906,45.13790512084961,61.24359130859375,176.44000244140625,103.38607788085938,182.93382263183594,299.63897705078125,342.7990417480469,131.19766235351562,68.08670043945312
2020-12-21,12.651805877685547,44.47397994995117,60.459815979003906,175.8800048828125,103.45523071289062,182.84019470214844,299.0784912109375,341.57342529296875,131.718017578125,67.7018814086914
2020-12-22,12.512584686279297,44.11989212036133,60.30810546875,174.49000549316406,103.62812805175781,184.91920471191406,299.8916931152344,340.9977722167969,132.39776611328125,68.17488861083984
2020-12-23,12.669208526611328,44.571353912353516,60.95704650878906,175.64999389648438,103.41201782226562,186.49246215820312,298.3814392089844,341.3041076660156,131.48301696777344,67.73395538330078
2020-12-24,12.704014778137207,44.376609802246094,60.982322692871094,176.35000610351562,103.55894470214844,186.3707275390625,299.6980285644531,342.6319274902344,132.00328063964844,68.32697296142578
2020-12-28,12.625701904296875,44.50053405761719,61.47956466674805,175.7100067138672,103.56758117675781,185.67774963378906,302.71868896484375,345.5754089355469,132.06207275390625,68.73426055908203
2020-12-29,12.660506248474121,45.16446304321289,61.87565612792969,176.35000610351562,103.55030059814453,182.0816192626953,302.98968505859375,344.9161682128906,131.89425659179688,68.14777374267578
2020-12-30,12.738821029663086,45.76641845703125,61.95993423461914,177.6999969482422,103.61946105957031,183.93589782714844,302.9994812011719,345.4082946777344,132.1795654296875,68.52246856689453
2020-12-31,12.791028022766113,45.739864349365234,61.48798751831055,178.36000061035156,103.68863677978516,183.6080780029297,303.7448425292969,347.1632385253906,132.37255859375,69.18228149414062
2021-01-04,12.721417427062988,46.03199005126953,61.80823516845703,182.3300018310547,103.71453094482422,181.21066284179688,299.4560241699219,342.4368896484375,132.21315002441406,66.93403625488281
2021-01-05,13.078173637390137,47.13852310180664,62.44873809814453,182.8699951171875,103.47249603271484,184.0107879638672,301.9248046875,344.79541015625,131.23123168945312,67.03179931640625
2021-01-06,13.095576286315918,46.740177154541016,63.16507339477539,179.89999389648438,102.86740112304688,191.5401611328125,297.742431640625,346.8567810058594,128.5372772216797,67.14582824707031
2021-01-07,13.156485557556152,47.18279266357422,63.232505798339844,179.47999572753906,102.5043716430664,194.9490203857422,304.9454040527344,352.01019287109375,127.40435791015625,67.01549530029297
2021-01-08,13.260902404785156,48.43096160888672,63.822444915771484,173.33999633789062,102.21044921875,194.5275421142578,308.8663635253906,354.015869140625,126.99311828613281,67.66716003417969
2021-01-11,13.165186882019043,47.7758903503418,62.98811340332031,173.0,102.01161193847656,194.3590087890625,304.4032287597656,351.6295166015625,126.78326416015625,66.7711410522461
2021-01-12,13.41752815246582,48.24506378173828,63.2746467590332,174.1199951171875,101.99430847167969,197.84274291992188,303.919189453125,351.7037658691406,126.68260955810547,66.92589569091797
2021-01-13,13.382722854614258,48.351295471191406,63.19036865234375,173.3699951171875,102.34876251220703,196.42861938476562,305.9716491699219,352.6509704589844,128.1092987060547,67.74046325683594
2021-01-14,13.504542350769043,48.80276107788086,63.69602966308594,173.27999877929688,102.1153335571289,200.35250854492188,304.33544921875,351.4159240722656,126.90923309326172,68.13961791992188
2021-01-15,13.3131103515625,48.11227798461914,62.70158004760742,171.1300048828125,102.39202117919922,197.36517333984375,301.9248046875,348.8531188964844,127.41275787353516,68.92162322998047
2021-01-19,13.356618881225586,48.90898513793945,63.15666580200195,172.5800018310547,102.45246887207031,199.8936767578125,306.32977294921875,351.5923767089844,127.82390594482422,68.72612762451172
2021-01-20,13.36531925201416,49.76766586303711,63.58646011352539,175.38999938964844,102.49571990966797,200.7739715576172,313.455322265625,356.4578552246094,127.94988250732422,70.03759002685547
2021-01-21,13.356618881225586,49.856178283691406,63.63704299926758,175.27999877929688,102.34876251220703,199.03207397460938,315.96282958984375,356.7829284667969,127.0518798828125,69.70361328125
2021-01-22,13.13038158416748,49.42242431640625,63.333641052246094,173.89999389648438,102.5043716430664,201.34523010253906,315.0528564453125,355.5201721191406,127.46308135986328,69.86653137207031
2021-01-25,13.269603729248047,49.79422378540039,63.257781982421875,174.0500030517578,102.91929626464844,201.14854431152344,317.65716552734375,356.9222106933594,128.96531677246094,70.39601135253906
2021-01-26,13.295707702636719,49.43126678466797,63.350486755371094,173.6199951171875,102.88471221923828,199.75315856933594,318.121826171875,356.3650207519531,128.7219696044922,70.89289855957031
2021-01-27,13.260902404785156,48.05916976928711,61.90094757080078,172.52000427246094,103.0057373046875,196.09152221679688,309.2535705566406,347.65533447265625,129.0491943359375,69.63844299316406
2021-01-28,13.199993133544922,48.39555358886719,62.29703903198242,172.67999267578125,102.73775482177734,195.46408081054688,311.0834655761719,350.645263671875,128.3358612060547,70.01314544677734
2021-01-29,13.217395782470703,47.191646575927734,61.00761032104492,172.61000061035156,102.55622100830078,192.5047607421875,304.5387268066406,343.6253662109375,127.56372833251953,69.20671844482422
2021-02-01,13.469734191894531,48.466373443603516,61.73239517211914,174.22999572753906,102.68423461914062,197.23403930664062,312.1483459472656,349.34521484375,127.71160888671875,70.78701782226562
2021-02-02,13.574151992797852,49.094886779785156,62.35603713989258,172.11000061035156,102.42475128173828,200.04348754882812,317.24078369140625,354.28515625,126.88826751708984,71.21060180664062
2021-02-03,13.669867515563965,49.342750549316406,62.507720947265625,171.85000610351562,102.17389678955078,200.6428680419922,315.982177734375,354.56365966796875,125.76238250732422,71.03136444091797
2021-02-04,13.739479064941406,49.36045837402344,62.575138092041016,168.14999389648438,102.13928985595703,204.73532104492188,319.71923828125,358.593505859375,125.42630004882812,71.52013397216797
2021-02-05,13.809090614318848,49.78536605834961,62.962825775146484,169.80999755859375,101.92302703857422,207.57286071777344,320.8035888671875,360.00494384765625,124.37602996826172,71.77265930175781
2021-02-08,14.02662467956543,49.87388610839844,63.401065826416016,171.52000427246094,101.96631622314453,212.8734130859375,322.9527893066406,362.6048889160156,124.92216491699219,72.16365051269531
2021-02-09,14.078831672668457,50.40502166748047,63.74660110473633,172.0800018310547,102.04414367675781,213.87542724609375,322.88507080078125,362.3634338378906,125.01456451416016,72.41617584228516
2021-02-10,14.052728652954102,50.58207702636719,63.5274658203125,172.7100067138672,102.30365753173828,212.47073364257812,322.1493225097656,362.20556640625,125.84637451171875,72.80715942382812
2021-02-11,14.02662467956543,51.12206268310547,63.95728302001953,171.2100067138672,102.22576904296875,212.22720336914062,323.92095947265625,362.79052734375,125.15746307373047,72.96192932128906
2021-02-12,14.200651168823242,51.166324615478516,64.31124877929688,170.69000244140625,101.88844299316406,212.82659912109375,325.7314453125,364.5827331542969,123.60307312011719,72.97821807861328
2021-02-16,14.392083168029785,51.29025650024414,64.77477264404297,168.24000549316406,101.15320587158203,211.48741149902344,324.850341796875,364.2669677734375,121.7209243774414,72.41617584228516
2021-02-17,14.435589790344238,51.30796432495117,64.3955307006836,166.3300018310547,101.22239685058594,209.8297882080078,323.2915954589844,364.35052490234375,122.49392700195312,72.3265609741211
2021-02-18,14.383380889892578,50.59977722167969,64.07527160644531,166.32000732421875,101.21373748779297,206.5802001953125,321.8782043457031,362.7998352050781,121.99825286865234,72.01703643798828
2021-02-19,14.374680519104004,50.92731857299805,64.26066589355469,167.00999450683594,100.80718231201172,210.88803100585938,320.4743957519531,362.1590881347656,120.37659454345703,72.4324722290039
2021-02-22,14.696629524230957,49.43126678466797,64.10055541992188,169.50999450683594,100.64281463623047,209.520751953125,312.1676940917969,359.37353515625,119.4607925415039,73.03527069091797
2021-02-23,14.766240119934082,49.65258026123047,64.15953826904297,169.1199951171875,100.72071075439453,207.6759033203125,311.23828125,359.8099365234375,119.1163101196289,73.49139404296875
2021-02-24,14.992477416992188,49.33390426635742,64.36180877685547,169.0,100.58229064941406,212.5830841064453,313.8038330078125,363.7748107910156,118.3349609375,74.05347442626953
2021-02-25,14.870657920837402,48.20965576171875,63.266212463378906,165.82000732421875,99.24152374267578,204.7259063720703,302.8639221191406,355.0093688964844,116.40242767333984,72.63610076904297
2021-02-26,14.55740737915039,47.56343460083008,62.37289047241211,161.80999755859375,100.13249969482422,204.4449462890625,304.1322326660156,353.1801452636719,120.25056457519531,71.57715606689453
2021-03-01,14.435589790344238,48.838165283203125,63.54432678222656,161.52999877929688,100.01998901367188,211.71214294433594,313.2811279296875,361.7413024902344,118.66240692138672,71.89483642578125
2021-03-02,14.496499061584473,48.360145568847656,63.47690200805664,162.41000366210938,100.20173645019531,207.63839721679688,308.25640869140625,358.91864013671875,118.67079162597656,71.20242309570312
2021-03-03,14.583513259887695,48.26277160644531,63.089237213134766,160.6199951171875,99.66512298583984,205.39083862304688,299.3108215332031,354.1644287109375,117.38367462158203,70.79517364501953
2021-03-04,14.809749603271484,47.13852310180664,62.49087142944336,159.0399932861328,99.1717529296875,199.65017700195312,294.4121398925781,349.78173828125,116.6266098022461,69.98872375488281
2021-03-05,15.114295959472656,47.65195846557617,62.895389556884766,159.13999938964844,99.03325653076172,203.8831329345703,298.8460388183594,356.216552734375,116.853759765625,70.75442504882812
2021-03-08,14.905463218688965,46.368370056152344,62.6762809753418,157.49000549316406,98.64379119873047,204.84767150878906,290.38446044921875,354.4430236816406,115.94524383544922,71.36536407470703
2021-03-09,14.905463218688965,47.38638687133789,63.5190544128418,160.83999633789062,99.11116027832031,209.15550231933594,301.83758544921875,359.50347900390625,117.55197143554688,71.83780670166016
2021-03-10,15.001178741455078,47.17393112182617,63.78873825073242,161.66000366210938,99.31890106201172,212.7891082763672,300.9760437011719,361.7413024902344,117.78750610351562,72.55464172363281
2021-03-11,15.22741413116455,48.66112518310547,64.1258316040039,161.52000427246094,99.2842788696289,217.47154235839844,307.9078674316406,365.40911865234375,116.93790435791016,73.40179443359375
2021-03-12,15.157803535461426,47.79359817504883,64.28596496582031,161.49000549316406,98.56590270996094,218.7545623779297,305.4101257324219,365.90118408203125,114.45629119873047,74.63182830810547
2021-03-15,15.105595588684082,47.90867614746094,64.3365249633789,162.1999969482422,98.68706512451172,219.53182983398438,308.67279052734375,368.0832214355469,115.12925720214844,75.73966217041016
2021-03-16,15.044686317443848,48.11227798461914,64.44609069824219,162.35000610351562,98.66974639892578,215.86080932617188,310.3669738769531,367.6189880371094,114.66661834716797,75.43010711669922
2021-03-17,15.044686317443848,48.174251556396484,64.82532501220703,163.50999450683594,98.50526428222656,217.55584716796875,311.64501953125,368.87249755859375,113.80853271484375,75.49526977539062
2021-03-18,14.331171989440918,47.28902053833008,64.23538970947266,162.55999755859375,97.8907470703125,210.93487548828125,302.09906005859375,363.5056457519531,112.6561279296875,74.72956848144531
2021-03-19,14.644421577453613,47.87327194213867,64.41236877441406,163.24000549316406,97.83019256591797,212.52688598632812,303.16400146484375,362.8329162597656,113.35427856445312,73.71134185791016
2021-03-22,14.618318557739258,47.731632232666016,64.47135925292969,163.0,98.15042877197266,210.92552185058594,308.8492736816406,365.7301330566406,114.6245346069336,74.23267364501953
2021-03-23,14.209352493286133,46.8198356628418,63.578041076660156,161.80999755859375,98.6351089477539,203.27438354492188,307.50189208984375,362.8515625,115.65925598144531,74.12678527832031
2021-03-24,14.583513259887695,45.74871063232422,63.257781982421875,162.3699951171875,98.76498413085938,198.57321166992188,302.3158264160156,361.0070495605469,116.28172302246094,73.71134185791016
2021-03-25,14.252859115600586,45.9611701965332,63.72972869873047,161.77999877929688,98.6351089477539,203.28135681152344,301.7923583984375,363.03790283203125,115.36483764648438,74.46186065673828
2021-03-26,14.592214584350586,47.15623474121094,64.55564880371094,162.24000549316406,98.30622100830078,206.98744201660156,306.3193359375,368.88818359375,114.96102142333984,76.0677719116211
2021-03-29,14.609618186950684,46.82869338989258,64.30281066894531,160.30999755859375,97.96867370605469,201.16091918945312,306.2320251464844,368.701904296875,113.9852523803711,75.62532806396484
2021-03-30,14.374680519104004,46.979183197021484,64.21854400634766,157.57000732421875,97.88211822509766,204.54794311523438,304.690673828125,367.7237548828125,114.58248901367188,75.72364807128906
2021-03-31,14.45299243927002,47.218204498291016,63.9404182434082,159.9600067138672,97.74363708496094,207.29705810546875,309.3533630371094,369.2143249511719,113.94315338134766,75.26481628417969
2021-04-01,14.696629524230957,47.67851638793945,64.77477264404297,161.97999572753906,98.17664337158203,209.92416381835938,314.6267395019531,373.2015075683594,115.83427429199219,76.63311004638672
2021-04-05,14.479095458984375,47.86441421508789,65.71865844726562,161.9199981689453,97.89950561523438,211.07821655273438,320.9081726074219,378.5579833984375,115.32881164550781,76.9280776977539
2021-04-06,14.531304359436035,48.12998580932617,65.0191650390625,163.22000122070312,98.37586975097656,210.45892333984375,320.68524169921875,378.33453369140625,116.11227416992188,77.1247329711914
2021-04-07,14.574811935424805,47.42180633544922,65.15399169921875,162.75999450683594,98.31523132324219,207.06251525878906,321.4607849121094,378.77239990234375,115.3036117553711,77.18207550048828
2021-04-08,14.65312385559082,47.81129837036133,65.52482604980469,164.50999450683594,98.65301513671875,208.8170928955078,324.8147888183594,380.5702819824219,116.25545501708984,76.89532470703125
2021-04-09,14.600915908813477,47.40409469604492,65.7270736694336,163.27000427246094,98.39319610595703,208.8451385498047,326.78265380859375,383.33709716796875,115.83427429199219,76.80517578125
2021-04-12,14.609618186950684,47.120819091796875,65.36469268798828,162.27999877929688,98.33255004882812,208.02890014648438,326.3561096191406,383.4767761230469,115.78369140625,77.25582122802734
2021-04-13,14.766240119934082,47.315574645996094,65.74394226074219,163.42999267578125,98.73960876464844,207.4846954345703,330.1656799316406,384.6134033203125,116.65131378173828,77.64093017578125
2021-04-14,15.105595588684082,47.55458450317383,65.79449462890625,162.72000122070312,98.61833953857422,209.5300750732422,326.2009582519531,383.2998352050781,116.28071594238281,77.23123931884766
2021-04-15,15.201309204101562,47.988346099853516,66.34228515625,165.35000610351562,99.2505874633789,210.440185546875,331.14471435546875,387.4173889160156,118.22660827636719,78.58316040039062
2021-04-16,15.17520523071289,48.11227798461914,66.82268524169922,166.35000610351562,98.98210144042969,210.77798461914062,331.53253173828125,388.71234130859375,117.30845642089844,78.75520324707031
2021-04-19,15.192607879638672,47.935237884521484,66.70470428466797,165.88999938964844,98.87818908691406,208.03823852539062,328.4983825683594,386.80255126953125,116.97146606445312,78.91089630126953
2021-04-20,15.166504859924316,47.54572677612305,65.50796508789062,166.47999572753906,99.17265319824219,203.7786407470703,326.1040954589844,383.9706115722656,117.51061248779297,79.55817413330078
2021-04-21,15.105595588684082,47.837852478027344,66.18217468261719,168.1300048828125,99.224609375,208.76075744628906,328.8957824707031,387.6037292480469,117.7464599609375,80.08255767822266
2021-04-22,15.22741413116455,47.66967010498047,65.96305847167969,167.0399932861328,99.30256652832031,207.8975067138672,324.9311828613281,384.0637512207031,118.26024627685547,79.64830017089844
2021-04-23,15.349233627319336,48.360145568847656,66.63726806640625,166.39999389648438,99.17265319824219,211.8194122314453,329.0218505859375,388.2278137207031,117.98229217529297,80.1153335571289
2021-04-26,15.453651428222656,48.422115325927734,66.68782806396484,166.83999633789062,99.0687255859375,214.02430725097656,331.1640930175781,389.0383605957031,117.8138198852539,80.35294342041016
2021-04-27,15.584172248840332,48.39555358886719,66.46871948242188,166.4199981689453,98.67894744873047,214.3433074951172,329.7294616699219,388.95458984375,116.78614044189453,80.34474182128906
2021-04-28,15.610276222229004,48.75850296020508,66.63726806640625,166.91000366210938,98.80889892578125,214.70924377441406,328.61468505859375,388.84271240234375,116.8619384765625,80.17267608642578
2021-04-29,15.714690208435059,48.64341735839844,66.66255187988281,166.22000122070312,98.63563537597656,213.91172790527344,329.7972717285156,391.32080078125,116.5166015625,80.8609390258789
2021-04-30,15.584172248840332,47.78474426269531,65.82821655273438,165.66000366210938,98.7222900390625,211.003173828125,327.6356506347656,388.74951171875,116.78614044189453,81.18046569824219
2021-05-03,15.758200645446777,47.78474426269531,66.55299377441406,167.80999755859375,98.89041137695312,212.03518676757812,325.8907470703125,389.5880432128906,116.8561782836914,81.0248031616211
2021-05-04,16.0018367767334,47.24475860595703,65.56695556640625,166.5800018310547,99.0204086303711,209.50193786621094,320.026123046875,387.18450927734375,117.64918518066406,80.50040435791016
2021-05-05,16.062747955322266,47.466068267822266,66.46027374267578,167.27000427246094,99.1417236328125,208.66688537597656,318.9500427246094,387.3056335449219,117.84320831298828,79.1648941040039
2021-05-06,16.14105796813965,47.91753005981445,67.00809478759766,170.05999755859375,99.18505859375,208.8451385498047,321.3542175292969,390.39849853515625,118.03724670410156,79.60733795166016
2021-05-07,16.297683715820312,48.41325378417969,67.76657104492188,171.58999633789062,99.21974182128906,211.47225952148438,323.96185302734375,393.2398376464844,117.45512390136719,80.65608215332031
2021-05-10,16.184566497802734,47.54572677612305,67.40419006347656,172.11000061035156,99.0204086303711,206.09613037109375,315.7803039550781,389.3457946777344,116.26567077636719,80.63152313232422
2021-05-11,16.358591079711914,47.41294860839844,66.519287109375,172.13999938964844,98.85575866699219,205.43930053710938,315.3440856933594,385.8709716796875,115.60762023925781,79.61553955078125
2021-05-12,16.341190338134766,46.102813720703125,65.45740509033203,170.42999267578125,98.37908935546875,198.76837158203125,307.1820068359375,377.673095703125,114.3928451538086,77.5999526977539
2021-05-13,15.888720512390137,46.04084014892578,65.94621276855469,171.1300048828125,98.70841979980469,202.4275360107422,309.5569763183594,382.20989990234375,114.57003021240234,78.60774993896484
2021-05-14,16.01923942565918,46.87295913696289,67.05022430419922,172.69000244140625,98.9250717163086,207.3721160888672,316.3910217285156,388.0787353515625,115.64134216308594,79.54180145263672
2021-05-17,16.219371795654297,46.82869338989258,66.92381286621094,174.6999969482422,98.82975006103516,207.65357971191406,314.47161865234375,387.09130859375,115.39676666259766,79.62371826171875
2021-05-18,16.14105796813965,47.45720672607422,67.06708526611328,175.0399932861328,98.82975006103516,206.0773468017578,312.3487243652344,383.7562561035156,115.10149383544922,79.6401138305664
2021-05-19,15.810406684875488,47.315574645996094,66.47714233398438,175.16000366210938,98.53509521484375,204.49169921875,312.7073669433594,382.7501525878906,114.82305908203125,79.38611602783203
2021-05-20,15.645079612731934,47.58999252319336,67.3536148071289,175.9600067138672,98.9424057006836,205.85215759277344,318.7562255859375,386.8677978515625,115.76789093017578,80.2791976928711
2021-05-21,15.793004035949707,47.0411491394043,67.44632720947266,176.0399932861328,98.97705841064453,206.386962890625,316.9920959472656,386.55108642578125,116.13909912109375,80.19725799560547
2021-05-24,16.01053810119629,47.43065643310547,67.85928344726562,176.35000610351562,99.07240295410156,207.7285919189453,322.3235168457031,390.49163818359375,116.5693359375,81.19686889648438
2021-05-25,15.958330154418945,47.89982223510742,67.87614440917969,177.9499969482422,99.43638610839844,205.72076416015625,322.7694091796875,389.62530517578125,117.64918518066406,81.17228698730469
2021-05-26,15.984435081481934,48.253910064697266,67.83399200439453,177.63999938964844,99.3237075805664,209.5582275390625,323.89385986328125,390.39849853515625,117.44669342041016,81.53279876708984
2021-05-27,16.236774444580078,48.26277160644531,67.96040344238281,177.7100067138672,99.15040588378906,211.71621704101562,322.6821594238281,390.6033935546875,116.97431182861328,81.34435272216797
2021-05-28,16.184566497802734,48.572593688964844,68.12052917480469,178.3800048828125,99.1417236328125,211.5755157470703,323.6999206542969,391.30218505859375,116.78870391845703,81.83595275878906
2021-06-01,16.471710205078125,49.572906494140625,68.36493682861328,177.89999389648438,99.1235122680664,213.97740173339844,322.6240234375,390.9573974609375,116.7624740600586,83.31078338623047
2021-06-02,16.558727264404297,49.65258026123047,68.59248352050781,178.77000427246094,99.23625946044922,214.23074340820312,323.2541198730469,391.5722961425781,117.03282928466797,84.2857894897461
2021-06-03,16.419504165649414,49.12144088745117,68.25536346435547,175.27000427246094,98.98475646972656,212.43869018554688,319.89044189453125,390.11895751953125,116.59351348876953,83.97441864013672
2021-06-04,16.602231979370117,49.56406021118164,68.8368911743164,177.16000366210938,99.53111267089844,213.35813903808594,325.31890869140625,393.68701171875,118.19019317626953,84.0154037475586
2021-06-07,16.628337860107422,49.31619644165039,69.06441497802734,177.8699951171875,99.45304870605469,216.21981811523438,326.2882385253906,393.30499267578125,117.8270034790039,85.00679779052734
2021-06-08,16.79366111755371,49.077178955078125,69.03071594238281,177.32000732421875,99.73920440673828,218.5091552734375,326.443359375,393.3888854980469,118.65486907958984,85.71144104003906
2021-06-09,16.715349197387695,48.935546875,68.8453140258789,176.97999572753906,100.05145263671875,217.05487060546875,326.5208740234375,392.8019104003906,119.7024917602539,85.82614135742188
2021-06-10,16.776260375976562,49.327640533447266,69.03495025634766,177.74000549316406,100.4070053100586,215.4452362060547,329.9233703613281,394.6278076171875,120.42051696777344,86.44065856933594
2021-06-11,16.72405242919922,49.15871810913086,69.19727325439453,175.74000549316406,100.25956726074219,217.71922302246094,330.78607177734375,395.280029296875,120.22624969482422,86.0965347290039
2021-06-14,16.628337860107422,49.29207229614258,69.31686401367188,174.7100067138672,99.94738006591797,217.08023071289062,333.95587158203125,396.1650085449219,119.30542755126953,86.43246459960938
2021-06-15,16.558727264404297,48.954219818115234,69.40229797363281,174.0500030517578,99.96471405029297,216.46006774902344,331.7747802734375,395.43829345703125,119.16175079345703,85.50660705566406
2021-06-16,16.4630126953125,48.287384033203125,68.97516632080078,171.11000061035156,99.27961730957031,215.9995880126953,330.5631103515625,393.23046875,119.06037902832031,84.94943237304688
2021-06-17,16.036643981933594,48.55411911010742,68.49674987792969,165.85000610351562,99.63516235351562,213.57528686523438,334.76043701171875,393.1001281738281,120.84295654296875,84.84294891357422
2021-06-18,16.201969146728516,48.216251373291016,67.07864379882812,164.92999267578125,100.1988754272461,208.72666931152344,332.13348388671875,387.7969665527344,123.11550903320312,83.40088653564453
2021-06-21,16.402101516723633,48.42074966430664,67.95856475830078,166.9499969482422,99.87800598144531,213.19004821777344,334.19769287109375,393.3486633300781,121.05416870117188,85.12152099609375
2021-06-22,16.428205490112305,48.19847869873047,67.96710205078125,166.25,100.06012725830078,214.15789794921875,337.3130187988281,395.4515686035156,121.34988403320312,84.67906951904297
2021-06-23,16.532623291015625,48.49188232421875,67.53141784667969,166.13999938964844,99.86065673828125,214.86264038085938,337.47802734375,394.9749450683594,121.03727722167969,84.53160095214844
2021-06-24,16.59353256225586,48.93643569946289,68.18067169189453,166.0399932861328,99.8432846069336,217.89772033691406,339.56451416015625,397.31146240234375,121.23157501220703,84.3492202758789
2021-06-25,16.523921966552734,49.34541320800781,68.32591247558594,166.58999633789062,99.63516235351562,218.26417541503906,339.1472473144531,398.7228088378906,119.97277069091797,84.91858673095703
2021-06-28,16.51521873474121,49.38987350463867,67.89021301269531,166.5800018310547,99.94738006591797,216.5352325439453,343.27178955078125,399.526611328125,121.20623779296875,84.67102813720703
2021-06-29,16.59353256225586,49.354312896728516,67.90730285644531,164.8300018310547,99.99940490722656,215.50160217285156,344.5140075683594,399.74163818359375,121.4090347290039,84.44000244140625
2021-06-30,16.750154495239258,49.03423309326172,67.38618469238281,165.6300048828125,100.15552520751953,215.52978515625,343.9705810546875,400.07794189453125,121.94967651367188,83.99437713623047
2021-07-01,16.811065673828125,48.75861358642578,67.54850006103516,166.1999969482422,100.08346557617188,217.42794799804688,344.1064453125,402.2930908203125,121.95641326904297,84.35748291015625
2021-07-02,16.967689514160156,48.705265045166016,67.7791519165039,167.2899932861328,100.44796752929688,215.36065673828125,348.0562438964844,405.3680725097656,122.69242858886719,84.61328887939453
2021-07-06,16.506515502929688,47.85171890258789,67.3349380493164,168.1199951171875,100.97732543945312,212.23158264160156,349.5605163574219,404.629638671875,124.13043212890625,85.2321548461914
2021-07-07,16.306386947631836,47.798370361328125,67.7022705078125,168.75999450683594,101.27239227294922,210.25827026367188,350.29815673828125,406.0596923828125,125.23013305664062,85.52922821044922
2021-07-08,16.445608139038086,46.80256652832031,66.8309097290039,168.64999389648438,101.5326919555664,208.3225860595703,348.1824035644531,402.7510681152344,125.72079467773438,85.2899169921875
2021-07-09,16.63703727722168,47.611663818359375,67.96710205078125,169.2100067138672,101.02070617675781,212.72023010253906,350.3563537597656,407.05029296875,123.95285034179688,86.69271850585938
2021-07-12,16.66314125061035,47.65612030029297,68.25756072998047,169.0,100.9686279296875,212.8987579345703,351.7247314453125,408.5084533691406,123.79208374023438,87.43537902832031
2021-07-13,16.802364349365234,47.70057678222656,67.89875793457031,169.22000122070312,100.65623474121094,208.8864288330078,351.7247314453125,407.1158142089844,122.84465026855469,86.21412658691406
2021-07-14,16.63703727722168,47.905067443847656,68.05252075195312,171.0399932861328,101.09014892578125,205.663330078125,352.35552978515625,407.7232971191406,124.24044799804688,86.81648254394531
2021-07-15,16.55002212524414,48.020652770996094,67.40326690673828,171.07000732421875,101.51538848876953,204.4982147216797,349.8808288574219,406.3307800292969,125.61080932617188,86.95677185058594
2021-07-16,16.55002212524414,47.6472282409668,66.90779113769531,169.41000366210938,101.49799346923828,201.97988891601562,347.0469665527344,403.14361572265625,125.37395477294922,86.89900970458984
2021-07-19,15.888720512390137,46.84703063964844,65.69469451904297,169.61000061035156,102.36580657958984,198.9541778564453,344.2034606933594,397.1900329589844,128.1232452392578,85.31468963623047
2021-07-20,16.1236572265625,46.99818420410156,66.173095703125,169.38999938964844,102.23561096191406,205.1277618408203,348.201904296875,402.8818664550781,126.88814544677734,87.3281021118164
2021-07-21,16.445608139038086,47.300479888916016,67.18115234375,168.75999450683594,101.64549255371094,208.660888671875,350.8901062011719,406.1438293457031,125.28093719482422,87.31986236572266
2021-07-22,16.576128005981445,47.3893928527832,67.20677947998047,169.08999633789062,101.87981414794922,205.34390258789062,353.2096252441406,406.9942321777344,126.46517944335938,86.62670135498047
2021-07-23,16.66314125061035,46.68699264526367,67.67664337158203,168.55999755859375,101.7236099243164,206.3023681640625,357.3341979980469,411.181396484375,125.61930084228516,87.34459686279297
2021-07-26,16.784961700439453,45.797882080078125,67.7706069946289,168.16000366210938,101.6541976928711,206.90370178222656,357.6155700683594,412.1907958984375,125.24702453613281,87.38587188720703
2021-07-27,16.689247131347656,44.87321853637695,67.49723815917969,168.44000244140625,102.08808135986328,204.48876953125,353.6753845214844,410.3122253417969,126.58355712890625,87.8809585571289
2021-07-28,16.767559051513672,46.09129333496094,67.78770446777344,169.2899932861328,102.17485046386719,207.49569702148438,355.0341491699219,410.14398193359375,126.59208679199219,87.57563018798828
2021-07-29,17.063405990600586,46.32246017456055,68.25756072998047,171.1699981689453,101.86247253417969,209.09312438964844,355.6649169921875,411.8450622558594,125.88999938964844,87.59217071533203
2021-07-30,16.967689514160156,45.877906799316406,67.90730285644531,169.82000732421875,102.14883422851562,207.71182250976562,353.8112487792969,409.8448791503906,126.48210144042969,87.70767974853516
2021-08-02,16.784961700439453,46.20688247680664,68.24901580810547,169.61000061035156,102.59690856933594,206.67820739746094,353.8404541015625,408.9850769042969,127.61027526855469,87.51789093017578
2021-08-03,16.70665168762207,46.40248107910156,68.73594665527344,169.49000549316406,102.62299346923828,207.5333251953125,355.98516845703125,412.3123779296875,127.67805480957031,87.62517547607422
2021-08-04,16.436904907226562,46.642539978027344,68.53092193603516,169.52999877929688,102.59690856933594,204.94923400878906,356.4995422363281,410.2842712402344,127.94059753417969,87.35285186767578
2021-08-05,16.680543899536133,46.5714111328125,68.86409759521484,168.86000061035156,102.2235336303711,208.6327362060547,358.76080322265625,412.8824768066406,127.28843688964844,88.37606048583984
2021-08-06,16.541322708129883,46.180198669433594,68.60781860351562,164.63999938964844,101.62433624267578,209.91062927246094,357.1885986328125,413.5647277832031,125.16255950927734,88.21929168701172
2021-08-09,16.306386947631836,46.33135223388672,68.57363891601562,161.72000122070312,101.40726470947266,208.75485229492188,357.8485412597656,413.2283630371094,124.71367645263672,87.74893951416016
2021-08-10,16.602231979370117,46.393592834472656,68.7274169921875,161.77000427246094,101.21624755859375,209.1682891845703,356.01434326171875,413.7423400878906,124.13778686523438,86.91552734375
2021-08-11,16.750154495239258,46.518062591552734,69.19727325439453,164.0,101.32913208007812,210.19252014160156,355.4028625488281,414.7703857421875,124.06150817871094,87.42711639404297
2021-08-12,16.689247131347656,46.109073638916016,69.1374740600586,164.0399932861328,101.22493743896484,209.6945343017578,356.6838684082031,416.01348876953125,123.85832214355469,87.61691284179688
2021-08-13,16.59353256225586,45.99348831176758,69.55607604980469,166.38999938964844,101.80671691894531,207.78697204589844,357.9359130859375,416.7705078125,125.81477355957031,88.09551239013672
2021-08-16,16.55002212524414,45.57560729980469,69.19727325439453,167.22000122070312,102.03248596191406,205.85133361816406,358.0911560058594,417.7519226074219,126.11962890625,87.98822021484375
2021-08-17,16.36729621887207,44.73984909057617,68.54801940917969,166.97000122070312,101.9803695678711,203.34239196777344,354.9370422363281,415.013427734375,126.06885528564453,87.8974609375
2021-08-18,16.175865173339844,44.81098175048828,68.28318786621094,167.10000610351562,101.92829132080078,201.56643676757812,351.5209655761719,410.47113037109375,126.49225616455078,87.09706115722656
2021-08-19,15.949629783630371,44.04634475708008,67.60828399658203,166.61000061035156,102.1540298461914,199.15151977539062,353.2192687988281,411.10662841796875,127.42389678955078,87.51789093017578
2021-08-20,15.575469970703125,44.010780334472656,67.87310791015625,166.6999969482422,102.05854034423828,202.51548767089844,356.8780822753906,414.3778381347656,127.5086441040039,87.95523071289062
2021-08-23,16.14105796813965,44.6776123046875,68.50530242919922,168.72999572753906,102.08457946777344,206.36813354492188,362.2157287597656,418.0229187011719,127.42389678955078,87.79019927978516
2021-08-24,16.48041343688965,45.69119644165039,68.65052795410156,168.64999389648438,101.80671691894531,208.39776611328125,363.3220520019531,418.6866455078125,126.43301391601562,87.40235900878906
2021-08-25,16.628337860107422,45.744544982910156,68.67615509033203,167.47999572753906,101.40726470947266,209.13072204589844,363.7394104003906,419.5650634765625,125.38277435302734,87.34459686279297
2021-08-26,16.49781608581543,45.30887222290039,68.3173599243164,167.6699981689453,101.40726470947266,206.91310119628906,361.42962646484375,417.08837890625,125.73004150390625,87.37762451171875
2021-08-27,16.70665168762207,45.869014739990234,68.94099426269531,170.19000244140625,101.73725128173828,212.74839782714844,364.9428405761719,420.81744384765625,126.58543395996094,88.29354858398438
2021-08-30,16.767559051513672,45.96681213378906,68.92389678955078,169.35000610351562,101.93696594238281,211.87451171875,369.03826904296875,422.6680908203125,126.91580963134766,89.17649841308594
2021-08-31,16.689247131347656,46.59808349609375,68.88973236083984,169.69000244140625,101.74591827392578,212.28797912597656,368.7373962402344,422.0418701171875,126.0519027709961,89.59734344482422
2021-09-01,16.610933303833008,47.193790435791016,69.51335906982422,169.6999969482422,101.78939819335938,213.7162628173828,369.34881591796875,422.2662353515625,126.26303100585938,91.03313446044922
2021-09-02,16.802364349365234,46.98040008544922,69.7952651977539,169.25,101.9110336303711,215.20091247558594,369.17413330078125,423.5652770996094,126.81427001953125,91.51171875
2021-09-03,16.819765090942383,47.229339599609375,70.11136627197266,171.05999755859375,101.66775512695312,214.20486450195312,370.3096618652344,423.46246337890625,125.66091918945312,91.52822875976562
2021-09-07,16.628337860107422,47.50497055053711,70.1626205444336,167.7100067138672,101.26802825927734,212.7296142578125,370.8335876464844,421.9483947753906,124.60089874267578,90.49677276611328
2021-09-08,16.750154495239258,46.811466217041016,69.60733795166016,167.2899932861328,101.54606628417969,210.40866088867188,369.54290771484375,421.434326171875,125.44892120361328,90.95062255859375
2021-09-09,16.628337860107422,46.72256088256836,69.48772430419922,168.02999877929688,101.83282470703125,210.30528259277344,368.2715759277344,419.63043212890625,126.9668960571289,89.10223388671875
2021-09-10,16.845870971679688,46.66921615600586,69.33395385742188,167.17999267578125,101.51132202148438,208.24740600585938,365.4765625,416.32196044921875,125.84750366210938,87.79846954345703
2021-09-13,16.976390838623047,46.79368591308594,69.88069915771484,167.74000549316406,101.6329574584961,209.43142700195312,365.2242431640625,417.38739013671875,126.61076354980469,88.392578125
2021-09-14,16.967689514160156,46.40248107910156,69.59024810791016,168.82000732421875,102.01530456542969,206.7627716064453,364.1859130859375,415.135009765625,128.14566040039062,88.23579406738281
2021-09-15,17.246131896972656,46.393592834472656,69.7952651977539,167.8300018310547,101.84153747558594,208.6327362060547,366.8934326171875,418.6023864746094,127.69615173339844,88.51636505126953
2021-09-16,17.12431526184082,45.869014739990234,69.68421936035156,164.02999877929688,101.52001190185547,208.7830352783203,367.14581298828125,417.9388122558594,127.11109924316406,88.59062194824219
2021-09-17,16.98509407043457,45.67341232299805,68.77013397216797,163.77000427246094,101.22454833984375,209.05552673339844,362.7979736328125,413.86767578125,126.50052642822266,87.79846954345703
2021-09-20,16.784961700439453,44.44643783569336,67.49723815917969,164.94000244140625,101.73723602294922,204.08474731445312,355.3014221191406,406.966796875,128.0693359375,87.2621078491211
2021-09-21,16.802364349365234,44.775413513183594,68.16358947753906,166.0399932861328,101.6764144897461,204.39483642578125,355.7385559082031,406.5823059082031,127.95907592773438,87.30335235595703
2021-09-22,16.99379539489746,45.33555221557617,68.50530242919922,165.4199981689453,101.77201080322266,207.5708465576172,359.0614013671875,410.5484313964844,128.7222900390625,88.15328216552734
2021-09-23,17.254837036132812,45.69119644165039,69.24851989746094,163.50999450683594,100.85089874267578,211.24493408203125,362.3744201660156,415.53662109375,125.81360626220703,87.97999572753906
2021-09-24,17.333148956298828,45.148841857910156,68.59928131103516,163.3000030517578,100.54679870605469,210.22610473632812,362.7144470214844,416.22113037109375,124.58395385742188,87.03929901123047
2021-09-27,17.568086624145508,45.442237854003906,68.55655670166016,163.63999938964844,100.27738952636719,213.42117309570312,359.8192138671875,415.03033447265625,124.1259994506836,85.86856079101562
2021-09-28,17.428863525390625,44.85543441772461,67.0615463256836,162.0500030517578,99.89505004882812,208.56724548339844,349.63720703125,406.666748046875,122.19251251220703,85.28734588623047
2021-09-29,17.446266174316406,44.43755340576172,66.90779113769531,161.32000732421875,99.99932861328125,208.12429809570312,349.06402587890625,407.3512268066406,122.40449523925781,85.92667388916016
2021-09-30,17.559383392333984,44.79319381713867,66.64295959472656,164.22000122070312,100.1209716796875,206.17332458496094,347.781494140625,402.3724060058594,122.3875503540039,84.50688171386719
2021-10-01,17.794322967529297,44.74874496459961,66.80528259277344,164.58999633789062,100.52965545654297,209.50038146972656,349.9383850097656,407.1542663574219,123.41754913330078,85.7025146484375
2021-10-04,18.081466674804688,44.09080505371094,66.10475158691406,165.36000061035156,100.4079360961914,207.59649658203125,342.5933532714844,401.903564453125,123.10336303710938,85.71910858154297
2021-10-05,18.307703018188477,44.40198516845703,66.55752563476562,164.58999633789062,100.09490966796875,208.3127899169922,347.2180480957031,406.08538818359375,121.91463470458984,85.12960052490234
2021-10-06,18.003154754638672,44.153038024902344,66.11329650878906,165.02999877929688,100.12100219726562,207.22891235351562,349.44293212890625,407.7731018066406,122.60234832763672,85.94329833984375
2021-10-07,18.229389190673828,45.015472412109375,66.6258544921875,164.16000366210938,99.72098541259766,210.4239959716797,352.6490478515625,411.2986145019531,121.32024383544922,86.17577362060547
2021-10-08,18.290300369262695,45.18440246582031,66.61734008789062,164.22999572753906,99.50358581542969,208.840576171875,350.8905029296875,410.5484313964844,120.47110748291016,85.36209106445312
2021-10-11,18.412118911743164,45.095497131347656,66.40375518798828,163.9199981689453,99.26009368896484,207.64364624023438,348.19927978515625,407.5762634277344,120.1654281616211,85.57795715332031
2021-10-12,18.412118911743164,44.86431884765625,66.43792724609375,164.66000366210938,99.7122802734375,208.7840576171875,346.9848327636719,406.57293701171875,122.22025299072266,86.69884490966797
2021-10-13,18.51653480529785,45.486698150634766,67.09573364257812,167.58999633789062,99.90361022949219,209.77371215820312,349.76348876953125,408.03564453125,123.40904998779297,87.32986450195312
2021-10-14,18.70796775817871,45.62895965576172,67.7620849609375,168.0,100.13838195800781,212.88394165039062,356.2049255371094,414.8990478515625,123.86750030517578,88.39263916015625
2021-10-15,18.864591598510742,46.180198669433594,68.32591247558594,165.3300018310547,99.64275360107422,212.21478271484375,358.4493103027344,418.0588684082031,123.14575958251953,88.32621765136719
2021-10-18,18.751474380493164,46.064613342285156,68.03544616699219,164.9199981689453,99.50358581542969,212.09225463867188,362.05377197265625,419.2964172363281,123.7231674194336,88.5503921508789
2021-10-19,18.794979095458984,46.678104400634766,68.44549560546875,165.4499969482422,99.1470947265625,212.88394165039062,364.79364013671875,422.5313720703125,122.01649475097656,88.5918960571289
2021-10-20,19.003812789916992,46.66921615600586,68.68470764160156,166.89999389648438,99.10359191894531,214.29771423339844,364.3175964355469,424.1908874511719,121.19278717041016,89.98680877685547
2021-10-21,18.71666717529297,46.36691665649414,68.36006164550781,166.75,98.84272766113281,214.84437561035156,366.54241943359375,425.2973327636719,121.0484619140625,90.11134338378906
2021-10-22,18.803682327270508,46.26911163330078,68.77013397216797,167.77000427246094,99.09487915039062,214.33544921875,363.4625244140625,424.85662841796875,122.3815689086914,90.53478240966797
2021-10-25,18.899396896362305,46.50917434692383,68.63345336914062,168.92999267578125,99.21662139892578,216.37123107910156,367.18365478515625,427.1350402832031,122.1948471069336,90.82540893554688
2021-10-26,18.925498962402344,46.26911163330078,68.77013397216797,167.67999267578125,99.33837127685547,214.74070739746094,368.33984375,427.5195007324219,123.20523834228516,91.07447814941406
2021-10-27,18.57744598388672,45.89569091796875,68.49674987792969,168.1199951171875,99.89490509033203,210.79159545898438,369.19482421875,425.62548828125,125.44686126708984,90.30231475830078
2021-10-28,18.673160552978516,45.94014358520508,69.16310119628906,168.0800018310547,99.634033203125,214.99514770507812,373.29486083984375,429.7322998046875,125.02230834960938,91.5643539428711
2021-10-29,18.57744598388672,45.27330780029297,68.76158905029297,166.64999389648438,99.67752838134766,214.9386749267578,375.1310119628906,430.604248046875,125.40448760986328,90.53478240966797
2021-11-01,18.71666717529297,45.62895965576172,69.42792510986328,167.52000427246094,99.669677734375,220.50888061523438,376.41351318359375,431.3449401855469,124.50152587890625,90.98314666748047
2021-11-02,18.768877029418945,45.219966888427734,69.28269958496094,167.16000366210938,99.913330078125,220.970703125,377.9874572753906,433.0889587402344,125.05410766601562,91.4148941040039
2021-11-03,18.290300369262695,45.43335723876953,69.8465347290039,165.77000427246094,99.60009002685547,224.91981506347656,382.0,435.73309326171875,123.76185607910156,91.72209167480469
2021-11-04,18.177183151245117,45.32666015625,69.80381774902344,167.64999389648438,100.13956451416016,224.83493041992188,386.8967590332031,437.7864685058594,125.06258392333984,90.85030364990234
2021-11-05,18.429523468017578,45.27330780029297,69.90632629394531,169.83999633789062,100.68777465820312,227.90753173828125,387.2659912109375,439.3054504394531,126.93305206298828,91.31526184082031
2021-11-08,18.542640686035156,45.69119644165039,69.89778900146484,170.4499969482422,100.252685546875,228.61441040039062,386.74127197265625,439.6805114746094,126.69499206542969,91.24054718017578
2021-11-09,18.69056510925293,45.51336669921875,69.74401092529297,171.2899932861328,100.71390533447266,227.28549194335938,384.0791320800781,438.2271423339844,128.34432983398438,91.3982925415039
2021-11-10,18.455625534057617,45.32666015625,68.89827728271484,173.14999389648438,99.85242462158203,223.70396423339844,378.4344482421875,434.70172119140625,125.9978256225586,90.974853515625
2021-11-11,18.58614730834961,46.109073638916016,69.1460189819336,174.1199951171875,99.53043365478516,225.50413513183594,379.48370361328125,434.84234619140625,125.81077575683594,91.1242904663086
2021-11-12,18.560043334960938,46.23354721069336,69.52190399169922,174.4499969482422,99.7392807006836,225.7303466796875,383.4768371582031,438.12396240234375,125.25819396972656,91.05786895751953
2021-11-15,18.56874656677246,46.082401275634766,69.39376831054688,174.17999267578125,99.34771728515625,224.83493041992188,383.3893737792969,438.27410888671875,123.68528747558594,91.69720458984375
2021-11-16,18.542640686035156,46.14463806152344,69.23998260498047,172.9199981689453,99.26068878173828,225.24966430664062,386.1194763183594,440.0086975097656,123.37078094482422,91.0910873413086
2021-11-17,18.3773136138916,45.90458297729492,69.15455627441406,174.5,99.61749267578125,222.29962158203125,386.323486328125,438.9397888183594,124.34848022460938,91.37338256835938
2021-11-18,18.438222885131836,45.34444046020508,69.22290802001953,173.94000244140625,99.6783676147461,221.35708618164062,390.3263244628906,440.4305419921875,124.8160400390625,91.3899917602539
2021-11-19,18.142379760742188,45.27330780029297,68.63345336914062,172.61000061035156,99.94815063476562,219.34014892578125,392.5026550292969,439.64300537109375,126.13390350341797,90.85030364990234
2021-11-22,18.272899627685547,44.908782958984375,68.2319107055664,168.74000549316406,99.21719360351562,218.40704345703125,387.9460144042969,438.4052734375,124.65455627441406,90.40193939208984
2021-11-23,18.60354995727539,44.86431884765625,68.16358947753906,167.27999877929688,98.80819702148438,218.03004455566406,386.17779541015625,438.9867248535156,122.85211944580078,91.13259887695312
2021-11-24,18.533935546875,44.80208969116211,67.7108154296875,167.1199951171875,99.11276245117188,218.26565551757812,387.42132568359375,440.15869140625,124.82456970214844,92.23688507080078
2021-11-26,17.428863525390625,43.29949188232422,65.89118194580078,166.85000610351562,100.39193725585938,210.03761291503906,380.0763244628906,430.34173583984375,127.9787826538086,89.6712875366211
2021-11-29,17.428863525390625,43.46842575073242,66.22434997558594,166.6199951171875,100.16568756103516,209.90567016601562,388.324951171875,435.62060546875,126.95008087158203,90.33551025390625
2021-11-30,16.950288772583008,43.42396926879883,65.64342498779297,165.5,100.76608276367188,205.62664794921875,382.6219177246094,427.1444396972656,128.87997436523438,88.6251220703125
2021-12-01,16.802364349365234,43.584014892578125,65.26756286621094,166.16000366210938,100.95594024658203,200.99891662597656,376.1122741699219,422.3999938964844,129.6749725341797,87.16382598876953
2021-12-02,16.950288772583008,44.117469787597656,66.0791244506836,165.24000549316406,100.73820495605469,206.6068878173828,378.822998046875,428.86968994140625,129.8367462158203,89.77922058105469
2021-12-03,16.967689514160156,43.495094299316406,65.80575561523438,166.6300048828125,101.33040618896484,202.36563110351562,372.23583984375,425.137939453125,131.38595581054688,89.48031616210938
2021-12-06,17.26353645324707,43.83295440673828,66.43792724609375,166.22000122070312,100.82532501220703,206.42782592773438,375.2184753417969,430.1729736328125,129.5813751220703,91.049560546875
2021-12-07,17.52457618713379,44.526466369628906,67.83895874023438,166.80999755859375,100.44213104248047,211.2157440185547,386.5177917480469,439.0710144042969,128.5343780517578,92.3614273071289
2021-12-08,17.75951385498047,44.70428466796875,67.96710205078125,166.89999389648438,100.11998748779297,212.65777587890625,388.2472839355469,440.233642578125,126.31269836425781,93.0256576538086
2021-12-09,17.48977279663086,44.49089813232422,67.40326690673828,165.8800048828125,100.37245178222656,207.841552734375,382.53436279296875,437.2614440917969,127.01921844482422,91.68059539794922
2021-12-10,17.689905166625977,44.526466369628906,67.54850006103516,166.5800018310547,100.44213104248047,207.2666473388672,386.69268798828125,441.37762451171875,126.7127685546875,91.96289825439453
2021-12-13,17.602890014648438,43.82032012939453,66.91575622558594,167.0,100.92109680175781,204.23764038085938,381.106201171875,437.4676818847656,128.5854949951172,92.82640075683594
2021-12-14,17.446266174316406,43.72111892700195,66.55941009521484,165.44000244140625,100.74697875976562,202.47926330566406,377.1616516113281,434.45794677734375,128.279052734375,91.63906860351562
2021-12-15,17.533279418945312,43.59486389160156,67.46333312988281,166.14999389648438,100.59889221191406,205.6935272216797,385.75994873046875,441.2463073730469,127.04471588134766,92.92601776123047
2021-12-16,17.637697219848633,43.648983001708984,67.47200775146484,168.16000366210938,100.89179229736328,201.53390502929688,375.84033203125,437.3552551269531,127.09420013427734,92.89281463623047
2021-12-17,17.428863525390625,43.43253707885742,66.62025451660156,167.8000030517578,101.11839294433594,203.38682556152344,373.96514892578125,432.700439453125,128.5343780517578,92.77658081054688
2021-12-20,17.307044982910156,42.783206939697266,66.47249603271484,167.08999633789062,101.03126525878906,200.53182983398438,370.33758544921875,428.099365234375,127.57139587402344,92.05421447753906
2021-12-21,17.672500610351562,43.50468444824219,67.21126556396484,167.02000427246094,100.63030242919922,206.2607421875,378.6259765625,435.7019958496094,127.0856704711914,93.09208679199219
2021-12-22,17.88133430480957,43.71210861206055,67.8370590209961,168.58999633789062,100.7261734008789,208.2460174560547,383.2370910644531,440.0584411621094,127.67362213134766,94.04690551757812
2021-12-23,17.97705078125,43.937564849853516,68.23686218261719,168.97000122070312,100.51695251464844,209.90988159179688,386.1262512207031,442.7965087890625,126.56578063964844,93.947265625
2021-12-27,18.20328712463379,44.13597106933594,68.76705169677734,169.3699951171875,100.55183410644531,211.87625122070312,392.50787353515625,449.06304931640625,126.87260437011719,95.54218292236328
2021-12-28,18.16847801208496,43.99167251586914,68.79312896728516,168.63999938964844,100.53441619873047,210.58106994628906,390.6886901855469,448.69598388671875,126.3698501586914,95.8941650390625
2021-12-29,18.255495071411133,43.79327392578125,68.76705169677734,168.58999633789062,100.02012634277344,210.80799865722656,390.63037109375,449.2701110839844,124.98931121826172,96.53948211669922
2021-12-30,18.16847801208496,44.294960021972656,68.58675384521484,169.8000030517578,100.35134887695312,210.75125122070312,389.46295166015625,448.02801513671875,126.03746795654297,96.95854949951172
2021-12-31,18.081466674804688,44.07840347290039,68.52579498291016,170.9600067138672,100.23805236816406,210.2974853515625,387.03094482421875,446.89898681640625,126.2845687866211,97.22673034667969
2022-01-03,18.151077270507812,44.39421844482422,68.96997833251953,168.3300018310547,99.30540466308594,213.0106964111328,390.75677490234375,449.4864807128906,122.9696044921875,96.46406555175781
2022-01-04,18.36861228942871,44.240821838378906,69.3619155883789,169.57000732421875,99.25308990478516,212.68927001953125,385.68841552734375,449.3359375,122.45829010009766,96.34672546386719
2022-01-05,18.290300369262695,43.51896667480469,68.75224304199219,169.05999755859375,98.83472442626953,205.48556518554688,373.8397521972656,440.70770263671875,121.79359436035156,93.58941650390625
2022-01-06,18.44692611694336,43.717472076416016,68.40386962890625,166.99000549316406,98.59066009521484,206.65782165527344,373.5770263671875,440.2937316894531,122.10894012451172,93.67321014404297
2022-01-07,18.481731414794922,44.114498138427734,68.60417938232422,167.75,98.26817321777344,204.26602172851562,369.5301513671875,438.5530090332031,121.23111724853516,93.05303192138672
2022-01-10,18.403417587280273,44.114498138427734,67.9683837890625,168.25999450683594,98.24198150634766,203.55697631835938,369.7733154296875,438.00726318359375,121.5294418334961,92.51665496826172
2022-01-11,18.760173797607422,45.134117126464844,68.70870208740234,170.2899932861328,98.47735595703125,205.7218780517578,375.328125,441.9967346191406,122.33898162841797,92.65912628173828
2022-01-12,18.908098220825195,45.88304138183594,69.37931823730469,170.74000549316406,98.4947738647461,204.1903839111328,376.8165283203125,443.19171142578125,121.87025451660156,92.76809692382812
2022-01-13,18.70796775817871,45.23337173461914,68.87418365478516,170.16000366210938,98.8085708618164,202.31857299804688,367.3900146484375,437.0851135253906,122.95255279541016,92.5837173461914
2022-01-14,18.95160484313965,45.2153205871582,68.80450439453125,169.6699981689453,98.1286849975586,202.60215759277344,369.6761169433594,437.263916015625,121.09483337402344,91.74561309814453
2022-01-18,19.099529266357422,44.41226577758789,67.79420471191406,169.38999938964844,97.38780975341797,196.47618103027344,360.4732971191406,429.5201110839844,119.3904800415039,90.78182220458984
2022-01-19,19.20394515991211,44.601749420166016,67.73323822021484,172.0800018310547,97.62312316894531,193.2808380126953,356.51409912109375,425.0601501464844,120.21702575683594,89.5582046508789
2022-01-20,19.13433265686035,44.86342239379883,67.40227508544922,171.64999389648438,97.8322982788086,189.78294372558594,351.8834228515625,420.35565185546875,120.9584732055664,88.41001892089844
2022-01-21,19.151737213134766,44.21375274658203,66.48779296875,171.08999633789062,98.39891052246094,186.22836303710938,342.126220703125,412.103759765625,122.39863586425781,88.19212341308594
2022-01-24,19.10822868347168,43.591156005859375,65.82588958740234,172.02999877929688,98.31171417236328,190.52032470703125,343.69244384765625,413.8538513183594,121.39306640625,88.3597412109375
2022-01-25,19.282257080078125,43.509944915771484,65.42523956298828,172.5800018310547,98.18096923828125,187.97732543945312,335.7250671386719,408.8011474609375,121.19708251953125,88.00774383544922
2022-01-26,19.325763702392578,42.95951843261719,65.17266082763672,169.7899932861328,97.48363494873047,185.26409912109375,335.1998291015625,407.7755126953125,119.73133087158203,86.6332778930664
2022-01-27,19.421476364135742,42.4632453918457,64.86784362792969,167.60000610351562,97.89337158203125,181.05718994140625,331.8241882324219,405.76190185546875,121.92994689941406,85.20014953613281
2022-01-28,19.438880920410156,42.670780181884766,65.0855712890625,167.10000610351562,98.1199722290039,184.5834197998047,342.2331848144531,415.8392639160156,121.97257995605469,87.95744323730469
2022-01-31,19.508493423461914,44.06938171386719,66.03489685058594,168.08999633789062,98.1199722290039,190.2462158203125,353.17730712890625,423.328857421875,121.34193420410156,89.03858184814453
2022-02-01,19.58680534362793,44.3400764465332,66.66197967529297,168.22999572753906,97.98735809326172,192.25039672851562,355.58013916015625,426.1892395019531,120.93919372558594,88.7201156616211
2022-02-02,19.665117263793945,44.26789474487305,67.15840911865234,168.83999633789062,98.18801879882812,190.34075927734375,358.4693908691406,430.329345703125,121.34881591796875,89.8515396118164
2022-02-03,19.70862579345703,43.79868698120117,66.09586334228516,168.60000610351562,97.76924133300781,186.7388458251953,343.9356689453125,420.2145080566406,120.40155029296875,88.89612579345703
2022-02-04,19.865249633789062,43.90696334838867,66.25263977050781,168.86000061035156,97.01891326904297,187.5424346923828,348.2742919921875,422.1904602050781,118.62651824951172,88.01612854003906
2022-02-07,19.908754348754883,43.81673049926758,66.36585235595703,170.11000061035156,97.04509735107422,188.4689178466797,345.4726867675781,420.83544921875,118.70337677001953,87.8904037475586
2022-02-08,19.734729766845703,44.240821838378906,66.70552062988281,170.6300048828125,96.7309799194336,191.68316650390625,349.3541564941406,424.2980651855469,117.90973663330078,87.47974395751953
2022-02-09,19.934860229492188,44.93560791015625,67.78549194335938,171.2100067138672,96.86186218261719,195.3228302001953,356.7572937011719,430.508056640625,118.13158416748047,89.4576416015625
2022-02-10,19.830446243286133,44.637840270996094,66.92324829101562,170.55999755859375,95.9719467163086,192.3260040283203,348.6828918457031,422.7737731933594,116.25416564941406,87.34564971923828
2022-02-11,20.126291275024414,43.961097717285156,65.9129638671875,173.80999755859375,96.966552734375,190.37852478027344,337.6221008300781,414.4372253417969,117.9780044555664,86.54947662353516
2022-02-14,20.2307071685791,43.65431213378906,65.4862060546875,174.74000549316406,96.29476165771484,189.71676635742188,338.0404357910156,413.0822448730469,116.51017761230469,85.76167297363281
2022-02-15,19.900056838989258,44.601749420166016,66.68810272216797,173.0800018310547,96.00686645507812,194.80288696289062,346.44549560546875,419.7440185546875,115.18746948242188,86.53270721435547
2022-02-16,19.926158905029297,44.92658615112305,66.94068145751953,174.86000061035156,96.20752716064453,195.20941162109375,346.3580017089844,420.2145080566406,115.87017822265625,86.93498992919922
2022-02-17,20.09148597717285,44.40324020385742,65.86071014404297,177.25,96.72228240966797,190.2083740234375,336.0559387207031,411.2381286621094,116.73202514648438,86.01307678222656
2022-02-18,20.1697998046875,43.961097717285156,65.5820083618164,177.1199951171875,97.036376953125,188.57289123535156,332.2230529785156,408.5753173828125,117.96086883544922,85.49347686767578
2022-02-22,20.45694351196289,43.338497161865234,64.81556701660156,177.49000549316406,97.02766418457031,185.91639709472656,328.88629150390625,404.190673828125,118.26814270019531,85.18338775634766
2022-02-23,20.648374557495117,42.83319854736328,64.28428649902344,178.2899932861328,96.52159118652344,182.4374542236328,320.4618225097656,397.0208435058594,116.63816833496094,83.775390625
2022-02-24,20.735387802124023,41.94892883300781,63.42206954956055,177.13999938964844,96.74846649169922,187.2210235595703,331.2307434082031,402.99560546875,116.7149887084961,85.18338775634766
2022-02-25,20.422136306762695,42.72491455078125,65.0071792602539,176.5500030517578,96.72228240966797,191.43734741210938,336.36712646484375,411.8872985839844,116.80030822753906,87.23668670654297
2022-02-28,20.77019500732422,42.16548538208008,63.770450592041016,178.3800048828125,97.82159423828125,192.2125701904297,337.369140625,410.8335266113281,119.36041259765625,85.93768310546875
2022-03-01,21.605525970458984,41.606048583984375,62.37693405151367,181.6199951171875,98.77435302734375,188.59181213378906,332.2035827636719,404.5763854980469,120.74046325683594,85.485107421875
2022-03-02,22.31033706665039,41.678226470947266,63.16077423095703,179.72999572753906,97.2897720336914,193.08230590820312,337.7778015136719,412.01904296875,116.61323547363281,87.08586120605469
2022-03-03,22.55397605895996,41.09172058105469,61.91533660888672,180.8000030517578,97.70893096923828,190.7945098876953,332.9526672363281,409.9677734375,117.80098724365234,87.7982177734375
2022-03-04,23.502426147460938,40.26158142089844,60.12119674682617,183.67999267578125,98.67826843261719,187.80715942382812,328.1274719238281,406.6370544433594,119.83466339111328,88.20048522949219
2022-03-07,24.01580810546875,38.75471115112305,58.213829040527344,186.41000366210938,98.25907135009766,183.13702392578125,316.0258483886719,394.64971923828125,118.92035675048828,86.45728302001953
2022-03-08,24.424772262573242,38.88103485107422,58.71897506713867,191.50999450683594,97.62158966064453,184.14852905273438,314.5569763183594,391.6575012207031,117.7240982055664,86.03824615478516
2022-03-09,22.484365463256836,39.98186492919922,61.17503356933594,185.82000732421875,97.01904296875,189.33865356445312,325.88031005859375,402.158203125,116.57048034667969,87.3624267578125
2022-03-10,22.214624404907227,39.23293685913086,60.44343566894531,186.39999389648438,96.57369995117188,188.9983367919922,322.2615051269531,400.34222412109375,114.89568328857422,87.58031463623047
2022-03-11,22.59748077392578,38.41182327270508,59.79023742675781,185.08999633789062,96.54747009277344,185.98255920410156,315.57830810546875,395.2518615722656,115.28020477294922,86.88469696044922
2022-03-14,21.93617820739746,37.4824333190918,60.33893966674805,182.3000030517578,95.32494354248047,182.1822052001953,309.5177001953125,392.3632507324219,112.58857727050781,86.20585632324219
2022-03-15,21.396692276000977,37.53657531738281,60.913753509521484,178.88999938964844,95.2812728881836,185.08448791503906,319.22637939453125,400.9914855957031,112.39200592041016,86.78412628173828
2022-03-16,21.21396255493164,40.559349060058594,63.099822998046875,180.00999450683594,95.15029907226562,190.90794372558594,331.06549072265625,409.8831481933594,113.49433135986328,87.81500244140625
2022-03-17,22.232023239135742,40.3518180847168,63.6310920715332,180.88999938964844,94.96692657470703,193.90475463867188,335.0733947753906,415.01116943359375,112.64839172363281,89.17269897460938
2022-03-18,22.336442947387695,40.92930221557617,64.24946594238281,179.3000030517578,95.24635314941406,195.94679260253906,341.931640625,419.55670166015625,114.02410125732422,89.17269897460938
2022-03-21,23.17177391052246,40.29767608642578,63.84883117675781,180.6699981689453,94.00631713867188,194.21673583984375,340.9809875488281,419.43402099609375,111.38372039794922,88.62794494628906
2022-03-22,23.119565963745117,41.028560638427734,64.44978332519531,179.36000061035156,93.49105834960938,196.16419982910156,347.6822204589844,424.3420104980469,109.95669555664062,88.85419464111328
2022-03-23,23.693857192993164,40.75785827636719,63.613677978515625,181.80999755859375,94.11985778808594,192.7609100341797,342.6855773925781,418.8771667480469,112.36638641357422,87.85733032226562
2022-03-24,23.458919525146484,40.97441482543945,64.2059326171875,183.1300048828125,93.59587097167969,194.97738647460938,350.30230712890625,425.1913757324219,111.48626708984375,88.41349792480469
2022-03-25,23.632946014404297,40.649574279785156,64.24076080322266,182.3800048828125,92.63530731201172,195.2425994873047,350.0101318359375,427.2679748535156,109.93960571289062,89.51741790771484
2022-03-28,22.606185913085938,40.78493118286133,64.03173065185547,179.05999755859375,92.84489440917969,195.30892944335938,355.42559814453125,430.30706787109375,110.87956237792969,90.46961975097656
2022-03-29,22.69319725036621,41.479713439941406,65.45137023925781,179.13999938964844,93.30770874023438,200.53762817382812,361.5423583984375,435.63037109375,111.71693420410156,93.12403869628906
2022-03-30,23.102163314819336,41.36241149902344,65.18136596679688,180.5800018310547,93.67446899414062,196.5118865966797,357.5489501953125,432.94036865234375,112.58857727050781,92.44991302490234
2022-03-31,22.67579460144043,40.73981857299805,64.1014175415039,180.64999389648438,93.84912872314453,194.43748474121094,353.1171875,426.27691650390625,112.86198425292969,91.32073211669922
2022-04-01,22.823719024658203,41.41655349731445,64.70235443115234,179.5,93.238037109375,196.61607360839844,352.44512939453125,427.4849548339844,113.29159545898438,93.09877014160156
2022-04-04,23.258787155151367,42.14743423461914,64.96363830566406,180.3699951171875,93.17684173583984,196.93814086914062,359.70147705078125,431.14703369140625,112.50426483154297,92.64372253417969
2022-04-05,23.067358016967773,41.371437072753906,64.08399200439453,179.24000549316406,92.06652069091797,192.2777862548828,351.7145690917969,425.7011413574219,109.96251678466797,92.18867492675781
2022-04-06,22.884628295898438,40.83004379272461,63.31754684448242,179.66000366210938,91.74305725097656,189.5497589111328,344.0783386230469,421.4443664550781,109.07247161865234,93.2841567993164
2022-04-07,22.962940216064453,40.505210876464844,63.456912994384766,180.33999633789062,91.51577758789062,188.93411254882812,344.8965148925781,423.56805419921875,108.25089263916016,92.35722351074219
2022-04-08,23.25008773803711,40.54130172729492,63.4830436706543,181.47000122070312,91.05243682861328,187.427978515625,340.0752258300781,422.43548583984375,107.07842254638672,92.50888061523438
2022-04-11,23.058656692504883,40.036006927490234,62.81241226196289,182.3699951171875,90.61531829833984,186.16815185546875,332.0298767089844,415.2150573730469,105.38392639160156,91.51454162597656
2022-04-12,23.74606704711914,39.9096794128418,62.34210205078125,183.77000427246094,91.05243682861328,186.75543212890625,330.6273498535156,413.67657470703125,105.23847198486328,91.37971496582031
2022-04-13,24.268146514892578,40.43302536010742,63.01272964477539,184.64999389648438,91.25350189208984,190.3075714111328,337.3479309082031,418.4147033691406,105.4524154663086,92.02857208251953
2022-04-14,24.450876235961914,39.9096794128418,62.725303649902344,184.0399932861328,90.43172454833984,188.46046447753906,329.63385009765625,413.20465087890625,103.33856964111328,91.63251495361328
2022-04-18,24.729320526123047,39.774330139160156,62.3595085144043,184.61000061035156,90.16944122314453,187.19113159179688,329.88714599609375,413.37457275390625,102.8250961303711,91.2617416381836
2022-04-19,24.0941219329834,39.5758171081543,62.65562438964844,181.82000732421875,89.574951171875,190.92323303222656,337.2603454589844,420.04754638671875,102.05486297607422,93.25045013427734
2022-04-20,24.120222091674805,39.34121322631836,63.07368850708008,182.7100067138672,90.27432250976562,191.6526336669922,332.3415832519531,419.736083984375,104.10881805419922,94.80097961425781
2022-04-21,24.085418701171875,38.5832633972168,62.39436340332031,182.05999755859375,89.77603912353516,187.3616943359375,325.4649963378906,413.4595031738281,103.33856964111328,94.1436996459961
2022-04-22,23.62424659729004,38.24038314819336,61.37535858154297,180.2899932861328,89.81975555419922,182.5118865966797,316.9425048828125,402.114501953125,102.68815612792969,92.49205017089844
2022-04-25,23.450218200683594,37.960662841796875,61.07923126220703,177.0500030517578,90.3967514038086,183.6201171875,321.0138244628906,404.4458312988281,103.71513366699219,92.25609588623047
2022-04-26,23.77216911315918,37.130531311035156,59.37217712402344,177.32000732421875,90.99996185302734,177.8325958251953,308.897216796875,392.7326965332031,104.75920867919922,90.7392807006836
2022-04-27,23.9374942779541,37.56364059448242,59.642181396484375,175.97999572753906,90.4928970336914,177.09373474121094,308.527099609375,393.83697509765625,103.41561126708984,90.1409683227539
2022-04-28,24.13762664794922,38.10503387451172,60.48698425292969,176.92999267578125,90.36177825927734,180.3995819091797,319.484619140625,403.7851257324219,103.56964874267578,91.8010482788086
2022-04-29,23.954898834228516,38.24038314819336,59.781524658203125,176.91000366210938,89.88092803955078,175.18983459472656,305.1082763671875,388.86297607421875,102.22603607177734,87.58767700195312
2022-05-02,24.320358276367188,38.18624496459961,59.63346862792969,173.6300048828125,89.21133422851562,177.02740478515625,310.20233154296875,391.2037353515625,100.45407104492188,85.47254943847656
2022-05-03,23.981002807617188,38.46596908569336,60.07765197753906,174.08999633789062,89.31634521484375,178.54299926757812,310.5335693359375,392.9969787597656,101.13133239746094,86.53433227539062
2022-05-04,24.729320526123047,38.88103485107422,61.131492614746094,175.8000030517578,89.8940658569336,183.3075408935547,321.03326416015625,404.9649353027344,101.68855285644531,87.5286865234375
2022-05-05,24.598800659179688,37.44633865356445,59.16315460205078,175.1300048828125,88.99250030517578,175.87181091308594,304.8647766113281,390.5712890625,98.9024429321289,85.1944808959961
2022-05-06,24.62490463256836,36.93202209472656,58.58833312988281,175.4199981689453,88.48479461669922,172.9449005126953,301.2121887207031,388.2400207519531,97.44507598876953,84.18327331542969
2022-05-09,23.511127471923828,35.86727523803711,56.82032012939453,172.8800048828125,89.14129638671875,165.67015075683594,289.4267272949219,375.80963134765625,98.30233764648438,80.4754867553711
2022-05-10,23.371906280517578,36.03871536254883,57.247093200683594,171.4199981689453,89.43891143798828,165.71749877929688,292.9429016113281,376.6779479980469,99.19390869140625,79.00923156738281
2022-05-11,23.946197509765625,35.786067962646484,56.907413482666016,172.82000732421875,89.99037170410156,161.5970916748047,284.2547912597656,370.6940612792969,101.10560607910156,78.84071350097656
2022-05-12,24.059314727783203,35.55146789550781,56.768062591552734,170.1699981689453,90.28791809082031,163.49156188964844,283.5826721191406,370.3070068359375,100.9169921875,79.45586395263672
2022-05-13,24.389968872070312,36.534996032714844,58.34446716308594,168.7899932861328,89.8153076171875,168.67288208007812,294.0921936035156,379.1602478027344,99.42533111572266,81.55411529541016
2022-05-16,24.79022979736328,36.390628814697266,58.396728515625,170.39999389648438,90.19166564941406,167.86773681640625,290.6832580566406,377.6217956542969,99.3224868774414,81.04007720947266
2022-05-17,24.520488739013672,37.28391647338867,59.48540496826172,169.3300018310547,89.50895690917969,173.00173950195312,298.2122497558594,385.3896789550781,98.12229919433594,82.14398956298828
2022-05-18,23.989702224731445,36.390628814697266,58.065765380859375,169.4199981689453,90.14791107177734,166.93943786621094,283.57293701171875,369.85394287109375,100.21400451660156,79.75920867919922
2022-05-19,24.294252395629883,36.968116760253906,58.6231689453125,171.91000366210938,90.47177124023438,167.2141571044922,282.053466796875,367.5887145996094,100.45407104492188,79.40530395507812
2022-05-20,24.329057693481445,37.12150192260742,59.023799896240234,172.02999877929688,90.89190673828125,166.78790283203125,281.1769104003906,367.7492370605469,101.59423065185547,79.91089630126953
2022-05-23,24.51178741455078,37.40122604370117,60.025394439697266,172.8300018310547,90.3404769897461,168.8054962158203,285.8521423339844,374.62982177734375,99.92253875732422,80.83785247802734
2022-05-24,24.494382858276367,36.751548767089844,59.929588317871094,174.1300048828125,91.1195068359375,166.30477905273438,279.7743225097656,371.7699890136719,101.894287109375,81.5204086303711
2022-05-25,24.668413162231445,36.93202209472656,59.9470100402832,173.0800018310547,91.3033218383789,169.29803466796875,283.6898498535156,375.0545349121094,102.29718017578125,82.21139526367188
2022-05-26,24.938154220581055,37.50950241088867,60.608924865722656,172.75999450683594,91.2595443725586,173.07749938964844,291.5500183105469,382.54864501953125,101.83425903320312,82.31253814697266
2022-05-27,25.2340030670166,37.94261169433594,61.34050750732422,172.85000610351562,91.39083099365234,177.7378387451172,301.066162109375,391.9399108886719,102.08287811279297,84.52033996582031
2022-05-31,25.059972763061523,38.4749870300293,60.97471618652344,171.13999938964844,90.43678283691406,175.5308074951172,300.2674865722656,389.7407531738281,99.92253875732422,83.48383331298828
2022-06-01,25.181793212890625,38.204288482666016,60.33021926879883,172.22999572753906,89.92756652832031,174.5362091064453,298.0466613769531,386.58831787109375,99.808349609375,82.79285430908203
2022-06-02,25.756084442138672,38.862979888916016,61.58437728881836,174.35000610351562,90.05901336669922,178.79872131347656,306.2088928222656,393.9504089355469,99.85987854003906,83.93045806884766
2022-06-03,25.99972152709961,38.231361389160156,60.70473098754883,172.5800018310547,89.88374328613281,177.1884307861328,298.2415466308594,387.4849853515625,99.64518737792969,82.80970001220703
2022-06-06,26.112838745117188,38.43889236450195,60.948604583740234,171.82000732421875,89.20891571044922,177.95571899414062,299.23492431640625,388.664794921875,97.8073501586914,82.5484848022461
2022-06-07,26.286869049072266,38.55619430541992,61.131492614746094,172.94000244140625,89.56826782226562,180.8258514404297,301.81610107421875,392.3929443359375,98.86369323730469,83.68609619140625
2022-06-08,26.521804809570312,38.76372528076172,60.2779541015625,172.77999877929688,89.23517608642578,178.03150939941406,299.6441345214844,388.1268005371094,97.98770904541016,81.75636291503906
2022-06-09,26.5653133392334,37.846466064453125,59.012088775634766,172.22999572753906,89.15631866455078,174.34092712402344,291.6181945800781,378.89599609375,98.31404113769531,79.8182144165039
2022-06-10,26.304269790649414,37.427860260009766,57.58775329589844,174.5399932861328,88.2799301147461,169.6112518310547,281.3326416015625,367.90972900390625,97.7043228149414,78.04859161376953
2022-06-13,26.008424758911133,36.11748123168945,55.682701110839844,169.92999267578125,86.711181640625,161.64303588867188,268.2518005371094,353.9407653808594,94.63843536376953,74.1469955444336
2022-06-14,25.721281051635742,36.617977142333984,55.157474517822266,168.57000732421875,86.01882934570312,160.8643035888672,268.73883056640625,352.874267578125,93.44471740722656,73.5823974609375
2022-06-15,25.73868179321289,37.10026550292969,56.19011306762695,170.77000427246094,87.21947479248047,163.2196044921875,275.44970703125,357.9049377441406,95.1880874633789,75.32675170898438
2022-06-16,25.85179901123047,35.9627799987793,54.95272445678711,172.69000244140625,87.78915405273438,155.65980529785156,264.3362731933594,346.05975341796875,95.94377899169922,73.3464584350586
2022-06-17,24.929452896118164,36.099281311035156,54.73017120361328,171.27000427246094,87.8154296875,156.87542724609375,267.5504150390625,346.8057556152344,96.25296783447266,73.90263366699219
2022-06-21,24.86854362487793,36.68168258666992,55.55807113647461,170.6300048828125,87.35971069335938,159.68661499023438,274.30059814453125,355.5360412597656,94.62126922607422,74.93069458007812
2022-06-22,24.424772262573242,36.026485443115234,55.18418502807617,171.30999755859375,88.46398162841797,159.38272094726562,273.90057373046875,354.8915100097656,97.22339630126953,75.88291931152344
2022-06-23,23.8765869140625,36.135677337646484,55.121864318847656,170.25999450683594,88.96355438232422,161.2916717529297,277.97979736328125,358.370361328125,98.02206420898438,77.32457733154297
2022-06-24,24.10282325744629,36.99106979370117,56.76874542236328,170.08999633789062,88.64798736572266,166.28721618652344,287.50433349609375,369.764404296875,96.6651840209961,78.96980285644531
2022-06-27,24.05061149597168,37.036563873291016,56.52839660644531,169.89999389648438,88.14849090576172,166.9044952392578,285.39642333984375,368.3519592285156,95.84075164794922,78.85106658935547
2022-06-28,24.337757110595703,36.8090705871582,56.14560317993164,169.6199951171875,88.26241302490234,163.77041625976562,276.7013854980469,360.82550048828125,96.28732299804688,77.89276123046875
2022-06-29,23.92009162902832,36.663475036621094,55.93196105957031,169.49000549316406,88.97232055664062,162.1083984375,276.9550476074219,360.53155517578125,97.79019927978516,77.40939331054688
2022-06-30,23.18047332763672,36.490577697753906,55.62928771972656,168.4600067138672,89.6558837890625,160.84527587890625,273.5198974609375,357.60260009765625,98.64898681640625,77.2652359008789
2022-07-01,23.29359245300293,36.26307678222656,55.7628173828125,168.32000732421875,90.6169662475586,162.79220581054688,275.3253479003906,361.3847351074219,99.66179656982422,78.65602111816406
2022-07-05,21.727344512939453,35.98098373413086,54.5699348449707,164.75,90.95054626464844,164.14080810546875,280.0389099121094,362.0672912597656,100.4448471069336,78.43553924560547
2022-07-06,21.405393600463867,35.762577056884766,54.61444091796875,162.13999938964844,90.17813110351562,162.9252166748047,281.8345031738281,363.29010009765625,98.75827026367188,78.2913589477539
2022-07-07,22.29293441772461,36.481483459472656,55.44234085083008,162.22999572753906,89.62519073486328,166.7810516357422,287.865478515625,368.7311096191406,97.88919067382812,78.50336456298828
2022-07-08,22.68449592590332,36.481483459472656,55.5046501159668,162.3000030517578,89.08099365234375,166.76206970214844,288.2265319824219,368.4278259277344,96.8049545288086,78.08782958984375
2022-07-11,22.640993118286133,35.50779342651367,54.60554504394531,161.42999267578125,89.78315734863281,163.40951538085938,282.0686950683594,364.2190856933594,98.47431945800781,77.91822052001953
2022-07-12,21.614225387573242,35.37128829956055,54.59664535522461,160.8300018310547,89.9937973022461,162.84921264648438,279.3362121582031,360.9960632324219,99.05946350097656,77.6129150390625
2022-07-13,21.736045837402344,35.28938293457031,54.5699348449707,161.60000610351562,90.3800048828125,162.70675659179688,278.76043701171875,359.1003112792969,100.19527435302734,77.23977661132812
2022-07-14,21.53591537475586,34.970890045166016,53.80434799194336,159.3300018310547,89.87969970703125,161.0352325439453,279.7558898925781,358.22821044921875,99.37783813476562,76.54439544677734
2022-07-15,21.814359664916992,35.152889251708984,54.658958435058594,159.00999450683594,90.1869125366211,164.38775634765625,284.8304748535156,365.0721435546875,99.9371337890625,77.84188842773438
2022-07-18,22.223323822021484,35.398590087890625,54.88151168823242,159.16000366210938,89.923583984375,163.9224090576172,282.41998291015625,362.0577697753906,98.89595031738281,77.29066467285156
2022-07-19,22.31033706665039,35.98098373413086,56.3770637512207,159.5399932861328,89.51106262207031,169.70620727539062,291.1053161621094,371.84027099609375,98.36241149902344,79.29203796386719
2022-07-20,22.29293441772461,35.8262825012207,56.003173828125,158.0399932861328,89.42328643798828,172.36541748046875,295.7212219238281,374.2100524902344,98.62057495117188,79.1054916381836
2022-07-21,21.91877555847168,36.23577880859375,56.581809997558594,160.27000427246094,90.44147491455078,173.2486572265625,299.9663391113281,378.0207824707031,100.32434844970703,79.73302459716797
2022-07-22,21.65773582458496,35.87178039550781,56.43938064575195,160.6699981689453,91.4771728515625,170.4849395751953,294.7064208984375,374.51336669921875,102.01092529296875,80.14857482910156
2022-07-25,22.04929542541504,35.99918746948242,56.875579833984375,160.22999572753906,91.15239715576172,171.36822509765625,293.0278015136719,374.9684143066406,101.01274108886719,80.28425598144531
2022-07-26,22.092802047729492,35.71708297729492,56.08329391479492,160.0399932861328,91.1875228881836,170.31402587890625,287.27008056640625,370.5321044921875,101.09017944335938,80.36907196044922
2022-07-27,22.59748077392578,36.381378173828125,57.409698486328125,161.6699981689453,91.3718490600586,174.18894958496094,299.41015625,380.1535949707031,100.52229309082031,80.85243225097656
2022-07-28,22.614885330200195,36.536075592041016,57.7034797668457,163.63999938964844,92.27590942382812,176.58221435546875,302.3377380371094,384.9216613769531,101.32251739501953,83.47288513183594
2022-07-29,22.719301223754883,36.36317443847656,58.50466537475586,164.10000610351562,92.31103515625,177.8358612060547,307.8514404296875,390.5332946777344,101.04715728759766,83.92234802246094
2022-08-01,22.258127212524414,36.053775787353516,58.584781646728516,165.02999877929688,92.85089874267578,177.7693634033203,307.6659851074219,389.37677001953125,103.48072052001953,83.2439193725586
2022-08-02,22.1450138092041,35.88087844848633,57.650054931640625,164.0500030517578,91.5671615600586,177.59841918945312,306.74871826171875,386.80792236328125,101.2911376953125,82.1753921508789
2022-08-03,21.95357894897461,36.16297912597656,57.988338470458984,164.4499969482422,91.94525909423828,180.21014404296875,315.1022644042969,392.86517333984375,102.88591766357422,82.43830108642578
2022-08-04,21.718645095825195,36.41777420043945,58.28211212158203,167.1699981689453,92.41126251220703,179.83029174804688,316.5758361816406,392.5997314453125,102.85144805908203,82.31108856201172
2022-08-05,21.64033317565918,36.45417022705078,57.87261962890625,165.2899932861328,91.07476806640625,181.20738220214844,313.98974609375,391.9361572265625,100.40320587158203,82.54004669189453
2022-08-08,21.90137481689453,36.49968338012695,58.00615310668945,166.69000244140625,91.61112976074219,183.12583923339844,312.9748840332031,391.481201171875,102.02386474609375,83.2778549194336
2022-08-09,22.0841007232666,36.36317443847656,57.6945686340332,167.1999969482422,91.33855438232422,180.6280517578125,309.4323425292969,389.9266052246094,101.62732696533203,83.73580169677734
2022-08-10,22.388648986816406,36.818172454833984,58.99427795410156,166.77999877929688,91.39131927490234,185.78500366210938,318.06890869140625,398.1166687011719,100.9635238647461,85.00786590576172
2022-08-11,22.823719024658203,36.96377182006836,58.97648239135742,166.33999633789062,90.78462219238281,186.4783477783203,316.2635498046875,398.1166687011719,98.61016082763672,84.80433654785156
2022-08-12,22.701900482177734,37.355064392089844,59.43049621582031,167.8699951171875,91.1451187133789,190.2867431640625,322.42138671875,404.8563232421875,99.61009979248047,86.26296997070312
2022-08-15,22.4234561920166,37.18217086791992,59.074405670166016,165.7100067138672,91.43526458740234,190.96107482910156,325.0270080566406,406.524658203125,99.5239028930664,86.61066436767578
2022-08-16,22.171113967895508,37.17306900024414,59.05659484863281,165.4199981689453,91.32975006103516,190.88507080078125,324.2657775878906,407.3209533691406,99.93767547607422,86.3816909790039
2022-08-17,22.258127212524414,37.01836395263672,58.584781646728516,164.35000610351562,90.71426391601562,187.6750030517578,320.56719970703125,404.42974853515625,98.89460754394531,85.86437225341797
2022-08-18,22.59748077392578,36.8090705871582,58.388938903808594,163.9199981689453,90.8901138305664,188.9191131591797,321.3382263183594,405.605224609375,99.0411376953125,85.29618835449219
2022-08-19,22.58877944946289,36.30857849121094,57.58775329589844,162.72000122070312,90.10758209228516,184.86380004882812,315.0729675292969,400.15472412109375,97.44637298583984,84.39726257324219
2022-08-22,22.78891372680664,35.990081787109375,56.608516693115234,161.63999938964844,89.7119140625,181.05538940429688,306.7779541015625,391.82244873046875,97.1187973022461,82.55701446533203
2022-08-23,23.16307258605957,36.181182861328125,56.63522720336914,162.77000427246094,89.4920883178711,181.34983825683594,306.52435302734375,390.87451171875,96.5843276977539,81.49695587158203
2022-08-24,23.40671157836914,36.17207336425781,56.70643997192383,163.25,89.193115234375,182.73643493652344,307.412353515625,392.12579345703125,95.87742614746094,81.96339416503906
2022-08-25,23.076059341430664,36.95466995239258,57.32958984375,163.75,89.7646255493164,185.57611083984375,312.84796142578125,397.66162109375,97.2136001586914,83.18456268310547
2022-08-26,23.17177391052246,36.40867614746094,55.825130462646484,161.75999450683594,89.65914154052734,179.4788818359375,300.0248718261719,384.201171875,97.94638061523438,81.08990478515625
2022-08-29,23.511127471923828,36.181182861328125,55.70050048828125,161.86000061035156,89.14915466308594,177.8263702392578,297.0679931640625,381.6607666015625,97.13603210449219,80.36058807373047
2022-08-30,22.858524322509766,35.753482818603516,55.29990005493164,160.50999450683594,89.12278747558594,175.3380584716797,293.7597961425781,377.4709167480469,97.37739562988281,79.24962615966797
2022-08-31,22.379947662353516,35.88087844848633,54.92601776123047,159.27000427246094,88.7535171508789,174.27439880371094,292.0519714355469,374.5987854003906,96.44638061523438,78.87651824951172
2022-09-01,21.90137481689453,35.598785400390625,54.18714141845703,157.8699951171875,88.04792022705078,172.3749237060547,292.17877197265625,375.7742004394531,94.68061828613281,79.02066802978516
2022-09-02,22.04929542541504,35.27119064331055,53.831058502197266,159.25999450683594,88.54118347167969,171.0358123779297,288.05078125,371.8118591308594,95.21624755859375,77.91822052001953
2022-09-06,21.91877555847168,34.852596282958984,53.69752502441406,158.3300018310547,87.55469512939453,169.34530639648438,285.9819641113281,370.408935546875,92.85784149169922,78.6220932006836
2022-09-07,21.396692276000977,35.161991119384766,54.16933822631836,159.94000244140625,88.127197265625,173.03024291992188,291.7591552734375,377.0633544921875,94.32643127441406,80.15705871582031
2022-09-08,21.483705520629883,34.970890045166016,54.20494842529297,158.97999572753906,87.80132293701172,174.47381591796875,293.2718200683594,379.5279235839844,93.35890197753906,80.37754821777344
2022-09-09,22.092802047729492,35.489585876464844,55.58477783203125,159.82000732421875,87.81012725830078,177.97830200195312,299.68328857421875,385.4239807128906,93.56623077392578,81.25102233886719
2022-09-12,22.39735221862793,36.01738357543945,56.359256744384766,160.6300048828125,87.59872436523438,180.13417053222656,303.24530029296875,389.5664367675781,92.79737091064453,82.0396957397461
2022-09-13,22.28423500061035,34.90719223022461,54.400794982910156,158.5399932861328,87.10546112060547,173.08721923828125,286.6163024902344,372.6271057128906,93.01333618164062,78.9019546508789
2022-09-14,22.379947662353516,35.08008575439453,54.57883834838867,157.92999267578125,87.14955139160156,173.76158142089844,288.89013671875,374.0489196777344,93.3329849243164,78.00303649902344
2022-09-15,21.727344512939453,34.706993103027344,54.09811782836914,154.97999572753906,86.85004425048828,172.4984130859375,284.0790100097656,369.8022155761719,93.27250671386719,76.56135559082031
2022-09-16,21.649030685424805,34.38850021362305,53.768741607666016,155.83999633789062,86.92049407958984,169.99110412597656,282.3420104980469,366.9810485839844,92.4950180053711,76.56982421875
2022-09-19,21.718645095825195,34.49769592285156,53.9556884765625,155.9600067138672,86.6738510131836,171.4442138671875,284.5406188964844,369.8270263671875,92.71097564697266,76.45957946777344
2022-09-20,21.69253921508789,34.30659866333008,53.03877639770508,155.07000732421875,86.13655853271484,169.1078643798828,282.2725524902344,365.5819091796875,91.78665161132812,74.60237121582031
2022-09-21,21.56201934814453,33.733306884765625,52.34440231323242,155.7899932861328,86.48006439208984,166.5246124267578,277.2181701660156,359.2048034667969,93.32433319091797,73.423583984375
2022-09-22,21.622928619384766,33.56950759887695,52.19306945800781,155.6999969482422,85.17643737792969,162.77320861816406,273.80621337890625,356.1874694824219,90.94005584716797,72.4907455444336
2022-09-23,20.892013549804688,32.741416931152344,50.528377532958984,153.00999450683594,85.28213500976562,158.89837646484375,269.34814453125,350.2195739746094,91.31150817871094,71.5272216796875
2022-09-26,20.404735565185547,32.34102249145508,49.78059768676758,151.22999572753906,83.86400604248047,156.7227325439453,268.23370361328125,346.75506591796875,89.56651306152344,69.52128601074219
2022-09-27,20.622270584106445,32.30462646484375,49.442317962646484,151.5399932861328,83.29145050048828,157.25732421875,268.3412780761719,345.86993408203125,87.20809936523438,68.5954818725586
2022-09-28,21.19655990600586,32.586727142333984,50.63520050048828,154.69000244140625,85.16764831542969,162.23097229003906,273.6790771484375,352.6753234863281,90.12804412841797,70.01848602294922
2022-09-29,21.066038131713867,31.858726501464844,50.038761138916016,154.66000366210938,84.77124786376953,158.5938262939453,265.7895812988281,345.30828857421875,89.66149139404297,67.96112823486328
2022-09-30,20.80500030517578,31.740432739257812,49.860713958740234,154.6699981689453,84.55107116699219,157.43869018554688,261.2827453613281,339.9686279296875,88.50393676757812,68.72408294677734
2022-10-03,21.274873733520508,32.25912094116211,50.84885025024414,158.42999267578125,85.55449676513672,161.6104736328125,267.4124450683594,348.9442138671875,89.91020202636719,69.94990539550781
2022-10-04,21.849166870117188,33.31471252441406,52.88743209838867,160.6999969482422,85.73100280761719,168.01609802246094,275.8201599121094,359.7568054199219,89.65907287597656,71.36434173583984
2022-10-05,22.240726470947266,33.332908630371094,52.32660675048828,159.80999755859375,84.91908264160156,166.7750701904297,275.6734619140625,358.9192199707031,88.80184936523438,69.96704864501953
2022-10-06,22.379947662353516,33.13270950317383,51.40968322753906,159.6300048828125,84.4513168334961,165.8395233154297,273.503173828125,355.2166442871094,88.30823516845703,68.0211410522461
2022-10-07,22.614885330200195,32.44112014770508,50.5906982421875,157.8800048828125,84.0365219116211,160.9613037109375,263.0815734863281,345.30828857421875,87.45096588134766,66.38383483886719
2022-10-10,22.362546920776367,31.986125946044922,50.30582046508789,155.47999572753906,83.54231262207031,160.06394958496094,260.45172119140625,342.6717834472656,86.09142303466797,65.758056640625
2022-10-11,22.04059410095215,31.476530075073242,49.7538948059082,155.16000366210938,83.75411987304688,160.11166381835938,256.87359619140625,340.5016174316406,86.47244262695312,66.42670440673828
2022-10-12,22.04059410095215,31.51293182373047,49.593650817871094,155.99000549316406,84.0277099609375,159.6725616455078,256.78558349609375,339.3784484863281,86.89673614501953,65.73236846923828
2022-10-13,22.345144271850586,31.60393714904785,50.61739730834961,154.91000366210938,83.6746826171875,163.62474060058594,262.8078308105469,348.3350524902344,86.06542205810547,66.93246459960938
2022-10-14,21.90137481689453,31.130741119384766,49.860713958740234,152.97999572753906,83.2069320678711,159.24298095703125,254.908447265625,340.3970031738281,85.35539245605469,65.26944732666016
2022-10-17,21.849166870117188,31.986125946044922,51.08920669555664,153.4199981689453,83.29518127441406,164.3216552734375,263.3259582519531,349.1441650390625,84.93972778320312,67.72969055175781
2022-10-18,21.614225387573242,31.99522590637207,51.45418930053711,153.75,83.50701141357422,166.2691192626953,265.4083557128906,353.2464599609375,85.13893127441406,68.46690368652344
2022-10-19,21.605525970458984,31.412837982177734,50.82215118408203,151.69000244140625,82.63326263427734,163.44338989257812,264.4404602050781,350.7431945800781,83.5888900756836,66.76100158691406
2022-10-20,21.622928619384766,31.613035202026367,50.706417083740234,151.4499969482422,82.01547241210938,161.36228942871094,263.0912780761719,347.80206298828125,82.16007232666016,66.46956634521484
2022-10-21,21.649030685424805,32.0953254699707,51.62333297729492,154.14999389648438,82.2008285522461,164.8657989501953,269.26025390625,356.25421142578125,80.6793212890625,66.99248504638672
2022-10-24,21.709941864013672,30.87593650817871,51.632240295410156,153.64999389648438,82.09491729736328,165.57223510742188,272.2223815917969,360.61346435546875,80.01254272460938,66.98389434814453
2022-10-25,21.831762313842773,31.130741119384766,52.77170944213867,154.0,83.1186752319336,170.08767700195312,277.8536071777344,366.3719482421875,82.34191131591797,69.61558532714844
2022-10-26,22.240726470947266,31.64033317565918,53.270225524902344,154.97999572753906,83.54231262207031,170.92774963378906,271.714111328125,363.6116943359375,83.52824401855469,69.57273864746094
2022-10-27,22.275531768798828,31.394636154174805,52.77170944213867,154.74000549316406,84.13362121582031,170.96592712402344,266.76727294921875,361.66998291015625,84.40286254882812,69.67559051513672
2022-10-28,22.014490127563477,31.203536987304688,53.296932220458984,153.16000366210938,83.70111846923828,174.85130310058594,274.9305114746094,370.2742919921875,83.82267761230469,71.21002960205078
2022-10-31,21.857866287231445,31.112537384033203,52.79841613769531,151.91000366210938,83.32166290283203,175.01356506347656,271.733642578125,367.5997009277344,83.22518920898438,71.13289642333984
2022-11-01,22.188518524169922,31.685832977294922,53.21681213378906,153.4600067138672,83.30662536621094,175.2522430419922,268.95709228515625,365.9911804199219,84.00297546386719,71.107177734375
2022-11-02,22.388648986816406,31.421934127807617,52.44232940673828,152.38999938964844,83.16513061523438,169.4385223388672,259.7380065917969,356.80621337890625,83.63838195800781,69.15267181396484
2022-11-03,22.371244430541992,31.60393714904785,51.997222900390625,151.80999755859375,82.80252075195312,168.302490234375,254.6641082763672,353.1322326660156,83.1869888305664,69.05838775634766
2022-11-04,23.128267288208008,32.941619873046875,54.080318450927734,156.47000122070312,82.62559509277344,170.5745086669922,258.7603759765625,358.21490478515625,81.78939819335938,70.00135803222656
2022-11-07,22.92813491821289,32.959815979003906,54.249454498291016,155.85000610351562,82.33373260498047,171.34774780273438,261.6053161621094,361.6414489746094,80.97338104248047,70.00135803222656
2022-11-08,22.649690628051758,33.19641876220703,54.86370086669922,159.4499969482422,82.882080078125,171.41456604003906,263.5116882324219,363.59259033203125,81.85884094238281,70.21566009521484
2022-11-09,22.127609252929688,32.62311553955078,54.09811782836914,158.64999389648438,83.16513061523438,166.70822143554688,257.4308166503906,356.1018981933594,82.12796020507812,69.49556732177734
2022-11-10,22.327741622924805,33.80610656738281,57.13373947143555,163.47999572753906,85.0312728881836,176.97059631347656,276.4262390136719,375.671142578125,85.28770446777344,74.5789566040039
2022-11-11,22.754108428955078,34.72520065307617,58.27321243286133,164.55999755859375,84.85443878173828,178.421630859375,281.519775390625,379.30712890625,84.97521209716797,74.57039642333984
2022-11-14,22.41475486755371,34.515899658203125,57.65896224975586,164.9199981689453,84.6510009765625,176.42642211914062,279.05609130859375,376.0804138183594,84.76688385009766,72.7530517578125
2022-11-15,22.67579460144043,35.30759048461914,58.041751861572266,165.5,85.27896118164062,179.04212951660156,282.91778564453125,379.28802490234375,86.138427734375,73.54171752929688
2022-11-16,22.4234561920166,34.7433967590332,57.90822982788086,165.1199951171875,85.90691375732422,175.89181518554688,279.05609130859375,376.39447021484375,88.02214050292969,72.87306213378906
2022-11-17,22.04929542541504,34.80709457397461,57.88151168823242,163.9199981689453,85.32317352294922,174.25942993164062,278.4401550292969,375.2427978515625,87.0932846069336,72.3758773803711
2022-11-18,21.892669677734375,34.606895446777344,57.997249603271484,162.7899932861328,85.02244567871094,175.38587951660156,278.4499206542969,376.946533203125,86.49433135986328,73.29310607910156
2022-11-21,21.814359664916992,34.17010498046875,57.5610466003418,161.8800048828125,84.96939849853516,174.4694061279297,275.5854797363281,375.575927734375,86.85890197753906,73.67887115478516
2022-11-22,22.04059410095215,34.25200653076172,58.36223220825195,162.07000732421875,85.4558334350586,176.3309783935547,279.55462646484375,380.630126953125,88.09156799316406,74.08175659179688
2022-11-23,21.736045837402344,34.53409957885742,59.00318908691406,163.0800018310547,85.91576385498047,176.78919982910156,282.3604431152344,383.0286865234375,89.62804412841797,74.14176940917969
2022-11-25,21.54461669921875,34.370304107666016,59.30585861206055,163.22000122070312,85.88923645019531,177.1614990234375,280.50299072265625,382.94305419921875,89.32422637939453,74.61324310302734
2022-11-28,21.41409683227539,34.21559524536133,58.54027557373047,161.92999267578125,85.92461395263672,173.59117126464844,276.3871765136719,376.8323669433594,89.5759506225586,72.61589813232422
2022-11-29,21.69253921508789,34.952693939208984,58.709407806396484,162.72999572753906,85.56197357177734,174.09713745117188,274.2950134277344,376.18511962890625,88.52561950683594,73.81603240966797
2022-11-30,22.17981719970703,35.9627799987793,59.75096130371094,164.80999755859375,86.33145141601562,178.8703155517578,286.7989196777344,388.03515625,89.1766357421875,75.50476837158203
2022-12-01,22.066699981689453,35.844482421875,60.32958984375,167.83999633789062,87.2743911743164,178.47889709472656,287.1509094238281,387.7496337890625,92.02546691894531,75.34188842773438
2022-12-02,21.831762313842773,35.98098373413086,60.285091400146484,167.25999450683594,87.45162963867188,179.5194854736328,286.00714111328125,387.30224609375,93.18275451660156,75.1189956665039
2022-12-05,21.266172409057617,35.57148742675781,59.492801666259766,164.38999938964844,86.56539154052734,174.574462890625,281.2068786621094,380.3349914550781,91.87755584716797,73.7474365234375
2022-12-06,20.92681884765625,35.52598571777344,59.22573471069336,164.83999633789062,87.09715270996094,171.90145874023438,275.3801574707031,374.8526306152344,93.06095123291016,73.05307006835938
2022-12-07,20.822399139404297,35.31669235229492,59.22573471069336,166.3300018310547,87.85929107666016,171.39547729492188,274.2558898925781,374.2148742675781,95.25367736816406,73.19881439208984
2022-12-08,20.787595748901367,35.744384765625,59.528411865234375,166.47000122070312,87.36298370361328,172.6365203857422,277.50164794921875,377.14642333984375,94.99264526367188,73.71315002441406
2022-12-09,20.813701629638672,35.50779342651367,59.56402587890625,167.05999755859375,86.71607208251953,170.51722717285156,275.732177734375,374.3290710449219,92.52144622802734,73.57598876953125
2022-12-12,21.039936065673828,35.398590087890625,59.742061614990234,165.67999267578125,86.59197235107422,172.52195739746094,279.19293212890625,379.72589111328125,92.81729125976562,74.14176940917969
2022-12-13,21.387990951538086,35.65172576904297,60.589359283447266,168.50999450683594,87.37183380126953,173.95094299316406,282.1943054199219,382.600341796875,93.71354675292969,75.5133285522461
2022-12-14,21.55331802368164,35.67020797729492,60.53573989868164,168.10000610351562,87.61115264892578,172.8096923828125,280.1021728515625,380.1541748046875,94.11381530761719,74.99899291992188
2022-12-15,21.29227638244629,34.84797286987305,58.98949432373047,165.35000610351562,87.78163146972656,168.484375,270.69732666015625,370.8549499511719,94.48103332519531,73.99602508544922
2022-12-16,21.022533416748047,34.9495964050293,58.47110366821289,166.7899932861328,87.5596694946289,167.22804260253906,268.1163635253906,366.4765319824219,93.42557525634766,72.08441162109375
2022-12-19,20.983139038085938,34.9773063659668,58.32810592651367,166.32000732421875,86.84928894042969,164.96470642089844,264.348388671875,363.3689880371094,91.85557556152344,71.16718292236328
2022-12-20,21.079435348510742,34.96806716918945,58.560482025146484,169.0800018310547,86.21883392333984,165.83746337890625,264.1426086425781,363.86627197265625,90.22447967529297,70.9871597290039
2022-12-21,21.350805282592773,35.282188415527344,59.168251037597656,168.8000030517578,86.32539367675781,168.69540405273438,267.97430419921875,369.306884765625,90.45126342773438,71.59578704833984
2022-12-22,21.079435348510742,34.96806716918945,58.68561553955078,166.75999450683594,86.29875183105469,166.48959350585938,261.41827392578125,364.0383605957031,90.4338150024414,71.29500579833984
2022-12-23,21.4646053314209,34.921875,58.89118194580078,167.25999450683594,85.90806579589844,167.24720764160156,262.0062255859375,366.13238525390625,89.1080093383789,71.92962646484375
2022-12-27,21.657190322875977,35.43923568725586,58.980560302734375,168.6699981689453,85.1888656616211,166.1251678466797,258.3019104003906,364.6885986328125,87.34607696533203,71.90354919433594
2022-12-28,21.412080764770508,34.921875,58.35491943359375,167.91000366210938,84.9846420288086,163.54534912109375,254.89157104492188,360.1562194824219,86.83147430419922,70.67776489257812
2022-12-29,21.385820388793945,35.50390625,59.2755012512207,168.85000610351562,85.40193176269531,167.68841552734375,261.1046447753906,366.63916015625,87.81710052490234,72.2251968383789
2022-12-30,21.578407287597656,35.01426315307617,58.66773986816406,169.63999938964844,85.04676818847656,167.2184600830078,260.9478759765625,365.67340087890625,86.84017944335938,71.70359802246094
2023-01-03,21.061925888061523,35.309898376464844,59.186134338378906,171.05999755859375,85.71269989013672,166.2977752685547,259.1839294433594,364.1339416503906,88.49745178222656,71.77313232421875
2023-01-04,20.68550682067871,36.37233352661133,59.97265625,172.6699981689453,86.36978149414062,168.36932373046875,260.41864013671875,366.9451599121094,89.7098617553711,73.39881896972656
2023-01-05,20.580461502075195,36.261470794677734,59.37382507324219,170.52000427246094,86.24549102783203,166.56631469726562,256.3419494628906,362.75701904296875,90.08492279052734,71.42539978027344
2023-01-06,20.69426155090332,37.01903533935547,60.893245697021484,173.7100067138672,87.35541534423828,170.30661010742188,263.41741943359375,371.07586669921875,91.7421875,73.34666442871094
2023-01-09,20.93937110900879,37.29619598388672,61.15245056152344,174.10000610351562,87.577392578125,170.5942840576172,265.12255859375,370.8655090332031,92.23064422607422,73.37274169921875
2023-01-10,20.93937110900879,37.56411361694336,61.33120346069336,174.74000549316406,87.02684020996094,173.11656188964844,267.36669921875,373.46624755859375,90.70419311523438,73.53790283203125
2023-01-11,21.31578826904297,37.721168518066406,61.79597473144531,174.6199951171875,87.5862808227539,175.27442932128906,271.99212646484375,378.1898498535156,92.17829895019531,76.17202758789062
2023-01-12,21.490867614746094,37.905941009521484,62.707618713378906,176.63999938964844,88.36768341064453,178.21868896484375,273.462158203125,379.5667724609375,93.99259185791016,77.13700103759766
2023-01-13,21.700963973999023,38.15538024902344,63.038326263427734,178.75999450683594,87.89706420898438,179.38868713378906,275.3436584472656,381.0392761230469,93.11161041259766,76.65885162353516
2023-01-17,21.84977912902832,37.942901611328125,63.23495864868164,177.58999633789062,87.62178802490234,179.1681365966797,275.9023132324219,380.34130859375,92.50972747802734,76.87620544433594
2023-01-18,21.61342430114746,37.68421936035156,63.011505126953125,177.0800018310547,88.81166076660156,176.27183532714844,272.31561279296875,374.33642578125,94.75140380859375,75.75473022460938
2023-01-19,21.832271575927734,37.97060775756836,62.9131965637207,179.88999938964844,88.64293670654297,174.5839080810547,269.6402587890625,371.61138916015625,94.15827941894531,75.33745574951172
2023-01-20,21.963579177856445,38.552642822265625,63.467342376708984,179.2899932861328,88.056884765625,177.4610595703125,277.0193786621094,378.5340270996094,92.63188171386719,76.23287963867188
2023-01-23,22.016101837158203,38.82979965209961,63.72653579711914,179.6300048828125,87.77275085449219,179.6572265625,283.17364501953125,383.075927734375,92.19573974609375,76.58061981201172
2023-01-24,21.8935489654541,38.85751724243164,63.646095275878906,180.27999877929688,88.27888488769531,179.27362060546875,282.59552001953125,382.664794921875,93.52154541015625,76.7718734741211
2023-01-25,21.832271575927734,38.89446258544922,64.06616973876953,181.11000061035156,88.37654113769531,179.77232360839844,281.96832275390625,382.8081970214844,93.74833679199219,76.806640625
2023-01-26,21.928564071655273,39.264015197753906,64.11979675292969,179.47000122070312,88.056884765625,180.83685302734375,287.4659729003906,387.01544189453125,93.31222534179688,77.66730499267578
2023-01-27,21.683454513549805,39.07924270629883,63.99466323852539,179.22000122070312,87.9236831665039,181.8150634765625,290.3274841308594,387.9046325683594,93.07671356201172,78.5366439819336
2023-01-30,21.403329849243164,38.29396438598633,63.58353042602539,178.75999450683594,87.64842987060547,179.28323364257812,284.4574279785156,383.0377197265625,92.73654174804688,77.53689575195312
2023-01-31,21.770994186401367,38.2108154296875,63.949981689453125,179.41000366210938,88.09239959716797,183.6372528076172,288.7203369140625,388.6695861816406,93.4779281616211,79.16256713867188
2023-02-01,21.359560012817383,38.681983947753906,64.52200317382812,181.6699981689453,88.72598266601562,186.5240020751953,294.894287109375,392.80035400390625,94.6016616821289,79.64942169189453
2023-02-02,21.201988220214844,38.451019287109375,64.43260955810547,177.89999389648438,88.69037628173828,190.19711303710938,305.4779357910156,398.5183410644531,94.7240982055664,81.4576416015625
2023-02-03,20.667999267578125,37.767364501953125,63.83378601074219,173.4600067138672,87.7382583618164,188.92161560058594,300.0488586425781,394.28240966796875,93.30741119384766,79.92758178710938
2023-02-06,20.729278564453125,37.21304702758789,63.181331634521484,173.82000732421875,86.98188018798828,186.1883087158203,297.5107421875,391.8728942871094,92.61658477783203,79.34513092041016
2023-02-07,21.12320327758789,37.360870361328125,63.71759033203125,173.97999572753906,86.7683334350586,187.5693359375,303.6748046875,396.998046875,91.87324523925781,79.1712646484375
2023-02-08,21.16697120666504,37.31467056274414,63.32433319091797,174.41000366210938,87.08866119384766,184.8264923095703,298.275146484375,392.6568603515625,92.31050109863281,78.79745483398438
2023-02-09,21.000648498535156,37.490203857421875,63.440528869628906,173.02999877929688,86.69712829589844,182.1507568359375,295.6390075683594,389.25286865234375,91.43600463867188,77.93681335449219
2023-02-10,21.298280715942383,37.12989807128906,63.16344451904297,173.36000061035156,86.27891540527344,182.51515197753906,293.69866943359375,390.1612854003906,90.4128646850586,78.20628356933594
2023-02-13,21.254512786865234,37.43477249145508,63.79804229736328,172.47999572753906,86.48357391357422,184.7113800048828,298.4024963378906,394.7413635253906,91.17366027832031,78.90177154541016
2023-02-14,21.324542999267578,37.3701057434082,63.91423034667969,172.61000061035156,86.09205627441406,184.62506103515625,300.60748291015625,394.5597229003906,90.96378326416016,78.27584075927734
2023-02-15,21.096940994262695,37.055992126464844,63.628211975097656,170.88999938964844,85.83399963378906,186.49522399902344,302.9104919433594,395.84100341796875,90.11557006835938,78.58881378173828
2023-02-16,21.035663604736328,37.06523132324219,63.31538772583008,170.75,85.54924774169922,184.7113800048828,297.2265625,390.3907775878906,88.83880615234375,77.82378387451172
2023-02-17,20.878093719482422,36.65873336791992,63.47626495361328,171.25999450683594,85.78948974609375,185.21969604492188,295.12933349609375,389.4154968261719,89.5296401977539,77.5195083618164
2023-02-21,20.904354095458984,36.19680404663086,62.77912902832031,170.6199951171875,84.85515594482422,179.75314331054688,288.1422119140625,381.6033935546875,87.7894515991211,75.96337127685547
2023-02-22,20.632984161376953,36.02126693725586,62.4305534362793,169.66000366210938,85.0064468383789,180.24224853515625,288.3577575683594,381.0775451660156,88.59395599365234,75.2765884399414
2023-02-23,20.79055404663086,36.19680404663086,62.7523193359375,169.57000732421875,85.3356704711914,181.52737426757812,290.8762512207031,383.1047058105469,89.45967864990234,75.8416748046875
2023-02-24,20.720523834228516,35.38380432128906,61.70658874511719,168.35000610351562,84.81957244873047,179.82989501953125,286.0058898925781,379.0121765136719,88.29663848876953,74.51156616210938
2023-02-27,20.73802947998047,35.568580627441406,62.439491271972656,169.00999450683594,85.0776138305664,180.46282958984375,288.053955078125,380.3030700683594,88.54147338867188,74.62458801269531
2023-02-28,20.79930877685547,35.31913375854492,61.98366928100586,169.77999877929688,85.21112060546875,180.47238159179688,287.68157958984375,378.89752197265625,88.94371032714844,74.52027130126953
2023-03-01,21.158218383789062,36.076698303222656,62.314361572265625,170.75999450683594,84.52986907958984,180.7025909423828,285.3688659667969,377.4440612792969,87.98822021484375,73.58136749267578
2023-03-02,21.079435348510742,36.20603942871094,62.439491271972656,170.66000366210938,84.18212890625,181.13417053222656,287.7305908203125,380.3794860839844,87.20801544189453,74.44202423095703
2023-03-03,21.412080764770508,36.52939224243164,63.351139068603516,172.49000549316406,84.85977935791016,183.65646362304688,293.67901611328125,386.47998046875,89.3207015991211,75.57218170166016
2023-03-06,21.307035446166992,36.400047302246094,63.19026184082031,171.6199951171875,84.70821380615234,180.97113037109375,294.01220703125,386.74774169921875,88.62814331054688,75.2765884399414
2023-03-07,20.869340896606445,35.790306091308594,62.13560485839844,168.6199951171875,84.71710968017578,178.8708038330078,290.4059143066406,380.8193664550781,89.17168426513672,73.52052307128906
2023-03-08,20.755537033081055,35.9381217956543,62.47523880004883,168.5399932861328,84.69036865234375,178.95713806152344,291.8562927246094,381.44091796875,89.25934600830078,74.36378479003906
2023-03-09,20.501676559448242,35.14360809326172,62.0194091796875,170.1999969482422,85.21646118164062,173.97972106933594,286.7995910644531,374.4032897949219,89.4784927368164,72.65988159179688
2023-03-10,20.720523834228516,34.958831787109375,61.358009338378906,173.8699951171875,86.78577423095703,168.96389770507812,282.7718811035156,369.0008544921875,92.56424713134766,70.25178527832031
2023-03-13,20.589214324951172,35.01426315307617,60.93793869018555,177.86000061035156,87.83797454833984,166.21148681640625,284.86907958984375,368.4750061035156,92.77466583251953,71.17330169677734
2023-03-14,20.326595306396484,35.032737731933594,61.75127410888672,176.8300018310547,87.00868225097656,169.29000854492188,291.4153137207031,374.56597900390625,91.24930572509766,71.86006927490234
2023-03-15,19.853885650634766,34.43223190307617,59.83858871459961,178.2100067138672,88.26595306396484,166.49917602539062,292.94403076171875,372.2232666015625,93.01136016845703,71.80790710449219
2023-03-16,19.915163040161133,34.958831787109375,60.76811599731445,178.57000732421875,87.47239685058594,168.7720947265625,300.6662902832031,378.7539978027344,92.28372955322266,71.65142822265625
2023-03-17,19.853885650634766,34.74634552001953,60.044151306152344,183.77000427246094,88.50670623779297,164.21665954589844,299.2453308105469,374.3253479003906,93.6688232421875,70.02576446533203
2023-03-20,19.93267059326172,34.87568283081055,60.98263168334961,183.83999633789062,88.1500015258789,166.34573364257812,300.3072509765625,377.9247131347656,92.84477996826172,70.82554626464844
2023-03-21,20.002702713012695,35.18980026245117,61.90321731567383,180.3699951171875,87.38320922851562,169.4146728515625,304.59637451171875,382.8870849609375,92.04702758789062,70.51258850097656
2023-03-22,20.055225372314453,35.32837677001953,61.6887092590332,183.44000244140625,88.53345489501953,164.60989379882812,300.4544677734375,376.3602294921875,93.27435302734375,67.87847137451172
2023-03-23,20.002702713012695,35.818023681640625,61.697654724121094,185.74000549316406,89.04170227050781,163.87925720214844,304.017333984375,377.3776550292969,93.27435302734375,67.4524917602539
2023-03-24,20.0989933013916,35.72563171386719,61.509952545166016,183.64999389648438,89.06846618652344,165.36163330078125,305.13623046875,379.85400390625,93.6688232421875,69.18226623535156
2023-03-27,20.475412368774414,35.53162384033203,62.09091567993164,181.9499969482422,87.97167205810547,167.20016479492188,303.045654296875,380.56427001953125,91.46843719482422,69.10324096679688
2023-03-28,20.571706771850586,36.03974533081055,62.11772918701172,183.44000244140625,87.91819763183594,166.9595184326172,301.4359436035156,379.7099914550781,91.63500213623047,68.93640899658203
2023-03-29,20.440399169921875,36.1413688659668,62.86851119995117,182.52999877929688,87.76661682128906,168.8558349609375,306.9322814941406,385.22906494140625,91.45093536376953,70.4642333984375
2023-03-30,20.589214324951172,36.501678466796875,63.60140609741211,184.17999267578125,87.90034484863281,168.62478637695312,309.83758544921875,387.48468017578125,91.87171936035156,71.38619995117188
2023-03-31,20.781801223754883,36.455482482910156,63.92316436767578,183.22000122070312,88.38185119628906,171.7243194580078,314.9903259277344,392.9461364746094,93.24803924560547,72.91403198242188
2023-04-03,21.12320327758789,36.52939224243164,64.43260955810547,184.5399932861328,88.79818725585938,171.80128479003906,314.224853515625,394.4435119628906,93.68659973144531,72.3344955444336
2023-04-04,21.096940994262695,36.52939224243164,64.44155883789062,187.97999572753906,89.3699951171875,168.7884521484375,313.16485595703125,392.25506591796875,94.15238952636719,72.2379150390625
2023-04-05,21.17572784423828,36.24300003051758,63.99466323852539,187.8300018310547,89.7452392578125,167.13279724121094,310.0731506347656,391.2279968261719,95.1366958618164,71.85157012939453
2023-04-06,21.114450454711914,36.39080810546875,64.29855346679688,186.49000549316406,89.77203369140625,167.38308715820312,312.1636962890625,392.754150390625,95.38277435302734,72.34326934814453
2023-04-10,21.114450454711914,36.427764892578125,64.25386810302734,185.11000061035156,88.88753509521484,169.1734619140625,311.987060546875,393.1572570800781,93.84477996826172,72.67693328857422
2023-04-11,21.228248596191406,36.64949417114258,64.46837615966797,186.27999877929688,88.85181427001953,170.51145935058594,309.98480224609375,393.26287841796875,94.03814697265625,72.98426818847656
2023-04-12,21.394575119018555,36.39080810546875,64.87950897216797,187.19000244140625,89.11090087890625,169.26010131835938,307.2464599609375,391.6599426269531,93.94145965576172,72.63304138183594
2023-04-13,21.394575119018555,36.88969802856445,65.7107162475586,189.72000122070312,88.81607818603516,171.50291442871094,313.262939453125,396.86224365234375,93.20323181152344,72.41352081298828
2023-04-14,21.42083740234375,36.69568634033203,65.44258880615234,186.36000061035156,88.37826538085938,169.905029296875,312.6741027832031,395.8927917480469,92.3507080078125,71.28961181640625
2023-04-17,21.333297729492188,36.852745056152344,65.32640075683594,185.52999877929688,87.81544494628906,172.090087890625,312.9390563964844,397.3133544921875,91.25215911865234,72.77352142333984
2023-04-18,21.377065658569336,36.80654525756836,65.68390655517578,186.25,87.9583740234375,171.35853576660156,312.9586486816406,397.5724792480469,91.57730865478516,72.60670471191406
2023-04-19,21.079435348510742,36.437007904052734,65.47833251953125,185.36000061035156,87.77076721191406,171.5799102783203,312.8115234375,397.5053405761719,91.48942565917969,73.03694915771484
2023-04-20,20.89560317993164,36.38157272338867,65.47833251953125,186.08999633789062,88.2800064086914,170.69432067871094,310.42645263671875,395.3360900878906,92.27159881591797,72.31693267822266
2023-04-21,20.851831436157227,36.03974533081055,65.80903625488281,184.25,88.06558990478516,170.91574096679688,310.75030517578125,395.643310546875,91.75312042236328,72.32572174072266
2023-04-24,21.018156051635742,35.956600189208984,65.97886657714844,184.80999755859375,88.49445343017578,170.80023193359375,310.1025390625,396.0559387207031,92.64073944091797,72.05352020263672
2023-04-25,20.720523834228516,35.282188415527344,65.05827331542969,185.75,89.3699951171875,166.58412170410156,304.2528991699219,389.76904296875,94.00296020507812,71.34228515625
2023-04-26,20.40538215637207,35.48543167114258,65.01355743408203,184.74000549316406,89.02156829833984,164.97659301757812,306.0980529785156,388.11810302734375,93.00106811523438,70.65740203857422
2023-04-27,20.431644439697266,35.96583938598633,65.82691192626953,184.75,88.44083404541016,167.18092346191406,314.421142578125,395.8448791503906,92.07829284667969,72.2554702758789
2023-04-28,20.624229431152344,36.150611877441406,65.80010223388672,184.8000030517578,89.10198211669922,168.64402770996094,316.5902404785156,399.2234191894531,93.56354522705078,73.14232635498047
2023-05-01,20.44915199279785,36.0305061340332,65.70178985595703,183.97000122070312,88.05325317382812,168.7403106689453,316.2271423339844,398.8203125,90.86569213867188,72.59793090820312
2023-05-02,19.985193252563477,35.679439544677734,65.0403823852539,187.52000427246094,89.19959259033203,165.27500915527344,313.4690856933594,394.337890625,93.13005065917969,71.3686294555664
2023-05-03,19.731332778930664,35.62400817871094,65.210205078125,189.11000061035156,89.78170776367188,165.88143920898438,311.417724609375,391.6311340332031,93.64989471435547,71.08765411376953
2023-05-04,19.810115814208984,35.91040802001953,65.07614135742188,190.44000244140625,89.76380157470703,164.02365112304688,310.3185119628906,388.857177734375,92.72473907470703,71.67595672607422
2023-05-05,20.25656509399414,36.39080810546875,66.03247833251953,187.4600067138672,89.28018951416016,167.922119140625,316.9141540527344,396.0559387207031,92.4163818359375,72.87012481689453
2023-05-08,20.352859497070312,36.40928649902344,66.05036163330078,187.69000244140625,88.73391723632812,167.5370635986328,317.6993408203125,396.16156005859375,91.12120056152344,72.44864654541016
2023-05-09,20.414134979248047,36.187564849853516,65.78223419189453,189.02000427246094,88.62640380859375,167.03656005859375,315.6872253417969,394.4242248535156,90.79518127441406,72.1413345336914
2023-05-10,20.352859497070312,36.169090270996094,65.64815521240234,188.75,89.28913116455078,167.8836212158203,319.1225280761719,396.26715087890625,91.6762924194336,72.83499908447266
2023-05-11,20.002702713012695,36.03974533081055,65.4872817993164,187.1300048828125,89.62049865722656,166.59371948242188,320.1629333496094,395.5760498046875,92.64544677734375,72.03595733642578
2023-05-12,19.845130920410156,35.614768981933594,65.37110137939453,186.80999755859375,89.08316040039062,166.25685119628906,319.0144958496094,395.0577392578125,91.8701171875,72.02716827392578
2023-05-15,20.072734832763672,36.27070617675781,65.87159729003906,187.2100067138672,88.88612365722656,168.28790283203125,320.7419738769531,396.4207458496094,90.91853332519531,71.90426635742188
2023-05-16,19.853885650634766,36.012027740478516,65.24595642089844,184.8699951171875,88.59954071044922,165.83331298828125,321.1051025390625,393.7715759277344,90.6454086303711,70.1042251586914
2023-05-17,20.090242385864258,36.17832565307617,65.54985046386719,184.22999572753906,88.31298065185547,169.5296173095703,324.9917907714844,398.5516052246094,90.381103515625,71.05252838134766
2023-05-18,19.906408309936523,35.984317779541016,65.45153045654297,181.83999633789062,87.76666259765625,170.55958557128906,331.0279846191406,402.390869140625,89.71147918701172,70.71007537841797
2023-05-19,19.88014793395996,36.012027740478516,65.83586120605469,183.63999938964844,87.43529510498047,169.52000427246094,330.2820129394531,401.80535888671875,89.07709503173828,70.595947265625
2023-05-22,19.897653579711914,36.30766296386719,65.85372924804688,183.2100067138672,87.27410125732422,171.5895538330078,331.39117431640625,401.96856689453125,88.75992584228516,71.02618408203125
2023-05-23,19.9764404296875,35.74410629272461,64.88844299316406,183.42999267578125,87.41741943359375,170.78099060058594,327.1903076171875,397.45733642578125,89.0154037475586,70.35887145996094
2023-05-24,19.985193252563477,35.476200103759766,63.9410400390625,181.9499969482422,87.19351196289062,168.97129821777344,325.5119934082031,394.5778503417969,88.57489013671875,68.84859466552734
2023-05-25,19.670053482055664,35.40228271484375,63.851661682128906,180.1999969482422,86.647216796875,167.65260314941406,333.4326171875,397.994873046875,88.35460662841797,68.8398208618164
2023-05-26,19.985193252563477,36.0305061340332,64.47730255126953,180.9199981689453,86.80840301513672,169.5585174560547,341.9520263671875,403.1491394042969,89.06827545166016,69.63007354736328
2023-05-30,19.521236419677734,35.614768981933594,63.824851989746094,182.0399932861328,87.48904418945312,168.93283081054688,343.5027160644531,403.3027038574219,89.95816802978516,69.89348602294922
2023-05-31,19.30238914489746,35.282188415527344,63.16344451904297,182.32000732421875,87.82039642333984,167.26756286621094,341.5495910644531,401.0663146972656,90.7423324584961,70.24472045898438
2023-06-01,19.617528915405273,35.91040802001953,64.10192108154297,183.75999450683594,88.06455993652344,169.07717895507812,345.49517822265625,404.8768310546875,91.09835052490234,70.25349426269531
2023-06-02,19.87139320373535,36.52939224243164,64.93314361572266,181.0500030517578,87.36436462402344,175.20887756347656,348.0862731933594,410.7318115234375,90.10008239746094,71.96571350097656
2023-06-05,19.81886863708496,36.5201530456543,64.55774688720703,182.13999938964844,87.33744049072266,172.86013793945312,348.3316955566406,409.94476318359375,89.93221282958984,71.46522521972656
2023-06-06,19.845130920410156,36.843509674072266,65.09402465820312,182.33999633789062,87.39130401611328,177.41317749023438,348.2727355957031,410.8374328613281,90.46229553222656,72.15010833740234
2023-06-07,19.923917770385742,36.68521499633789,64.52152252197266,180.14999389648438,86.7539291381836,180.73263549804688,342.3642272949219,409.4167785644531,89.1194839477539,73.47596740722656
2023-06-08,19.95893096923828,36.945926666259766,65.20414733886719,182.52999877929688,87.33744049072266,180.0569610595703,346.61407470703125,411.8932189941406,90.16191864013672,73.01939392089844
2023-06-09,19.836376190185547,37.113521575927734,65.09493255615234,182.0399932861328,87.02322387695312,178.59945678710938,347.9391174316406,412.63226318359375,90.03824615478516,72.59793090820312
2023-06-12,19.565006256103516,37.18800735473633,65.37709045410156,181.8800048828125,87.16686248779297,179.3426971435547,353.8182373046875,416.3756103515625,90.30327606201172,72.61546325683594
2023-06-13,19.82762336730957,37.56045150756836,65.9959945678711,180.5399932861328,86.5474624633789,181.39865112304688,356.5369567871094,419.1208190917969,89.4110336303711,73.08085632324219
2023-06-14,19.87139320373535,37.83978271484375,66.24173736572266,180.63999938964844,86.6641616821289,179.44888305664062,359.128173828125,419.6199035644531,90.1265869140625,73.35304260253906
2023-06-15,20.291582107543945,38.19359588623047,66.94255828857422,181.91000366210938,87.33744049072266,180.9257049560547,363.40740966796875,424.8221740722656,90.99234008789062,73.7394027709961
2023-06-16,20.54544448852539,38.0632438659668,66.79693603515625,181.6300048828125,86.96040344238281,179.4778289794922,361.12054443359375,423.3751525878906,90.63896179199219,73.68672180175781
2023-06-20,20.36161231994629,37.318363189697266,65.91407775878906,179.75,87.2207260131836,178.6959686279297,360.60357666015625,421.1785888671875,91.26620483398438,72.81742858886719
2023-06-21,20.65924644470215,37.141456604003906,66.01419830322266,179.49000549316406,87.3015365600586,178.2809295654297,355.6894226074219,419.02056884765625,91.48704528808594,72.37841033935547
2023-06-22,20.274072647094727,37.011104583740234,65.60462951660156,177.7100067138672,86.80778503417969,176.9585418701172,359.8860778808594,420.5331726074219,90.38279724121094,71.34228515625
2023-06-23,20.055225372314453,36.471065521240234,64.5852279663086,178.1999969482422,87.16686248779297,174.29444885253906,356.3184509277344,417.3539123535156,91.28388977050781,70.35887145996094
2023-06-26,20.08148765563965,36.592105865478516,64.66714477539062,178.50999450683594,87.38228607177734,174.46820068359375,351.5417785644531,415.648681640625,91.38106536865234,71.98328399658203
2023-06-27,19.757591247558594,36.96455001831055,65.23145294189453,177.69000244140625,87.07708740234375,176.9874725341797,357.5862121582031,420.2055969238281,91.14252471923828,72.87012481689453
2023-06-28,19.69631576538086,36.741085052490234,65.2769546508789,177.27999877929688,87.42723846435547,177.85618591308594,358.2840881347656,420.41754150390625,91.53125762939453,72.9754867553711
2023-06-29,19.705068588256836,36.54555130004883,65.18594360351562,177.08999633789062,86.52949523925781,179.90252685546875,357.5665588378906,422.0745544433594,89.87923431396484,73.79064178466797
2023-06-30,19.87139320373535,36.834197998046875,65.98689270019531,178.27000427246094,86.71802520751953,180.76158142089844,363.0804138183594,427.0552978515625,90.93934631347656,74.1991195678711
2023-07-03,19.87139320373535,37.243873596191406,65.91407775878906,178.47000122070312,86.34188842773438,181.12838745117188,363.9354248046875,427.54656982421875,90.42379760742188,74.92723846435547
2023-07-05,19.993947982788086,37.020416259765625,65.17684173583984,177.83999633789062,85.92797088623047,179.3233642578125,363.9255676269531,426.9108581542969,89.56454467773438,75.09595489501953
2023-07-06,19.950180053710938,36.26622772216797,64.04824829101562,177.30999755859375,85.2260513305664,176.42764282226562,361.1539306640625,423.56781005859375,88.29784393310547,74.51878356933594
2023-07-07,20.116500854492188,36.6759033203125,64.53062438964844,178.63999938964844,85.1180648803711,178.29055786132812,359.95489501953125,422.4984436035156,87.76637268066406,74.35006713867188
2023-07-10,20.160274505615234,36.70383834838867,64.71266174316406,178.77999877929688,85.55900573730469,181.34072875976562,360.0727844238281,423.56781005859375,87.88152313232422,74.66973876953125
2023-07-11,20.396625518798828,37.07627868652344,65.29515075683594,179.4499969482422,85.73894500732422,183.2036590576172,361.85186767578125,426.2653503417969,88.33325958251953,75.73530578613281
2023-07-12,20.54544448852539,37.90495300292969,66.5420913696289,181.8800048828125,86.57583618164062,185.20172119140625,366.4219665527344,429.69500732421875,89.31653594970703,76.1437759399414
2023-07-13,20.83432388305664,38.398433685302734,67.60697174072266,182.00999450683594,87.29572296142578,186.69786071777344,372.6433410644531,433.1054382324219,90.25550079345703,76.63216400146484
2023-07-14,20.69426155090332,38.18428421020508,67.2247085571289,181.42999267578125,86.86380004882812,184.87351989746094,372.56475830078125,432.835693359375,89.7240219116211,76.481201171875
2023-07-17,20.527936935424805,38.2308464050293,67.1427993774414,181.55999755859375,87.00778198242188,186.85231018066406,376.04400634765625,434.3385925292969,89.768310546875,75.98393249511719
2023-07-18,20.79930877685547,37.95151138305664,67.57967376708984,183.63999938964844,87.10674285888672,189.1592254638672,379.1202697753906,437.5660095214844,90.17575073242188,75.56658172607422
2023-07-19,20.913108825683594,37.877017974853516,67.54326629638672,183.6699981689453,87.40372467041016,189.9604034423828,379.0317687988281,438.5390625,91.19444274902344,76.41905212402344
2023-07-20,20.97438621520996,37.597694396972656,67.1974105834961,182.74000549316406,86.71083068847656,188.3001708984375,370.2944030761719,435.62957763671875,90.08718872070312,76.17041778564453
2023-07-21,21.08818817138672,37.54182815551758,67.33393096923828,182.17999267578125,86.78280639648438,187.7017364501953,369.1838073730469,435.62957763671875,90.1137466430664,76.5256118774414
2023-07-24,21.4646053314209,38.053932189941406,67.17010498046875,181.39999389648438,86.57583618164062,188.16505432128906,369.7734069824219,437.57562255859375,89.78600311279297,77.15606689453125
2023-07-25,21.543392181396484,38.37050247192383,67.24291229248047,182.41000366210938,86.41385650634766,188.1457061767578,372.2797546386719,438.770263671875,89.6176986694336,76.60552978515625
2023-07-26,21.438344955444336,38.59396743774414,67.4249496459961,183.3000030517578,86.71083068847656,189.63221740722656,371.04132080078125,438.8376770019531,89.70629119873047,76.95183563232422
2023-07-27,21.385820388793945,38.119102478027344,67.27021789550781,180.4199981689453,85.76594543457031,187.1804962158203,370.1567687988281,435.9282531738281,87.96122741699219,75.28244018554688
2023-07-28,21.51712989807129,39.0408935546875,67.75260162353516,181.86000061035156,86.04493713378906,189.60325622558594,376.8990783691406,440.19610595703125,88.41301727294922,75.22027587890625
2023-07-31,21.60466957092285,39.05951690673828,67.77081298828125,182.35000610351562,86.15289306640625,191.80398559570312,377.0956726074219,441.0343017578125,88.6255874633789,75.70866394042969
2023-08-01,21.490867614746094,38.5660285949707,66.92436218261719,180.4600067138672,85.64952850341797,190.9256134033203,376.22088623046875,439.772216796875,87.17330169677734,75.5843505859375
2023-08-02,21.16697120666504,37.64425277709961,65.67744445800781,179.60000610351562,85.47811889648438,188.3291473388672,367.965087890625,433.6546325683594,86.24065399169922,75.14923858642578
2023-08-03,21.36831283569336,37.7932243347168,65.49540710449219,179.5399932861328,84.84660339355469,187.79823303222656,367.3753967285156,432.4117736816406,84.25094604492188,74.33230590820312
2023-08-04,21.403329849243164,37.74666976928711,65.67744445800781,180.19000244140625,85.74873352050781,187.42178344726562,365.6553649902344,430.45611572265625,85.74320220947266,73.72848510742188
2023-08-07,21.412080764770508,37.690799713134766,66.23262786865234,179.77999877929688,85.54124450683594,187.54725646972656,368.75128173828125,434.2134094238281,84.89933776855469,74.6519775390625
2023-08-08,21.385820388793945,37.23456573486328,65.83216857910156,178.63999938964844,85.97428894042969,186.36968994140625,365.6160888671875,432.3251647949219,85.88533020019531,74.17247009277344
2023-08-09,21.534637451171875,37.32768249511719,65.81394958496094,177.7899932861328,86.02841186523438,184.9121551513672,361.59625244140625,429.4349365234375,86.32945251464844,74.16358184814453
2023-08-10,21.42083740234375,37.383541107177734,66.09611511230469,177.60000610351562,85.36984252929688,184.0917205810547,362.2646179199219,429.5890197753906,84.90826416015625,73.87942504882812
2023-08-11,21.385820388793945,36.834197998046875,65.65013885498047,177.60000610351562,84.91875457763672,184.35232543945312,359.95489501953125,429.3385925292969,84.71285247802734,73.99488830566406
2023-08-14,21.280773162841797,36.657283782958984,65.35887908935547,177.05999755859375,84.783447265625,184.0337677001953,363.994384765625,431.70849609375,84.52629089355469,73.50647735595703
2023-08-15,21.02691078186035,36.2382926940918,64.548828125,176.58999633789062,84.62104797363281,181.60134887695312,360.1318054199219,426.6795959472656,84.01111602783203,72.68067169189453
2023-08-16,20.93937110900879,35.91240310668945,64.02092742919922,175.57000732421875,84.29629516601562,179.3812713623047,356.3184509277344,423.5486145019531,83.35380554199219,71.7838134765625
2023-08-17,20.99189567565918,35.99620819091797,63.56584548950195,175.3000030517578,84.1880111694336,177.2673797607422,352.4263610839844,420.3211975097656,82.9985122680664,71.2066421508789
2023-08-18,21.14071273803711,35.754127502441406,63.56584548950195,175.3300018310547,84.44061279296875,178.232666015625,351.9841003417969,420.5235290527344,83.2916259765625,71.42863464355469
2023-08-21,21.08818817138672,35.837921142578125,63.802494049072266,175.80999755859375,83.91738891601562,177.97201538085938,357.65509033203125,423.2594909667969,82.18132019042969,70.77153015136719
2023-08-22,21.096940994262695,35.763431549072266,63.684165954589844,176.10000610351562,83.95348358154297,177.44114685058594,357.1440124511719,422.1130676269531,82.8119888305664,70.97576904296875
2023-08-23,21.14071273803711,36.33140563964844,64.37590026855469,177.88999938964844,84.86463928222656,179.33302307128906,362.775634765625,426.8144836425781,84.86384582519531,72.09461212158203
2023-08-24,21.158218383789062,36.19173812866211,63.493038177490234,177.85000610351562,84.54889678955078,176.8523406982422,355.0210266113281,420.89923095703125,84.30422973632812,71.81932830810547
2023-08-25,21.36831283569336,36.228981018066406,63.920814514160156,177.6199951171875,84.5218276977539,177.60523986816406,357.7729797363281,423.8664855957031,84.57957458496094,71.87262725830078
2023-08-28,21.333297729492188,36.58279800415039,64.59435272216797,178.1300048828125,84.75640106201172,179.188232421875,360.4660339355469,426.55438232421875,84.66838836669922,72.54747009277344
2023-08-29,21.412080764770508,37.04834747314453,65.39527893066406,179.8699951171875,85.36082458496094,181.68821716308594,368.3385009765625,432.7201232910156,85.54779815673828,73.42657470703125
2023-08-30,21.438344955444336,36.92730712890625,65.35887908935547,180.32000732421875,85.35179901123047,182.3735809326172,370.39263916015625,434.5023498535156,85.45896911621094,73.69297790527344
2023-08-31,21.525882720947266,36.471065521240234,65.1040267944336,180.02000427246094,85.52320098876953,182.05502319335938,371.5032653808594,433.8665771484375,85.84093475341797,73.15130615234375
2023-09-01,21.779747009277344,36.89937210083008,65.06761932373047,180.11000061035156,85.00042724609375,184.2172088623047,371.11004638671875,434.67578125,84.503662109375,73.2756118774414
2023-09-05,21.884794235229492,36.60142135620117,64.50331115722656,178.63999938964844,84.4848861694336,180.3368682861328,371.5818176269531,432.7971496582031,83.31871795654297,72.42317199707031
2023-09-06,21.937314987182617,36.39657974243164,64.36680603027344,177.8300018310547,84.26780700683594,179.66122436523438,368.3090515136719,429.8877258300781,83.52364349365234,72.27220153808594
2023-09-07,21.8935489654541,35.9682731628418,64.15745544433594,178.02000427246094,84.55723571777344,177.9237823486328,365.675048828125,428.56787109375,83.75528717041016,72.72508239746094
2023-09-08,21.937314987182617,36.04275894165039,64.06644439697266,178.0800018310547,84.57535552978516,177.5279998779297,366.18609619140625,429.2132873535156,84.07601165771484,72.44092559814453
2023-09-11,22.068626403808594,36.48968505859375,64.7308578491211,178.41000366210938,84.43061828613281,177.95272827148438,370.5007629394531,432.0361633300781,83.47017669677734,72.44979095458984
2023-09-12,22.147409439086914,36.377960205078125,64.46691131591797,177.49000549316406,84.54822540283203,177.77896118164062,366.3924865722656,429.6661682128906,83.95127868652344,72.4142837524414
2023-09-13,22.21744155883789,36.33140563964844,64.26667785644531,177.0800018310547,84.64769744873047,176.61102294921875,367.7881164550781,430.1670837402344,83.93344116210938,71.62397766113281
2023-09-14,22.401277542114258,36.573486328125,65.1131362915039,177.1699981689453,84.45775604248047,179.10137939453125,370.795654296875,433.8761901855469,83.32762145996094,72.92042541503906
2023-09-15,22.348752975463867,36.43382263183594,64.9675064086914,178.33999633789062,84.19546508789062,177.22882080078125,364.4465026855469,428.64874267578125,82.8198013305664,72.6451416015625
2023-09-18,22.34000015258789,36.387271881103516,64.73995971679688,179.38999938964844,84.27689361572266,176.05117797851562,364.826416015625,428.90008544921875,83.2920150756836,71.99694061279297
2023-09-19,22.357505798339844,36.17311096191406,64.79457092285156,179.22000122070312,83.96936798095703,175.36587524414062,364.04888916015625,428.0106201171875,82.67727661132812,71.66838836669922
2023-09-20,22.173673629760742,36.02413558959961,64.63983917236328,179.35000610351562,83.90603637695312,173.60911560058594,358.802734375,424.0757751464844,82.93563079833984,71.73053741455078
2023-09-21,22.103641510009766,35.400299072265625,63.56584548950195,178.0500030517578,83.2819595336914,170.91610717773438,352.2278747558594,417.0665283203125,80.80633544921875,69.28861236572266
2023-09-22,22.12114906311035,35.819305419921875,63.620460510253906,178.6199951171875,83.60755157470703,170.5299835205078,352.277099609375,416.1287536621094,81.45671081542969,68.76470947265625
2023-09-25,22.016101837158203,35.6610107421875,63.33831024169922,177.6999969482422,82.99256134033203,171.29254150390625,353.9503173828125,417.8785705566406,79.45214080810547,68.70255279541016
2023-09-26,21.98984146118164,35.15821838378906,62.519161224365234,176.27999877929688,82.9654312133789,169.09017944335938,348.6352844238281,411.73944091796875,79.17594909667969,67.45052337646484
2023-09-27,22.112396240234375,35.21408462524414,62.40083694458008,174.10000610351562,82.59455871582031,170.67092895507812,349.45220947265625,411.9037780761719,78.76614379882812,66.99764251708984
2023-09-28,22.086132049560547,35.307193756103516,62.91053771972656,173.22999572753906,82.8207015991211,172.21286010742188,352.3754577636719,414.29180908203125,79.00668334960938,67.64051055908203
2023-09-29,21.84977912902832,35.33512878417969,62.728492736816406,171.4499969482422,82.83878326416016,171.39822387695312,352.63140869140625,413.28631591796875,79.01558685302734,67.83778381347656
2023-10-02,21.683454513549805,35.15821838378906,61.809242248535156,169.64999389648438,82.1668472290039,168.80892944335938,355.57440185546875,413.1219787597656,77.6928482055664,66.59146881103516
2023-10-03,21.587160110473633,34.69266891479492,61.03559112548828,169.16000366210938,81.4867172241211,165.96749877929688,349.3341369628906,407.5918884277344,76.02154541015625,65.29138946533203
2023-10-04,20.983139038085938,34.590248107910156,61.14481735229492,169.13999938964844,82.00360870361328,166.04505920410156,354.0881042480469,410.5599670410156,77.09406280517578,66.0893783569336
2023-10-05,20.860586166381836,34.72060012817383,61.68180465698242,168.8300018310547,82.15777587890625,166.17115783691406,353.0447998046875,410.4052734375,76.70973205566406,66.45698547363281
2023-10-06,20.93937110900879,35.2234001159668,62.36443328857422,169.6999969482422,81.67713928222656,167.771240234375,358.960205078125,415.2779541015625,75.78022766113281,66.63631439208984
2023-10-09,21.377065658569336,35.05580139160156,62.27341842651367,172.82000732421875,82.7199935913086,168.74105834960938,360.79095458984375,417.9366149902344,77.55876922607422,67.36255645751953
2023-10-10,21.324542999267578,35.558597564697266,63.128971099853516,172.52999877929688,82.55677032470703,170.65150451660156,362.7890625,420.11187744140625,77.4515609741211,67.68534088134766
2023-10-11,21.201988220214844,35.78205108642578,63.392921447753906,173.7899932861328,83.01017761230469,170.36058044433594,365.3775939941406,421.832763671875,79.06922149658203,68.85990905761719
2023-10-12,21.193233489990234,35.38167953491211,62.86502456665039,173.25999450683594,82.2121810913086,166.51058959960938,364.10784912109375,419.2611083984375,76.92422485351562,67.85569763183594
2023-10-13,21.75348472595215,35.25132751464844,62.28252029418945,178.8300018310547,82.73810577392578,165.123779296875,359.5310974121094,417.17279052734375,78.30061340332031,67.68534088134766
2023-10-16,21.683454513549805,35.51203536987305,62.737606048583984,177.9600067138672,82.24846649169922,167.79067993164062,363.5960998535156,421.5621032714844,77.04041290283203,68.4922866821289
2023-10-17,21.744731903076172,35.41893005371094,62.77400588989258,178.2899932861328,81.44139099121094,169.66233825683594,362.4051513671875,421.542724609375,76.19137573242188,68.39366149902344
2023-10-18,21.937314987182617,34.87889099121094,61.68180465698242,180.8699951171875,81.06053161621094,166.17115783691406,357.6511535644531,415.9256286621094,75.52104187011719,66.94115447998047
2023-10-19,22.164918899536133,34.674049377441406,61.13571548461914,183.08999633789062,80.66150665283203,163.52365112304688,354.3045959472656,412.2711486816406,73.97490692138672,65.3541488647461
2023-10-20,21.998594284057617,34.25505828857422,60.58961868286133,183.58999633789062,81.13304901123047,161.4095458984375,349.0191345214844,407.20513916015625,74.39496612548828,64.9148178100586
2023-10-23,21.858531951904297,34.22712326049805,60.6351318359375,182.97000122070312,81.513916015625,160.0421600341797,350.0723571777344,406.4993896484375,75.28868865966797,64.2782211303711
2023-10-24,21.622177124023438,34.664737701416016,60.98098373413086,182.9499969482422,81.65901184082031,161.4386444091797,353.4778747558594,409.56414794921875,76.2807388305664,65.10309600830078
2023-10-25,21.779747009277344,34.208499908447266,60.544105529785156,183.72000122070312,80.94264221191406,158.77175903320312,344.82623291015625,403.68603515625,74.58260345458984,63.70438003540039
2023-10-26,21.59591293334961,34.0409049987793,60.10722351074219,184.00999450683594,81.55927276611328,159.17906188964844,338.2513122558594,398.85205078125,75.72663879394531,64.92376708984375
2023-10-27,21.884794235229492,34.01296615600586,59.925193786621094,186.14999389648438,81.68622589111328,157.30738830566406,339.8753662109375,397.04412841796875,75.4048843383789,63.88370895385742
2023-10-30,21.534637451171875,34.36678695678711,60.68973159790039,185.10000610351562,81.41416931152344,158.18019104003906,343.70416259765625,401.7911071777344,75.06525421142578,64.28717041015625
2023-10-31,21.455852508544922,34.17125701904297,60.908172607421875,184.08999633789062,81.24188232421875,159.54757690429688,345.3478698730469,404.3144836425781,74.69881439208984,65.38104248046875
2023-11-01,21.490867614746094,34.487831115722656,61.48158264160156,183.50999450683594,82.17759704589844,160.4591522216797,351.3420104980469,408.6263427734375,76.31843566894531,65.7845230102539
2023-11-02,21.718469619750977,35.093040466308594,62.737606048583984,184.1199951171875,82.68682861328125,164.73585510253906,357.7200622558594,416.45745849609375,78.05826568603516,67.94535827636719
2023-11-03,21.60466957092285,35.80998611450195,63.40203094482422,184.7899932861328,83.32337951660156,169.2162628173828,361.9228210449219,420.2569580078125,78.5873794555664,69.56822967529297
2023-11-06,21.69220733642578,36.098628997802734,63.083465576171875,183.35000610351562,82.84141540527344,167.1021270751953,363.3992004394531,421.2237243652344,77.82508087158203,68.56401824951172
2023-11-07,21.228248596191406,36.033447265625,62.701194763183594,182.58999633789062,83.31427764892578,166.51058959960938,366.8343200683594,422.4225158691406,78.97301483154297,67.9991455078125
2023-11-08,20.99189567565918,35.791358947753906,62.61928939819336,180.77000427246094,83.65074920654297,164.73585510253906,367.0705261230469,422.73187255859375,80.31822967529297,68.22330474853516
2023-11-09,20.93937110900879,35.4561767578125,62.61017608642578,181.49000549316406,82.82323455810547,162.18536376953125,364.2456359863281,419.43511962890625,78.4708023071289,67.1473617553711
2023-11-10,21.044418334960938,35.70756530761719,62.8923225402832,179.50999450683594,82.91419219970703,163.9988250732422,372.4347839355469,425.9803771972656,78.91023254394531,67.7750015258789
2023-11-13,21.350805282592773,35.69825744628906,63.05615997314453,180.50999450683594,82.86868286132812,164.05703735351562,371.2732849121094,425.57427978515625,78.73089599609375,67.21013641357422
2023-11-14,21.31578826904297,36.64797592163086,64.66714477539062,182.1199951171875,84.11449432373047,173.06626892089844,379.2655029296875,433.8307800292969,80.5155258178711,70.94005584716797
2023-11-15,21.17572784423828,36.95523452758789,64.5670394897461,181.63999938964844,83.45977783203125,173.36688232421875,379.55096435546875,434.7492370605469,79.38556671142578,71.14625549316406
2023-11-16,20.667999267578125,36.60142135620117,64.52152252197266,183.69000244140625,84.08721923828125,170.56422424316406,379.8757629394531,435.281005859375,80.37203979492188,70.99385070800781
2023-11-17,20.965633392333984,36.64797592163086,65.39527893066406,183.6699981689453,84.14175415039062,172.90138244628906,379.96435546875,435.82232666015625,80.74868774414062,70.94005584716797
2023-11-20,21.228248596191406,37.10420608520508,65.64103698730469,183.3699951171875,84.25999450683594,173.9099578857422,384.5903625488281,439.1771240234375,81.24191284179688,71.46009063720703
2023-11-21,21.350805282592773,36.87144088745117,65.38618469238281,185.35000610351562,84.36911010742188,171.6697998046875,382.3560791015625,438.2200012207031,81.20606994628906,70.95797729492188
2023-11-22,21.16697120666504,36.79695129394531,65.54090118408203,184.55999755859375,84.34182739257812,172.74620056152344,383.9211120605469,439.91192626953125,81.49304962158203,71.30767059326172
2023-11-24,21.02691078186035,36.81557083129883,66.04148864746094,185.52000427246094,83.90536499023438,173.9099578857422,383.3797302246094,440.18255615234375,80.53346252441406,71.5138931274414
2023-11-27,20.8868465423584,36.666595458984375,65.81394958496094,186.77000427246094,84.5418701171875,173.3280792236328,383.04510498046875,439.389892578125,81.87869262695312,71.7739028930664
2023-11-28,21.14071273803711,36.97385787963867,65.83216857910156,189.25999450683594,84.91470336914062,172.658935546875,384.0490417480469,439.8248596191406,82.04010772705078,72.24910736083984
2023-11-29,21.289527893066406,36.759708404541016,65.96868133544922,189.5399932861328,85.36030578613281,173.57052612304688,383.67498779296875,439.5154113769531,83.07140350341797,72.75120544433594
2023-11-30,20.930618286132812,36.834197998046875,65.91407775878906,188.75,84.94200897216797,174.22996520996094,382.7104187011719,441.2460632324219,82.1118392944336,73.28021240234375
2023-12-01,20.83432388305664,36.99247741699219,66.60579681396484,192.00999450683594,85.74345397949219,179.32130432128906,383.802978515625,443.8564453125,83.65833282470703,75.08240509033203
2023-12-04,20.69426155090332,36.573486328125,66.08702087402344,187.86000061035156,85.38784790039062,181.24142456054688,380.23992919921875,441.5264587402344,83.32545471191406,75.62933349609375
2023-12-05,20.51042938232422,36.35002517700195,65.8503646850586,187.14999389648438,85.9896240234375,178.8170166015625,381.1946716308594,441.4394226074219,85.11576843261719,75.12723541259766
2023-12-06,20.011457443237305,36.303466796875,66.05059814453125,187.83999633789062,86.34522247314453,178.49700927734375,378.9898986816406,439.66058349609375,86.24933624267578,74.903076171875
2023-12-07,20.046470642089844,36.480377197265625,66.36915588378906,188.14999389648438,86.21756744384766,179.78675842285156,384.2852783203125,443.0153503417969,85.75453186035156,75.11827087402344
2023-12-08,20.134010314941406,36.32209014892578,66.56938934326172,185.63999938964844,85.66139221191406,181.15419006347656,385.9978942871094,444.9199523925781,85.05280303955078,74.99273681640625
2023-12-11,20.063980102539062,36.53624725341797,66.73322296142578,183.58999633789062,85.6705322265625,181.5323944091797,389.29510498046875,446.6504211425781,84.87286376953125,75.19895935058594
2023-12-12,19.757591247558594,36.54555130004883,66.8515396118164,183.49000549316406,85.8528823852539,181.34814453125,392.39556884765625,448.6903991699219,85.12476348876953,75.15413665771484
2023-12-13,19.985193252563477,36.9086799621582,67.8254165649414,187.6300048828125,87.12935638427734,187.48681640625,397.3857116699219,454.8779602050781,87.12199401855469,78.03225708007812
2023-12-14,20.317842483520508,37.4487190246582,68.32601165771484,188.72999572753906,87.8536148071289,192.7042236328125,397.0412902832031,456.3377990722656,89.38829040527344,80.28276824951172
2023-12-15,20.352859497070312,37.22525405883789,67.66158294677734,187.0,87.78045654296875,191.0846710205078,398.96051025390625,455.58642578125,89.48756408691406,79.15302276611328
2023-12-18,20.498884201049805,37.20663070678711,67.8254165649414,187.85000610351562,87.5884017944336,191.152587890625,401.4734802246094,458.149169921875,88.77455139160156,78.97370147705078
2023-12-19,20.655014038085938,37.52321243286133,68.3988265991211,189.1300048828125,87.75301361083984,194.85711669921875,403.5248718261719,460.93505859375,89.25291442871094,79.57444763183594
2023-12-20,20.416229248046875,36.84772491455078,67.70855712890625,188.10000610351562,88.18283081054688,191.04554748535156,397.5285949707031,454.5478210449219,89.85762023925781,78.60608673095703
2023-12-21,20.452964782714844,37.540283203125,68.80524444580078,189.42999267578125,88.04566955566406,194.29644775390625,402.15399169921875,458.8577575683594,89.28902435302734,79.30319213867188
2023-12-22,20.416229248046875,37.36002731323242,68.8697509765625,190.27000427246094,87.96336364746094,196.1068878173828,402.7556457519531,459.7799072265625,88.88285827636719,79.61177825927734
2023-12-26,20.61827850341797,37.65412521362305,69.18309020996094,191.72000122070312,88.01821899414062,198.65699768066406,405.22119140625,461.7213439941406,89.13557434082031,80.20178985595703
2023-12-27,20.526437759399414,37.8723258972168,69.55171966552734,192.58999633789062,88.70408630371094,199.35781860351562,406.04608154296875,462.55621337890625,90.71501159667969,80.59208679199219
2023-12-28,20.351940155029297,38.16642761230469,69.36740112304688,191.47000122070312,88.36570739746094,198.59860229492188,405.8487854003906,462.73089599609375,90.05615997314453,81.16390228271484
2023-12-29,20.241731643676758,38.147457122802734,69.44112396240234,191.1699981689453,88.14625549316406,195.357421875,404.09234619140625,461.39129638671875,89.24388122558594,80.20178985595703
2024-01-02,20.076417922973633,37.70156478881836,68.66700744628906,190.72000122070312,87.8170394897461,194.19915771484375,397.254150390625,458.8092041015625,88.72943878173828,80.89160919189453
2024-01-03,20.33357048034668,37.49285125732422,68.15091705322266,189.1300048828125,88.02737426757812,189.02102661132812,393.0506896972656,455.0622253417969,89.09949493408203,78.95828247070312
2024-01-04,20.223363876342773,37.369510650634766,68.30757904052734,189.32000732421875,87.4969711303711,188.6511688232422,391.02783203125,453.5964660644531,87.74565124511719,78.81304931640625
2024-01-05,20.324386596679688,37.416954040527344,68.3536605834961,189.35000610351562,87.17689514160156,188.09634399414062,391.4916076660156,454.2177429199219,86.90628814697266,78.61336517333984
2024-01-08,20.03049659729004,37.52130889892578,69.08171844482422,187.8699951171875,87.46953582763672,191.48353576660156,399.5829162597656,460.70208740234375,87.7636947631836,79.7388687133789
2024-01-09,20.177440643310547,36.99003219604492,68.4642562866211,187.92999267578125,87.43297576904297,189.77047729492188,400.372314453125,460.0032958984375,87.20413970947266,79.20333862304688
2024-01-10,20.03968048095703,36.90464782714844,68.90660858154297,187.5,87.29578399658203,189.8775634765625,403.08587646484375,462.604736328125,86.79796600341797,79.29411315917969
2024-01-11,20.186626434326172,37.05644226074219,68.89739990234375,187.8699951171875,87.76219940185547,188.3883819580078,403.92462158203125,462.40087890625,87.28533172607422,78.55889892578125
2024-01-12,20.260099411010742,37.18925857543945,69.18309020996094,189.7100067138672,87.99993896484375,188.076904296875,404.1318359375,462.72119140625,87.11388397216797,79.0308837890625
2024-01-16,20.085603713989258,36.28799057006836,68.02189636230469,187.91000366210938,87.28662872314453,185.75059509277344,404.09234619140625,461.0224609375,85.57954406738281,78.44998168945312
2024-01-17,20.05805015563965,35.74722671508789,67.37679290771484,185.83999633789062,87.003173828125,184.42689514160156,401.81292724609375,458.4597473144531,85.44415283203125,77.01586151123047
2024-01-18,20.186626434326172,36.041324615478516,67.97582244873047,187.3699951171875,86.8111343383789,185.5170440673828,407.5163879394531,462.5367431640625,84.64990234375,76.59832763671875
2024-01-19,20.149890899658203,36.42081069946289,68.13249206542969,187.92999267578125,86.82025909423828,187.29823303222656,415.5978088378906,468.3028259277344,84.92066955566406,77.51508331298828
2024-01-22,20.232547760009766,36.09825134277344,68.34444427490234,187.22000122070312,87.0854721069336,191.29859924316406,416.1404724121094,469.29296875,85.42607116699219,77.97798156738281
2024-01-23,20.342756271362305,36.41132354736328,68.15091705322266,187.9499969482422,86.86600494384766,190.7438201904297,417.8673400878906,470.66162109375,84.74920654296875,77.44245910644531
2024-01-24,20.517253875732422,36.819271087646484,68.66700744628906,186.39999389648438,86.61908721923828,189.1767578125,420.1861572265625,471.1761474609375,84.25277709960938,76.33509826660156
2024-01-25,20.673383712768555,36.866703033447266,68.86052703857422,187.13999938964844,86.99401092529297,190.7438201904297,420.69927978515625,473.73883056640625,84.8033676147461,77.31539916992188
2024-01-26,20.76522445678711,36.89516067504883,69.16465759277344,187.00999450683594,86.83854675292969,190.7535400390625,418.1929626464844,473.1369934082031,84.6408920288086,77.09754180908203
2024-01-29,20.59072494506836,36.91413497924805,69.57014465332031,188.3300018310547,87.35980224609375,194.0920867919922,422.47540283203125,476.8839416503906,85.61563873291016,77.60585021972656
2024-01-30,20.72848892211914,36.620033264160156,69.47798919677734,188.58999633789062,87.47868347167969,192.43740844726562,419.6631774902344,476.51513671875,86.391845703125,76.87970733642578
2024-01-31,20.50806999206543,36.42081069946289,69.12779235839844,188.4499969482422,88.21025848388672,187.73622131347656,411.4436340332031,468.73968505859375,87.24024200439453,76.14449310302734
2024-02-01,20.260099411010742,36.771827697753906,69.80976104736328,190.41000366210938,88.7566146850586,190.22793579101562,416.28851318359375,474.8746032714844,88.9515380859375,77.52416229248047
2024-02-02,20.03049659729004,36.66747283935547,69.2568130493164,188.61000061035156,87.6015625,189.2254180908203,423.3240661621094,479.8737487792969,86.9867172241211,76.56201171875
2024-02-05,20.11315155029297,36.714908599853516,68.88818359375,187.57000732421875,86.74901580810547,186.82127380371094,422.771484375,478.1264953613281,85.23014831542969,74.9554443359375
2024-02-06,20.186626434326172,37.549774169921875,69.3121109008789,188.5500030517578,87.21656036376953,188.505126953125,421.9228515625,479.5146179199219,86.06314086914062,75.96295928955078
2024-02-07,20.278467178344727,37.597206115722656,69.27523803710938,188.5,87.06070709228516,188.0671844482422,426.2645568847656,483.51397705078125,85.6466293334961,75.85403442382812
2024-02-08,20.3886775970459,37.388484954833984,69.15543365478516,188.3300018310547,86.77652740478516,190.9189910888672,427.053955078125,483.7275085449219,85.14865112304688,76.47124481201172
2024-02-09,20.44378089904785,37.549774169921875,69.39505004882812,187.60000610351562,86.62065887451172,194.02392578125,431.2574462890625,486.5231628417969,84.97660064697266,76.58924865722656
2024-02-12,20.452964782714844,37.84386444091797,69.51484680175781,187.11000061035156,86.70316314697266,197.54742431640625,429.57012939453125,486.3095703125,85.07621765136719,76.6073989868164
2024-02-13,20.33357048034668,37.13233947753906,68.44581604003906,184.52999877929688,85.74981689453125,189.4200897216797,422.8700866699219,479.6116943359375,83.61841583251953,75.02806854248047
2024-02-14,20.140705108642578,37.663612365722656,69.21073913574219,184.4199981689453,86.07064056396484,193.81954956054688,427.478271484375,483.97015380859375,84.04398345947266,75.6180419921875
2024-02-15,20.186626434326172,37.84386444091797,69.99407958984375,185.66000366210938,86.30900573730469,198.98794555664062,428.75115966796875,487.30950927734375,84.47862243652344,77.37892150878906
2024-02-16,20.232547760009766,38.02412033081055,70.10466766357422,186.33999633789062,85.9331283569336,196.28208923339844,424.8633728027344,484.8826599121094,83.98963928222656,76.58016967773438
2024-02-20,20.122337341308594,38.08104705810547,70.3903579711914,187.47000122070312,86.07982635498047,193.57620239257812,421.656494140625,482.21319580078125,84.06209564208984,76.44403076171875
2024-02-21,20.204994201660156,38.147457122802734,70.4456558227539,187.47999572753906,85.8047866821289,192.66128540039062,419.96905517578125,482.6499938964844,83.46449279785156,76.87062072753906
2024-02-22,20.260099411010742,38.53642272949219,71.23821258544922,187.55999755859375,85.81395721435547,194.12124633789062,432.26397705078125,492.638671875,83.8719482421875,77.01586151123047
2024-02-23,19.96620750427246,38.5174446105957,71.33036804199219,188.6199951171875,86.20814514160156,194.55926513671875,430.9910583496094,492.9784240722656,84.99470520019531,76.97955322265625
2024-02-26,20.149890899658203,38.3466796875,71.22899627685547,188.1999969482422,86.07982635498047,195.78564453125,430.76409912109375,491.1729431152344,84.7411880493164,76.13540649414062
2024-02-27,20.306018829345703,38.422576904296875,71.42252349853516,188.0,85.88729858398438,198.55966186523438,431.8001708984375,492.0853271484375,84.14356231689453,76.22618103027344
2024-02-28,20.223363876342773,37.919761657714844,71.00782012939453,188.33999633789062,86.19895935058594,196.9244842529297,429.5010681152344,491.43499755859375,84.67780303955078,76.9977035522461
2024-02-29,20.195810317993164,37.93873596191406,71.19213104248047,189.30999755859375,86.37315368652344,198.296875,433.1816101074219,493.2016906738281,85.27540588378906,77.65123748779297
2024-03-01,20.29683494567871,38.403602600097656,71.88331604003906,192.88999938964844,86.76747131347656,200.39927673339844,439.7039794921875,497.83203125,85.80674743652344,78.5770492553711
2024-03-04,20.36112403869629,38.31821823120117,71.6989974975586,196.00999450683594,86.57443237304688,200.21432495117188,438.13507080078125,497.298095703125,85.46159362792969,79.31224822998047
2024-03-05,20.204994201660156,37.976680755615234,71.56997680664062,197.19000244140625,87.10755157470703,198.296875,430.27069091796875,492.32806396484375,86.67871856689453,78.35012817382812
2024-03-06,20.37030792236328,38.52693176269531,72.41783905029297,198.80999755859375,87.31897735595703,199.77633666992188,432.97442626953125,494.82281494140625,87.18736267089844,78.74042510986328
2024-03-07,20.425413131713867,38.76411819458008,73.27490997314453,199.94000244140625,87.46603393554688,201.4407196044922,439.546142578125,499.7346496582031,87.10562896728516,78.72227478027344
2024-03-08,20.36112403869629,38.72616195678711,73.0353012084961,201.6300048828125,87.5303726196289,201.31419372558594,433.2013244628906,496.7351379394531,86.95120239257812,79.62995147705078
2024-03-11,20.53562355041504,38.81155014038086,72.62059020996094,202.0,87.42007446289062,199.7179412841797,431.59295654296875,496.3080139160156,86.90579223632812,79.24871826171875
2024-03-12,20.48051643371582,39.23846435546875,73.20117950439453,199.7899932861328,87.06160736083984,199.4453887939453,437.7798767089844,501.6470031738281,86.17915344238281,79.0762710571289
2024-03-13,20.76522445678711,39.11512756347656,73.21039581298828,201.19000244140625,86.86859130859375,200.2240753173828,434.41510009765625,500.860595703125,85.76134490966797,78.67688751220703
2024-03-14,20.829513549804688,38.9159049987793,72.6758804321289,200.35000610351562,86.22516632080078,196.64218139648438,433.3198547363281,499.8704833984375,84.44430541992188,77.49691772460938
2024-03-15,20.902986526489258,38.67873001098633,72.70352935791016,199.7100067138672,86.07811737060547,197.01206970214844,428.1689758300781,496.43817138671875,84.41707611083984,77.324462890625
2024-03-18,21.095849990844727,38.745140075683594,72.68509674072266,200.02999877929688,85.97704315185547,195.8830108642578,432.2525939941406,499.3885192871094,84.1627426147461,77.36077117919922
2024-03-19,21.086666107177734,38.555397033691406,72.81411743164062,199.8000030517578,86.22516632080078,196.71034240722656,433.32952880859375,502.1637268066406,84.39891052246094,77.33354187011719
2024-03-20,21.03156280517578,38.991798400878906,73.58824157714844,202.17999267578125,86.4273681640625,200.6036834716797,438.4674072265625,506.80828857421875,84.37162780761719,77.84182739257812
2024-03-21,21.004011154174805,39.03923416137695,73.5513687133789,201.97000122070312,86.43658447265625,202.90853881835938,440.5423278808594,508.4832458496094,84.55329132080078,78.40459442138672
2024-03-22,20.857065200805664,38.76411819458008,73.39470672607422,200.35000610351562,86.85939025878906,200.10800170898438,441.0462341308594,507.519287109375,85.36167907714844,77.41776275634766
2024-03-25,21.03156280517578,38.792572021484375,73.23804473876953,200.99000549316406,86.6296157836914,200.5666046142578,439.44561767578125,506.1170349121094,84.93478393554688,76.94172668457031
2024-03-26,20.866249084472656,38.76411819458008,73.32098388671875,201.63999938964844,86.75830078125,200.20556640625,438.0228271484375,505.1822814941406,85.17095947265625,76.6304931640625
2024-03-27,20.847881317138672,38.83052062988281,73.76335144042969,203.10000610351562,87.08917236328125,204.56739807128906,439.5147399902344,509.42767333984375,86.01567840576172,78.60781860351562
2024-03-28,21.095849990844727,38.97282791137695,73.59746551513672,205.72000122070312,87.00646209716797,205.21142578125,438.70452880859375,509.3303527832031,85.9429931640625,79.16622924804688
2024-04-01,21.196876525878906,39.03923416137695,73.28411102294922,207.82000732421875,86.21920776367188,203.27932739257812,439.63336181640625,508.44427490234375,84.34093475341797,77.83885192871094
2024-04-02,21.389741897583008,39.162567138671875,72.7680435180664,210.88999938964844,86.03482818603516,199.5419921875,435.83917236328125,505.2114562988281,83.87617492675781,76.8593521118164
2024-04-03,21.646896362304688,39.1910285949707,73.17353057861328,212.74000549316406,86.13623809814453,200.8495635986328,436.8173828125,505.7664489746094,83.85792541503906,76.94172668457031
2024-04-04,21.702001571655273,39.04872131347656,72.54685974121094,211.52000427246094,86.43122863769531,198.83944702148438,430.1381530761719,499.5930480957031,84.45940399169922,76.4474105834961
2024-04-05,21.812210083007812,39.13410568237305,72.77725219726562,215.13999938964844,85.85968780517578,199.50294494628906,435.20684814453125,504.8122253417969,83.28380584716797,76.84102630615234
2024-04-08,21.80302619934082,39.3902587890625,73.13665771484375,216.47999572753906,85.66609191894531,200.5958709716797,435.3352966308594,505.0946044921875,83.27470397949219,77.66490936279297
2024-04-09,21.68363380432129,39.65589141845703,73.12744903564453,217.6699981689453,86.00718688964844,201.38626098632812,436.94586181640625,505.6788635253906,84.04931640625,78.69937133789062
2024-04-10,21.793842315673828,39.11512756347656,72.1597900390625,215.61000061035156,84.86409759521484,196.06813049316406,433.1319580078125,500.61541748046875,82.21759796142578,75.44044494628906
2024-04-11,21.757104873657227,39.35231018066406,72.35333251953125,219.8000030517578,84.74430084228516,197.39520263671875,440.0483093261719,504.3934631347656,81.84396362304688,75.6967544555664
2024-04-12,21.784656524658203,38.4510383605957,71.18292236328125,216.88999938964844,85.09455108642578,193.88232421875,433.03314208984375,497.43133544921875,82.28140258789062,74.79961395263672
2024-04-15,21.812210083007812,38.204376220703125,70.97095489501953,220.9499969482422,84.5506820678711,191.04275512695312,425.9093017578125,491.1994323730469,81.00556945800781,73.52717590332031
2024-04-16,21.77547264099121,37.70156478881836,70.27055358886719,221.22000122070312,84.21881866455078,190.3401641845703,425.9488220214844,490.3036193847656,80.46790313720703,72.49276733398438
2024-04-17,21.43566131591797,37.673099517822266,70.31663513183594,219.58999633789062,84.75349426269531,188.33001708984375,420.75164794921875,487.40191650390625,81.3609619140625,71.96179962158203
2024-04-18,21.426477432250977,37.82489776611328,70.12310791015625,220.33999633789062,84.45849609375,188.1738739013672,418.3507080078125,486.3989562988281,80.9509048461914,71.970947265625
2024-04-19,21.527503967285156,37.673099517822266,70.15074920654297,221.02999877929688,84.56910705566406,188.46661376953125,409.69537353515625,482.1534423828125,81.24250793457031,72.3188247680664
2024-04-22,21.527503967285156,38.08104705810547,70.97095489501953,215.57000732421875,84.57833099365234,190.57435607910156,413.8155212402344,486.5936584472656,81.10581970214844,72.95963287353516
2024-04-23,21.61934471130371,38.39411544799805,71.74507904052734,215.0399932861328,84.68895721435547,193.76524353027344,419.99090576171875,492.3679504394531,81.13314819335938,73.62787628173828
2024-04-24,21.5917911529541,38.52693176269531,71.60684204101562,214.63999938964844,84.43084716796875,192.8967742919922,421.4136657714844,492.13421630859375,80.55903625488281,73.76520538330078
2024-04-25,21.711183547973633,38.6123161315918,71.27507781982422,215.9199981689453,84.10820770263672,191.72579956054688,419.3782958984375,490.2646179199219,79.99401092529297,73.3440933227539
2024-04-26,21.72955322265625,39.05820846557617,71.84645080566406,216.6199951171875,84.33866882324219,193.56031799316406,425.85003662109375,494.90936279296875,80.41322326660156,73.38072967529297
2024-04-29,21.711183547973633,39.43769454956055,72.12293243408203,216.17999267578125,84.67974853515625,195.12159729003906,427.5791015625,496.662109375,81.08756256103516,74.13137817382812
2024-04-30,21.43566131591797,38.887447357177734,71.21056365966797,211.8699951171875,84.2833480834961,191.1598663330078,419.5166015625,488.7943115234375,80.39500427246094,72.87723541259766
2024-05-01,21.123403549194336,38.925392150878906,71.05388641357422,213.7899932861328,84.61711120605469,191.55992126464844,416.4832458496094,487.2071838378906,80.98758697509766,72.90469360351562
2024-05-02,21.196876525878906,39.93101501464844,72.01234436035156,213.1300048828125,85.01469421386719,195.08258056640625,421.79901123046875,491.76422119140625,81.3351058959961,73.92996978759766
2024-05-03,21.224430084228516,40.29153060913086,72.73117065429688,212.9600067138672,85.4862060546875,197.0146484375,430.2765197753906,497.85980224609375,82.15814208984375,74.42430114746094
2024-05-06,21.463214874267578,40.329471588134766,73.22882843017578,215.1999969482422,85.56018829345703,199.56150817871094,434.9894714355469,503.00103759765625,82.47821807861328,74.48839569091797
2024-05-07,21.444847106933594,40.10178756713867,73.42236328125,214.2100067138672,85.78209686279297,200.01039123535156,435.0586853027344,503.5561218261719,82.981201171875,75.1932601928711
2024-05-08,21.334636688232422,40.111270904541016,73.33942413330078,213.5800018310547,85.54167938232422,198.84915161132812,434.8017272949219,503.60479736328125,82.47821807861328,74.5616226196289
2024-05-09,21.417293548583984,40.2346076965332,73.9015884399414,216.9499969482422,85.80058288574219,200.8788604736328,435.7502746582031,506.5064392089844,82.8805923461914,76.09039306640625
2024-05-10,21.38055992126465,40.31998825073242,74.03981018066406,218.7100067138672,85.52320098876953,199.36636352539062,436.7778625488281,507.1589660644531,82.41419982910156,75.87983703613281
2024-05-13,21.518320083618164,40.62357711791992,74.03981018066406,216.25999450683594,85.62493133544922,199.7859649658203,437.78564453125,507.22705078125,82.62452697753906,76.12701416015625
2024-05-14,21.426477432250977,40.84177780151367,74.5927734375,218.08999633789062,85.87454986572266,201.85464477539062,440.6015930175781,509.5542907714844,83.09093475341797,76.71288299560547
2024-05-15,21.499950408935547,41.27817916870117,75.38533020019531,220.88999938964844,86.52174377441406,204.37225341796875,447.48834228515625,515.8641357421875,84.22490692138672,77.7747802734375
2024-05-16,21.5550537109375,41.363563537597656,74.9798355102539,220.02999877929688,86.35533142089844,202.89877319335938,446.5793151855469,514.802734375,84.14258575439453,77.71985626220703
2024-05-17,21.77547264099121,41.543819427490234,75.23787689208984,223.66000366210938,86.08718872070312,203.04513549804688,446.3619079589844,515.5427856445312,83.57560729980469,77.71068572998047
2024-05-20,21.968339920043945,41.392024993896484,75.29315948486328,224.55999755859375,85.957763671875,203.49400329589844,449.4743347167969,516.13671875,83.32866668701172,77.25298309326172
2024-05-21,21.876497268676758,41.1358757019043,75.1733627319336,224.22999572753906,86.17965698242188,203.29881286621094,450.35369873046875,517.402587890625,83.75849914550781,77.22550964355469
2024-05-22,21.564237594604492,41.00305938720703,74.46373748779297,220.11000061035156,86.0687026977539,201.58140563964844,450.2647399902344,515.912841796875,83.85910034179688,76.52979278564453
2024-05-23,21.454030990600586,40.6994743347168,74.08589172363281,215.72000122070312,85.76360321044922,198.27342224121094,448.2392578125,512.1444091796875,83.31957244873047,74.88201904296875
2024-05-24,21.600976943969727,40.813316345214844,74.69413757324219,215.9199981689453,85.87454986572266,200.46902465820312,452.4779968261719,515.5330200195312,83.56647491455078,74.93693542480469
2024-05-28,21.986709594726562,40.75639343261719,74.66649627685547,218.19000244140625,85.39376831054688,200.19577026367188,454.1873474121094,515.8933715820312,82.36846160888672,74.44261932373047
2024-05-29,21.757104873657227,40.14921951293945,73.48686981201172,216.16000366210938,84.97769927978516,197.23910522460938,450.9859924316406,512.28076171875,81.37166595458984,73.71942138671875
2024-05-30,21.47239875793457,40.035377502441406,74.10433197021484,216.57000732421875,85.40302276611328,199.11264038085938,446.1544494628906,508.8824157714844,82.15814208984375,74.79961395263672
2024-05-31,21.371374130249023,39.64640808105469,74.81394958496094,215.3000030517578,85.80058288574219,200.79103088378906,445.3244934082031,513.5173950195312,82.7159652709961,76.20023345947266
2024-06-03,21.06829833984375,40.063838958740234,75.02590942382812,217.22000122070312,86.362548828125,199.65911865234375,447.715576171875,513.93603515625,84.0538558959961,76.02632141113281
2024-06-04,20.857065200805664,39.50410461425781,74.93375396728516,215.27000427246094,86.83548736572266,197.08299255371094,448.9407043457031,514.5105590820312,85.03572082519531,76.61219024658203
2024-06-05,20.930538177490234,40.13973617553711,75.45904541015625,217.82000732421875,87.15078735351562,200.09820556640625,457.9913635253906,520.6256713867188,85.65970611572266,76.52064514160156
2024-06-06,21.2060604095459,40.33896255493164,75.71710968017578,219.42999267578125,87.11368560791016,198.6637725830078,457.8332214355469,520.6158447265625,85.53124237060547,76.66710662841797
2024-06-07,20.902986526489258,39.883583068847656,74.89689636230469,211.60000610351562,86.19560241699219,196.33160400390625,457.4281311035156,519.9830322265625,83.96211242675781,75.94393157958984
2024-06-10,21.2060604095459,40.12076187133789,74.84159088134766,213.5399932861328,86.01016235351562,197.00491333007812,459.2757568359375,521.589599609375,83.40235900878906,76.20023345947266
2024-06-11,21.178508758544922,39.987022399902344,73.99114227294922,214.14999389648438,86.46453857421875,196.33169555664062,462.42767333984375,522.8457641601562,84.2649154663086,75.92561340332031
2024-06-12,21.25197982788086,40.38822937011719,74.8631591796875,214.72000122070312,86.94676971435547,199.34555053710938,468.4844055175781,527.139892578125,84.89806365966797,76.60302734375
2024-06-13,21.270347595214844,40.29270935058594,73.79422760009766,212.97000122070312,87.52171325683594,197.603759765625,471.0237121582031,528.2013549804688,86.14603424072266,76.91427612304688
2024-06-14,21.187692642211914,40.34046936035156,72.97845458984375,215.72999572753906,87.72573852539062,194.46270751953125,473.4641418457031,528.5227661132812,86.87096405029297,76.89596557617188
2024-06-17,21.26116371154785,40.598388671875,73.26912689208984,214.61000061035156,87.31771087646484,196.0968475341797,479.2640686035156,532.7290649414062,86.00839233398438,76.5938720703125
2024-06-18,21.43566131591797,40.97093963623047,73.55980682373047,215.47000122070312,87.6978988647461,196.43931579589844,479.4122619628906,534.0825805664062,86.79754638671875,76.89596557617188
2024-06-20,21.481582641601562,40.90407180786133,73.606689453125,218.16000366210938,87.47534942626953,195.6075897216797,475.7169189453125,532.6318359375,86.2194595336914,76.67625427246094
2024-06-21,21.307085037231445,40.760780334472656,73.0909652709961,214.77999877929688,87.49388885498047,196.0479278564453,474.4423828125,531.917724609375,86.2194595336914,76.8685073852539
2024-06-24,21.481582641601562,40.760780334472656,73.67232513427734,215.6300048828125,87.56807708740234,196.8992156982422,469.041015625,530.1885375976562,86.5681381225586,77.46353149414062
2024-06-25,21.27953338623047,40.66525650024414,73.8504867553711,214.55999755859375,87.64227294921875,196.25340270996094,474.40478515625,532.2302856445312,86.7149658203125,76.51148986816406
2024-06-26,21.316268920898438,40.57928466796875,73.306640625,212.5800018310547,87.11368560791016,195.7347869873047,475.384521484375,532.89453125,85.4761734008789,76.27348327636719
2024-06-27,21.426477432250977,40.60793685913086,73.3628921508789,214.99000549316406,87.30841827392578,197.72119140625,476.6116027832031,533.7346801757812,85.8156967163086,77.01496887207031
2024-06-28,21.334636688232422,40.68436050415039,73.44729614257812,215.00999450683594,86.84476470947266,198.5334014892578,474.1375732421875,531.6343994140625,84.21903991699219,77.62944030761719
2024-07-01,21.61016082763672,40.77988815307617,73.57856750488281,215.57000732421875,86.19827270507812,196.86990356445312,476.91839599609375,532.7284545898438,82.7655258178711,76.89727783203125
2024-07-02,21.637712478637695,40.90407180786133,73.75672149658203,215.55999755859375,86.52384185791016,197.54505920410156,481.9259338378906,536.3135986328125,83.40988159179688,77.25871276855469
2024-07-03,21.757104873657227,41.505882263183594,74.6006088256836,217.99000549316406,87.10054016113281,197.49612426757812,485.9437255859375,538.70703125,84.50532531738281,77.1845703125
2024-07-05,21.839763641357422,41.677825927734375,75.09757232666016,220.92999267578125,87.58424377441406,196.5567626953125,491.0106506347656,541.8134155273438,85.2049331665039,77.39775085449219
2024-07-08,21.54587173461914,41.687381744384766,74.72251892089844,218.19000244140625,87.6121597290039,197.9364776611328,492.1783752441406,542.4386596679688,85.38903045654297,77.64797973632812
2024-07-09,21.398923873901367,41.85932540893555,74.42245483398438,218.55999755859375,87.49120330810547,197.0753631591797,492.6039123535156,542.9661254882812,85.01161193847656,77.62944030761719
2024-07-10,21.398923873901367,42.098140716552734,75.47264099121094,219.36000061035156,87.57493591308594,199.00306701660156,497.74005126953125,548.3389892578125,85.27857971191406,78.20407104492188
2024-07-11,21.47239875793457,42.34650802612305,75.68831634521484,223.25,88.13304138183594,206.15611267089844,486.8244934082031,543.61083984375,86.10707092285156,80.44696044921875
2024-07-12,21.389741897583008,42.51845169067383,76.49470520019531,223.11000061035156,88.3190689086914,208.56326293945312,489.68450927734375,547.0397338867188,86.47528839111328,81.05863952636719
2024-07-15,21.233612060546875,42.069480895996094,75.819580078125,223.8300018310547,88.04002380371094,212.5263214111328,491.000732421875,548.5441284179688,85.48108673095703,81.60546112060547
2024-07-16,21.178508758544922,42.30830001831055,76.18527221679688,228.2899932861328,88.43070220947266,219.77719116210938,491.1887512207031,551.7969970703125,86.6869888305664,82.60639190673828
2024-07-17,21.178508758544922,41.620513916015625,75.78207397460938,227.22999572753906,88.50509643554688,217.47764587402344,476.76995849609375,544.0602416992188,86.70538330078125,83.1717529296875
2024-07-18,21.02237892150879,41.22885513305664,75.03194427490234,225.77999877929688,88.25395202636719,213.26998901367188,474.5136413574219,539.8792114257812,86.04263305664062,82.4395751953125
2024-07-19,20.737672805786133,40.8276481628418,74.57247924804688,221.72999572753906,87.97491455078125,212.18382263183594,470.3077087402344,536.2940673828125,85.53632354736328,82.29129028320312
2024-07-22,20.792776107788086,41.17154312133789,75.36012268066406,221.8000030517578,87.89120483398438,215.5597381591797,477.31427001953125,541.8233032226562,85.28779602050781,83.14395141601562
2024-07-23,20.599910736083984,40.80854415893555,74.93817901611328,222.5800018310547,87.95630645751953,217.8494873046875,475.6318664550781,540.9733276367188,85.16810607910156,83.0790786743164
2024-07-24,20.59072494506836,40.21628189086914,73.99114227294922,221.8000030517578,87.76097106933594,213.17214965820312,458.5708312988281,528.7135620117188,84.24755859375,81.85568237304688
2024-07-25,20.636646270751953,40.053890228271484,73.52230072021484,218.3300018310547,87.95630645751953,215.833740234375,453.5138244628906,525.958740234375,84.93798828125,81.5869140625
2024-07-26,20.425413131713867,40.46465301513672,74.45996856689453,220.6300048828125,88.37488555908203,219.40538024902344,458.1650085449219,531.8493041992188,85.60076904296875,83.01419067382812
2024-07-29,20.33357048034668,40.33091735839844,74.13179016113281,220.32000732421875,88.523681640625,216.96881103515625,459.08538818359375,532.161865234375,86.06101989746094,83.44053649902344
2024-07-30,20.2692813873291,40.149417877197266,74.3005599975586,222.52000427246094,88.70976257324219,217.79078674316406,452.781494140625,529.4658203125,86.39242553710938,84.08930969238281
2024-07-31,20.737672805786133,41.028255462646484,75.35074615478516,226.5500030517578,89.3608627319336,219.05308532714844,466.1810302734375,538.0719604492188,87.27613067626953,83.792724609375
2024-08-01,20.489700317382812,40.31181335449219,73.35352325439453,225.77000427246094,89.74243927001953,211.92942810058594,454.889404296875,530.452392578125,88.02886962890625,84.63611602783203
2024-08-02,20.11315155029297,39.7386589050293,72.20018768310547,225.33999633789062,91.13255310058594,204.43389892578125,444.0926818847656,520.5762329101562,90.7719955444336,84.58975982666016
2024-08-05,20.076417922973633,38.611454010009766,70.62491607666016,222.47999572753906,91.22586822509766,197.8582000732422,430.85150146484375,505.4151306152344,91.25226593017578,82.17081451416016
2024-08-06,19.911104202270508,38.8311653137207,70.74681091308594,220.6999969482422,90.41416931152344,200.0109405517578,434.96832275390625,510.0748291015625,89.21109008789062,83.792724609375
2024-08-07,20.094785690307617,39.06998062133789,71.0843734741211,220.5500030517578,90.08763885498047,197.64292907714844,430.2577819824219,506.6654052734375,88.5830307006836,83.21810150146484
2024-08-08,20.278467178344727,39.958370208740234,72.27521514892578,224.00999450683594,89.81708526611328,202.447509765625,443.4197082519531,518.3782348632812,88.0381088256836,84.03368377685547
2024-08-09,20.397859573364258,40.178077697753906,72.5564956665039,224.55999755859375,90.1809310913086,202.0267333984375,445.73541259765625,520.6641235351562,88.90630340576172,84.42295837402344
2024-08-12,20.682567596435547,40.31181335449219,72.4908676147461,228.41000366210938,90.43283081054688,200.20668029785156,446.69537353515625,520.9376831054688,89.22956848144531,83.8019790649414
2024-08-13,20.489700317382812,40.760780334472656,73.73796081542969,228.05999755859375,90.83402252197266,203.50430297851562,457.7790832519531,529.5048217773438,89.848388671875,84.53416442871094
2024-08-14,20.36112403869629,40.54106903076172,74.00988006591797,226.1999969482422,90.95529174804688,202.24200439453125,457.92755126953125,531.1752319335938,90.41178894042969,84.756591796875
2024-08-15,20.526437759399414,40.99004364013672,74.91004943847656,226.91000366210938,90.38618469238281,207.4868927001953,469.4962158203125,540.2796630859375,89.6821517944336,84.69171142578125
2024-08-16,20.397859573364258,41.46766662597656,75.32261657714844,231.99000549316406,90.5634536743164,208.03488159179688,470.0998840332031,541.4910278320312,89.99613952636719,84.6453857421875
2024-08-19,20.28765106201172,41.86887741088867,76.24153137207031,231.61000061035156,90.68472290039062,210.57904052734375,476.275146484375,546.66845703125,90.41178894042969,85.34976196289062
2024-08-20,20.204994201660156,41.54409408569336,76.00711059570312,232.4600067138672,91.04859161376953,208.12295532226562,475.2756042480469,545.779541015625,91.13219451904297,85.24781036376953
2024-08-21,20.10396957397461,41.706485748291016,76.71035766601562,232.14999389648438,91.23519897460938,210.83346557617188,477.4923400878906,547.6550903320312,91.18763732910156,85.70194244384766
2024-08-22,20.085603713989258,41.19064712524414,76.26028442382812,229.3699951171875,90.81534576416016,208.97422790527344,469.92181396484375,543.3568115234375,90.28247833251953,85.95217895507812
2024-08-23,20.44378089904785,41.8784294128418,77.65740203857422,232.02000427246094,91.23519897460938,215.64781188964844,475.018310546875,549.130126953125,90.87358856201172,87.84286499023438
2024-08-26,20.655014038085938,41.52499008178711,77.31047058105469,232.75999450683594,91.12323760986328,215.71630859375,470.40667724609375,547.8211669921875,90.64266967773438,87.8057861328125
2024-08-27,20.55398941040039,41.582305908203125,77.66678619384766,233.38999938964844,91.08590698242188,214.04302978515625,471.8119812011719,548.5733642578125,90.48567199707031,87.93555450439453
2024-08-28,20.306018829345703,41.32438278198242,77.39485931396484,231.75,91.03926086425781,212.59481811523438,466.4580993652344,545.3887329101562,90.3748550415039,87.59263610839844
2024-08-29,20.53562355041504,41.343482971191406,77.68553161621094,232.9499969482422,90.88066864013672,214.11154174804688,465.7752685546875,545.4376831054688,90.07929229736328,87.32386016845703
2024-08-30,20.306018829345703,41.42945861816406,77.80743408203125,231.2899932861328,90.5634536743164,215.354248046875,471.3269958496094,550.6444091796875,89.11872863769531,88.16725158691406
2024-09-03,19.901920318603516,40.60793685913086,76.57908630371094,230.2899932861328,91.16047668457031,208.76878356933594,457.0171203613281,539.3126220703125,90.57630157470703,88.12091064453125
2024-09-04,19.754974365234375,40.598388671875,76.24153137207031,230.42999267578125,91.69384002685547,208.41650390625,455.82952880859375,538.2088012695312,91.74382781982422,88.37116241455078
2024-09-05,19.800893783569336,40.655704498291016,76.26028442382812,232.35000610351562,91.90904998779297,207.3792266845703,456.25506591796875,536.8997802734375,92.26274108886719,88.0838394165039
2024-09-06,19.534557342529297,39.91060256958008,74.8256607055664,230.6300048828125,92.04008483886719,203.43577575683594,444.0332336425781,527.8637084960938,92.25346374511719,88.00042724609375
2024-09-09,19.58966064453125,40.24494934082031,75.5757827758789,231.60000610351562,92.17106628417969,204.00331115722656,449.74334716796875,533.7736206054688,92.65191650390625,88.98284149169922
2024-09-10,19.304954528808594,40.09210205078125,75.20071411132812,232.6199951171875,92.5640640258789,203.83700561523438,453.8998107910156,536.0987548828125,93.30055236816406,90.27110290527344
2024-09-11,19.479450225830078,40.38822937011719,75.65080261230469,232.25,92.49858856201172,204.43389892578125,463.7564697265625,541.5985107421875,93.22639465332031,90.09502410888672
2024-09-12,19.855998992919922,40.72256851196289,76.26964569091797,236.3300018310547,92.348876953125,207.06614685058594,468.3086853027344,546.1605224609375,92.7909164428711,90.47501373291016
2024-09-13,19.892736434936523,40.91362762451172,76.44781494140625,238.67999267578125,92.52664947509766,212.17404174804688,470.40667724609375,549.0130004882812,93.04108428955078,91.42034149169922
2024-09-16,20.03968048095703,41.047359466552734,77.0666732788086,238.66000366210938,92.76995849609375,212.93728637695312,468.3284912109375,549.8237915039062,93.8935775756836,91.7261962890625
2024-09-17,20.177440643310547,41.095123291015625,76.63536071777344,237.33999633789062,92.60150146484375,214.69866943359375,468.57586669921875,550.0485229492188,93.43952178955078,91.0866928100586
2024-09-18,20.048864364624023,40.95183181762695,76.39155578613281,235.50999450683594,92.19913482666016,214.73777770996094,466.54718017578125,548.4170532226562,92.28126525878906,90.9754867553711
2024-09-19,20.407045364379883,41.82111358642578,77.90119934082031,239.1699981689453,92.12427520751953,219.16073608398438,478.34344482421875,557.7755126953125,91.97547912597656,90.9940185546875
2024-09-20,20.407045364379883,41.73514175415039,77.13231658935547,242.2100067138672,92.09619140625,216.81227111816406,477.4330139160156,556.8113403320312,91.62336730957031,90.632568359375
2024-09-23,20.416229248046875,42.05992889404297,77.42298889160156,242.67999267578125,92.04008483886719,216.01962280273438,478.69854736328125,558.2027587890625,91.42878723144531,91.53157043457031
2024-09-24,20.756038665771484,43.49281311035156,77.88243865966797,246.07000732421875,92.14297485351562,216.38169860839844,481.007568359375,559.7999267578125,91.41026306152344,91.66132354736328
2024-09-25,20.58154296875,43.0342903137207,77.46049499511719,245.72999572753906,91.76869201660156,213.74246215820312,481.4535217285156,558.5653076171875,90.65043640136719,91.04962158203125
2024-09-26,20.397859573364258,44.61046600341797,79.16704559326172,246.97999572753906,91.70319366455078,214.8814239501953,485.0707092285156,560.7798461914062,90.86354064941406,90.22476196289062
2024-09-27,20.498884201049805,44.52449035644531,78.68883514404297,245.02000427246094,92.06813049316406,216.33457946777344,482.37518310546875,559.9664306640625,91.33612060546875,90.33971405029297
2024-09-30,20.452964782714844,43.808048248291016,78.41690826416016,243.05999755859375,91.81548309326172,216.88442993164062,483.6833190917969,562.21044921875,90.9006118774414,91.0500259399414
2024-10-01,20.81114387512207,44.12328338623047,77.83556365966797,245.61000061035156,92.14958190917969,213.9388427734375,476.94439697265625,557.173828125,91.5569076538086,90.46121978759766
2024-10-02,20.98564338684082,44.9925651550293,77.67615509033203,245.66000366210938,91.88681030273438,213.64425659179688,477.6183166503906,557.4090576171875,90.78534698486328,90.1434555053711
2024-10-03,21.28871726989746,44.45762634277344,76.95414733886719,245.49000549316406,91.41757202148438,212.21075439453125,477.26153564453125,556.3900146484375,89.93009948730469,89.32099151611328
2024-10-04,21.343822479248047,44.868385314941406,77.40422821044922,245.0,90.53538513183594,215.1759796142578,482.9400329589844,561.4461059570312,88.82386016845703,88.89106750488281
2024-10-07,21.637712478637695,45.24093246459961,76.97290802001953,244.1699981689453,90.2069320678711,213.48716735839844,477.7669982910156,556.3704223632812,88.15457153320312,88.10600280761719
2024-10-08,21.132587432861328,44.12328338623047,76.85100555419922,242.3699951171875,90.28199768066406,213.6344451904297,484.9022521972656,561.63232421875,88.30328369140625,88.28358459472656
2024-10-09,20.948904037475586,43.884464263916016,76.86976623535156,241.0500030517578,89.94415283203125,214.1057586669922,488.7176513671875,565.5223388671875,87.80130004882812,88.37702941894531
2024-10-10,21.36219024658203,43.97043991088867,76.7760009765625,242.82000732421875,89.93478393554688,212.91770935058594,488.1627197265625,564.53271484375,87.45734405517578,87.59196472167969
2024-10-11,21.38055992126465,44.28567886352539,77.1698226928711,245.47000122070312,89.9629135131836,217.24771118164062,488.92572021484375,567.9132080078125,87.10409545898438,88.58264923095703
2024-10-14,21.0499324798584,44.10417556762695,77.39485931396484,245.07000732421875,89.80339813232422,218.84814453125,493.028564453125,572.557861328125,87.16918182373047,89.1153793334961
2024-10-15,20.645830154418945,43.168025970458984,76.11026000976562,245.9199981689453,90.26323699951172,219.02491760253906,486.4383239746094,568.1092529296875,88.22893524169922,90.190185546875
2024-10-16,20.59072494506836,43.50236892700195,76.30715942382812,247.14999389648438,90.40399932861328,222.6283721923828,486.497802734375,570.5785522460938,88.60076904296875,91.18087768554688
2024-10-17,20.61827850341797,43.43550109863281,76.31654357910156,248.6300048828125,89.93478393554688,222.01959228515625,486.8347473144531,570.62744140625,87.19705200195312,90.46121978759766
2024-10-18,20.50806999206543,43.86536407470703,76.83226013183594,251.27000427246094,90.03800964355469,221.55810546875,490.0257568359375,572.8224487304688,87.26212310791016,91.13414764404297
2024-10-21,20.572359085083008,43.5596809387207,75.92272186279297,251.22000122070312,89.343505859375,218.07247924804688,490.96722412109375,571.8816528320312,85.73761749267578,89.34904479980469
2024-10-22,20.930538177490234,43.46416091918945,75.49140167236328,253.92999267578125,89.25906372070312,217.24771118164062,491.5024108886719,571.5780029296875,85.82123565673828,89.4798812866211
2024-10-23,20.81114387512207,43.20623779296875,74.73188781738281,250.8699951171875,89.05258178710938,215.26434326171875,483.9706726074219,566.3552856445312,85.5888442993164,90.13411712646484
2024-10-24,20.801959991455078,43.139373779296875,75.15383911132812,252.8000030517578,89.24967956542969,215.73565673828125,487.8951110839844,567.5802001953125,86.13731384277344,90.33036804199219
2024-10-25,20.948904037475586,43.101158142089844,74.90067291259766,253.32000732421875,89.05258178710938,214.9207000732422,490.8681640625,567.3840942382812,85.6539077758789,89.4798812866211
2024-10-28,20.3886775970459,43.292205810546875,75.50077056884766,253.3300018310547,88.84611511230469,218.4259490966797,490.9473876953125,569.1381225585938,85.4215087890625,89.76026153564453
2024-10-29,20.351940155029297,43.15847396850586,75.22885131835938,256.0899963378906,88.88365936279297,217.71900939941406,495.6646423339844,570.0592041015625,85.55165100097656,89.1153793334961
2024-10-30,20.609094619750977,42.738162994384766,74.74126434326172,257.5,88.75227355957031,217.42445373535156,491.9186096191406,568.3345947265625,85.80265808105469,89.50791931152344
2024-10-31,20.746854782104492,42.46113967895508,74.28180694580078,253.50999450683594,88.7053451538086,213.8111572265625,479.5012512207031,557.1935424804688,85.94209289550781,87.99385070800781
2024-11-01,20.526437759399414,42.49934768676758,74.43183135986328,252.47000122070312,88.1800537109375,215.00906372070312,483.04901123046875,559.545166015625,84.7304458618164,87.02184295654297
2024-11-04,20.87543296813965,42.738162994384766,74.48809814453125,252.8300018310547,88.65074920654297,216.09893798828125,481.641845703125,558.33984375,86.04562377929688,87.97515106201172
2024-11-05,21.004011154174805,43.320865631103516,75.22885131835938,253.39999389648438,88.69783020019531,220.16384887695312,487.7861022949219,565.09130859375,86.50267791748047,89.1434097290039
2024-11-06,20.7744083404541,42.78592300415039,74.14115905761719,245.6999969482422,87.78468322753906,232.91830444335938,501.03594970703125,579.1426391601562,84.13349151611328,87.24614715576172
2024-11-07,20.98564338684082,43.73162841796875,75.266357421875,249.64999389648438,88.49071502685547,232.0935516357422,508.9243469238281,583.6205444335938,85.1875,88.29292297363281
2024-11-08,20.664199829101562,42.652191162109375,74.22555541992188,247.9600067138672,88.67898559570312,233.8019561767578,509.5190124511719,586.148681640625,86.26947784423828,89.61072540283203
2024-11-11,20.33357048034668,42.32740783691406,74.24430847167969,242.13999938964844,88.43424224853516,237.31704711914062,509.22174072265625,586.7070922851562,85.84976959228516,89.16211700439453
2024-11-12,20.223363876342773,41.52499008178711,72.86593627929688,240.0500030517578,87.87882232666016,233.15396118164062,508.3000183105469,584.8847045898438,84.56256103515625,87.92842102050781
2024-11-13,20.159074783325195,41.25751495361328,72.43460845947266,237.6300048828125,87.82231140136719,230.84657287597656,507.64599609375,585.1688232421875,83.76039123535156,88.41442108154297
2024-11-14,20.140705108642578,41.028255462646484,72.58463287353516,237.00999450683594,87.81292724609375,227.73403930664062,504.1180419921875,581.4061279296875,84.24542999267578,87.6199951171875
2024-11-15,20.03968048095703,41.028255462646484,72.32208251953125,236.58999633789062,87.85055541992188,224.3367919921875,492.1069030761719,573.9591064453125,84.02157592773438,87.66673278808594
2024-11-18,20.498884201049805,41.4963264465332,72.71591186523438,241.08999633789062,88.04825592041016,224.7786407470703,495.5258483886719,576.310791015625,84.1707992553711,88.30227661132812
2024-11-19,20.563173294067383,41.46766662597656,72.62213897705078,243.25,88.23652648925781,226.4478302001953,498.9349670410156,578.4174194335938,84.5998764038086,88.73219299316406
2024-11-20,20.55398941040039,41.41990661621094,72.42523193359375,244.6199951171875,88.10474395751953,226.74234008789062,498.6476135253906,578.6134643554688,84.32938385009766,88.62003326416016
2024-11-21,20.700937271118164,41.33393478393555,72.44398498535156,246.66000366210938,88.05767822265625,230.188720703125,500.44134521484375,581.7196044921875,84.26409149169922,89.27426147460938
2024-11-22,20.719303131103516,41.343482971191406,72.72528076171875,249.83999633789062,88.11415100097656,234.44020080566406,501.2440490722656,583.5225830078125,84.31072998046875,89.94718170166016
2024-11-25,20.425413131713867,41.37214660644531,73.10034942626953,242.47999572753906,89.06494903564453,238.00437927246094,502.036865234375,585.5020141601562,86.49334716796875,91.19956970214844
2024-11-26,20.425413131713867,41.200199127197266,72.67840576171875,242.9499969482422,88.8766860961914,236.2566375732422,504.7323913574219,588.5591430664062,86.15754699707031,91.56407928466797
2024-11-27,20.315204620361328,41.25751495361328,73.07221984863281,243.49000549316406,89.23441314697266,236.58067321777344,500.7584228515625,586.7757568359375,86.75450897216797,92.15286254882812
2024-11-29,20.33357048034668,41.32438278198242,74.0473861694336,245.58999633789062,89.61097717285156,237.48397827148438,505.15850830078125,590.4208374023438,87.64994812011719,91.74165344238281
2024-12-02,20.186626434326172,41.48677444458008,74.2536849975586,243.44000244140625,89.6034164428711,237.36614990234375,510.6586608886719,591.479248046875,87.86053466796875,90.40514373779297
2024-12-03,20.416229248046875,41.572750091552734,74.67562866210938,243.92999267578125,89.34844970703125,235.67735290527344,512.2244262695312,591.7534790039062,87.1023941040039,89.94718170166016
2024-12-04,20.306018829345703,41.677825927734375,74.73188781738281,244.6699981689453,89.68839263916016,236.5217742919922,518.5570678710938,595.427978515625,88.03839111328125,89.7042007446289
2024-12-05,20.278467178344727,41.95484924316406,75.09757232666016,242.86000061035156,89.678955078125,233.7626953125,517.1200561523438,594.4481811523438,88.21622467041016,89.48922729492188
2024-12-06,20.122337341308594,41.88798522949219,75.08820343017578,242.9499969482422,89.96224212646484,234.5972900390625,521.7481079101562,595.5750122070312,88.34724426269531,89.35839080810547
2024-12-09,20.315204620361328,42.747711181640625,75.04132080078125,245.36000061035156,89.65061950683594,233.41905212402344,517.6849365234375,592.5079956054688,87.53295135498047,89.61072540283203
2024-12-10,20.36112403869629,42.05992889404297,74.36620330810547,248.58999633789062,89.49009704589844,232.40774536132812,515.9209594726562,590.6658325195312,87.1211166381836,88.3116226196289
2024-12-11,20.61827850341797,42.231876373291016,74.83502960205078,250.9600067138672,89.22569274902344,233.45831298828125,525.1571044921875,595.232177734375,86.29744720458984,88.10600280761719
2024-12-12,20.53562355041504,42.02172088623047,74.17866516113281,247.27999877929688,88.88574981689453,230.42434692382812,521.7679443359375,592.1649780273438,85.24915313720703,87.96581268310547
2024-12-13,20.526437759399414,42.05992889404297,73.97238159179688,244.2899932861328,88.47027587890625,228.8435821533203,525.76171875,592.0474243164062,84.3786849975586,87.71346282958984
2024-12-16,20.416229248046875,41.83066940307617,73.72858428955078,244.8800048828125,88.49860382080078,230.188720703125,533.3329467773438,594.5755004882812,84.63140106201172,87.40503692626953
2024-12-17,20.278467178344727,41.73061752319336,73.61167907714844,243.94000244140625,88.49860382080078,227.55345153808594,530.984375,592.1257934570312,84.83732604980469,86.98445892333984
2024-12-18,20.094785690307617,40.75923156738281,71.80584716796875,239.25999450683594,87.8145751953125,217.47914123535156,511.8280334472656,574.4784545898438,83.77649688720703,83.39555358886719
2024-12-19,20.094785690307617,40.895225524902344,71.5777359008789,239.60000610351562,87.41667938232422,216.51405334472656,509.5487060546875,574.302001953125,82.50798797607422,82.10578155517578
2024-12-20,20.223363876342773,41.06036376953125,71.3781509399414,242.10000610351562,87.73878479003906,218.54270935058594,513.9983520507812,581.199951171875,82.97782897949219,83.48900604248047
2024-12-23,20.238842010498047,41.29349136352539,71.84385681152344,240.9600067138672,87.35034942626953,218.04046630859375,519.006103515625,584.680419921875,82.21671295166016,83.81552124023438
2024-12-24,20.354934692382812,41.41977310180664,72.10047912597656,241.44000244140625,87.39772033691406,219.9903106689453,526.0437622070312,591.1790771484375,82.56438446044922,84.37226867675781
2024-12-26,20.296886444091797,41.274070739746094,72.4426498413086,243.07000732421875,87.46403503417969,222.24546813964844,525.6863403320312,591.2184448242188,82.51739501953125,84.5987548828125
2024-12-27,20.393630981445312,41.08950424194336,72.33808898925781,241.39999389648438,87.23665618896484,219.00555419921875,518.6984252929688,584.9949951171875,81.84087371826172,83.74945831298828
2024-12-30,20.57744598388672,40.75923156738281,71.86287689208984,240.6300048828125,87.74826049804688,217.32154846191406,511.7996826171875,578.3193359375,82.49861145019531,83.3342514038086
2024-12-31,20.683862686157227,40.62323760986328,71.86287689208984,242.1300048828125,87.58718872070312,217.5972900390625,507.4521484375,576.21533203125,82.05699157714844,84.06086730957031
2025-01-02,20.887025833129883,40.5649528503418,71.61576080322266,245.4199981689453,87.63456726074219,217.77456665039062,506.4595031738281,574.799560546875,82.28250122070312,83.31536865234375
2025-01-03,20.780607223510742,40.94379806518555,71.92939758300781,243.49000549316406,87.49243927001953,221.01451110839844,514.7478637695312,581.9864501953125,82.01940155029297,84.41001892089844
2025-01-06,20.819305419921875,41.08950424194336,72.61371612548828,243.19000244140625,87.4072036743164,221.10311889648438,520.6636962890625,585.3390502929688,81.6529541015625,83.3248062133789
2025-01-07,20.91604995727539,40.79808807373047,72.55669403076172,244.55999755859375,87.00926208496094,219.3305206298828,511.3728942871094,578.7223510742188,80.73213195800781,82.53214263916016
2025-01-08,20.877351760864258,40.60381317138672,72.4426498413086,245.86000061035156,87.16087341308594,218.3358917236328,511.46221923828125,579.56787109375,80.83548736572266,82.74918365478516
2025-01-10,21.438467025756836,39.91413116455078,71.34012603759766,248.2100067138672,86.52611541748047,213.5301513671875,503.44195556640625,570.7193603515625,80.29988861083984,80.7297592163086
2025-01-13,21.5932559967041,39.642147064208984,71.1405258178711,245.74000549316406,86.37451171875,213.9437713623047,501.8240051269531,571.604248046875,80.27169799804688,81.7206039428711
2025-01-14,21.583581924438477,40.0889778137207,71.39715576171875,247.02999877929688,86.40294647216797,216.3761749267578,501.3475341796875,572.3907470703125,80.14018249511719,82.46607971191406
2025-01-15,21.931861877441406,40.613525390625,72.30958557128906,248.8800048828125,87.31246948242188,220.6304473876953,512.8817138671875,582.8025512695312,81.52140808105469,82.93792724609375
2025-01-16,21.83511734008789,40.5649528503418,72.68025207519531,250.60000610351562,87.5208740234375,221.0736083984375,509.2884826660156,581.6817016601562,81.78450775146484,84.65536499023438
2025-01-17,21.738372802734375,40.8855094909668,72.97489166259766,249.27000427246094,87.58718872070312,222.02882385253906,517.8843383789062,587.521728515625,81.92545318603516,84.5987548828125
2025-01-21,21.631956100463867,41.322635650634766,74.44808197021484,253.1300048828125,87.88089752197266,226.29290771484375,520.921875,592.8995971679688,82.65835571289062,86.18409729003906
2025-01-22,21.612606048583984,41.351776123046875,74.27699279785156,254.42999267578125,87.65350341796875,224.8157501220703,527.582275390625,596.232666015625,82.22613525390625,84.68367004394531
2025-01-23,21.53521156311035,41.44891357421875,74.88526916503906,254.07000732421875,87.42613983154297,225.83993530273438,528.7039184570312,599.4869384765625,81.58718872070312,85.30648803710938
2025-01-24,21.544885635375977,41.72090530395508,75.303466796875,255.64999389648438,87.60614013671875,225.2096710205078,525.716064453125,597.7368774414062,81.95365142822266,85.5990219116211
2025-01-27,21.21595573425293,40.96322250366211,75.303466796875,252.99000549316406,88.17459106445312,223.05299377441406,510.4101257324219,589.2815551757812,82.92143249511719,86.7408447265625
2025-01-28,21.235305786132812,41.26435089111328,75.20841979980469,255.17999267578125,88.18405151367188,223.29920959472656,517.9539184570312,594.344970703125,82.86505126953125,85.6933822631836
2025-01-29,21.274002075195312,41.274070739746094,75.19892120361328,254.1999969482422,88.07984161376953,222.787109375,516.9811401367188,591.6805419921875,82.6959457397461,84.5610122680664
2025-01-30,21.293350219726562,41.97346115112305,76.02580261230469,258.04998779296875,88.26933288574219,225.05210876464844,519.1846313476562,594.8560791015625,83.00599670410156,85.63677215576172
2025-01-31,21.25465202331543,41.49748229980469,75.3129653930664,258.55999755859375,88.12720489501953,223.03329467773438,518.4303588867188,591.6903686523438,82.46101379394531,85.44803619384766
2025-02-03,21.419116973876953,41.19635772705078,74.42906188964844,259.94000244140625,88.18994903564453,220.4236297607422,514.2811889648438,587.70849609375,83.13240814208984,85.26874542236328
2025-02-04,21.47716522216797,41.93460464477539,75.2939682006836,262.5,88.40852355957031,223.4764404296875,520.5942993164062,591.6510009765625,83.38703155517578,85.33480072021484
2025-02-05,21.34172248840332,41.827754974365234,76.02580261230469,264.1300048828125,88.92176055908203,225.90884399414062,522.9566650390625,594.0499267578125,84.76376342773438,86.53323364257812
2025-02-06,21.351396560668945,42.002601623535156,76.38697814941406,263.42999267578125,88.81722259521484,225.17025756835938,525.6863403320312,596.1146240234375,84.7260513305664,86.75028228759766
2025-02-07,21.36107063293457,41.963748931884766,75.66463470458984,263.8999938964844,88.5225830078125,222.5606231689453,519.0556640625,590.6580200195312,84.17911529541016,86.4671859741211
2025-02-10,21.670652389526367,42.468868255615234,76.1778793334961,268.3699951171875,88.50358581542969,223.56509399414062,525.3388671875,594.6693115234375,83.92451477050781,86.429443359375
2025-02-11,21.83511734008789,42.303733825683594,76.5390396118164,267.3900146484375,88.27548217773438,222.2651824951172,524.0882568359375,595.12158203125,83.38703155517578,86.80690002441406
2025-02-12,21.5932559967041,42.536865234375,76.82417297363281,267.6700134277344,87.66722106933594,220.216796875,524.3959350585938,593.2044067382812,82.2554702758789,86.00479125976562
2025-02-13,21.699676513671875,42.8088493347168,77.75560760498047,270.30999755859375,88.32300567626953,222.69847106933594,531.9398193359375,599.46728515625,83.62277221679688,86.863525390625
2025-02-14,21.7093505859375,43.139122009277344,77.86965942382812,266.2900085449219,88.69364929199219,222.5310516357422,534.1731567382812,599.437744140625,84.06597900390625,86.4671859741211
2025-02-18,22.02860450744629,43.411109924316406,78.43041229248047,270.70001220703125,88.21846771240234,223.75221252441406,535.3840942382812,601.1975708007812,83.07584381103516,86.85408782958984
2025-02-19,22.20274543762207,43.343109130859375,77.62254333496094,270.8500061035156,88.36103057861328,222.9840545654297,535.5330810546875,602.6134033203125,83.17955780029297,86.9201431274414
2025-02-20,22.231767654418945,43.74137878417969,77.98371124267578,270.989990234375,88.54161834716797,220.84707641601562,533.260009765625,600.1062622070312,83.49075317382812,87.33535766601562
2025-02-21,21.92218589782715,43.6151008605957,77.49898529052734,270.739990234375,89.06433868408203,214.48538208007812,522.1923828125,589.8419799804688,84.4997329711914,86.47663116455078
2025-02-24,21.844791412353516,42.944847106933594,77.45146179199219,272.2099914550781,89.25442504882812,212.9392852783203,516.0283203125,587.157958984375,84.74491119384766,86.81632995605469
2025-02-25,21.60293197631836,42.97399139404297,78.15479278564453,268.6199951171875,89.9577407836914,212.1317596435547,509.5266418457031,584.2379150390625,86.20649719238281,87.8826675415039
2025-02-26,21.419116973876953,43.40139389038086,78.25933074951172,269.0299987792969,90.20484924316406,212.39764404296875,510.75750732421875,584.532958984375,86.71571350097656,87.51464080810547
2025-02-27,21.44814109802246,42.55629348754883,77.37543487548828,264.92999267578125,90.10031127929688,209.15773010253906,496.57305908203125,575.20263671875,86.10276794433594,87.8637924194336
2025-02-28,21.283676147460938,41.97346115112305,77.5370101928711,263.2699890136719,90.59451293945312,211.38331604003906,504.4147644042969,584.178955078125,87.15892028808594,88.60929107666016
2025-03-03,21.148235321044922,41.604339599609375,78.39240264892578,266.739990234375,90.92338562011719,205.60267639160156,493.37689208984375,573.9442138671875,87.565673828125,89.02449798583984
2025-03-04,21.21595573425293,41.95403289794922,78.3733901977539,269.05999755859375,90.63741302490234,203.27859497070312,491.8879699707031,567.150390625,86.4873046875,87.99591064453125
2025-03-05,21.157909393310547,43.20711898803711,80.24576568603516,269.6199951171875,90.13224792480469,205.29736328125,498.30023193359375,573.24609375,85.79676055908203,88.97731018066406
2025-03-06,21.051490783691406,42.93513488769531,79.41887664794922,268.25,90.08457946777344,202.1559600830078,484.59234619140625,563.0703125,85.51297760009766,86.69366455078125
2025-03-07,21.235305786132812,43.14883804321289,80.24576568603516,268.3900146484375,89.97019958496094,202.81573486328125,488.1557312011719,566.226318359375,85.23865509033203,87.2126693725586
2025-03-10,21.099863052368164,42.11916732788086,78.3543930053711,266.0400085449219,90.59928131103516,197.71456909179688,469.2366638183594,551.1444702148438,86.1278305053711,86.3728256225586
2025-03-11,21.21595573425293,42.468868255615234,78.08827209472656,269.1600036621094,90.27519989013672,197.6948699951172,468.114990234375,546.5628662109375,85.51297760009766,85.36311340332031
2025-03-12,21.21595573425293,42.701995849609375,78.64901733398438,270.3299865722656,90.00831604003906,198.03953552246094,473.39569091796875,549.4632568359375,85.0021743774414,85.09888458251953
2025-03-13,21.138561248779297,42.52714920043945,78.12627410888672,275.1300048828125,90.37052154541016,195.085205078125,464.8790588378906,542.138671875,85.74947357177734,83.41917419433594
2025-03-14,21.25465202331543,43.30426025390625,79.56144714355469,275.239990234375,90.05597686767578,199.80230712890625,476.1153869628906,553.3369140625,85.29542541503906,85.08944702148438
2025-03-17,21.399770736694336,44.04250717163086,80.45486450195312,276.7300109863281,90.13224792480469,202.32334899902344,479.202392578125,557.6039428710938,85.7210922241211,86.54267883300781
2025-03-18,21.351396560668945,43.819087982177734,80.44535827636719,279.9599914550781,90.23709869384766,200.56651306152344,471.03326416015625,551.5770874023438,85.80623626708984,86.08972930908203
2025-03-19,21.48683738708496,43.925941467285156,80.6829605102539,281.1099853515625,90.51351165771484,203.68539428710938,477.3363037109375,557.584228515625,86.25080871582031,86.19352722167969
2025-03-20,21.525535583496094,43.51796340942383,80.00814819335938,280.75,90.6469497680664,202.39242553710938,475.7183837890625,555.9718627929688,86.30757904052734,86.13690185546875
2025-03-21,21.399770736694336,43.30426025390625,79.51393127441406,278.489990234375,90.57067108154297,201.13894653320312,477.28668212890625,556.1552734375,85.79676055908203,85.18380737304688
2025-03-24,21.47716522216797,43.498531341552734,79.5044174194336,277.25,90.04644012451172,206.14300537109375,487.76043701171875,566.1151733398438,84.91703796386719,86.49549865722656
2025-03-25,21.506187438964844,43.37225341796875,79.9416275024414,278.4700012207031,90.19896697998047,204.99807739257812,490.54388427734375,567.47607421875,84.90757751464844,85.52498626708984
2025-03-26,21.47716522216797,43.109981536865234,78.90563201904297,278.239990234375,89.9892578125,202.91554260253906,481.5174865722656,560.7013549804688,84.34947967529297,85.85865020751953
2025-03-27,21.53521156311035,43.32368469238281,79.07671356201172,281.9700012207031,89.91301727294922,201.9482879638672,478.7738342285156,559.2122192382812,84.10355377197266,85.63939666748047
2025-03-28,21.467491149902344,42.51743698120117,78.3733901977539,284.05999755859375,90.63741302490234,197.8424072265625,466.1687927246094,547.95068359375,85.26703643798828,85.52498626708984
2025-03-31,21.767396926879883,42.44944381713867,77.67957305908203,288.1400146484375,90.90430450439453,196.89491271972656,466.14892578125,551.62890625,86.10891723632812,86.3162612915039
2025-04-01,21.777070999145508,42.58543395996094,77.79362487792969,287.57000732421875,91.22368621826172,196.91461181640625,469.90655517578125,553.18701171875,86.8551025390625,86.35440826416016
2025-04-02,21.912511825561523,42.643714904785156,77.97420501708984,288.1600036621094,91.13762664794922,200.02365112304688,473.3361511230469,556.687744140625,86.79814147949219,86.87873840332031
2025-04-03,21.032142639160156,41.740333557128906,76.33944702148438,286.4200134277344,92.07472229003906,187.18289184570312,447.996826171875,529.2537841796875,87.19686126708984,83.91382598876953
2025-04-04,20.267866134643555,39.418724060058594,71.30210876464844,279.7200012207031,92.3328857421875,178.83294677734375,420.1722412109375,498.2696838378906,88.1462173461914,80.27203369140625
2025-04-07,19.948610305786133,37.951934814453125,69.5818099975586,273.7099914550781,91.23323822021484,177.2142791748047,421.1861572265625,497.3821716308594,85.48806762695312,78.16513061523438
2025-04-08,19.50358772277832,37.41767501831055,69.34420776367188,275.20001220703125,90.7742691040039,172.54580688476562,413.60125732421875,489.591796875,83.87418365478516,76.0677490234375
2025-04-09,20.20981788635254,40.011268615722656,74.69518280029297,285.3800048828125,90.4874038696289,187.2125244140625,463.24615478515625,541.0084228515625,84.36783599853516,80.60570526123047
2025-04-10,19.958282470703125,39.32158660888672,73.22200775146484,292.3500061035156,89.92323303222656,179.34619140625,443.54327392578125,517.3019409179688,82.04194641113281,78.7657470703125
2025-04-11,20.248516082763672,40.55524444580078,75.05635070800781,297.92999267578125,89.41642761230469,181.96170043945312,451.7146911621094,526.5321044921875,82.48815155029297,79.7286148071289
2025-04-14,20.258190155029297,40.924373626708984,75.86422729492188,296.2300109863281,90.13359069824219,184.1034698486328,454.7764587402344,531.6401977539062,83.07674407958984,81.37791442871094
2025-04-15,20.20981788635254,40.8855094909668,76.54854583740234,297.7799987792969,90.40132904052734,184.33047485351562,455.283447265625,530.1511840820312,83.37102508544922,81.62578582763672
2025-04-16,20.46135139465332,40.4095344543457,76.25391387939453,307.4700012207031,90.79339599609375,182.56378173828125,441.5550842285156,518.3668823242188,83.8362045288086,81.56858825683594
2025-04-17,20.674190521240234,40.720375061035156,77.08079528808594,306.1199951171875,90.53520965576172,184.0541229248047,441.4755554199219,519.1064453125,83.0957260131836,82.78886413574219
2025-04-21,20.500049591064453,40.710662841796875,76.66260528564453,315.5899963378906,90.04752349853516,180.36277770996094,430.5505065917969,506.7503356933594,81.64322662353516,81.06331634521484
2025-04-22,20.59679412841797,41.322635650634766,78.24983215332031,311.1099853515625,90.11447143554688,185.03126525878906,441.8533630371094,519.9348754882812,82.0988998413086,82.63633728027344
2025-04-23,20.44200325012207,41.798614501953125,78.56348419189453,303.6499938964844,90.2100830078125,187.7751007080078,451.87371826171875,527.9915161132812,82.89634704589844,82.78886413574219
2025-04-24,20.625816345214844,42.284305572509766,79.60897064208984,308.07000732421875,90.69776916503906,191.5355224609375,464.5881652832031,539.1051025390625,83.76973724365234,83.09394836425781
2025-04-25,20.65484046936035,42.20659255981445,79.95112609863281,304.7300109863281,91.04199981689453,191.59474182128906,469.76739501953125,543.0004272460938,84.3868179321289,82.95094299316406
2025-04-28,20.538747787475586,42.284305572509766,80.4833755493164,309.07000732421875,91.40535736083984,192.40408325195312,469.6182556152344,543.2074584960938,84.9184341430664,83.46575927734375
2025-04-29,20.277538299560547,42.400875091552734,80.64494323730469,306.05999755859375,91.72091674804688,193.53912353515625,472.7198181152344,546.6292724609375,85.63044738769531,83.91382598876953
2025-04-30,19.900236129760742,42.50772476196289,80.5499038696289,303.7699890136719,91.8643569946289,192.3251190185547,472.66015625,546.84619140625,84.93742370605469,84.20936584472656
2025-05-01,19.996980667114258,42.498008728027344,80.29328918457031,297.4599914550781,91.46431732177734,193.51937866210938,478.8334655761719,550.7217407226562,84.50675201416016,84.48583984375
2025-05-02,20.08405113220215,43.71223831176758,81.83300018310547,297.9800109863281,90.8503189086914,197.87200927734375,485.94122314453125,558.8966674804688,83.592041015625,85.52498626708984
2025-05-05,19.967958450317383,44.04250717163086,81.97557067871094,306.8800048828125,90.68724060058594,196.35203552246094,483.058349609375,555.6917724609375,83.1251449584961,85.3343276977539
2025-05-06,20.267866134643555,43.86766052246094,81.87100982666016,315.4800109863281,90.91746520996094,194.2102813720703,478.5650939941406,551.0471801757812,83.40148162841797,84.67650604248047
2025-05-07,20.01633071899414,43.36254119873047,81.59538269042969,310.75,91.15730285644531,194.85182189941406,480.4438781738281,553.3645629882812,83.75401306152344,84.77184295654297
2025-05-08,20.277538299560547,43.33340072631836,81.31026458740234,304.6300048828125,90.44740295410156,198.5629119873047,485.4044189453125,557.2202758789062,82.82025146484375,84.43817138671875
2025-05-09,20.432329177856445,43.62481689453125,81.70944213867188,306.8399963378906,90.5145492553711,198.19772338867188,485.0862731933594,556.5103759765625,82.9441146850586,85.00064849853516
2025-05-12,20.567771911621094,44.567054748535156,82.12763977050781,298.19000244140625,89.93894958496094,205.1658935546875,504.8488464355469,574.9014892578125,82.17232513427734,85.42011260986328
2025-05-13,20.887025833129883,44.6447639465332,82.23218536376953,299.4599914550781,89.87178802490234,205.91598510742188,512.543212890625,578.6981201171875,81.83882904052734,84.33330535888672
2025-05-14,20.780607223510742,44.9847526550293,81.83300018310547,293.1600036621094,89.53602600097656,204.09007263183594,515.61474609375,579.4376831054688,81.29571533203125,83.50387573242188
2025-05-15,20.57744598388672,44.96532440185547,82.7264175415039,297.8399963378906,90.1212158203125,205.42251586914062,516.1814575195312,582.2678833007812,82.01032257080078,85.02925109863281
2025-05-16,20.500049591064453,44.93618392944336,82.91650390625,294.239990234375,90.14998626708984,207.12013244628906,518.4281616210938,585.9559936523438,82.2294921875,86.08747100830078
2025-05-19,20.471027374267578,45.033321380615234,83.70537567138672,298.0299987792969,90.10204315185547,206.2515869140625,518.9251708984375,586.596923828125,81.99128723144531,86.10652923583984
2025-05-20,20.732234954833984,44.9847526550293,84.10456085205078,303.5799865722656,89.9869155883789,206.36013793945312,517.1954345703125,584.6246337890625,81.40050506591797,85.60125732421875
2025-05-21,20.70321273803711,44.86818313598633,83.61032104492188,305.82000732421875,89.36334991455078,200.56651306152344,510.0080871582031,574.7733154296875,80.00939178466797,83.32275390625
2025-05-22,20.59679412841797,44.722476959228516,83.56279754638672,303.1099853515625,89.69910430908203,200.55662536621094,510.9624938964844,575.0001220703125,80.42863464355469,82.94139862060547
2025-05-23,20.712886810302734,44.90704345703125,83.6768569946289,309.75,89.9581298828125,199.92495727539062,506.2305908203125,571.0753173828125,80.56202697753906,83.02720642089844
2025-05-27,20.529071807861328,44.80018615722656,84.89342498779297,304.5,90.33228302001953,204.99807739257812,518.1397705078125,582.9483642578125,81.68637084960938,84.4762954711914
2025-05-28,20.46135139465332,44.596195220947266,83.91446685791016,303.80999755859375,90.08284759521484,202.83657836914062,515.8434448242188,579.57568359375,81.33381652832031,84.39049530029297
2025-05-29,20.354934692382812,44.76133346557617,84.28514099121094,305.6099853515625,90.45699310302734,203.43862915039062,516.8574829101562,581.8635864257812,82.08656311035156,85.15318298339844
2025-05-30,20.20014190673828,44.21735763549805,84.40869903564453,303.6000061035156,90.7256088256836,202.40232849121094,516.042236328125,581.2127685546875,82.21041870117188,85.15318298339844
2025-06-02,20.625816345214844,44.53791046142578,85.3116226196289,311.6700134277344,90.41761016845703,203.0339813232422,520.1180419921875,584.4866943359375,81.44532775878906,85.267578125
2025-06-03,20.76125717163086,44.6447639465332,84.66532135009766,308.9100036621094,90.33097076416016,206.310791015625,524.183837890625,587.8197631835938,81.30188751220703,85.09598541259766
2025-06-04,20.683862686157227,45.198455810546875,85.04550170898438,310.8999938964844,90.9951171875,205.72848510742188,525.6452026367188,587.6619873046875,82.62166595458984,85.3343276977539
2025-06-05,20.780607223510742,45.431583404541016,84.98845672607422,309.3299865722656,90.72561645507812,205.81727600097656,521.688720703125,584.8218994140625,82.67904663085938,85.267578125
2025-06-06,20.945072174072266,45.577293395996094,85.2926025390625,305.17999267578125,90.00373077392578,209.14344787597656,526.7883911132812,590.827392578125,81.62702941894531,85.67752075195312
2025-06-09,20.964420318603516,45.96584701538086,85.2831039428711,306.6199951171875,90.1673583984375,210.58447265625,527.5637817382812,591.3599243164062,81.71311950683594,85.79193115234375
2025-06-10,20.91604995727539,46.22812271118164,85.39715576171875,306.7099914550781,90.32135009765625,211.71949768066406,531.0530395507812,594.7128295898438,82.13391876220703,86.52600860595703
2025-06-11,21.25465202331543,46.42239761352539,85.25458526611328,308.3699951171875,90.69673919677734,210.8509521484375,529.263671875,593.0166625976562,82.38258361816406,86.05886840820312
2025-06-12,21.25465202331543,46.50010681152344,85.91039276123047,312.20001220703125,91.09133911132812,210.0120086669922,530.5062255859375,595.3734741210938,83.36764526367188,86.47833251953125
2025-06-13,21.912511825561523,45.76185989379883,84.8078842163086,316.2900085449219,90.75448608398438,206.172607421875,523.845947265625,588.7171020507812,82.56429290771484,85.63939666748047
2025-06-16,21.8641414642334,46.32286834716797,85.1259994506836,311.7799987792969,90.4946060180664,208.60336303710938,531.132568359375,594.3182983398438,81.73223876953125,85.70612335205078
2025-06-17,22.328510284423828,45.714778900146484,84.08174133300781,311.94000244140625,90.93736267089844,206.40618896484375,525.953369140625,589.2398071289062,82.72687530517578,85.40105438232422
2025-06-18,22.38655662536621,45.7049674987793,84.22677612304688,310.260009765625,90.9951171875,207.494873046875,525.8638305664062,589.1510009765625,82.8703384399414,85.69659423828125
2025-06-20,22.50265121459961,45.44015884399414,83.47259521484375,310.1300048828125,91.0528564453125,207.0594024658203,523.7166748046875,587.7673950195312,82.7173080444336,85.63939666748047
2025-06-23,21.670652389526367,45.8128547668457,84.10108184814453,311.0799865722656,91.37049865722656,209.5930938720703,529.1017456054688,593.5730590820312,82.98509979248047,86.92642211914062
2025-06-24,21.148235321044922,46.99961471557617,85.1259994506836,306.19000244140625,91.68810272216797,212.26531982421875,537.1928100585938,600.13037109375,83.58761596679688,87.15521240234375
2025-06-25,21.119211196899414,47.038848876953125,84.66188049316406,307.1199951171875,91.72662353515625,209.79104614257812,538.5661010742188,600.4666748046875,83.69281768798828,85.05784606933594
2025-06-26,21.196605682373047,47.35270309448242,85.60944366455078,306.7799987792969,92.05387115478516,213.19566345214844,543.6018676757812,605.1646118164062,84.11361694335938,84.9789047241211
2025-06-27,21.090187072753906,47.166351318359375,86.3829574584961,301.2200012207031,91.813232421875,213.2649383544922,545.4629516601562,608.1713256835938,83.57806396484375,85.19070434570312
2025-06-30,21.099863052368164,47.313472747802734,86.43130493164062,304.8299865722656,92.17900085449219,213.57176208496094,548.9959106445312,611.0791015625,84.4005355834961,85.73944854736328
2025-07-01,21.21595573425293,47.4017448425293,86.2862777709961,307.54998779296875,92.0080795288086,215.76893615722656,544.3682250976562,610.8812866210938,84.60980987548828,86.3652114868164
2025-07-02,21.564233779907227,47.60771179199219,86.53767395019531,309.25,91.8149642944336,218.7578887939453,548.159912109375,613.6505737304688,84.07223510742188,86.5673828125
2025-07-03,21.5545597076416,47.823482513427734,86.5570068359375,307.1400146484375,91.49635314941406,220.78680419921875,553.553955078125,618.4869995117188,83.4866714477539,86.66365051269531
2025-07-07,21.53521156311035,47.14673614501953,85.61911010742188,307.3699951171875,91.2066650390625,217.47125244140625,549.3840942382812,613.8780517578125,82.6899185180664,85.92237091064453
2025-07-08,21.60293197631836,47.440975189208984,86.24759674072266,304.1600036621094,91.07150268554688,218.97564697265625,549.6926879882812,613.5418090820312,82.58432006835938,85.7972183227539
2025-07-09,21.564233779907227,47.36251449584961,86.89542388916016,305.5199890136719,91.54461669921875,221.3509521484375,553.5838623046875,617.2210083007812,83.4482650756836,85.86460876464844
2025-07-10,21.496511459350586,47.490013122558594,86.83740997314453,306.20001220703125,91.49635314941406,222.4891357421875,552.7877197265625,618.9617309570312,83.505859375,86.40371704101562
2025-07-11,21.777070999145508,47.33308792114258,86.00587463378906,309.1400146484375,91.07150268554688,219.42100524902344,551.5435791015625,616.7857666015625,82.35393524169922,86.41336059570312
2025-07-14,21.5932559967041,47.4017448425293,86.00587463378906,308.010009765625,91.03286743164062,220.89569091796875,553.5440063476562,617.9627075195312,82.18113708496094,86.97172546386719
2025-07-15,21.5545597076416,47.745018005371094,85.10665893554688,306.7300109863281,90.67562103271484,216.57061767578125,554.051513671875,615.322021484375,81.60518646240234,85.69131469726562
2025-07-16,21.583581924438477,47.970603942871094,85.45474243164062,308.260009765625,90.92665100097656,218.7480010986328,554.6188354492188,617.3792114257812,81.72036743164062,86.49999237060547
2025-07-17,21.757720947265625,48.24522399902344,85.67713165283203,307.5899963378906,90.897705078125,221.61819458007812,559.107177734375,621.1573486328125,81.70116424560547,86.40371704101562
2025-07-18,21.796419143676758,48.1373405456543,85.4354019165039,308.3900146484375,91.14874267578125,220.04452514648438,558.56982421875,620.7024536132812,81.8259506225586,86.58663940429688
2025-07-21,21.748046875,48.45119094848633,85.88984680175781,313.1300048828125,91.4673843383789,219.15377807617188,561.4658813476562,621.87939453125,82.55550384521484,86.9428482055664
2025-07-22,21.7093505859375,48.480613708496094,86.3636245727539,316.1000061035156,91.72807312011719,220.97486877441406,558.5598754882812,621.9684448242188,83.0546875,88.43505859375
2025-07-23,21.651302337646484,48.971012115478516,88.51014709472656,312.17999267578125,91.3998031616211,224.3498077392578,561.1075439453125,627.2598266601562,82.59391784667969,88.60834503173828
2025-07-24,21.670652389526367,48.706199645996094,87.8526611328125,310.2699890136719,91.26460266113281,221.2519989013672,562.3018798828125,627.4674682617188,82.44993591308594,88.30027770996094
2025-07-25,21.44814109802246,48.55907440185547,87.74629211425781,307.3999938964844,91.4770278930664,222.07347106933594,563.6553344726562,630.1181030273438,82.96829223632812,88.30990600585938
2025-07-28,21.670652389526367,48.235416412353516,86.3346176147461,305.4100036621094,91.2742691040039,221.81614685058594,565.4168090820312,629.9598388671875,82.43073272705078,86.89471435546875
2025-07-29,21.951210021972656,48.255035400390625,86.16057586669922,306.25,91.87290954589844,220.4008331298828,564.541015625,628.2982788085938,83.82264709472656,88.29065704345703
2025-07-30,21.9028377532959,47.901947021484375,85.54176330566406,300.9599914550781,91.55427551269531,219.28245544433594,565.2974853515625,627.5070190429688,83.39067840576172,87.03912353515625
2025-07-31,21.719024658203125,47.62732696533203,84.62320709228516,302.9599914550781,91.63152313232422,217.134765625,562.3018798828125,625.1531372070312,83.43867492675781,85.81645965576172
2025-08-01,21.370746612548828,47.27424240112305,84.40081787109375,309.1099853515625,92.68645477294922,212.710693359375,551.2251586914062,614.9066162109375,84.62488555908203,85.60466766357422
2025-08-04,21.293350219726562,47.7646369934082,85.52242279052734,310.9100036621094,92.81237030029297,217.47125244140625,561.3961791992188,624.2530517578125,84.85614776611328,86.48075103759766
2025-08-05,21.10953712463379,47.901947021484375,85.51275634765625,311.1600036621094,92.74456787109375,218.5797576904297,557.5845336914062,621.088134765625,85.1163330078125,86.87545013427734
2025-08-06,21.06116485595703,48.12752914428711,86.07355499267578,310.5,92.6767578125,218.292724609375,564.6007690429688,625.845458984375,84.62488555908203,86.20155334472656
2025-08-07,21.12888526916504,48.5296516418457,86.84707641601562,313.1199951171875,92.60894012451172,217.5801239013672,566.5115356445312,625.3212280273438,84.48033142089844,86.45186614990234
2025-08-08,21.12888526916504,48.490421295166016,87.37887573242188,313.04998779296875,92.39584350585938,218.05520629882812,571.7960815429688,630.1972045898438,84.1141586303711,85.73944854736328
2025-08-11,21.157909393310547,48.353111267089844,87.01144409179688,308.54998779296875,92.42489624023438,218.00570678710938,570.1041870117188,628.9510498046875,84.21053314208984,85.17145538330078
2025-08-12,21.07084083557129,48.94158935546875,88.07503509521484,308.2699890136719,92.40550994873047,224.47848510742188,577.2697143554688,635.6469116210938,83.78652954101562,85.6528091430664
2025-08-13,21.04181671142578,49.53006362915039,88.6068344116211,309.2099914550781,92.7348861694336,228.84315490722656,577.558349609375,637.8228149414062,84.48033142089844,86.45186614990234
2025-08-14,21.12888526916504,48.921974182128906,88.61650848388672,307.25,92.43457794189453,225.89378356933594,577.1105346679688,637.882080078125,83.8539810180664,85.83573150634766
2025-08-15,21.06116485595703,48.98081970214844,89.13863372802734,307.42999267578125,92.25051879882812,224.79519653320312,574.57275390625,636.3886108398438,83.25656127929688,86.32669830322266
2025-08-18,21.080514907836914,49.26525115966797,89.04193878173828,306.95001220703125,92.16334533691406,225.61666870117188,574.3438110351562,636.2501220703125,83.0156478881836,85.59504699707031
2025-08-19,20.91604995727539,48.86312484741211,89.0516128540039,305.2699890136719,92.39584350585938,223.88465881347656,566.5513916015625,632.7984008789062,83.49745178222656,87.06800079345703
2025-08-20,21.148235321044922,48.794471740722656,89.37068939208984,308.3599853515625,92.53144836425781,223.09286499023438,563.1876220703125,631.1170043945312,83.68053436279297,87.31830596923828
2025-08-21,21.274002075195312,48.68658447265625,88.80988311767578,307.2900085449219,92.26020812988281,223.64712524414062,560.5801391601562,628.5850830078125,83.26618194580078,87.0583724975586
2025-08-22,21.36107063293457,49.657569885253906,90.14421844482422,310.5799865722656,92.77362823486328,232.41604614257812,569.2284545898438,638.2381591796875,83.88289642333984,88.74312591552734
2025-08-25,21.467491149902344,49.373138427734375,88.95492553710938,309.8299865722656,92.5895767211914,229.97142028808594,567.5863647460938,635.42919921875,83.64199829101562,88.2328872680664
2025-08-26,21.30302619934082,49.245635986328125,88.85823059082031,312.0799865722656,92.8317642211914,231.87168884277344,569.8654174804688,638.0897827148438,83.59382629394531,88.0018310546875
2025-08-27,21.32237434387207,48.95139694213867,88.6455078125,312.7099914550781,93.0061264038086,233.51463317871094,570.7412109375,639.543701171875,83.49745178222656,88.55058288574219
2025-08-28,21.457815170288086,49.13774490356445,88.97425842285156,315.0299987792969,93.21924591064453,233.79176330566406,574.31396484375,641.8085327148438,84.04672241210938,88.31952667236328
2025-08-29,21.48683738708496,48.90235900878906,88.45214080810547,318.07000732421875,93.1417465209961,232.7525177001953,567.666015625,637.98095703125,83.44927215576172,88.80089569091797
2025-09-02,21.83511734008789,48.86312484741211,87.58192443847656,325.5899963378906,92.86378479003906,231.49559020996094,562.908935546875,633.2533569335938,82.8282699584961,87.32792663574219
2025-09-03,21.641630172729492,49.04947280883789,87.71729278564453,328.1400146484375,93.18450927734375,231.2679443359375,567.337646484375,636.6853637695312,83.73751068115234,87.37606811523438
2025-09-04,21.48683738708496,48.892547607421875,88.35543823242188,326.69000244140625,93.6024169921875,234.15794372558594,572.4728393554688,642.0062866210938,84.37592315673828,88.03072357177734
2025-09-05,21.312700271606445,49.48102569580078,88.75187683105469,331.04998779296875,94.05921936035156,235.32582092285156,573.298828125,640.1469116210938,85.66241455078125,89.0223159790039
2025-09-08,21.457815170288086,49.93218994140625,89.64141845703125,334.82000732421875,94.35076904296875,235.80087280273438,576.0953369140625,641.7195434570312,86.80379486083984,88.50244903564453
2025-09-09,21.51586151123047,50.206809997558594,89.34168243408203,334.05999755859375,94.12724304199219,234.41526794433594,577.7276000976562,643.2031860351562,86.31049346923828,88.30027770996094
2025-09-10,21.66097640991211,50.55009078979492,89.32234191894531,335.260009765625,94.37992858886719,233.9995880126953,577.9166870117188,645.0625,86.80379486083984,88.15586853027344
2025-09-11,21.496511459350586,51.28568649291992,90.26990509033203,334.760009765625,94.52571868896484,238.32467651367188,581.2803955078125,650.4231567382812,87.38417053222656,89.76360321044922
2025-09-12,21.62228012084961,51.25625991821289,89.91215515136719,335.4200134277344,94.25360107421875,235.88995361328125,583.8480224609375,650.2055053710938,87.0069351196289,89.34963989257812
2025-09-15,21.815767288208008,51.62895965576172,90.51163482666016,338.9100036621094,94.40908813476562,236.8895721435547,588.843994140625,653.6671752929688,87.21005249023438,89.20523834228516
2025-09-16,22.038280487060547,52.011470794677734,90.26023864746094,339.5899963378906,94.4674072265625,236.49951171875,588.346435546875,652.76708984375,87.39383697509766,88.73348999023438
2025-09-17,21.806095123291016,52.23705291748047,89.92182159423828,336.9700012207031,94.26329040527344,237.10494995117188,587.1720581054688,651.9561767578125,87.17137908935547,88.61798095703125
2025-09-18,21.7093505859375,52.109554290771484,90.26990509033203,335.6199951171875,93.9522933959961,243.010498046875,592.466552734375,655.0023803710938,86.27178955078125,88.81051635742188
2025-09-19,21.53521156311035,51.99185562133789,89.92182159423828,339.17999267578125,93.91341400146484,241.16436767578125,596.4771728515625,658.2465209960938,86.10735321044922,88.2328872680664
2025-09-22,21.53521156311035,52.24686050415039,90.21189880371094,345.04998779296875,93.7579116821289,242.5638427734375,600.0083618164062,661.3607177734375,85.79782104492188,88.25214385986328
2025-09-23,21.757720947265625,52.276283264160156,90.03785705566406,346.4599914550781,94.02033233642578,242.0179443359375,596.02294921875,657.7606201171875,86.39752960205078,88.73348999023438
2025-09-24,21.9028377532959,52.0997428894043,89.51573181152344,343.32000732421875,93.76764678955078,239.79470825195312,593.9305419921875,655.6678466796875,86.06867218017578,87.86072540283203
2025-09-25,22.057626724243164,51.79569625854492,88.8775634765625,344.75,93.56353759765625,237.501953125,591.3699340820312,652.6429443359375,86.06867218017578,87.59830474853516
2025-09-26,22.067302703857422,51.69761657714844,89.56407165527344,346.739990234375,93.51494598388672,239.53663635253906,593.801025390625,656.3819580078125,85.99127960205078,88.46330261230469
2025-09-29,21.88348960876465,52.16839599609375,89.91215515136719,352.4599914550781,93.78707122802734,239.81454467773438,596.5509643554688,658.2266845703125,86.69739532470703,88.49246978759766
2025-09-30,21.796419143676758,52.374366760253906,90.27957916259766,355.4700012207031,93.74819946289062,240.15200805664062,598.18505859375,660.7061157226562,86.44589233398438,88.85206604003906
2025-10-01,21.757720947265625,52.78629684448242,91.02409362792969,356.0299987792969,94.06405639648438,240.67803955078125,601.0545043945312,662.95751953125,86.66915893554688,88.9881362915039
2025-10-02,21.612606048583984,53.031494140625,91.16912841796875,354.7900085449219,94.16152954101562,242.19662475585938,603.5254516601562,663.7210693359375,86.92151641845703,88.52162170410156
2025-10-03,21.680326461791992,53.18842315673828,91.93297576904297,357.6400146484375,93.976318359375,243.9930877685547,600.9848022460938,663.7113037109375,86.75651550292969,88.85206604003906
2025-10-06,21.9028377532959,53.43362045288086,92.14569854736328,364.3800048828125,93.70336151123047,244.96575927734375,605.498291015625,666.0914916992188,86.06734466552734,88.01622772216797
2025-10-07,21.989906311035156,53.021690368652344,91.34317016601562,366.260009765625,93.93733978271484,242.3355712890625,602.3099365234375,663.6219482421875,86.56238555908203,87.69550323486328
2025-10-08,22.018930435180664,53.44343185424805,91.61389923095703,372.29998779296875,93.95681762695312,244.87644958496094,609.2147827148438,667.5791625976562,86.63033294677734,87.23870849609375
2025-10-09,21.815767288208008,52.89418411254883,90.85972595214844,365.42999267578125,93.88858032226562,243.29832458496094,608.4774169921875,665.6452026367188,86.56238555908203,86.76245880126953
2025-10-10,21.351396560668945,50.942405700683594,89.18697357177734,369.1199951171875,94.47350311279297,236.01315307617188,587.3546142578125,647.6542358398438,87.96012115478516,85.65447998046875
2025-10-13,21.62228012084961,52.423404693603516,89.9024887084961,378.0899963378906,94.52223205566406,242.58370971679688,599.8190307617188,657.5919189453125,87.91159057617188,86.19876861572266
2025-10-14,21.380420684814453,51.9526252746582,90.30859375,380.7900085449219,94.76595306396484,246.04762268066406,595.8236083984375,656.78857421875,88.19307708740234,87.08319091796875
2025-10-15,21.457815170288086,52.80591583251953,90.74369049072266,387.3900146484375,94.6587142944336,248.45947265625,600.0281982421875,659.7044067382812,87.99894714355469,88.3466796875
2025-10-16,21.419116973876953,53.14918899536133,91.21746826171875,396.45001220703125,95.09740447998047,243.22885131835938,597.8063354492188,655.2116088867188,88.65897369384766,88.0356674194336
2025-10-17,21.399770736694336,53.139381408691406,91.38184356689453,388.989990234375,94.9414291381836,241.59117126464844,601.7320556640625,658.9308471679688,88.52307891845703,88.60910034179688
2025-10-20,21.612606048583984,53.865169525146484,92.13602447509766,403.1499938964844,95.06816101074219,246.30567932128906,609.3142700195312,665.7840576171875,88.8628158569336,89.50325012207031
2025-10-21,21.390094757080078,53.26689147949219,91.45919799804688,377.239990234375,95.24363708496094,245.14443969726562,609.1549682617188,665.7741088867188,89.29960632324219,89.25055694580078
2025-10-22,21.728696823120117,53.21784591674805,91.3238296508789,377.2799987792969,95.26312255859375,241.52169799804688,603.286376953125,662.3128051757812,89.35784912109375,89.62960052490234
2025-10-23,22.096324920654297,53.688629150390625,91.749267578125,378.7900085449219,94.95117950439453,244.57867431640625,608.3578491210938,666.2402954101562,88.746337890625,89.57128143310547
2025-10-24,22.106000900268555,54.04171371459961,91.89430236816406,377.5199890136719,95.0389175415039,247.56619262695312,614.8540649414062,671.6851806640625,88.78517150878906,89.83370208740234
2025-10-27,22.057626724243164,54.63999938964844,92.53245544433594,367.010009765625,95.0389175415039,248.4296875,625.8041381835938,679.6095581054688,89.0860824584961,90.08639526367188
2025-10-28,21.85446548461914,54.62038040161133,92.49378204345703,364.3800048828125,95.12665557861328,247.09970092773438,630.6165771484375,681.41455078125,89.31901550292969,88.3175277709961
2025-10-29,21.970558166503906,54.934234619140625,91.97166442871094,363.0,94.51248931884766,244.9955291748047,633.4562377929688,681.7418823242188,88.41632080078125,86.04324340820312
2025-10-30,21.98023223876953,54.36537551879883,91.5655517578125,370.1300048828125,94.37601470947266,243.02041625976562,623.7715454101562,674.2440185546875,87.9018783569336,86.45145416259766
2025-10-31,22.13502311706543,54.23787307739258,91.36250305175781,368.1199951171875,94.41500854492188,244.39010620117188,626.7805786132812,676.4556274414062,87.63980865478516,86.67498779296875
2025-11-03,22.299488067626953,54.581153869628906,91.40118408203125,368.7799987792969,94.3700180053711,243.6060028076172,629.7796020507812,677.72509765625,87.42061614990234,86.54864501953125
2025-11-04,22.144697189331055,53.58074188232422,90.46328735351562,362.32000732421875,94.48737335205078,239.39768981933594,616.996337890625,669.691650390625,87.6154556274414,86.69442749023438
2025-11-05,22.076976776123047,54.06132888793945,91.0434341430664,366.510009765625,94.03752899169922,242.8516845703125,621.01171875,672.012451171875,86.66077423095703,86.77217864990234
2025-11-06,22.106000900268555,53.659202575683594,90.84037780761719,366.07000732421875,94.51671600341797,238.5540313720703,609.4439086914062,664.8021850585938,87.44010162353516,86.35426330566406
2025-11-07,22.15437126159668,53.50227737426758,91.17880249023438,368.30999755859375,94.55583190917969,239.80462646484375,607.5209350585938,665.4567260742188,87.25501251220703,87.69550323486328
2025-11-10,22.39623260498047,54.4438362121582,92.13602447509766,378.3800048828125,94.42869567871094,242.20654296875,620.9618530273438,675.8406982421875,87.23552703857422,87.64691162109375
2025-11-11,22.54134750366211,54.502685546875,92.81285858154297,379.8699951171875,94.72207641601562,242.4149932861328,619.307861328125,677.387939453125,87.63492584228516,88.6285400390625
2025-11-12,22.289813995361328,54.51249313354492,93.3639907836914,385.989990234375,94.74163055419922,241.81944274902344,618.8196411132812,677.7648315429688,87.7907943725586,87.96763610839844
2025-11-13,22.173721313476562,53.87498092651367,92.36808013916016,382.8699951171875,94.46781921386719,235.0206298828125,606.1858520507812,666.5180053710938,87.06993103027344,86.88880920410156
2025-11-14,22.222091674804688,53.90440368652344,92.10702514648438,375.9599914550781,94.31134796142578,235.70547485351562,606.6441040039062,666.4088134765625,86.57311248779297,87.07347106933594
2025-11-17,22.193069458007812,53.26689147949219,90.90806579589844,371.6499938964844,94.4189224243164,231.02073669433594,601.4630737304688,660.2003173828125,86.78741455078125,86.35426330566406
2025-11-18,22.376882553100586,53.002071380615234,89.72844696044922,374.3500061035156,94.57537841796875,231.7254638671875,594.1397705078125,654.65625,86.75818634033203,86.70414733886719
2025-11-19,22.15437126159668,52.81571960449219,89.45770263671875,374.9599914550781,94.5069351196289,231.68572998046875,597.6868896484375,657.185302734375,86.58284759521484,86.02381896972656
2025-11-20,21.94153594970703,52.089935302734375,88.22007751464844,374.8500061035156,94.73184967041016,227.3980255126953,583.5385131835938,647.1683349609375,86.9238052368164,85.66419982910156
2025-11-21,21.796419143676758,52.08012771606445,89.58341217041016,374.2699890136719,95.04478454589844,233.83953857421875,587.9224853515625,653.6148681640625,87.18682861328125,87.05403900146484
2025-11-24,21.9028377532959,52.629371643066406,89.6607666015625,380.20001220703125,95.19148254394531,238.10740661621094,602.9575805664062,663.2351684570312,87.68364715576172,87.28729248046875
2025-11-25,21.786745071411133,52.81571960449219,90.73401641845703,380.0799865722656,95.43595886230469,243.29832458496094,606.6740112304688,669.4735717773438,87.9076919555664,88.09398651123047
2025-11-26,22.018930435180664,53.19823455810547,91.72993469238281,383.1199951171875,95.5141830444336,245.4521026611328,612.034423828125,674.09521484375,88.29736328125,88.48274993896484
2025-11-28,22.309162139892578,53.276695251464844,92.03934478759766,387.8800048828125,95.34795379638672,246.8912811279297,616.996337890625,677.7747192382812,87.87847137451172,88.7743148803711
2025-12-01,22.367210388183594,53.237464904785156,91.58489227294922,389.75,94.83596801757812,243.78465270996094,614.923828125,674.6803588867188,86.78450012207031,87.7538070678711
2025-12-02,22.270465850830078,53.257080078125,91.89430236816406,387.239990234375,94.91442108154297,243.33802795410156,619.736328125,675.9299926757812,86.82359313964844,87.44280242919922
2025-12-03,22.376882553100586,53.29631423950195,92.3874282836914,386.8800048828125,95.110595703125,247.7646942138672,621.2507934570312,678.2706298828125,87.06800842285156,87.66633605957031
2025-12-04,22.4349308013916,53.28650665283203,92.6388168334961,387.1300048828125,94.81632995605469,249.93833923339844,620.6729125976562,678.7664794921875,86.5987548828125,87.45252227783203
2025-12-05,22.570371627807617,53.688629150390625,92.6388168334961,386.44000244140625,94.62017822265625,248.89617919921875,623.20361328125,680.0557861328125,86.19792175292969,87.3553237915039
2025-12-08,22.289813995361328,53.57093048095703,92.34874725341797,385.4200134277344,94.42401123046875,248.99542236328125,622.008056640625,678.0126953125,85.91439056396484,86.6847152709961
2025-12-09,22.24144172668457,53.482662200927734,92.22305297851562,387.3999938964844,94.28669738769531,249.5115509033203,622.7752075195312,677.4276123046875,86.00238800048828,86.35426330566406
2025-12-10,22.376882553100586,54.0809440612793,93.24796295166016,389.04998779296875,94.59075164794922,252.90599060058594,625.3258666992188,681.92041015625,86.33478546142578,86.66527557373047
2025-12-11,22.357534408569336,53.8259391784668,93.7990951538086,393.239990234375,94.60055541992188,255.8736572265625,623.3032836914062,683.5072021484375,86.21747589111328,87.04431915283203
2025-12-12,22.173721313476562,53.19823455810547,93.30597686767578,395.44000244140625,94.34554290771484,251.9531707763672,611.3868408203125,676.1581420898438,85.386474609375,86.9374008178711
2025-12-15,22.067302703857422,53.04130554199219,93.87644958496094,395.79998779296875,94.42401123046875,250.04750061035156,608.3179931640625,675.1365966796875,85.44515228271484,87.20954895019531
2025-12-16,21.844791412353516,52.70604705810547,93.44133758544922,395.8900146484375,94.6888427734375,248.8644256591797,609.5235595703125,673.2918701171875,85.91439056396484,86.56808471679688
2025-12-17,22.106000900268555,52.32801055908203,92.68333435058594,399.2900085449219,94.66920471191406,246.2154541015625,598.224853515625,665.8832397460938,85.83619689941406,86.88880920410156
2025-12-18,21.951210021972656,52.92491149902344,93.3428955078125,398.57000732421875,94.91442108154297,247.6793670654297,606.8932495117188,670.9115600585938,86.24681091308594,86.43201446533203
2025-12-19,22.106000900268555,53.442222595214844,93.9729232788086,399.0199890136719,94.70088958740234,249.750732421875,614.8042602539062,676.9923095703125,85.92489624023438,86.1015625
2025-12-22,22.389999389648438,53.73072052001953,94.20918273925781,408.2300109863281,94.60248565673828,252.52919006347656,617.7513427734375,681.2098999023438,85.73841857910156,86.54389953613281
2025-12-23,22.639999389648438,54.029170989990234,94.79000091552734,413.6400146484375,94.56311798095703,251.035400390625,620.6444702148438,684.3233032226562,85.87581634521484,86.48505401611328
2025-12-24,22.6299991607666,54.13859939575195,94.90813446044922,411.92999267578125,94.80912780761719,251.6627960205078,622.4602661132812,686.7305297851562,86.39598083496094,87.05390930175781
2025-12-26,22.700000762939453,54.51663589477539,95.06563568115234,416.739990234375,94.89768981933594,250.37814331054688,622.4202880859375,686.660888671875,86.11135864257812,87.1519775390625
2025-12-29,22.489999771118164,54.37736129760742,94.7801513671875,398.6000061035156,95.03545379638672,248.8445281982422,619.4074096679688,684.2138671875,86.43524169921875,87.32852172851562
2025-12-30,22.639999389648438,54.596221923828125,94.93766021728516,398.8900146484375,94.93705749511719,247.00218200683594,617.9707641601562,683.3783569335938,86.22913360595703,87.50505828857422
2025-12-31,22.360000610351562,54.427101135253906,94.53404235839844,396.30999755859375,94.62217712402344,245.1399383544922,612.8628540039062,678.3152465820312,85.54212951660156,86.78909301757812
2026-01-02,22.389999389648438,55.94919204711914,95.52831268310547,398.2799987792969,94.54344940185547,247.7490692138672,611.6757202148438,679.55859375,85.41453552246094,86.81851959228516
2026-01-05,22.809999465942383,56.565982818603516,96.62102508544922,408.760009765625,94.82881927490234,251.68270874023438,616.5341796875,684.0845336914062,85.83655548095703,87.0146713256836
2026-01-06,22.799999237060547,56.98381042480469,96.76869201660156,413.17999267578125,94.75993347167969,255.01881408691406,621.951416015625,688.1529541015625,85.65989685058594,87.65217590332031
2026-01-07,22.59000015258789,56.556034088134766,96.40444946289062,409.2300109863281,94.93705749511719,254.4213104248047,622.550048828125,685.9347534179688,86.16043090820312,86.79889678955078
2026-01-08,22.8799991607666,56.575931549072266,96.41429901123047,411.489990234375,94.65169525146484,257.1997375488281,619.0083618164062,685.8651123046875,85.72859954833984,87.57371520996094
2026-01-09,22.899999618530273,56.84453582763672,97.27073669433594,414.4700012207031,94.75993347167969,259.1516418457031,625.173828125,690.4010009765625,86.29783630371094,87.75025939941406
2026-01-12,23.190000534057617,57.64039611816406,97.86139678955078,422.2300109863281,94.641845703125,260.4163513183594,625.6925659179688,691.4852294921875,86.04265594482422,87.8679428100586
2026-01-13,23.3700008392334,57.21261978149414,97.3002700805664,421.6300048828125,94.75993347167969,260.2669982910156,624.7647705078125,690.1026000976562,86.18987274169922,88.35833740234375
2026-01-14,23.389999389648438,57.45138168334961,97.75311279296875,425.94000244140625,94.95672607421875,262.099365234375,618.0905151367188,686.7106323242188,86.69041442871094,89.12335205078125
2026-01-15,23.200000762939453,57.78962326049805,97.71372985839844,423.3299865722656,94.75993347167969,264.4097595214844,620.3153076171875,688.5806884765625,86.67078399658203,89.7412338256836
2026-01-16,23.15999984741211,57.57075881958008,97.97952270507812,421.2900085449219,94.3958511352539,264.6587219238281,619.7965087890625,688.0037231445312,86.17025756835938,90.83971405029297
2026-01-20,23.479999542236328,57.01365661621094,96.4930419921875,437.2300109863281,94.02192687988281,261.49188232421875,606.6276245117188,673.9981689453125,85.0416030883789,89.15277099609375
2026-01-21,23.75,57.958744049072266,97.48731231689453,443.6000061035156,94.26793670654297,266.6802978515625,614.8282470703125,681.77685546875,85.68933868408203,89.50585174560547
2026-01-22,23.739999771118164,58.39646911621094,97.8712387084961,451.7900085449219,94.25808715820312,268.6720275878906,619.2976684570312,685.3379516601562,86.06229400634766,88.62315368652344
2026-01-23,24.18000030517578,58.764556884765625,98.41267395019531,458.0,94.41552734375,263.712646484375,621.2530517578125,685.5865478515625,86.29783630371094,88.79969024658203
2026-01-26,24.290000915527344,58.864036560058594,98.9048843383789,464.70001220703125,94.55328369140625,262.8861083984375,623.9866333007812,689.0680541992188,86.71003723144531,88.68199920654297
2026-01-27,24.6200008392334,60.02798843383789,100.49964141845703,476.1000061035156,94.4450454711914,263.63299560546875,629.6432495117188,691.8134765625,86.17025756835938,88.65257263183594
2026-01-28,24.940000534057617,60.43586730957031,99.43647003173828,494.55999755859375,94.36632537841797,262.2088928222656,631.7283325195312,691.7438354492188,85.97396087646484,87.74044799804688
2026-01-29,25.299999237060547,60.127471923828125,100.10588073730469,495.8999938964844,94.46472930908203,262.27862548828125,627.947265625,690.3711547851562,85.99359893798828,88.96641540527344
2026-01-30,24.43000030517578,58.79439926147461,99.17066955566406,444.95001220703125,94.40568542480469,258.57403564453125,620.4050903320312,688.3120727539062,85.51268005371094,89.05469512939453
2026-02-02,23.540000915527344,58.97346878051758,99.82039642333984,427.1300048828125,94.22010040283203,261.0935363769531,624.6650390625,691.7339477539062,85.26836395263672,88.13275909423828
2026-02-03,24.149999618530273,59.291812896728516,99.86961364746094,454.2900085449219,94.3089370727539,261.6910705566406,615.0676879882812,685.885009765625,85.47525787353516,87.93660736083984
2026-02-04,24.190000534057617,58.49595260620117,100.19447326660156,453.9700012207031,94.28919982910156,259.4404296875,604.3230590820312,682.5626831054688,85.25851440429688,89.2018051147461
2026-02-05,23.760000228881836,58.22734832763672,98.7670669555664,441.8800048828125,94.842041015625,254.76986694335938,595.6236572265625,674.0379638671875,86.1845932006836,89.07431030273438
2026-02-06,24.010000228881836,59.75938415527344,101.01154327392578,455.4599914550781,94.842041015625,263.9217834472656,608.2138671875,686.96923828125,86.24370574951172,90.47682189941406
2026-02-09,24.25,60.19710922241211,102.37004089355469,467.0299987792969,94.86177825927734,265.7740783691406,612.8728637695312,690.2816772460938,86.22399139404297,90.85932159423828
2026-02-10,24.139999389648438,60.286643981933594,102.61614990234375,462.3999938964844,95.27641296386719,265.0570373535156,610.029541015625,688.4613037109375,87.21903991699219,92.07548522949219
2026-02-11,24.3700008392334,61.24168014526367,103.30525207519531,467.6300048828125,95.0098648071289,263.8520812988281,611.6657104492188,688.3021850585938,86.75599670410156,91.56549072265625
2026-02-12,23.799999237060547,60.5452995300293,102.52755737304688,451.3900146484375,95.59232330322266,258.4645080566406,599.22509765625,677.668701171875,87.90867614746094,91.45759582519531
2026-02-13,23.8799991607666,60.803955078125,102.61614990234375,462.6199951171875,95.96746063232422,261.8703308105469,600.5020751953125,678.1461181640625,88.39141845703125,92.77183532714844
2026-02-17,23.59000015258789,60.55524826049805,102.59646606445312,448.20001220703125,95.95758819580078,261.95001220703125,599.8834838867188,679.2402954101562,88.53919982910156,93.654541015625
2026-02-18,24.209999084472656,60.873592376708984,102.71459197998047,458.2799987792969,95.76014709472656,262.89605712890625,604.3629150390625,682.662109375,88.20423126220703,92.55606842041016
2026-02-19,24.43000030517578,60.724369049072266,102.42911529541016,459.55999755859375,95.8489990234375,263.5035095214844,602.0484008789062,680.8616333007812,88.29290008544922,92.35991668701172
2026-02-20,24.600000381469727,62.01764678955078,103.265869140625,468.6199951171875,95.8489990234375,263.51348876953125,607.3758544921875,685.7855834960938,88.08601379394531,93.05625915527344
2026-02-23,24.75,61.331214904785156,102.84256744384766,481.2799987792969,96.19451904296875,259.4105224609375,599.9932250976562,678.7827758789062,88.41111755371094,93.06607818603516
2026-02-24,24.719999313354492,62.296199798583984,103.02960968017578,474.6099853515625,96.1747817993164,262.23876953125,606.4380493164062,683.7164916992188,88.5687484741211,93.30146026611328
2026-02-25,24.75,62.98263168334961,104.0140380859375,473.4200134277344,96.0958023071289,263.48358154296875,615.227294921875,689.4859008789062,88.57860565185547,93.04646301269531
2026-02-26,24.760000228881836,62.38573455810547,103.92543029785156,477.4800109863281,96.35248565673828,264.88775634765625,607.8048095703125,685.6561889648438,88.93326568603516,93.6839599609375
2026-02-27,25.100000381469727,62.25640869140625,103.73838806152344,483.75,96.73749542236328,260.3267517089844,605.859375,682.3637084960938,89.47512817382812,93.8507080078125
2026-03-02,25.809999465942383,61.18199157714844,101.6907958984375,490.0,96.15632629394531,262.716796875,606.6575317382812,682.751708984375,88.57661437988281,94.08609008789062
2026-03-03,25.90999984741211,58.117916107177734,98.53079986572266,468.1400146484375,96.04741668701172,258.16571044921875,600.1629028320312,676.7337036132812,88.39868927001953,93.58588409423828
2026-03-04,26.139999389648438,58.744659423828125,99.80070495605469,471.79998779296875,95.84939575195312,260.67529296875,609.311279296875,681.5082397460938,88.12191772460938,93.70357513427734
2026-03-05,26.520000457763672,57.33200454711914,97.61529541015625,466.1300048828125,95.5523681640625,255.69601440429688,607.4755249023438,677.70849609375,87.76606750488281,92.76203155517578
2026-03-06,27.510000228881836,57.02360534667969,96.74899291992188,473.510009765625,95.49295806884766,249.850341796875,598.337158203125,668.82568359375,87.43987274169922,91.7518310546875
2026-03-09,27.139999389648438,58.147762298583984,97.44793701171875,472.5299987792969,95.78998565673828,252.5690155029297,606.3283081054688,674.6845703125,88.20099639892578,91.95779418945312
2026-03-10,27.600000381469727,58.37657165527344,97.67435455322266,477.8599853515625,95.48307037353516,252.31008911132812,606.3383178710938,673.6002807617188,87.26194763183594,91.82048797607422
2026-03-11,28.1299991607666,58.52579879760742,97.4676284790039,476.239990234375,95.04742431640625,251.80223083496094,606.2584838867188,672.7548217773438,86.13509368896484,90.86913299560547
2026-03-12,28.860000610351562,56.655517578125,95.9417724609375,466.8800048828125,94.74050903320312,246.384765625,595.8530883789062,662.5390625,85.96705627441406,90.2414321899414
2026-03-13,28.709999084472656,56.50629425048828,94.79984283447266,460.8399963378906,94.64149475097656,245.56814575195312,592.3213500976562,658.7890014648438,85.54202270507812,90.3885498046875
2026-03-16,28.309999465942383,58.078125,96.5718002319336,460.42999267578125,95.0672378540039,247.8885040283203,598.9656982421875,665.493408203125,86.20429229736328,91.14375305175781
2026-03-17,28.760000228881836,58.44620895385742,96.83760070800781,459.2699890136719,95.23555755615234,249.45677185058594,601.8887939453125,667.2440185546875,86.44152069091797,91.54586029052734
2026-03-18,29.270000457763672,57.262367248535156,95.18376922607422,444.739990234375,94.79991149902344,245.43634033203125,593.4986572265625,657.9335327148438,85.95716857910156,90.19239807128906
2026-03-19,28.84000015258789,57.322052001953125,95.01641082763672,426.4100036621094,94.79000854492188,247.04251098632812,591.623046875,656.3121948242188,86.4810562133789,89.82949829101562
2026-03-20,28.940000534057617,55.352291107177734,92.1320571899414,413.3800048828125,93.93854522705078,241.64535522460938,580.6888427734375,646.9034423828125,84.84020233154297,87.04409790039062
2026-03-23,27.75,57.01365661621094,94.34700012207031,404.0400085449219,94.23556518554688,246.86293029785156,587.3545532226562,653.6959228515625,85.39374542236328,87.72083282470703
2026-03-24,28.239999771118164,56.22774124145508,93.78588104248047,404.1300048828125,93.91874694824219,248.18978881835938,583.3389282226562,651.5015869140625,85.01812744140625,87.14193725585938
2026-03-25,28.170000076293945,57.123085021972656,95.15423583984375,416.2900085449219,94.41378784179688,251.2225799560547,587.1747436523438,655.1322021484375,85.83855438232422,87.07254028320312
2026-03-26,28.440000534057617,55.18317413330078,93.18539428710938,400.6400146484375,93.65141296386719,246.85296630859375,573.1600952148438,643.432373046875,85.11697387695312,86.95359802246094
2026-03-27,29.100000381469727,54.91456985473633,92.33879089355469,414.70001220703125,93.66132354736328,242.5232696533203,561.9624633789062,632.4606323242188,84.65239715576172,86.23988342285156
2026-03-30,29.260000228881836,54.466896057128906,92.60457611083984,414.5799865722656,94.32467651367188,239.04153442382812,557.6671752929688,630.3460693359375,85.77925109863281,86.56700134277344
2026-03-31,28.950000762939453,56.49634552001953,95.61690521240234,430.2900085449219,94.49299621582031,247.41163635253906,576.54638671875,648.6688842773438,85.6902847290039,87.9250259399414
2026-04-01,28.68000030517578,56.9340705871582,97.07386016845703,437.82000732421875,94.41053771972656,248.96792602539062,583.6685791015625,653.5562744140625,85.6059341430664,88.24223327636719
2026-04-02,29.329999923706055,56.29737854003906,96.47335815429688,429.4100036621094,94.62908935546875,250.69381713867188,584.3378295898438,654.144775390625,86.13191223144531,89.44166564941406
2026-04-06,29.479999542236328,56.814693450927734,96.95572662353516,427.6499938964844,94.3807373046875,251.76129150390625,587.85400390625,657.23681640625,85.99297332763672,89.57052612304688
2026-04-07,29.3700008392334,57.01365661621094,96.81790161132812,431.80999755859375,94.61914825439453,252.3099822998047,587.9439086914062,657.5260009765625,85.98304748535156,89.69938659667969
2026-04-08,28.559999465942383,60.127471923828125,100.59809112548828,434.5299987792969,94.8277587890625,259.85205078125,605.4246826171875,674.27294921875,86.26092529296875,91.31515502929688
2026-04-09,28.709999084472656,59.968299865722656,100.36182403564453,437.9100036621094,94.7979507446289,261.3385009765625,609.5202026367188,678.162841796875,86.04259490966797,91.9693832397461
2026-04-10,28.5,60.24685287475586,100.58824157714844,437.1300048828125,94.63900756835938,260.6800537109375,610.3992309570312,677.7140502929688,85.83418273925781,92.16764068603516
2026-04-13,28.959999084472656,60.754215240478516,101.20842742919922,435.3599853515625,94.84762573242188,264.4411315917969,616.7122802734375,684.3369750976562,86.09221649169922,92.51457977294922
2026-04-14,28.84000015258789,61.91816711425781,102.02549743652344,445.0899963378906,95.15557098388672,268.0824890136719,627.909912109375,692.675537109375,86.5487289428711,93.39680480957031
2026-04-15,28.889999389648438,61.87837219238281,101.70063781738281,440.4599914550781,94.94696807861328,268.75091552734375,636.7003173828125,698.1414184570312,86.1716079711914,93.46619415283203
2026-04-16,29.110000610351562,62.127079010009766,101.40531158447266,440.0799865722656,94.77809143066406,269.3095703125,639.7669067382812,699.8569946289062,85.62577819824219,94.3285903930664
2026-04-17,28.290000915527344,63.3109245300293,102.69490814208984,445.92999267578125,95.29464721679688,275.125732421875,648.1376953125,708.3152465820312,86.40978240966797,95.83531188964844
2026-04-20,28.670000076293945,62.85330581665039,102.29129791259766,442.0899963378906,95.20523834228516,276.6920166015625,646.0799560546875,706.8988037109375,86.38994598388672,96.1822509765625
2026-04-21,29.209999084472656,61.9281120300293,100.04680633544922,429.57000732421875,94.78802490234375,273.8587646484375,643.6226806640625,702.2708129882812,85.91357421875,94.47727966308594
2026-04-22,29.510000228881836,63.052268981933594,100.38151550292969,435.260009765625,94.88735961914062,275.8240661621094,654.390869140625,709.3825073242188,86.08228302001953,93.69417572021484
2026-04-23,29.889999389648438,62.02759552001953,99.66288757324219,431.0400085449219,94.73835754394531,274.8663330078125,650.7048950195312,706.6295776367188,85.89373016357422,94.65570831298828
2026-04-24,29.860000610351562,63.41040802001953,100.18462371826172,433.25,94.92708587646484,275.99365234375,663.1512451171875,712.10546875,86.05252075195312,94.46736907958984
2026-04-27,30.09000015258789,63.3109245300293,99.80070495605469,429.8900146484375,94.70854949951172,276.4825134277344,663.5008544921875,713.332275390625,85.62577819824219,93.95191192626953
2026-04-28,30.34000015258789,62.66428756713867,99.38724517822266,421.9100036621094,94.61914825439453,273.2601623535156,656.8281860351562,709.8612060546875,85.71509552001953,94.8143081665039
2026-04-29,31.079999923706055,62.36583709716797,98.373291015625,417.4100036621094,94.17213439941406,271.4344787597656,660.84375,709.7515258789062,85.0501708984375,94.07086181640625
2026-04-30,31.100000381469727,63.65911865234375,100.72605895996094,423.6600036621094,94.35093688964844,277.310546875,667.0069580078125,716.8132934570312,84.97077941894531,95.48837280273438
2026-05-01,30.809999465942383,63.79838943481445,100.50949096679688,423.17999267578125,94.42269897460938,278.617431640625,673.4099731445312,718.7982177734375,85.27458953857422,95.2207260131836
2026-05-04,31.329999923706055,63.7685432434082,99.13129425048828,414.7099914550781,94.07386779785156,277.22076416015625,672.141357421875,716.1649780273438,84.62712860107422,94.62596893310547
2026-05-05,31.200000762939453,65.06182861328125,100.45042419433594,418.2699890136719,94.2134017944336,281.8896484375,680.8617553710938,721.9102172851562,85.09529113769531,94.92334747314453
2026-05-06,30.209999084472656,67.1410140991211,103.1772689819336,430.9599914550781,94.68182373046875,286.11956787109375,695.0062255859375,731.9443359375,85.74274444580078,96.2417221069336
2026-05-07,30.25,66.24566650390625,101.28718566894531,431.67999267578125,94.3927993774414,281.5903625488281,694.1771240234375,729.7001342773438,85.3144302368164,95.54784393310547
2026-05-08,30.299999237060547,67.58869171142578,102.34051513671875,433.7699890136719,94.64196014404297,283.495849609375,710.44921875,735.724609375,85.74274444580078,95.77583312988281
2026-05-11,31.059999465942383,67.53894805908203,102.12393951416016,434.6499938964844,94.32303619384766,284.6530456542969,712.5069580078125,737.4002685546875,85.22477722167969,95.84522247314453
2026-05-12,31.690000534057617,65.47965240478516,101.53328704833984,432.92999267578125,94.00410461425781,281.8996276855469,706.463623046875,736.2831420898438,84.65701293945312,95.84522247314453
2026-05-13,31.3700008392334,66.86246490478516,102.21253967285156,430.5,94.00410461425781,281.9993896484375,713.9254760742188,740.4025268554688,84.46776580810547,95.05220794677734
2026-05-14,31.149999618530273,67.03158569335938,101.84830474853516,427.2099914550781,93.94430541992188,283.7751770019531,718.9998168945312,746.2474975585938,84.58728790283203,94.48719024658203
2026-05-15,31.190000534057617,64.73352813720703,100.13540649414062,417.2900085449219,93.19682312011719,276.94140625,708.1517944335938,737.2706298828125,83.33222961425781,93.08951568603516
2026-05-18,31.3799991607666,64.63404846191406,101.0607681274414,418.42999267578125,93.15695190429688,275.3152770996094,705.1051025390625,736.751953125,83.23261260986328,94.17990112304688
2026-05-19,31.610000610351562,63.9277229309082,100.33229064941406,411.5,92.79815673828125,272.3523254394531,700.7599487304688,731.8446044921875,82.69473266601562,94.44754028320312
2026-05-20,30.8799991607666,65.12151336669922,102.00581359863281,417.3999938964844,93.4260482788086,279.2060241699219,712.3671875,739.3452758789062,83.58125305175781,95.64696502685547
2026-05-21,30.700000762939453,65.68856811523438,102.56693267822266,416.989990234375,93.48584747314453,281.8197937011719,713.7256469726562,740.8114624023438,83.89002990722656,95.82539367675781
2026-05-22,30.540000915527344,65.53933715820312,102.3602066040039,413.82000732421875,93.5655746459961,284.4435729980469,716.7523193359375,743.7239990234375,84.34822845458984,95.92452239990234
2026-05-26,30.030000686645508,68.04631042480469,103.4922866821289,414.0,93.96424102783203,289.82080078125,729.4783935546875,748.6613159179688,84.7665786743164,96.37059020996094
2026-05-27,29.489999771118164,68.03636169433594,103.13789367675781,408.489990234375,94.00410461425781,289.6811218261719,728.6492919921875,748.5316162109375,84.96580505371094,96.07321166992188
2026-05-28,29.719999313354492,68.2552261352539,103.05914306640625,412.7699890136719,94.2233657836914,291.3371887207031,734.79248046875,752.6609497070312,85.4040756225586,95.70645141601562
2026-05-29,29.479999542236328,68.24527740478516,103.16743469238281,417.1199951171875,94.33300018310547,289.740966796875,737.49951171875,754.5361328125,85.42400360107422,94.8638687133789
2026-06-01,29.989999771118164,69.7176284790039,102.81304168701172,411.260009765625,94.16999816894531,288.29443359375,741.9246826171875,756.5908203125,85.47000122070312,93.26793670654297
2026-06-02,30.1200008392334,70.43390655517578,103.38399505615234,411.95001220703125,94.23999786376953,290.9680480957031,745.3408813476562,757.6182250976562,85.6500015258789,93.69417572021484
2026-06-03,30.290000915527344,69.5584487915039,102.4980239868164,407.8699951171875,94.0,286.9875183105469,743.39306640625,752.3018798828125,85.30999755859375,93.58514404296875
2026-06-04,29.8799991607666,68.74269104003906,103.3150863647461,411.2699890136719,94.12000274658203,291.3172302246094,739.7969970703125,755.1445922851562,85.5,95.2603759765625
2026-06-05,29.229999542236328,64.25601196289062,100.66699981689453,396.239990234375,93.62000274658203,280.9817810058594,704.2860107421875,735.65478515625,85.05999755859375,95.94435119628906
2026-06-08,29.469999313354492,65.4100112915039,101.27733612060547,397.2699890136719,93.5199966430664,283.4359436035156,715.283935546875,737.3204345703125,84.62000274658203,94.63587951660156
2026-06-09,29.06999969482422,65.47965240478516,101.29702758789062,390.7799987792969,93.77999877929688,284.3437805175781,707.052978515625,735.1560668945312,85.12000274658203,96.81665802001953
2026-06-10,29.170000076293945,64.32565307617188,99.98774719238281,374.5799865722656,93.69000244140625,281.3808288574219,692.9285278320312,723.56591796875,84.87999725341797,96.82657623291016
2026-06-11,28.850000381469727,67.15096282958984,103.09852600097656,386.32000732421875,94.33999633789062,289.72100830078125,716.332763671875,735.8642578125,85.9800033569336,96.75718688964844
2026-06-12,28.549999237060547,67.52899932861328,103.38399505615234,386.5400085449219,94.18000030517578,292.2550048828125,720.5481567382812,739.843994140625,85.7699966430664,97.64932250976562
2026-06-15,28.219999313354492,69.75,104.08000183105469,396.54998779296875,94.27999877929688,294.6400146484375,743.1832885742188,752.890380859375,85.72000122070312,96.96534729003906
2026-06-16,27.899999618530273,68.63999938964844,104.30999755859375,397.6300048828125,94.5199966430664,292.0799865722656,729.0587768554688,748.4019775390625,86.19000244140625,97.2032470703125
2026-06-17,27.709999084472656,68.55999755859375,103.77999877929688,388.6000061035156,94.0199966430664,289.8800048828125,721.7168579101562,739.0560302734375,86.33000183105469,94.774658203125
2026-06-18,27.6299991607666,70.79000091552734,104.41000366210938,387.1199951171875,94.36000061035156,295.5899963378906,739.8070068359375,746.739990234375,86.75,94.72509002685547
2026-06-22,27.40999984741211,71.20999908447266,104.58000183105469,384.5899963378906,94.0,298.17999267578125,737.9500122070312,744.3900146484375,86.08999633789062,95.74609375
2026-06-23,27.1200008392334,67.16999816894531,102.45999908447266,377.32000732421875,94.12000274658203,295.32000732421875,713.6500244140625,733.5800170898438,86.19999694824219,97.00499725341797
2026-06-24,26.450000762939453,67.25,102.26000213623047,365.9200134277344,94.7300033569336,296.69000244140625,710.6199951171875,733.239990234375,87.37999725341797,97.01000213623047
2026-06-25,26.93000030517578,67.95999908447266,103.1500015258789,369.4599914550781,94.79000091552734,298.9100036621094,716.3800048828125,734.2999877929688,87.3499984741211,97.19000244140625
2026-06-26,26.600000381469727,67.57499694824219,102.71499633789062,374.2349853515625,94.99500274658203,298.0299987792969,713.10498046875,734.52001953125,87.2750015258789,98.17859649658203
