Date,Equal Weight,60/40,Minimum Volatility,Maximum Sharpe,Regime-Aware Strategy
2007-03-01,-0.006459999190666865,-0.0014402219431195462,-0.0009967759970928025,-0.005706082969584303,-0.0014402219431195462
2007-03-02,-0.011989648529760144,-0.006598382813380099,-0.0009485273836177255,-0.009419700153524668,-0.006598382813380099
2007-03-05,-0.014902913380958727,-0.005455715557537211,-0.002452343113862332,-0.018543705370113184,-0.005455715557537211
2007-03-06,0.019503055266775426,0.00966465001249217,0.0031991450717518966,0.018768924237879236,0.00966465001249217
2007-03-07,-0.000617127804177664,0.0001166494717856903,0.0024813980944371483,-0.004539591652299113,0.0001166494717856903
2007-03-08,0.00797195506890569,0.0050222871988219175,0.0018103674045324425,0.00775447881382596,0.0050222871988219175
2007-03-09,-0.0009055297476109336,-0.002067467457804284,-0.006123854556016384,0.002775252489403135,-0.002067467457804284
2007-03-12,0.002655191400162904,0.001997314454783572,0.0020563552443910726,0.003930273374082249,0.001997314454783572
2007-03-13,-0.014955589660222035,-0.009953358846237714,-0.0016190786758406572,-0.011137925260919057,-0.009953358846237714
2007-03-14,0.004560300791599303,0.003919184334034265,9.471232804925123e-06,0.001726698802107407,0.003919184334034265
2007-03-15,0.0021869718185238973,0.00038665006785021383,-0.000510429737146989,0.0036322674820705725,0.00038665006785021383
2007-03-16,-0.0017160659405880407,-0.001727334991977969,-0.000637783887914467,-0.003455379018945326,-0.001727334991977969
2007-03-19,0.00858602015070864,0.006694427938383152,0.0020284841840396695,0.005254062116581748,0.006694427938383152
2007-03-20,0.0051241071901835245,0.0038800033919599297,0.0021458519158146228,0.0038247398884485584,0.0038800033919599297
2007-03-21,0.013055407896648719,0.010497513768502387,0.004803260936032672,0.008466011694682196,0.010497513768502387
2007-03-22,-0.0007951151284023572,-0.0017811650237831156,-0.0028735335182877852,-0.0013846843329595737,-0.0017811650237831156
2007-03-23,-0.0005223542023922167,0.0002787336760856629,-0.0010606546183483667,-0.0009473270886166674,0.0002787336760856629
2007-03-26,0.00013160051700289443,-0.0004764794526999072,0.0006433721310659113,-0.005065993034639837,-0.0004764794526999072
2007-03-27,-0.003469788388825834,-0.0015365063591329386,-0.0010028932748546993,-0.004902620641913158,-0.0015365063591329386
2007-03-28,-0.004665152634564906,-0.00446734627137102,-0.0018406519882514516,-0.0031087177101701835,-0.00446734627137102
2007-03-29,0.004550213515422286,7.206191792974437e-05,0.0005013931281010464,0.000549646194794029,7.206191792974437e-05
2007-03-30,8.070196080001146e-05,-0.00036618102515295625,-0.0019888093324050837,0.0010734850475042634,-0.00036618102515295625
2007-04-02,0.0015647148239166242,0.0011207296232440545,0.000636827432867193,0.001925203392634245,0.0011207296232440545
2007-04-03,0.006202885908939582,0.006123587145437925,0.0014202793673903091,0.0026865683355306036,0.006123587145437925
2007-04-04,0.0038737832140134376,0.0012950026465956554,0.0018574374284923145,0.0016693340334035245,0.0012950026465956554
2007-04-05,0.0007102082415599842,0.0006292454305174555,-0.001476264223110868,-0.000789477119692239,0.0006292454305174555
2007-04-09,-0.0018728269856198576,-0.0009803247278891147,-0.0042223317467384724,-0.0031060497287577205,-0.0009803247278891147
2007-04-10,0.005396637407881988,0.001527142523858993,0.0028543574428110396,0.004540446906299067,0.001527142523858993
2007-04-11,-0.005496703542827941,-0.0029484811124455,-0.001714909085427263,-0.004594197381956766,-0.0029484811124455
2007-04-12,0.0041735034823273676,0.0030712067065379323,0.0018129355334308705,0.0007284894569188349,0.0030712067065379323
2007-04-13,0.004616510634829263,0.0020939067664895727,-0.00029284889304914685,0.0025184541305374175,0.0020939067664895727
2007-04-16,0.006402407423711454,0.006194197574841187,0.0038563308153583,0.0033582784864287785,0.006194197574841187
2007-04-17,0.00030815612948797977,0.0032790924826786583,0.003448788610898257,0.004156118019722044,0.0032790924826786583
2007-04-18,-0.0009207586285692182,0.0016433694297930401,0.0027925767728189665,0.0004169997123983915,0.0016433694297930401
2007-04-19,-0.0037857416682541833,-0.00021265873570419647,-0.0008087313754097103,-0.002888413467389328,-0.00021265873570419647
2007-04-20,0.008545894417369748,0.005319605434774832,0.0017099857137701235,0.004372891960951364,0.005319605434774832
2007-04-23,-8.072396580360852e-05,-0.0015039305728680175,0.0014851539722058327,0.0015267642457159614,-0.0015039305728680175
2007-04-24,-0.001810313093259186,0.0009995147439696428,0.0012235498655912558,-0.0012250834870076721,0.0009995147439696428
2007-04-25,0.006450917545306911,0.005358070221401778,0.0019085536655336632,0.002249761416086793,0.005358070221401778
2007-04-26,-0.002630723510080646,-0.00042592065710922444,-0.003572915640154606,-0.0036957307510374626,-0.00042592065710922444
2007-04-27,4.0539224986479994e-05,-0.000490943406506017,4.459524656397207e-05,-0.00035149433256020934,-0.000490943406506017
2007-04-30,-0.00833207334533459,-0.0032637522596955515,0.002765856763615515,-0.0011627767867709027,-0.0032637522596955515
2007-05-01,-0.00032246364894927826,0.0015495673088896655,0.0009228332947832651,-0.001067318155527519,0.0015495673088896655
2007-05-02,0.005494734521838129,0.003011857963387099,0.0001782414533699761,0.001851328445257705,0.003011857963387099
2007-05-03,0.0036996178260100265,0.002810840267019943,0.00027989989608401267,0.000525961236360617,0.002810840267019943
2007-05-04,0.0026586714212006868,0.0032899865798978745,0.0030656303619827074,0.000875761707527456,0.0032899865798978745
2007-05-07,0.0007909918254120907,0.00045662346171715384,0.0010016244972947952,0.0014928339951156833,0.00045662346171715384
2007-05-08,-0.004448214461237332,-0.0007960070963969335,-0.001370520002505815,-0.0020581354596148627,-0.0007960070963969335
2007-05-09,0.0022546626937480774,0.00033465769087714925,-0.002263810381295417,0.00031723450024001565,0.00033465769087714925
2007-05-10,-0.011503128666526807,-0.0052835209889425805,-0.0007511265776212195,-0.0028783811369821333,-0.0052835209889425805
2007-05-11,0.010181472601352493,0.004303886769960297,0.0007219814901813226,0.002558809661219019,0.004303886769960297
2007-05-14,-0.004738342240847571,-0.0018930205510843123,-0.002104319579185776,-0.002676304421666109,-0.0018930205510843123
2007-05-15,-0.0014244228801353342,0.00011199167426245715,0.0004434576730980577,-0.0029655661006144918,0.00011199167426245715
2007-05-16,0.000127518014669592,0.0038720542108545697,0.0005084466655591591,-0.0016629216636530053,0.0038720542108545697
2007-05-17,-0.004666802539382564,-0.002249747727907314,-0.0023722675499951995,-0.005576535297129426,-0.002249747727907314
2007-05-18,0.002803441505742743,0.004108932620735306,-0.0014438454470171447,-0.003059826775726804,0.004108932620735306
2007-05-21,0.0035806359634089624,0.00020925185665898738,0.0019200604673781374,0.001944731769036867,0.00020925185665898738
2007-05-22,-0.0008198059344397546,-0.0015787572701680963,-0.0037532012038631324,0.00022605065495073795,-0.0015787572701680963
2007-05-23,-0.0006059957404205285,-0.0006886754337359635,-0.0014113921841752974,-0.0028212710134241092,-0.0006886754337359635
2007-05-24,-0.010234302121355787,-0.004962896253771887,-0.0015165072564059523,-0.0040370624724168636,-0.004962896253771887
2007-05-25,0.005624902320639169,0.0020849524361725713,0.0004312680505564881,0.0009090212283240362,0.0020849524361725713
2007-05-29,0.0029758649932121184,0.001376675418192308,-0.0012739838280964033,0.00628038204892567,0.001376675418192308
2007-05-30,0.007125860712049681,0.0053265536063655805,0.0034237830341989905,0.0075153137215902,0.0053265536063655805
2007-05-31,0.0032233850130785058,-0.0007890279607271067,-0.0005886080977507424,-0.0015337052961267306,-0.0007890279607271067
2007-06-01,0.0055409039601515,0.0012491186274872224,-0.0018471843528509169,-0.0005887111229709863,0.0012491186274872224
2007-06-04,0.0022915561616869695,0.0007163324602181831,0.00251946007252557,0.0017213173655112879,0.0007163324602181831
2007-06-05,-0.004819117680954554,-0.0036565611684599153,-0.004380771388109328,-0.005060816037911087,-0.0036565611684599153
2007-06-06,-0.007889896294514864,-0.00626957574729603,-0.002547464366986496,-0.004382194792298955,-0.00626957574729603
2007-06-07,-0.015764120374058055,-0.014816095587319222,-0.013689472954667603,-0.01597039649252674,-0.014816095587319222
2007-06-08,0.004433850045375554,0.008519622489545409,0.0027185583434305993,0.006361639060643798,0.008519622489545409
2007-06-11,0.0019213959145585324,-1.4468677398626895e-05,-0.0006223509057161625,-0.0021503378860521227,-1.4468677398626895e-05
2007-06-12,-0.011889833402598193,-0.009389952266010693,-0.010101168946704098,-0.010460949639021333,-0.009389952266010693
2007-06-13,0.012857514341542586,0.010283618083016588,0.009205959744573056,0.01040924110772079,0.010283618083016588
2007-06-14,0.004397110482012412,0.003946963205528231,0.0013215062169076308,0.0011410528286590615,0.003946963205528231
2007-06-15,0.009009597695771587,0.00517177033456151,0.005546297803031841,0.005791273613624748,0.00517177033456151
2007-06-18,-0.0011862016895357597,-0.0009084273364766693,-0.0011131930551426805,-0.002249385001905191,-0.0009084273364766693
2007-06-19,0.002054408610457026,0.0034275064530118193,0.0049533392741998306,0.004393727246106538,0.0034275064530118193
2007-06-20,-0.011122943843089539,-0.009665119301637048,-0.007098678282166926,-0.010122847927658829,-0.009665119301637048
2007-06-21,0.003676241655955703,0.0028418798674123558,-0.0008724109411740733,0.0012844682375714456,0.0028418798674123558
2007-06-22,-0.004791688415861861,-0.004479625121088571,0.0008204402245131082,-0.0016137073602426888,-0.004479625121088571
2007-06-25,-0.003831257018927725,-0.0015729604764161964,0.001675962238904427,-0.0009821797414436562,-0.0015729604764161964
2007-06-26,-0.006520323372268821,-0.006042821177188462,-0.002822993656036221,-0.003916049126235999,-0.006042821177188462
2007-06-27,0.009573564778320165,0.008416872078855997,0.003529627871537544,0.007321626601471953,0.008416872078855997
2007-06-28,6.8103346712034e-05,-0.00032829229328479315,-0.0005019688486446183,-0.0007625175690696429,-0.00032829229328479315
2007-06-29,0.0017556470901767263,0.0022792828858160252,0.005120745634480173,0.003718072344603307,0.0022792828858160252
2007-07-02,0.011342769636988992,0.006024912957374617,0.004704115940001197,0.007763390337888643,0.006024912957374617
2007-07-03,0.0012028597872821845,0.0009916067054571709,-0.002083600893834636,0.0013013840398243826,0.0009916067054571709
2007-07-05,0.0010039920956843584,-0.0028520130093456775,-0.005139396702742327,-0.003751880785637818,-0.0028520130093456775
2007-07-06,0.00466893035728333,0.0022321235578872667,-0.0003044488312043958,0.0030727050359729002,0.0022321235578872667
2007-07-09,0.0023391367126590623,0.0019055949133031103,0.002516883527120317,0.00273538120220862,0.0019055949133031103
2007-07-10,-0.006331897301035894,-0.005897801264822311,0.004909291244670211,-0.005166099427978632,-0.005897801264822311
2007-07-11,0.002168125094470952,0.002862179908048157,-0.002666836163536912,0.003220876245572546,0.002862179908048157
2007-07-12,0.009762485800036913,0.00836795847509153,0.001706323840818369,0.00790480659204884,0.00836795847509153
2007-07-13,0.003904246598808836,0.0026882169781807796,0.002506304476749932,0.002174731602866853,0.0026882169781807796
2007-07-16,-0.0034627761786306666,0.0014853895354638436,0.0030859291763165597,0.0006781939179503205,0.0014853895354638436
2007-07-17,-0.001105050922080797,-0.0011422177397766298,-0.002021787034776068,-0.0018805018835025278,-0.0011422177397766298
2007-07-18,0.0007015923505675481,0.00032029499325969546,0.002942034277013006,-0.0004647047155310613,0.00032029499325969546
2007-07-19,0.003839720424352988,0.0022994682950854273,0.0010373165649422145,0.002938671624346023,0.0022994682950854273
2007-07-20,-0.004302780398271366,-0.004182329638271365,0.002233498988447824,-0.0037988578903758174,-0.004182329638271365
2007-07-23,0.0010950507854692315,0.0016963466792683235,-0.0002498286246457315,0.0034765783402368466,0.0016963466792683235
2007-07-24,-0.012711808093539001,-0.009377815803406242,-0.002394270404113219,-0.009263417261519469,-0.009377815803406242
2007-07-25,-0.0003578010607866444,0.0017671331498698706,0.0022290912092366444,0.0007666312436744871,0.0017671331498698706
2007-07-26,-0.01751507297292898,-0.010963346863183565,-0.0005123585213880899,-0.014007469389481164,-0.010963346863183565
2007-07-27,-0.010998779968283912,-0.010810943279715324,-0.0020667256493902553,-0.008769903303762483,-0.010810943279715324
2007-07-30,0.009983269013780438,0.008097050961060503,0.0007192773220869864,0.009019946897506737,0.008097050961060503
2007-07-31,-0.004959134485058692,-0.005125849466364407,0.0014033297184072868,-0.0076348619312532895,-0.005125849466364407
2007-08-01,0.002453511907801298,0.0017864034675239004,-0.0006317972767260205,0.0010066873156078238,0.0017864034675239004
2007-08-02,0.005968091572582823,0.0050735042588603285,0.0030724997827245026,0.004888081137672584,0.0050735042588603285
2007-08-03,-0.016594557991311487,-0.012860739949974276,-0.0028954413370444465,-0.0070980505577958874,-0.012860739949974276
2007-08-06,0.0071527981820453945,0.008292766299843102,-0.0006762730039412412,0.002708277106439727,0.008292766299843102
2007-08-07,0.005301631412345742,0.006320617232311587,0.0027958029550643193,0.0030732304854850234,0.006320617232311587
2007-08-08,0.012770682507751818,0.005585257746463013,-0.002739563988281235,0.0021924945968172516,0.005585257746463013
2007-08-09,-0.017751777200079588,-0.015689321102287046,-0.005478402774265145,-0.009588888865022849,-0.015689321102287046
2007-08-10,-0.005791617542678429,-0.003377168189721891,-0.0020840618071102934,-0.005518290228299749,-0.003377168189721891
2007-08-13,0.00039174917055362357,0.0027798532086114047,0.0017399208140034261,0.004170521608733546,0.0027798532086114047
2007-08-14,-0.010333437804447287,-0.007630650903238334,-0.0013122824330248362,-0.006308263654378976,-0.007630650903238334
2007-08-15,-0.012105380480352701,-0.007399230274775959,-0.002978492160669255,-0.009532476531590284,-0.007399230274775959
2007-08-16,0.0014855759429974746,0.006011995035320128,0.004796242672340245,-0.0019386189637863316,0.006011995035320128
2007-08-17,0.011920699166208637,0.011101048706980254,0.0035494760889642762,0.008719004070871783,0.011101048706980254
2007-08-20,0.003657318074782756,0.0005965321828975689,0.0011370356019304584,0.0028515405431128737,0.0005965321828975689
2007-08-21,0.0023153407337026533,0.002952985208207526,0.003433001140643599,0.005887278840910559,0.002952985208207526
2007-08-22,0.01150579734177204,0.005695914963331994,0.001324634023249338,0.006608138319010637,0.005695914963331994
2007-08-23,-0.0020430952603508468,-0.0003816957858461256,0.0011090461803824336,0.000106127917832044,-0.0003816957858461256
2007-08-24,0.01139678319387949,0.007490847867723582,0.005443908468451442,0.007936903271243079,0.007490847867723582
2007-08-27,-0.005149016289247466,-0.00444768698221687,0.0003252298907836515,-0.00013790389480394794,-0.00444768698221687
2007-08-28,-0.017094886207551063,-0.010981297345576402,-0.0036732502311898063,-0.009616439892563111,-0.010981297345576402
2007-08-29,0.018102095987284628,0.00996592542845498,0.0031630504204887,0.011371990843657143,0.00996592542845498
2007-08-30,-9.715875665150531e-05,0.0004600088332074037,0.0033553094396188143,0.0044524319802983214,0.0004600088332074037
2007-08-31,0.010215284707449479,0.005989925769954718,0.0025955205185685948,0.0048532152568148135,0.005989925769954718
2007-09-04,0.010284300987649875,0.005340408118811535,0.002732179032849169,0.005781043193434421,0.002732179032849169
2007-09-05,-0.006473890366647028,-0.0027817370044297407,0.002980622000588795,0.00027059745005075797,0.002980622000588795
2007-09-06,0.0033132297943212485,0.0005317991785911413,-0.0011882231069175742,-0.0013031647034741356,-0.0011882231069175742
2007-09-07,-0.00688421845849696,-0.004122716015478423,0.005830292831774164,0.0007189354195482611,0.005830292831774164
2007-09-10,-0.0009222122551039158,-0.00024116053150280425,0.003315309343561168,0.0027252636948627007,0.003315309343561168
2007-09-11,0.011394779662291521,0.006091125416830989,0.0018005144892976332,0.004599637311623939,0.0018005144892976332
2007-09-12,-9.497281546899661e-05,0.0005513349297006087,-0.0006084132640566953,-0.0008198603302638219,-0.0006084132640566953
2007-09-13,0.0023491790153939984,0.0018614495254860586,-0.004060088416285579,-0.0024809308648569006,-0.004060088416285579
2007-09-14,0.0010518608898033577,0.0004779913753403253,0.0009660296265336932,0.0012081214189261225,0.0009660296265336932
2007-09-17,-0.002045448898017832,-0.0030043782876214564,0.00155749665596705,-0.0008883553827158108,0.00155749665596705
2007-09-18,0.021807277104447298,0.017284426498228145,0.004355528226314798,0.008515773227864676,0.004355528226314798
2007-09-19,0.004657623002453315,0.0022009810590373213,-0.0019942934424090897,-0.0016539382443411244,-0.0019942934424090897
2007-09-20,-0.004497181888164059,-0.008704142890743838,-0.009814747589141137,-0.008189907856612777,-0.009814747589141137
2007-09-21,0.005161042729989518,0.0036143820410827754,0.005516871283677505,0.0069901844507682664,0.005516871283677505
2007-09-24,0.0030683398167490328,-0.0006145644454239596,0.0007207698956863684,0.003122101309467329,0.0007207698956863684
2007-09-25,-0.003440487312426299,-0.001161170506336684,-0.0020186990294132068,0.001384528208763669,-0.0020186990294132068
2007-09-26,0.005032367008510175,0.003364858632684653,0.0016722813041276652,0.0027492154502997135,0.0016722813041276652
2007-09-27,0.010002729159395818,0.004870854294674043,0.00697694525462178,0.006681723615151958,0.00697694525462178
2007-09-28,-0.002362435626096726,-0.001879547410882254,1.8757383175804776e-05,-0.0010397815835041513,1.8757383175804776e-05
2007-10-01,0.011771493019742785,0.007233160355514245,0.0038284199237672567,0.006181652925566716,0.0038284199237672567
2007-10-02,-0.0007563323392102417,3.853729403080486e-05,-0.0007492988086301722,-0.0024119078072909472,-0.0007492988086301722
2007-10-03,-0.006095165574020123,-0.0014940444290068022,-0.0016111024383526074,-0.006408678431686576,-0.0016111024383526074
2007-10-04,0.006182514339608147,0.001652411693413569,0.003552609966860132,0.005838765661816181,0.003552609966860132
2007-10-05,0.011073131328824593,0.003608908514196374,-0.003425256003870225,0.004433675722910868,-0.003425256003870225
2007-10-08,-0.007567201009867075,-0.0017995490196541786,-0.0019525519135127345,-0.0030999535470755957,-0.0019525519135127345
2007-10-09,0.0070609752414874105,0.004443803840386229,0.0012695190306553084,0.0031994908378381037,0.0012695190306553084
2007-10-10,0.0008497675742860089,-0.0006286242085035143,0.001176516524911353,0.002872193561095804,0.001176516524911353
2007-10-11,-0.00236362015198488,-0.0028590986601932933,-0.00021894243845976824,-0.0016464833701700377,-0.00021894243845976824
2007-10-12,0.004916893804781219,0.0020132523062355023,-0.0008029882814292177,0.00490487884212798,-0.0008029882814292177
2007-10-15,-0.004252512017762555,-0.004741585299977258,0.00011907686211332091,0.0003511438916534715,0.00011907686211332091
2007-10-16,-0.0066996015146234544,-0.003698795334158289,-0.000498830924354543,-0.0022175877794503585,-0.000498830924354543
2007-10-17,0.005559002347464093,0.004276264321100953,0.005417209185791139,0.0071634074708191164,0.005417209185791139
2007-10-18,0.00535383853739102,-0.0006587402996499625,0.004224474192639827,0.0075540971410359425,0.004224474192639827
2007-10-19,-0.017779638443128465,-0.012241242285478182,0.0014040269506785386,-0.0062427913688382075,0.0014040269506785386
2007-10-22,0.0049683076210833566,0.0026621255466261484,-0.00011652850077181753,0.0004180707105492232,-0.00011652850077181753
2007-10-23,0.0088983593594949,0.004705402735043496,0.0009417636194237744,0.006691605211867513,0.0009417636194237744
2007-10-24,-0.0021170403006370853,0.0009610917484219605,0.004063711404063808,0.0013140768844703832,0.004063711404063808
2007-10-25,0.0031742549345223914,0.001074450037444219,0.0013100628806648196,0.0029625100158399142,0.0013100628806648196
2007-10-26,0.013950746179070883,0.005955670629548937,0.0027620025656827085,0.009491687914206626,0.0027620025656827085
2007-10-29,0.004917767805972861,0.0023141148073950735,0.0036335929117998766,0.007462230792992575,0.0036335929117998766
2007-10-30,-0.006048912631500758,-0.0037225630894793804,-0.0034100999164280443,-0.006219101786011594,-0.0034100999164280443
2007-10-31,0.012318715407545477,0.003543763507828812,0.00010811108080432952,0.004442139929973221,0.00010811108080432952
2007-11-01,-0.019078563660550385,-0.010909766976334612,0.0002531869229083217,-0.0036083968264990496,-0.010909766976334612
2007-11-02,0.006374164804044957,0.0017655159231575457,0.004826223205780966,0.008180189031564478,0.0017655159231575457
2007-11-05,-0.010039147646491386,-0.0050080244195466195,-0.002843276016927909,-0.005333209347369139,-0.0050080244195466195
2007-11-06,0.01491544650423049,0.0072874561800158055,0.0037192858308709997,0.008601597869826616,0.0072874561800158055
2007-11-07,-0.014968557859074139,-0.014894632163926724,-0.004237207418070987,-0.0039029506296263117,-0.014894632163926724
2007-11-08,-0.0025100216008893117,-0.0020809990431295278,-0.0014676170693774804,-0.003429850537256085,-0.0020809990431295278
2007-11-09,-0.009260619736422337,-0.005625274733310315,0.0013467414138514933,-0.0030232677579703493,-0.005625274733310315
2007-11-12,-0.01705416630015666,-0.00506786762836442,-0.0037279725855277057,-0.014922474529668328,-0.00506786762836442
2007-11-13,0.02041894219241125,0.015571703651428459,0.0017553973024355685,0.007845392327236134,0.015571703651428459
2007-11-14,-0.00010185241294025094,-0.0013448409229863678,0.00215622707111196,0.0027853329472291577,-0.0013448409229863678
2007-11-15,-0.009914531056981812,-0.006189305406635093,0.0004900730848875767,-0.0035339861951525497,-0.006189305406635093
2007-11-16,0.00012993856564924577,0.0010032070560686002,0.0011627279315282735,0.0025209827874137503,0.0010032070560686002
2007-11-19,-0.012151139765038454,-0.005144909852250357,0.002457342587924405,-0.001601715942853299,-0.005144909852250357
2007-11-20,0.009735209685403756,0.0024298914341394084,0.0027194639791561226,0.007433446953826417,0.0024298914341394084
2007-11-21,-0.011331026976737268,-0.00860643999777777,0.0008653133352878317,-0.001729930821734449,-0.00860643999777777
2007-11-23,0.015236738217778711,0.008663930177531753,0.004289856781958701,0.006817119647338554,0.008663930177531753
2007-11-26,-0.013639006360734562,-0.007022508289675211,0.005410658340037511,0.001957732748932628,-0.007022508289675211
2007-11-27,0.006392364682109353,0.002560433956444008,-0.005065785456449201,-0.002387555720063217,0.002560433956444008
2007-11-28,0.018462283663724266,0.016904855834521948,0.001777209592560558,0.003910584613169732,0.016904855834521948
2007-11-29,-0.0038299297290526058,0.00254090653227812,0.00472110479105825,0.0014382891363533545,0.00254090653227812
2007-11-30,0.0020885222834026163,0.006547907182130608,-0.0001570616275976544,-0.0028956442973103735,0.006547907182130608
2007-12-03,-0.001900667330384076,-0.002395767303345675,0.0029947584039307085,0.0035442431046270872,0.0029947584039307085
2007-12-04,-0.0040122997863173415,-0.004993326083960525,-0.0011243271509715491,0.0008145996485651175,-0.0011243271509715491
2007-12-05,0.011021396099682113,0.008480644133797899,-0.001878262272178799,-0.0003349464044646311,-0.001878262272178799
2007-12-06,0.01235344777916847,0.006522198047122174,0.0004654158700949651,0.0012954867254200142,0.0004654158700949651
2007-12-07,-0.004674432875586887,-0.00265406003505253,-0.006008870032446989,-0.007300012864035366,-0.006008870032446989
2007-12-10,0.006164411438920769,0.003808391678492118,-0.0009077005750686151,-0.0018291015904734476,-0.0009077005750686151
2007-12-11,-0.018531737640828383,-0.011409792750949777,0.005400763513947249,0.005331347622101523,0.005400763513947249
2007-12-12,0.010279239654410688,0.0025922267708136104,-0.0012760385200063507,0.0024459724168268693,-0.0012760385200063507
2007-12-13,-0.012645560233123687,-0.0041741534674457625,-0.007549424812416272,-0.011069861780405255,-0.007549424812416272
2007-12-14,-0.013290996695710655,-0.00883265150453083,-0.005970816385921673,-0.006538950893479223,-0.005970816385921673
2007-12-17,-0.014336357784199394,-0.006262820337612829,0.0009038754488772671,-0.002189946226692774,0.0009038754488772671
2007-12-18,0.009905650832554791,0.004135878235469459,0.003328853173285129,0.004842785242628267,0.003328853173285129
2007-12-19,0.004617680651051614,0.003194395867859079,0.007836544622872976,0.008699354274638749,0.007836544622872976
2007-12-20,0.0034083272800837783,0.003125845609081246,-5.438213180175566e-05,-0.00013985143845596237,-5.438213180175566e-05
2007-12-21,0.01289273469857477,0.0057502543856522426,-0.0024518058687462707,-4.073196376208621e-05,-0.0024518058687462707
2007-12-24,0.00760130632182987,0.0033501008926997144,3.583523337091776e-05,0.0011202661097693412,3.583523337091776e-05
2007-12-26,0.001979498667177726,-0.000565806107460376,-0.002522882586444619,-0.000864673226087076,-0.002522882586444619
2007-12-27,-0.00772380592834121,-0.0050358160061040325,0.003109952566015206,0.002709131406996468,0.003109952566015206
2007-12-28,0.001845433098560667,0.0016601803520697178,0.006552026273686007,0.0072006887349578275,0.006552026273686007
2007-12-31,-0.0032394253074020662,-0.002596638150300201,0.001659433369850305,5.9177088140627276e-05,0.001659433369850305
2008-01-02,0.0021285026872230883,-0.0023567284820109613,0.007232626436254774,0.009716919508513389,0.007232626436254774
2008-01-03,-0.0011062311135267011,0.000548765199347212,0.0012780509346581592,0.0034285720744566817,0.0012780509346581592
2008-01-04,-0.019660713619784387,-0.013457243449787493,-0.005636614770693327,-0.00797337054353009,-0.005636614770693327
2008-01-07,-0.00033349684509975663,0.0002549228958985683,-0.0003268097402100434,-0.0030677555661036138,-0.0003268097402100434
2008-01-08,-0.008163037019358721,-0.008560061538875341,-0.0023594192917796297,1.771659705696038e-05,-0.0023594192917796297
2008-01-09,0.008257343277975115,0.005441728948763824,0.0013970595616679127,0.0010487582528391215,0.0013970595616679127
2008-01-10,0.004520542795540372,0.0026948077786039804,-0.0038335473941182308,-0.0022447441149682223,-0.0038335473941182308
2008-01-11,-0.006598466131897851,-0.002095087655278549,0.0034897818084109744,0.0025821675401620503,0.0034897818084109744
2008-01-14,0.00871351772973572,0.004885783685640632,0.004493549603832081,0.006825333980223336,0.004493549603832081
2008-01-15,-0.01742333176699329,-0.010144462492611805,-0.0007578273459167839,-0.0038289985022551543,-0.0007578273459167839
2008-01-16,-0.01019224984350442,-0.005778355588390904,-0.00562387752021698,-0.006639192959408069,-0.00562387752021698
2008-01-17,-0.010953079010929123,-0.011490069789873214,3.7422760236882624e-05,0.0006854707211467748,3.7422760236882624e-05
2008-01-18,8.23695588492157e-06,-0.006452188667267933,-0.004049525850556734,-0.00034790739616485933,-0.004049525850556734
2008-01-22,-0.0037852745386763864,-0.0008824557971662816,0.0046368885139480565,0.002442786480832293,0.0046368885139480565
2008-01-23,0.011300429225171271,0.011410495702804724,-8.095472739344522e-05,-0.006541549464156304,-8.095472739344522e-05
2008-01-24,0.0071792830515489126,0.0008481261563269005,-0.0046477497554292535,0.002520386529919705,-0.0046477497554292535
2008-01-25,-0.0019087159707749102,-0.004270053507965166,0.007368893529638987,0.007628770755972347,0.007368893529638987
2008-01-28,0.012509357785215558,0.007760058304158823,0.0012698911553381542,0.0013086608732715277,0.0012698911553381542
2008-01-29,-0.0009837025981105363,0.0011040075600128318,-0.0015970088626200418,-0.0015352411185730608,-0.0015970088626200418
2008-01-30,-0.006906251923832762,-0.004403302083837657,-0.004280553563761891,-0.0020840708786028506,-0.004280553563761891
2008-01-31,0.012023449881168213,0.01293753222264904,0.008630762995001096,0.004002201598092503,0.008630762995001096
2008-02-01,0.009899323923300729,0.010991412906645959,0.004546140853453506,-0.0032719265114898866,0.004546140853453506
2008-02-04,-0.005777497754713146,-0.00983272384629752,-0.006032171107077655,-0.001294858222018691,-0.006032171107077655
2008-02-05,-0.022811943333316265,-0.013397027219885005,-0.0028217691097430775,-0.002674642250345527,-0.0028217691097430775
2008-02-06,-0.00706097145255169,-0.005518327589858152,-0.004196966233168564,-0.0008794407835019946,-0.004196966233168564
2008-02-07,0.005376352337213008,-0.0006190181683403129,-0.00699132487483467,-0.004143427970780378,-0.00699132487483467
2008-02-08,0.0016240765188675343,-0.0004637637973069486,0.008508589440525904,0.013274540852798111,0.008508589440525904
2008-02-11,0.003024218356434183,0.003945480869260942,0.004046508798952297,0.004207485513344489,0.004046508798952297
2008-02-12,0.002512376483432055,0.004672950940258103,-0.002890028599701222,-0.008532603438608732,-0.002890028599701222
2008-02-13,0.008709696856306737,0.004421684371862078,-0.0006056131199244641,-0.0008122445093533548,-0.0006056131199244641
2008-02-14,-0.008338115076611197,-0.007482453925105492,-0.0059063953292308735,-0.0013923029412679089,-0.0059063953292308735
2008-02-15,0.0009438595772963687,0.0007194814892026447,0.0020045084629309873,0.0008176532028361105,0.0020045084629309873
2008-02-19,0.007744232802544104,-0.001180178728102499,-0.0009959792868740047,0.006521015618720094,-0.0009959792868740047
2008-02-20,0.004684669302183142,0.0014215583390204678,0.002718776454454508,0.005323901390049013,0.002718776454454508
2008-02-21,-0.006546645755213021,-0.0009440593931870911,0.003951912415498082,0.004203380213169794,0.003951912415498082
2008-02-22,0.00712369796046608,0.0025718024791068217,0.000512548066483598,0.001528340205558587,0.000512548066483598
2008-02-25,0.00888228300720506,0.0049491198986946205,-0.0011637894066574006,-0.002675657303243373,-0.0011637894066574006
2008-02-26,0.008507417795254435,0.005529488413484884,0.005371003230591587,0.007814947183605758,0.005371003230591587
2008-02-27,0.002371517932651779,0.00031536172278912034,0.0009277343902367452,0.0030840699185865628,0.0009277343902367452
2008-02-28,-0.0018726258334422763,-0.001322981394208278,0.007853383784948598,0.011311195027394083,0.007853383784948598
2008-02-29,-0.013743163209554154,-0.009097916565637298,0.00026018853400766595,-0.0014083602217658253,0.00026018853400766595
2008-03-03,0.001739775043891889,-0.0024529270467085196,-0.00027607417078368,0.004414625384004278,-0.00027607417078368
2008-03-04,-0.009031112705964572,-0.0037979924296337453,-0.005353538443272798,-0.008133506208737096,-0.005353538443272798
2008-03-05,0.009901432210029926,0.0019695763084450757,9.533886553825255e-05,0.007697723827204017,9.533886553825255e-05
2008-03-06,-0.01600400982555672,-0.009046652716475423,0.00022213746064658757,0.0017407808549527726,0.00022213746064658757
2008-03-07,-0.003455188884894378,-0.004636414910760056,-0.0020188933392480957,-0.0028262183722785883,-0.0020188933392480957
2008-03-10,-0.004890155193236767,-0.004718354724318807,0.005442095786973411,0.008338977384957369,0.005442095786973411
2008-03-11,0.026841192613031417,0.01625236879839398,0.003736239044565881,0.003801806856341239,0.003736239044565881
2008-03-12,-0.0009091300241276246,-0.0008015829601687452,0.008297215738940045,0.009935831610916157,0.008297215738940045
2008-03-13,0.0035172377741465866,-0.000887873102975334,-0.003028448114897442,-0.0017027439495665986,-0.003028448114897442
2008-03-14,-0.010939428918280258,-0.004826522559497226,0.0032559607255564504,0.003164837070457116,0.0032559607255564504
2008-03-17,-0.009951631976152786,-0.0037706494133926682,-0.00350812859637184,-0.009509313065772185,-0.00350812859637184
2008-03-18,0.023151854512477144,0.021093459450234553,0.00794385816050891,0.0029129997439070188,0.00794385816050891
2008-03-19,-0.02272046988215959,-0.011037475534287688,-0.004405374196805534,-0.015323916824162565,-0.004405374196805534
2008-03-20,0.004970849960218571,0.011663777014490728,0.00041756723002306373,-0.012675460600945598,0.00041756723002306373
2008-03-24,0.014983590700043958,0.004367998530323547,-0.004919261948144071,-0.0020927836250477228,-0.004919261948144071
2008-03-25,0.00865962711200452,0.002003185076766556,0.0042076299436473175,0.00932008797970263,0.0042076299436473175
2008-03-26,-0.0014709506852028653,-0.006944858315186431,0.00014102463054510572,0.008669345630003322,0.00014102463054510572
2008-03-27,-0.004968958234710663,-0.002399021185967243,-0.0016212316344176303,0.0008324107674697601,-0.0016212316344176303
2008-03-28,-0.00678998230760075,-0.004017055958410287,-0.0015779475685382405,-0.0059809702153150734,-0.0015779475685382405
2008-03-31,-0.001135080746022088,0.0027701001984181683,-0.0006605580700062008,-0.005760120142426106,-0.0006605580700062008
2008-04-01,0.017337964227646774,0.017616556294436814,-0.0004130040062015894,-0.008917026054399035,-0.0004130040062015894
2008-04-02,0.0051835943537132945,-0.0008868555731701422,0.0030987524546928213,0.008863103350854162,0.0030987524546928213
2008-04-03,0.005613459452049607,0.00152139778606597,0.0017061013489958476,0.002837468963316603,0.0017061013489958476
2008-04-04,0.0019151705854469903,0.0022933693592683824,0.005838390169910612,0.0070382395668024955,0.005838390169910612
2008-04-07,0.0015712236487355202,-0.0022590515870271055,-0.0022298991241679333,0.00098761505081435,-0.0022298991241679333
2008-04-08,-0.0035549208520815334,-0.000582627073783426,-0.0009874803906300134,-0.0008696181106452316,-0.0009874803906300134
2008-04-09,-0.003231118514259057,-0.0021053959445160864,0.005203078132843375,0.009322990330858927,0.005203078132843375
2008-04-10,0.003041584270291553,-0.0006991589142503196,-0.002459022767233532,-0.0027948083581126326,-0.002459022767233532
2008-04-11,-0.011453190614909903,-0.01015454925110748,-0.002364522135126834,0.00025424827020237295,-0.002364522135126834
2008-04-14,-0.00203632650181762,-0.0030395178236908293,-0.0025229587845463364,-0.0007454664953827628,-0.0025229587845463364
2008-04-15,0.004091274441600401,-0.00038170599518716486,-0.0025123910828370732,0.00038194638037158946,-0.0025123910828370732
2008-04-16,0.020128413667595213,0.013741578771729435,0.0035254703014335753,0.0018643088982437384,0.0035254703014335753
2008-04-17,-0.003587835077343615,-8.32610537182532e-06,-0.001726064359724666,-0.0036851708223916146,-0.001726064359724666
2008-04-18,0.00484666115859822,0.006023080632740818,0.001573671126222198,-0.0013018290789228448,0.001573671126222198
2008-04-21,0.0014911212113009054,0.0003544279665175232,0.0010886053445116062,0.0010960392325265467,0.0010886053445116062
2008-04-22,-0.005077023222031851,-0.0024174489650494735,0.0004377729287003973,0.001832084203708062,0.0004377729287003973
2008-04-23,0.0020484596359893192,-0.0013685933251189608,-0.002770186670903896,-0.0034343228933526593,-0.002770186670903896
2008-04-24,-0.002991663515302112,-0.00032536880812283897,-0.006262934785311147,-0.011959400551303734,-0.006262934785311147
2008-04-25,0.005049808241736065,0.005209437414725793,0.002345658525988892,0.003724565316207018,0.002345658525988892
2008-04-28,0.0022758787854075813,0.0008178755293186679,0.0018400422498443536,0.0021503466653960412,0.0018400422498443536
2008-04-29,-0.008313221019571992,-0.0017619583129868666,-0.002637273868980161,-0.0082211920739379,-0.002637273868980161
2008-04-30,0.0011053474916196127,-0.0023160736766287826,0.0013698731069045067,0.0022666406565017283,0.0013698731069045067
2008-05-01,0.0052947946514492195,0.0123211037373403,0.0019972922867463883,-0.0062149043354564615,0.0052947946514492195
2008-05-02,0.002555450299928985,-0.001552322907002246,-0.0026990108714650685,0.0037535061552038673,0.002555450299928985
2008-05-05,0.0028100788094753693,-0.0023269318869868494,0.002102010071880045,0.0075048773083667975,0.0028100788094753693
2008-05-06,0.005609002694361598,0.00397511405510631,0.0007370281598124695,0.0030989584541307735,0.005609002694361598
2008-05-07,-0.012886915388543918,-0.00924150625015463,-0.0020736280613629088,7.483832598498275e-05,-0.012886915388543918
2008-05-08,0.006880396842806169,0.0010190625147408205,0.00627892963075638,0.010249757311679986,0.006880396842806169
2008-05-09,-0.0007329515395761987,-0.000668843674662134,0.0024664279251829235,0.00578502943101844,-0.0007329515395761987
2008-05-12,0.007101231235170591,0.006046341488315177,-7.175270748271956e-05,-0.005323677217347056,0.007101231235170591
2008-05-13,-0.001762634854079459,-0.0032316176943701924,-0.005576848352936703,-0.0026305160156017138,-0.001762634854079459
2008-05-14,-0.0011770348879868164,0.0011118275272423706,-0.0013943213818572442,-0.005543382715356926,-0.0011770348879868164
2008-05-15,0.01298749029909363,0.009754920856367866,0.009218738085254863,0.009475310195025344,0.01298749029909363
2008-05-16,0.005898073641845247,-0.00011438307399269654,0.0008591726867590577,0.0044609744962746944,0.005898073641845247
2008-05-19,0.00015854602398257533,0.002548289964010131,0.0019197985858228073,0.001516318420917262,0.00015854602398257533
2008-05-20,-0.002072624768286846,-0.0037213322080761335,0.0022841471887482534,0.005356386253319245,-0.002072624768286846
2008-05-21,-0.005768686310421045,-0.011150604251557339,-0.0016811527775547619,0.007973154185602738,-0.005768686310421045
2008-05-22,-0.002762271034595254,-0.0025264338118177188,-0.007028997994212416,-0.00950568417136366,-0.002762271034595254
2008-05-23,-0.004970859299578856,-0.006309164422465652,-7.350873714939699e-05,0.0018621110521113149,-0.004970859299578856
2008-05-27,-7.67502958571864e-05,0.002475931816358523,-0.0038051108459643546,-0.00821154871175489,-7.67502958571864e-05
2008-05-28,0.0016697583552403028,-0.00021937840129004904,-0.00318038602614501,-0.0010863154408443654,0.0016697583552403028
2008-05-29,-0.0036035663487996583,0.0011740583412553907,-0.00598426017547693,-0.012257443025989412,-0.0036035663487996583
2008-05-30,0.004409264810643965,0.0028213107209014154,0.004349445922659845,0.004842179766952448,0.004409264810643965
2008-06-02,-0.004154832285877763,-0.0038186642333782883,0.0021351112496179603,0.006024625195336641,-0.004154832285877763
2008-06-03,-0.00507514235299511,-0.0013504484017311524,-0.0005766097899220224,-0.006198147780190122,-0.00507514235299511
2008-06-04,-0.0021198731677744,-0.0017806809971896431,-0.005026232987304091,-0.006951777088096134,-0.0021198731677744
2008-06-05,0.015559149197046818,0.009746969851325282,0.00558049906192748,0.012902417432851143,0.015559149197046818
2008-06-06,-0.012158274545270964,-0.01564966666042722,0.0015508143565823307,0.01016115568976006,-0.012158274545270964
2008-06-09,-0.0038203976421844477,-0.0015070029179375943,-0.0014242997428762783,9.580819491317172e-06,-0.0038203976421844477
2008-06-10,-0.01006798207977977,-0.005375918461817619,-0.005910511061854251,-0.0054194334314134895,-0.01006798207977977
2008-06-11,-0.004183648237134463,-0.008297171489184518,0.0006316451910839405,0.011344956583916543,-0.004183648237134463
2008-06-12,-0.0017499041290715,-0.0013538824759282697,-0.005101513695101811,-0.004279246729962827,-0.0017499041290715
2008-06-13,0.007623593566541853,0.006535882415598326,0.0010910927704865792,-0.0015733018090985373,0.007623593566541853
2008-06-16,0.0049996458760830365,0.0003969699045587305,0.0004705005683465213,0.0007328021076449254,0.0049996458760830365
2008-06-17,-0.001262468860780075,-0.001520415563138089,0.001827267624950446,0.004436748958498882,-0.001262468860780075
2008-06-18,-0.0013795042487401155,-0.0035647618515726176,0.003426648209445604,0.0070911902683832295,-0.0013795042487401155
2008-06-19,0.0010008874476505891,-0.0016178837879408103,-0.00587842909777847,-0.010215063667450397,0.0010008874476505891
2008-06-20,-0.010808013839478603,-0.007707764799371519,-0.00011765905359262252,0.0019577704374489358,-0.010808013839478603
2008-06-23,-0.0051483860171746,-0.0007705258099228729,0.00048151576572696975,0.0017309182895657305,-0.0051483860171746
2008-06-24,-0.0014092189089742746,0.001037953189282792,0.0031745826459110837,0.002507236712366856,-0.0014092189089742746
2008-06-25,0.007112704051044139,0.0027151215784722016,0.0009047862992224154,0.00040722135598825204,0.007112704051044139
2008-06-26,-0.009194663724315655,-0.013578309720252313,0.0015354201440160864,0.011316903955687074,-0.009194663724315655
2008-06-27,0.0030800007990425815,-0.001078861507661788,0.0038998756197219375,0.004342820079199283,0.0030800007990425815
2008-06-30,-0.0020143459853785295,0.002340469993572958,-0.0007140012824153885,-0.0062332123948122264,-0.0020143459853785295
2008-07-01,0.0014255173900969975,0.0007939961817631236,0.0012075962289201936,0.005020123412889044,0.0014255173900969975
2008-07-02,-0.009361055402795637,-0.00936251157400958,-0.0005497139989091293,0.006033027473780317,-0.009361055402795637
2008-07-03,-0.002715040242813882,0.0007527271679204084,-0.0005214839717276876,-0.0010939262060348787,-0.002715040242813882
2008-07-07,-0.006460512825692377,-0.004221035773979254,-0.001099347889881308,-0.003199165582989827,-0.006460512825692377
2008-07-08,0.01343920043700697,0.01156023943906459,0.004175330463586757,-0.004170532512572267,0.01343920043700697
2008-07-09,-0.0159843236012448,-0.009592562879438327,-0.002606335326406972,-0.0037087171859501167,-0.0159843236012448
2008-07-10,0.01203305218433015,0.0025561979643484722,0.004299685361170091,0.010792193444623122,0.01203305218433015
2008-07-11,-0.004123258192053392,-0.010713088584314079,-0.008354183568605178,-0.0024640629663931213,-0.004123258192053392
2008-07-14,-0.004684359698183593,-0.0031754739606518756,0.001831135733418865,0.0009735208429735298,-0.004684359698183593
2008-07-15,-0.008524459145371366,-0.006808058079134982,-0.004842390487506898,-0.00982319497170736,-0.008524459145371366
2008-07-16,0.013688665387151522,0.01054809287954206,-0.0030740821632444515,-0.005664464056090002,0.013688665387151522
2008-07-17,0.0014205250283414461,0.0039787081744253605,-0.0027157057804010343,-0.009182373347746853,0.0014205250283414461
2008-07-18,-0.003445127398579717,0.002327130507314923,-0.002584672158440382,-0.008506181397041068,-0.003445127398579717
2008-07-21,0.007077725997826523,0.001253831886840473,0.003332349001989421,0.0061095122061674,0.007077725997826523
2008-07-22,0.0016528434273108683,0.005401864196250994,-0.0019203392272479913,-0.007246036461444949,0.0016528434273108683
2008-07-23,0.0008173935433932744,0.00261428780636197,-0.0018246946629119076,-0.005329834939432732,0.0008173935433932744
2008-07-24,-0.01613175162631919,-0.00909193023931476,-4.14988690564666e-05,-0.0004695642481677975,-0.01613175162631919
2008-07-25,0.002319237791022166,-0.0024918306584138517,-0.005313473036969385,-0.005999279591764828,0.002319237791022166
2008-07-28,-0.008058013473012049,-0.006449706724861004,0.0010912653215076062,0.003292691915999235,-0.008058013473012049
2008-07-29,0.014783613737544332,0.011486247180682696,0.0024671716143609412,-0.0009871333610123045,0.014783613737544332
2008-07-30,0.003310325967751604,0.011438111291904418,0.0067140337830728924,0.006994282072701585,0.003310325967751604
2008-07-31,-0.004885768650228162,-0.004744780444954855,0.0016528135924454013,0.0003790248844595112,-0.004885768650228162
2008-08-01,-0.005151696170659581,-0.0029399372749095987,-0.001578735837263312,-0.0030847425614614066,-0.005151696170659581
2008-08-04,-0.013432064446040615,-0.005780676287523101,-0.006175240815131322,-0.013109513474347412,-0.013432064446040615
2008-08-05,0.011679293838697813,0.013856718773863852,0.0017392103533862002,-0.0006358202278973213,0.011679293838697813
2008-08-06,0.0032007344864948273,0.0027970179377652116,-0.00010780274514354815,-0.003986805949666938,0.0032007344864948273
2008-08-07,-0.009403013118679748,-0.005191394417364714,0.003588251531492892,0.004083564767016323,-0.009403013118679748
2008-08-08,0.006126219136547872,0.010856748637195324,0.0028341366544313296,-0.00535106175529565,0.006126219136547872
2008-08-11,0.0014027939857437222,0.0042491523729053515,-0.002617112318495818,-0.0008952761872834669,0.0014027939857437222
2008-08-12,-0.005439533806756214,-0.003509230204553515,0.001298800039588155,-0.001590000651388257,-0.005439533806756214
2008-08-13,0.00012627608075854724,-0.0044692268480605035,-0.0005204505161563455,0.006932044307006446,0.00012627608075854724
2008-08-14,0.00316207546954983,0.005736258982662168,0.0032298524312439625,0.0006227348614051831,0.00316207546954983
2008-08-15,-0.0041883347899545065,0.004405151503539928,0.002999114962286109,-0.0021901591791304575,-0.0041883347899545065
2008-08-18,-0.005011705918052223,-0.007192740951634247,-0.0008401150473928976,0.0019488543293157967,-0.005011705918052223
2008-08-19,-0.0058367229930847975,-0.007075418450950943,-0.002762932766170678,0.0010135859146707116,-0.0058367229930847975
2008-08-20,0.004800820600175504,0.00394238418628845,0.003351751072538711,0.0039659946257966094,0.004800820600175504
2008-08-21,0.0031922045791843434,0.00015600454199860003,0.0027439502721076092,0.010428913380706284,0.0031922045791843434
2008-08-22,0.003612319479681325,0.007409831559535451,-0.00029350386371984616,-0.008190214779163263,0.003612319479681325
2008-08-25,-0.012110336092161056,-0.00945940838092052,-0.0008982962199569622,-0.0014260321632453277,-0.012110336092161056
2008-08-26,0.002661622411471276,0.0018597093070793491,0.0012555752627732009,0.0019396607948609645,0.002661622411471276
2008-08-27,0.008171824644462866,0.006354985403816293,0.004229258140754588,0.004889179730385829,0.008171824644462866
2008-08-28,0.007532402250571835,0.006614618750766077,0.0017837290805791106,-0.0030620385607691425,0.007532402250571835
2008-08-29,-0.00776698842720247,-0.0069491880724726895,-0.004892552436576381,-0.003976898859995082,-0.00776698842720247
2008-09-02,-0.009976605431383456,-0.0015226353038272356,-0.00038062523112170066,-0.0030978828616807785,-0.00038062523112170066
2008-09-03,-0.0012847576545211847,0.00048381651091644606,0.0012642855748532522,0.0015785782382031766,0.0012642855748532522
2008-09-04,-0.02163902322314637,-0.015851819687749957,-0.005532179207727861,-0.0045202519917393325,-0.005532179207727861
2008-09-05,5.923030188381695e-05,0.0009225571276514355,-0.0006244421512969778,-0.0038097158130150355,-0.0006244421512969778
2008-09-08,0.01093787481790276,0.012166361428463723,0.006059202432679545,0.004779909101472413,0.006059202432679545
2008-09-09,-0.024784783680666722,-0.015707223818834604,-0.007268814207261998,-0.01076853540515732,-0.007268814207261998
2008-09-10,0.001017938579928046,0.0013079442223837834,-0.0023967159611698596,-0.0013825121917331318,-0.0023967159611698596
2008-09-11,0.001366018463999863,0.0077265344471879605,0.001694331718026687,-0.0007228697120050809,0.001694331718026687
2008-09-12,0.007087619294665615,0.0006660374818010517,-0.0020067538325324596,-0.0032512057370377434,-0.0020067538325324596
2008-09-15,-0.025791133460241755,-0.020283048668374937,0.0010252591757262675,-0.0035870936842313794,0.0010252591757262675
2008-09-16,0.007100637055957648,0.008408379968446233,0.0017062608798166234,-0.0008998948654977967,0.0017062608798166234
2008-09-17,-0.014646573946709207,-0.022266527971159578,-0.0005309720761170755,0.004047560875905409,-0.0005309720761170755
2008-09-18,0.025492442813748628,0.011692754662098181,-0.0016559853170650118,0.002432296451308602,-0.0016559853170650118
2008-09-19,0.0342823770999332,0.015313589993292132,-0.0006908690958332686,-0.0008513977184329002,-0.0006908690958332686
2008-09-22,-0.02249775569585244,-0.014227995841849639,-0.003529098089867566,-0.0031640216063583138,-0.003529098089867566
2008-09-23,-0.010306164363137915,-0.013305899495407059,-0.007687150803066145,-0.002879475039088253,-0.007687150803066145
2008-09-24,-0.0018612724051009222,0.0029440592522762543,0.0011584194857394703,-0.0008268201908553374,0.0011584194857394703
2008-09-25,0.0125580509154688,0.007788273603050122,0.003077111720964254,0.004807132572893336,0.003077111720964254
2008-09-26,-0.0018091091775298551,9.607149379808888e-06,0.0009088096724962913,0.000858741609048419,0.0009088096724962913
2008-09-29,-0.050057111194251935,-0.03997821904994592,-0.010576170260432671,-0.016011065316598017,-0.010576170260432671
2008-09-30,0.026826702719515927,0.019473848625290113,-0.00159588020819168,-0.004285295664763322,-0.00159588020819168
2008-10-01,-0.0039749713044545665,0.0030989342390126406,0.004095368608800998,0.0004018267047594115,0.004095368608800998
2008-10-02,-0.04193590159501659,-0.019998816390834784,-0.011408642133812319,-0.013999704563931292,-0.011408642133812319
2008-10-03,-0.012385339557473563,-0.006605325785672855,-0.0008779358391006742,-0.0036032712275618772,-0.0008779358391006742
2008-10-06,-0.02925859124484942,-0.027142490415994702,-0.006046467122166721,0.0003351482759619273,-0.006046467122166721
2008-10-07,-0.03326166328951452,-0.026405611500825876,-0.010629585439340339,-0.0044071926907292,-0.010629585439340339
2008-10-08,-0.00795272734315644,-0.019871833050361554,-0.012661106571268288,-0.0065557957977419035,-0.012661106571268288
2008-10-09,-0.04296549439791619,-0.04402501443548479,-0.02496664607530852,-0.01967563905138825,-0.02496664607530852
2008-10-10,-0.007983468080868472,-0.018652724970422807,-0.014543888898973845,-0.01194183157300055,-0.014543888898973845
2008-10-13,0.07656152718886244,0.07674909374018246,0.024135377462842333,0.0058782870463600645,0.024135377462842333
2008-10-14,-0.024876120913251976,-0.010609695729906665,-0.008679557952160466,-0.012320996463544898,-0.008679557952160466
2008-10-15,-0.0670362399470481,-0.05390158375118115,-0.01876024878160054,-0.010499099088867259,-0.01876024878160054
2008-10-16,0.0226226262895044,0.02321579877442259,0.005701198312742184,-0.0033334988328819204,0.005701198312742184
2008-10-17,-0.010885753756644245,-0.0006348689812402109,-0.0023823921533748793,-0.00023036810845955547,-0.0023823921533748793
2008-10-20,0.031263634499650195,0.03420328203619394,0.01710633512775206,0.007319737455238062,0.01710633512775206
2008-10-21,-0.03190322390813782,-0.012713253606771224,-0.004378804421883875,-0.004000249086169139,-0.004378804421883875
2008-10-22,-0.042864159374822686,-0.027498550566890656,-0.008682412322309485,-0.006486792295930632,-0.008682412322309485
2008-10-23,0.00020405646767596153,0.006976476697428513,0.002453539292396334,0.0006506483107522332,0.002453539292396334
2008-10-24,-0.03518011985892433,-0.02992527838473591,-0.015910181386899036,-0.01308454185465191,-0.015910181386899036
2008-10-27,-0.023221081666282006,-0.019458461723188214,-0.00854431312566506,-0.004697599374175465,-0.00854431312566506
2008-10-28,0.07326371342810267,0.05839966492541526,0.016944213220755122,0.00661282212170633,0.016944213220755122
2008-10-29,-0.0008247738394817627,-0.0034279777353566354,0.0011824362942307598,0.004992095550084841,0.0011824362942307598
2008-10-30,0.023817903040171284,0.015970288032070012,0.0003296739205982391,-0.00946027145279138,0.0003296739205982391
2008-10-31,0.009096256549990578,0.00242344264570038,0.0002577169190305373,-0.010262315055196036,0.0002577169190305373
2008-11-03,-0.004738924206456829,0.0023764741744001228,0.0002687421707594506,0.001055566344217329,0.001055566344217329
2008-11-04,0.04256447402722796,0.025224614047238747,0.02034425511925453,0.024478150956771305,0.024478150956771305
2008-11-05,-0.04789675884548983,-0.023441423910795733,-0.008103713401239943,-0.0004398487495479442,-0.0004398487495479442
2008-11-06,-0.03609058007660437,-0.03423240798996452,-0.013083022731895433,-0.00568690925419435,-0.00568690925419435
2008-11-07,0.026063734673077876,0.017735997501826306,0.0007794348700622677,-0.0033054073763268965,-0.0033054073763268965
2008-11-10,-0.011793236242521266,-0.007334903346160715,-0.0011264852901893274,0.005313604256457216,0.005313604256457216
2008-11-11,-0.021515774618327765,-0.016620955969232076,-0.0034379318999896435,-0.001491592302591771,-0.001491592302591771
2008-11-12,-0.03826841622990895,-0.022897909017438156,-0.007953151031118377,-0.000521730822713451,-0.000521730822713451
2008-11-13,0.052570072603875584,0.03219944081475523,0.004502333496413158,-0.006764867104105621,-0.006764867104105621
2008-11-14,-0.03899137139503683,-0.024998136334335674,-0.0007384532711037783,0.015037192198656069,0.015037192198656069
2008-11-17,-0.012999841218532038,-0.005723637637497836,-0.0006429632790657669,0.0017081667784277776,0.0017081667784277776
2008-11-18,-0.0001703257861148666,0.01400969750623915,0.005814784976275966,0.007905604154154533,0.007905604154154533
2008-11-19,-0.042482194231342696,-0.0316606299055785,0.00020760019205012803,0.01398670032905347,0.01398670032905347
2008-11-20,-0.03038413471985002,-0.03157602260456993,0.015401886613831905,0.032266348525147315,0.032266348525147315
2008-11-21,0.04538778236856933,0.023888105427050332,0.003850355839644992,0.004171509592404643,0.004171509592404643
2008-11-24,0.04930161932399435,0.03304473543315867,0.005723115065315643,-0.004791876286756813,-0.004791876286756813
2008-11-25,0.005088356459295396,0.011722655260768766,0.016695350921367647,0.018441178190358176,0.018441178190358176
2008-11-26,0.02875935040323352,0.02417898570414212,0.011659647456768285,0.0016882471884573924,0.0016882471884573924
2008-11-28,-0.005042502838284779,0.008286623738041454,0.0030479974789652253,0.00555713820482806,0.00555713820482806
2008-12-01,-0.06848987858400835,-0.047988898306262406,-0.003825585650559127,0.009286316441595721,0.009286316441595721
2008-12-02,0.037808788645825375,0.024418737337966956,0.011367188838691478,0.00687748932083565,0.00687748932083565
2008-12-03,0.013908542991651007,0.014707989540162947,0.004951294639669923,-8.382681910512613e-05,-8.382681910512613e-05
2008-12-04,-0.02140558869206166,-0.011088741308953098,0.0009219941193556735,0.009008273963135416,0.009008273963135416
2008-12-05,0.0223203097312632,0.013568478274826212,-0.005029428526455826,-0.013365299324564983,-0.013365299324564983
2008-12-08,0.038252722004256556,0.019164891988221022,0.007965592649725517,0.0016937469238784697,0.0016937469238784697
2008-12-09,-0.01573188531054892,-0.006536739539970249,0.005013406328464143,0.01192832661216392,0.01192832661216392
2008-12-10,0.026703930681200694,0.0036830602037176696,0.005324996635607926,0.006874604761886394,0.006874604761886394
2008-12-11,-0.024015486541406394,-0.011965342273108082,-0.001957679925660649,0.005352075489063912,0.005352075489063912
2008-12-12,0.021422886841630184,0.008196255267348906,0.007165977371242249,0.001483368603877322,0.001483368603877322
2008-12-15,-0.009966990212347149,-0.007374970260184521,-0.00018046711031449725,0.009823396350636004,0.009823396350636004
2008-12-16,0.04980337545177149,0.03424284430873392,0.026054649062730695,0.020833005964032703,0.020833005964032703
2008-12-17,0.0018288088996778473,-0.0030277890150717246,0.012528027699469924,0.016159866703721493,0.016159866703721493
2008-12-18,-0.018791531467718947,-0.008306952962290004,0.006789441214474667,0.00787243289317252,0.00787243289317252
2008-12-19,0.004615918809422581,-0.003889003205411634,-0.0011607387247138945,-0.0036168867460854015,-0.0036168867460854015
2008-12-22,-0.016450173368161236,-0.00858649243045606,-0.007690322873894595,-0.002414816378172757,-0.002414816378172757
2008-12-23,-0.00597692526550464,-0.00623910551216611,-0.0028885486678091876,-0.002637797230475636,-0.002637797230475636
2008-12-24,0.003808507301332531,0.002948151583829439,-0.0008714275074385158,0.0005850773043636348,0.0005850773043636348
2008-12-26,0.0084177243356649,0.0055928724499141325,0.007055119721770975,0.008331273846824416,0.008331273846824416
2008-12-29,-0.006980559368005679,-0.0007499888952845479,-0.0006491083958372057,0.0020327823142258783,0.0020327823142258783
2008-12-30,0.017968386223454536,0.01436800469711308,0.007853328102172874,0.003538425552805924,0.003538425552805924
2008-12-31,0.01429979605076448,0.0041213912584656676,-0.005670496026034755,-0.008738456041429865,-0.008738456041429865
2009-01-02,0.011514755252269193,0.012630313634599544,-0.007038561868333182,-0.01812976010811962,-0.01812976010811962
2009-01-05,-0.005331005684273804,-0.001401579243676232,-0.008842691724935903,-0.014902833617265743,-0.014902833617265743
2009-01-06,0.014351811840514594,0.0038810866361815854,0.0012183320831755662,5.878602895559304e-05,5.878602895559304e-05
2009-01-07,-0.028028516229121836,-0.01844616768730145,-0.008797555451900196,-0.004657716751665486,-0.004657716751665486
2009-01-08,0.0048342624704429404,0.0035375808980222523,0.003174045156212557,0.0032463539076674763,0.0032463539076674763
2009-01-09,-0.020347971145195043,-0.011297588073587383,-0.003792035899630619,-0.0016671657461568845,-0.0016671657461568845
2009-01-12,-0.026611483791413093,-0.012070543461358607,-0.003241255347181893,-0.0023182528509783085,-0.0023182528509783085
2009-01-13,0.004896396979228168,0.0013868749810135306,0.003113594876290149,0.0026081369650117203,0.0026081369650117203
2009-01-14,-0.025268537671099822,-0.016566337742143333,0.00011670221005877224,0.003874733722582624,0.003874733722582624
2009-01-15,0.009084381098838135,-0.00012272764822884863,0.002840094131008275,0.003128336900726447,0.003128336900726447
2009-01-16,0.009071124023352528,0.000825394557107062,-0.005578628112201889,-0.0038282671876905816,-0.0038282671876905816
2009-01-20,-0.04370949186279238,-0.0319517146942504,-0.011069339921833121,-0.004151748184732518,-0.004151748184732518
2009-01-21,0.02852050185025079,0.0213495939819337,-0.007210651287481329,-0.011236273260891272,-0.011236273260891272
2009-01-22,-0.019956466413269425,-0.011863035467442495,-0.012957846871378687,-0.012560331904685862,-0.012560331904685862
2009-01-23,0.013988601898617059,0.002656079241136977,0.003983498597062596,0.005719032613480612,0.005719032613480612
2009-01-26,0.004569770226423797,0.003042448701332523,-0.00194590893058455,-0.00391275295678184,-0.00391275295678184
2009-01-27,0.006961053229108893,0.008698966741432335,0.009037200669934187,0.011333009840844843,0.011333009840844843
2009-01-28,0.025439648659932868,0.017536316133567542,-0.00343959886567069,-0.00882638478112352,-0.00882638478112352
2009-01-29,-0.029681319694130903,-0.024797728824281773,-0.01744775708699753,-0.015430235801018877,-0.015430235801018877
2009-01-30,-0.010597175811324133,-0.012375118207184843,-0.0033770522962898175,0.0024147445583799776,0.0024147445583799776
2009-02-02,1.9830965518830013e-05,0.001487532987157092,0.007824278913318716,0.005172068639522465,0.005172068639522465
2009-02-03,0.0036039612197720228,0.004812862078844349,-0.010680963406310306,-0.013868835575532756,-0.013868835575532756
2009-02-04,-0.0027447092475150203,-0.004972423467558884,-0.0027669125421221352,-0.0018713914972579015,-0.0018713914972579015
2009-02-05,0.010041372416934813,0.009840359808635402,0.005936935621319472,0.0033799824759184194,0.0033799824759184194
2009-02-06,0.022340902954444797,0.0147084171548022,0.0013901321254385923,-0.004793972313990702,-0.004793972313990702
2009-02-09,-0.0008325644272757504,4.648583427635522e-05,-0.0009477486785635092,-0.002368988899058122,-0.002368988899058122
2009-02-10,-0.02916377860230046,-0.02271813855854221,0.006120615445312838,0.018232584318327305,0.018232584318327305
2009-02-11,0.010278083521546355,0.006632025747857595,0.008043688103153368,0.012895135400251556,0.012895135400251556
2009-02-12,-0.00026460809631956295,0.0002996478201711117,-0.0010703031788168449,-0.0019978861772157464,-0.0019978861772157464
2009-02-13,-0.01469200457604336,-0.009588891982517556,-0.014580277172173361,-0.015134870574478598,-0.015134870574478598
2009-02-17,-0.027965782483886814,-0.01861915898773392,0.008628555327816256,0.02538308228454844,0.02538308228454844
2009-02-18,-0.0017164459980070212,-0.00444851826133319,-0.006197841276611715,-0.003089994482221914,-0.003089994482221914
2009-02-19,-0.010150976721469473,-0.008576874945903756,-0.008928088724186045,-0.011397083602524227,-0.011397083602524227
2009-02-20,0.0018208283427303407,-0.004442160697687991,0.004077289286028352,0.009440180606302695,0.009440180606302695
2009-02-23,-0.023330377870207197,-0.020238503375351935,-0.002384280646539172,0.0037891013712902932,0.0037891013712902932
2009-02-24,0.024524791554449754,0.01988752490719925,0.0022688493796101383,-0.008353752853299423,-0.008353752853299423
2009-02-25,-0.012405618071152369,-0.008374276009547987,-0.009458928644864528,-0.01163413456745932,-0.01163413456745932
2009-02-26,-0.011749553746085772,-0.010475512693809752,-0.0063147909090328636,-0.0054236443936664935,-0.0054236443936664935
2009-02-27,-0.00912735130288811,-0.013800272561314997,-0.004716941923863405,-0.003584032433234685,-0.003584032433234685
2009-03-02,-0.035550026023979275,-0.022724730197157372,-0.0018568054547780655,0.006965378864562721,0.006965378864562721
2009-03-03,-0.002503920722272457,-0.004895093980747611,-0.00366544210715658,-0.005109498154105108,-0.005109498154105108
2009-03-04,0.021096833543847282,0.011593257526846923,0.0021366695841606997,-0.006158948074082682,-0.006158948074082682
2009-03-05,-0.019900946817927423,-0.019114474306868745,0.009077047765871038,0.022444118773894184,0.022444118773894184
2009-03-06,0.001671463277375329,-0.0010205424850164846,-0.0024731266360465964,-0.003962036899164856,-0.003962036899164856
2009-03-09,-0.011101585176510609,-0.006580254775844008,-0.0061539735537422535,-0.005852928569979321,-0.005852928569979321
2009-03-10,0.03976733406395039,0.030984580598673483,-0.002220494686702601,-0.015891219044109506,-0.015891219044109506
2009-03-11,0.0010237111415489775,0.006771180100038965,0.0058500407392458875,0.009601451804201133,0.009601451804201133
2009-03-12,0.03507139001297621,0.024325199998387337,0.01368838072413836,0.007127119115248881,0.007127119115248881
2009-03-13,-0.0002187266920748998,0.004363955517800111,-0.0017287858757641938,-0.001894973080866058,-0.001894973080866058
2009-03-16,-0.011313273921228717,-0.0040982234691469,-0.008348126770333364,-0.009693790229076127,-0.009693790229076127
2009-03-17,0.024367614960163264,0.017560880184858796,0.005000737285819401,-0.004585634639666325,-0.004585634639666325
2009-03-18,0.029095934591835793,0.027053309494248667,0.03136903245435585,0.03562964833479043,0.03562964833479043
2009-03-19,-0.006381888898053689,-0.008826655923154902,0.000793067624259125,0.0017639321927929164,0.0017639321927929164
2009-03-20,-0.018408587207853433,-0.01281907712462993,-0.0043325343956958084,-0.0038049960640524905,-0.0038049960640524905
2009-03-23,0.052994242232202504,0.04149615678790752,0.00712880477236677,-0.008002899240533323,-0.008002899240533323
2009-03-24,-0.02435793013182508,-0.012661827782338375,-0.0037539593201378896,0.0007979875647341483,0.0007979875647341483
2009-03-25,0.006788339792560105,0.004083726012482858,-0.0053920255148727225,-0.005663181489027003,-0.005663181489027003
2009-03-26,0.01878016855448217,0.013516777140814895,0.011410322449992405,0.005570186014180134,0.005570186014180134
2009-03-27,-0.020675480148995895,-0.01139103621258497,-0.004086817054468228,9.08261240564201e-05,9.08261240564201e-05
2009-03-30,-0.027397924531276097,-0.019558033143651676,-0.00471284913971004,0.0017671535309158326,0.0017671535309158326
2009-03-31,0.01610380856438809,0.00625450267933414,0.004720837525743704,0.004209823168451754,0.004209823168451754
2009-04-01,0.012232849986671512,0.012630404076449553,0.006189654721522553,0.006299394705351569,0.006299394705351569
2009-04-02,0.02830435867487613,0.015139987666586974,0.0008566912549412553,-0.012415018851984372,-0.012415018851984372
2009-04-03,0.012853720553279713,0.0016861543260411338,-0.0074752691747626,-0.015514053875535394,-0.015514053875535394
2009-04-06,-0.01177283862095313,-0.0057338975844710705,-0.005272817187387924,-0.007890973464122042,-0.007890973464122042
2009-04-07,-0.021562679604017143,-0.01344492201554115,-0.003371124382349322,0.00539568916704769,0.00539568916704769
2009-04-08,0.010727659467009376,0.008517084230457161,0.007931140658335112,0.005248912979640474,0.005248912979640474
2009-04-09,0.03448226668444643,0.02209610426804476,8.414474956874862e-05,-0.008085088921786165,-0.008085088921786165
2009-04-13,0.005330145565098476,0.0023684113047361954,0.006197606731133121,0.009631789098112353,0.009631789098112353
2009-04-14,-0.020130350162455568,-0.008790931241460131,-0.0005480394391017551,0.003009196158549887,0.003009196158549887
2009-04-15,0.014436879802143698,0.006943984142904869,-0.0007876796542756193,-2.4926956604498507e-05,-2.4926956604498507e-05
2009-04-16,0.009353852034609478,0.007573608210814875,-0.0013512358617516762,-0.008560778394378854,-0.008560778394378854
2009-04-17,-8.741688262892122e-05,0.001148585145835268,-0.007155247563063405,-0.009004128037918169,-0.009004128037918169
2009-04-20,-0.03491056454827379,-0.023692017173203905,-0.0006620102114908155,0.012833230487047986,0.012833230487047986
2009-04-21,0.02081637543916015,0.010533845935081443,-0.0018652077032884629,-0.005657464366536691,-0.005657464366536691
2009-04-22,-0.006484122094532863,-0.0047135951463176395,-0.002082385086115468,-0.00228497483071588,-0.00228497483071588
2009-04-23,0.014012403386559624,0.006008013739870366,0.0030785414643246245,0.003106610435479551,0.003106610435479551
2009-04-24,0.015748460925797847,0.007931982673108795,-7.177710082284516e-05,-0.0034619506361949215,-0.0034619506361949215
2009-04-27,-0.016602247701030137,-0.004390890372100831,0.0001826887414757561,0.0017277924389584864,0.0017277924389584864
2009-04-28,-0.004467279775214106,-0.0037879751754404944,-0.009264548642429427,-0.011265332317291321,-0.011265332317291321
2009-04-29,0.022461927305850393,0.011242048688870465,0.00022637790381607736,-0.004337957135505888,-0.004337957135505888
2009-04-30,-0.00029036906049650923,-0.0005361955408964558,-0.001132107951249739,-0.004684199289052171,-0.004684199289052171
2009-05-01,0.0024522072548252005,0.0019446724255345327,-0.00030350947743995604,-0.004772455228034822,0.0024522072548252005
2009-05-04,0.032569177224721635,0.020883263994028844,0.007283516897012454,0.0055679141942492905,0.032569177224721635
2009-05-05,-0.008675382513983254,-0.0021659145590947615,-0.0023116657747571656,-0.0014629937357201195,-0.008675382513983254
2009-05-06,0.014018032871391917,0.010734412036878194,0.0028288049372586777,0.0021667050153368894,0.014018032871391917
2009-05-07,-0.019204777274447138,-0.011758319515005833,-0.014162122028508195,-0.013261269958415367,-0.019204777274447138
2009-05-08,0.02385030351143791,0.014746205495860254,0.004755646890705734,0.0026743491404692676,0.02385030351143791
2009-05-11,-0.011003075803834417,-0.007956323813539168,0.007295819452264096,0.008683592042474597,-0.011003075803834417
2009-05-12,0.0011504545086633566,-0.0020567581859995965,0.000724610464448272,0.003474419349962732,0.0011504545086633566
2009-05-13,-0.022739502235231135,-0.0135631310809593,0.0002209270594770718,0.007012034943056911,-0.022739502235231135
2009-05-14,0.009016501090147955,0.005209720438927867,0.003460054676819535,0.001447755405248552,0.009016501090147955
2009-05-15,-0.008715781076018336,-0.005906270499237087,-0.0035867687608049925,7.128315774007632e-05,-0.008715781076018336
2009-05-18,0.02512063842605583,0.014815954606818282,-0.0015325378691197766,-0.011163252632509613,0.02512063842605583
2009-05-19,0.0007183525070850738,-0.0012802553089257263,-0.0013249204443036566,-0.0012811558495077202,0.0007183525070850738
2009-05-20,0.002751473343909794,-0.0028829396530669626,0.006295342416361427,0.008323619259066772,0.002751473343909794
2009-05-21,-0.009584745769806724,-0.01302981728274999,-0.014709331733806619,-0.010653595131064564,-0.009584745769806724
2009-05-22,-0.002486614908124074,-0.003589788727759391,-0.00461346029535159,-0.00595630365239419,-0.002486614908124074
2009-05-26,0.017415096896372217,0.013008889116628897,-0.0019361822268442186,-0.009368164407931867,0.017415096896372217
2009-05-27,-0.013698937543076939,-0.015351434986967005,-0.010713262615201447,-0.012027770162500784,-0.013698937543076939
2009-05-28,0.013043142532485508,0.010588492007828076,0.010372167850132064,0.009467991315956548,0.013043142532485508
2009-05-29,0.019542478534125607,0.015101212088573401,0.01726326064730599,0.01853999665300421,0.019542478534125607
2009-06-01,0.01869001817034932,0.008058228232726172,-0.009371089168638935,-0.01763863412470479,0.01869001817034932
2009-06-02,0.0006277065313624597,0.0018167574961294175,0.004064484570643678,0.004899245524935925,0.0006277065313624597
2009-06-03,-0.012893829995958561,-0.005344050852331028,0.0003200043682349829,-3.124269953080905e-05,-0.012893829995958561
2009-06-04,0.01167588624249083,0.0011267839896873522,-0.0047353308029010055,-0.006315422964862316,0.01167588624249083
2009-06-05,-0.005924345670406006,-0.0037390603289485513,-0.008162524624235501,-0.013659320720966761,-0.005924345670406006
2009-06-08,-0.006784613253825955,-0.0044933763844338115,-0.0036384729425085194,-0.003303680156368616,-0.006784613253825955
2009-06-09,0.004834158939533761,0.004794161031488109,0.0038710709231746243,0.002466056854693921,0.004834158939533761
2009-06-10,-0.0038366308359303325,-0.0038686272830175117,-0.008000901807446392,-0.007471827427050548,-0.0038366308359303325
2009-06-11,0.004717569225697771,0.005361639413924424,0.0068678478040054,0.005876264341440285,0.004717569225697771
2009-06-12,-6.637949203047722e-05,0.003730961702839597,0.0018342323312594555,0.0006081407601381539,-6.637949203047722e-05
2009-06-15,-0.02112482246814129,-0.012332993907368528,-0.001077501981437079,0.0016668773236703238,-0.02112482246814129
2009-06-16,-0.005847681018535056,-0.006035908500317322,0.00626279028120047,0.010451208342749263,-0.005847681018535056
2009-06-17,-0.0013784233118767641,-0.0016524536726569838,-0.0009740031362718282,-0.0017490324737021723,-0.0013784233118767641
2009-06-18,-0.0021543572757278806,-0.0004129687392265824,-0.010036938681559748,-0.012045257720983749,-0.0021543572757278806
2009-06-19,0.006390197235750517,0.004054045299954456,0.006853118374191114,0.007257271585117797,0.006390197235750517
2009-06-22,-0.02502863934163846,-0.016092538986038463,-0.003258448503810407,0.001469595656361511,-0.02502863934163846
2009-06-23,0.0053552519171531365,0.0017699317289801009,0.006497793795492646,0.006370839417176866,0.0053552519171531365
2009-06-24,0.007065386929621331,0.003632791404464264,-0.0021392834858092735,-0.0033981270552371212,0.007065386929621331
2009-06-25,0.01834466757291997,0.018065353029930842,0.014882004910789393,0.013657449006434286,0.01834466757291997
2009-06-26,0.0009370234253043286,-0.001046665595184293,0.000578126754630981,0.0010458716937573609,0.0009370234253043286
2009-06-29,0.003730550034532154,0.006472874923475702,0.002341459978780547,0.000628487961265467,0.003730550034532154
2009-06-30,-0.006053164116029963,-0.005918347373009225,-0.004368616579394136,-0.0038806309935507377,-0.006053164116029963
2009-07-01,0.007919870473364288,0.002216520290941215,-0.0002323010174867246,0.001871678234207641,0.007919870473364288
2009-07-02,-0.02227486754406871,-0.015042617479061327,-0.004056282185870397,-0.0010924369769340636,-0.02227486754406871
2009-07-06,-0.002623035581924338,0.0002041363563560772,-0.00443602981052893,-0.0013855156586802808,-0.002623035581924338
2009-07-07,-0.015753182938647026,-0.009856155103024067,-0.0011552976043736063,0.002879713095196079,-0.015753182938647026
2009-07-08,-0.0023936575999050635,0.004367401136833093,0.008633347603882013,0.009190958542371064,-0.0023936575999050635
2009-07-09,3.9905396309825036e-05,-0.0013135902075678274,-0.005103210818513948,-0.005873126807788731,3.9905396309825036e-05
2009-07-10,-0.0008448484429479652,0.0011860722114425126,0.005202709918074033,0.005693872118296861,-0.0008448484429479652
2009-07-13,0.013003107383705137,0.012699758892245283,0.00019597435142348907,-0.0023930452930683854,0.013003107383705137
2009-07-14,0.0025970095130478654,0.000617331943315369,-0.0068391322232271845,-0.007827819936120806,0.0025970095130478654
2009-07-15,0.02268469152007846,0.012078740218882222,-0.005060380547245558,-0.010307141451441737,0.02268469152007846
2009-07-16,0.006141504743906623,0.0014102752388949202,0.007257095244678435,0.006359333742370632,0.006141504743906623
2009-07-17,-0.0016393258588258686,0.003901710599976793,-0.005176626262913153,-0.00828762600019417,-0.0016393258588258686
2009-07-20,0.016373753942875435,0.007879307903733812,0.006998680923429479,0.007803180521013253,0.016373753942875435
2009-07-21,0.003543534240093127,0.007202163258275496,0.010721913389896365,0.011886217415335798,0.003543534240093127
2009-07-22,0.0011520073768735983,-0.0024588656315744917,-0.0031223020096701193,-0.0055734034754150175,0.0011520073768735983
2009-07-23,0.015427766700740753,0.009592239726447627,-0.004169018987787654,-0.00965986863684043,0.015427766700740753
2009-07-24,0.0018837728825578104,0.003331195603311743,0.0014606022721206369,0.0026660481212468223,0.0018837728825578104
2009-07-27,0.0033140196197189997,2.3702311114925934e-05,-0.0035068983806672005,-0.0053349887991058775,0.0033140196197189997
2009-07-28,-0.0038358400422136008,-0.002115346748991942,0.00013257565002411376,0.0014354072514333183,-0.0038358400422136008
2009-07-29,-0.007404049853588557,-0.0012509787615884171,-0.0006392235295965554,-0.0004359845471243462,-0.007404049853588557
2009-07-30,0.016829563193937025,0.00796137986080514,0.01011760903540071,0.00936798916533843,0.016829563193937025
2009-07-31,0.008136934788137484,0.004852010995634259,0.012838852924883959,0.014035309474151658,0.008136934788137484
2009-08-03,0.013520146863955862,0.005591656847062865,-0.003212996882682062,-0.0056665263572827085,0.013520146863955862
2009-08-04,0.005446821576541083,0.00042050563353379644,-0.00276737812751382,-0.0042413509197650745,0.005446821576541083
2009-08-05,-0.0001272054728505001,-0.003986072608835212,-0.006214213833013238,-0.008781343153024035,-0.0001272054728505001
2009-08-06,-0.0072565458925549775,-0.0031402153331470117,-0.0030206404378649854,0.00020678253675243674,-0.0072565458925549775
2009-08-07,0.009000853762057393,0.005323815732670045,-0.004619811343619329,-0.005782329750316895,0.009000853762057393
2009-08-10,-0.0039897594016218285,0.001244546732879881,0.004520812762017101,0.005135174436767365,-0.0039897594016218285
2009-08-11,-0.009234523816765705,-0.004856002130182557,0.003145912928678829,0.005058879643784486,-0.009234523816765705
2009-08-12,0.006273801353100739,0.005366638581828509,-0.0015378620649827424,-0.004123186635675236,0.006273801353100739
2009-08-13,0.010242352379700614,0.007709922509410383,0.010031428027676537,0.011314399508108641,0.010242352379700614
2009-08-14,-0.010410288004321644,-0.003434778119855597,-0.0029123448496199966,-3.300558382535179e-05,-0.010410288004321644
2009-08-17,-0.021832819060286113,-0.012141775438337832,0.0006260906405255451,0.002763748051844095,-0.021832819060286113
2009-08-18,0.009871962588870353,0.0033118902729338817,0.0011432839195639755,-0.0009867296296121042,0.009871962588870353
2009-08-19,0.005449304215474404,0.0067598912937194555,0.00592900948547781,0.005542206633666336,0.005449304215474404
2009-08-20,0.00979572156983255,0.00723635722694449,0.003779894694072583,0.0057142235353730975,0.00979572156983255
2009-08-21,0.011172315578305447,0.00775055897699839,-0.006572619532205892,-0.008966004884752632,0.011172315578305447
2009-08-24,0.0010689331123077128,0.002361198625062899,0.006789844918233312,0.008408322684756886,0.0010689331123077128
2009-08-25,0.002771662968749311,0.00221516359287266,0.001793765255680313,0.0035195404908463512,0.002771662968749311
2009-08-26,3.684167644091296e-05,0.0005751464687893115,0.0013844281931230107,0.002038974658831183,3.684167644091296e-05
2009-08-27,0.0025279961374653492,0.00027841501613390385,-0.0007108768888118844,-0.002367957262947362,0.0025279961374653492
2009-08-28,0.001142779167489616,0.000785379194068847,0.0026632556385279837,0.0029580350768414476,0.001142779167489616
2009-08-31,-0.010520128188781563,-0.004172810254083892,-0.003397701525058583,-0.002263262634362939,-0.010520128188781563
2009-09-01,-0.016960510854929778,-0.012126036751773484,-0.0032745275996736156,0.000227704287059316,-0.012126036751773484
2009-09-02,0.0028520142169246032,-8.894500837963726e-06,0.00841915001273752,0.013318776822830003,-8.894500837963726e-06
2009-09-03,0.007097227158540331,0.00342286422019189,-0.0019257239774257418,0.0028082177882451376,0.00342286422019189
2009-09-04,0.006787597581348281,0.005843158074529731,-0.005062658998669756,-0.004124105798513855,0.005843158074529731
2009-09-08,0.011048000054614482,0.004215058505278035,0.00023676311776199555,-0.0007713043246085904,0.004215058505278035
2009-09-09,0.007035081929263498,0.004950657340944797,0.0012763773046642335,-0.00042018745832350657,0.004950657340944797
2009-09-10,0.010659428989788777,0.009120431791092454,0.010454352969001768,0.010078386906640535,0.009120431791092454
2009-09-11,0.0005740354241585699,0.0010577191974592282,0.002259049904534738,0.005601828932784603,0.0010577191974592282
2009-09-14,0.001750758461762869,0.0005809299553065639,-0.005939044127468263,-0.007244909581229142,0.0005809299553065639
2009-09-15,0.006901696689729286,0.0016983059859192462,0.0015045911756028651,0.0020195409754533156,0.0016983059859192462
2009-09-16,0.016206221176184643,0.008849374826791712,0.004355724401747807,0.0055608402295430626,0.008849374826791712
2009-09-17,-0.0009224273160931551,0.0010239367684774514,0.005005435307349648,0.0024156681448497253,0.0010239367684774514
2009-09-18,-0.0015482238907942314,-0.0017133242306475172,-0.005953235631206533,-0.005702201135893592,-0.0017133242306475172
2009-09-21,-0.006066274052767051,-0.0017970423556967763,-0.001965128358625945,-0.0015558944438730515,-0.0017970423556967763
2009-09-22,0.011076701862718252,0.004573550346303579,0.00478111129156833,0.006880861230311952,0.004573550346303579
2009-09-23,-0.010994524008878015,-0.004203567036825562,-0.002110259899784528,-0.0024757322083693856,-0.004203567036825562
2009-09-24,-0.013308393282194575,-0.005605493762381397,-0.0017181107035179055,-0.004021467111781307,-0.005605493762381397
2009-09-25,-0.0013790141356225805,-0.0016151832594459847,0.0027611303551213773,0.0031715405345096315,-0.0016151832594459847
2009-09-28,0.014744050412757614,0.01144762781335995,0.006354278294767202,0.004043287825490793,0.01144762781335995
2009-09-29,-0.0033346339859655627,-0.0019906034670962303,-0.0010994582493807359,0.000970527795091991,-0.0019906034670962303
2009-09-30,0.0023721117510384637,-0.00202546582339147,0.004592426144488737,0.00270017906601816,-0.00202546582339147
2009-10-01,-0.01765959726677846,-0.011842570251601625,0.0015822735178330216,0.0003629951123496067,-0.011842570251601625
2009-10-02,-0.004527156615767858,-0.002931513742177816,-0.0030394446037370626,-0.0015072919903594828,-0.002931513742177816
2009-10-05,0.015227314002418835,0.008763583806157715,0.005922307485064948,0.006211453437511061,0.008763583806157715
2009-10-06,0.007960689364180595,0.0071884355725255755,-0.0008575283335942041,0.0021471707826472564,0.0071884355725255755
2009-10-07,0.0028503667762265206,0.0042094918184723,0.006331925097266877,0.005719069408304689,0.0042094918184723
2009-10-08,0.008506433703346694,0.0030974984547460505,-0.00032406704587806257,-0.00045407821640963686,0.0030974984547460505
2009-10-09,-0.0006412804799845739,-0.00018711712754526655,-0.009680556890989234,-0.011030062693805465,-0.00018711712754526655
2009-10-12,0.005195796519563478,0.0035291179122498573,0.004892793401601203,0.004147058514127888,0.0035291179122498573
2009-10-13,0.0006195907363337749,-0.0003294770818172976,0.0043267921474059445,0.0035501955418690834,-0.0003294770818172976
2009-10-14,0.012760392680804866,0.007662202223054804,-0.004210689184437455,-0.00041750573713728034,0.007662202223054804
2009-10-15,-0.0018529944681277,0.0009442077934638249,-0.0029038950425961385,-0.005316630736383887,0.0009442077934638249
2009-10-16,-0.006094799321688771,-0.002766430639091322,0.003794778268012111,0.0015684720477833203,-0.002766430639091322
2009-10-19,0.01175723843668619,0.00561699947066252,0.006623645466421912,0.007942007690238118,0.00561699947066252
2009-10-20,-0.006288189666193156,-0.002321739699022829,0.0007860609622212245,-0.0013453289520098943,-0.002321739699022829
2009-10-21,-0.002656119985983807,-0.006342028548644185,0.00017743392388402945,-0.0032308152814602975,-0.006342028548644185
2009-10-22,0.007370040001347666,0.004992844762460091,-0.0008030856761706007,-0.0005990674458580258,0.004992844762460091
2009-10-23,-0.009161997836672708,-0.008878594412001672,-0.0052659144451893125,-0.006211724162081156,-0.008878594412001672
2009-10-26,-0.010744459839071574,-0.00881077246283557,-0.009905277673997182,-0.010362129342832871,-0.00881077246283557
2009-10-27,-0.005795006449672346,0.0006162978157624455,0.0042593063918370255,0.003568092176062354,0.0006162978157624455
2009-10-28,-0.0215864239147614,-0.01016151383149777,-0.004443003560926084,-0.008006789974544515,-0.01016151383149777
2009-10-29,0.021114728832675178,0.010879304018211577,0.0028476850023628764,0.006000471760992054,0.010879304018211577
2009-10-30,-0.018568868899352053,-0.014412496319810897,-0.0004326320810366102,-0.005376757529129028,-0.014412496319810897
2009-11-02,0.005735645126482947,0.003262560388513469,0.0016383153438102038,0.005828960936920202,0.003262560388513469
2009-11-03,0.005981774091161851,0.0009397598134559537,0.0010891161371728852,0.006842126538291637,0.0009397598134559537
2009-11-04,-0.0010060490441579084,0.00041861311630730924,-0.0024778306592626587,0.0034549272353388005,0.00041861311630730924
2009-11-05,0.012298185035609421,0.01105493299378768,0.0031362487011219464,0.0034897663668842505,0.01105493299378768
2009-11-06,-0.0014872500488283258,0.002765280452338592,0.0009926522490408818,0.0025499166472637835,0.002765280452338592
2009-11-09,0.02021267256247672,0.013849998788683981,0.006149991310330671,0.009342898657765497,0.013849998788683981
2009-11-10,-0.002501178549623728,0.00041502893223399617,-2.2493010105040234e-05,1.2253472421841494e-05,0.00041502893223399617
2009-11-11,0.0073953444361505305,0.0042218011449575155,0.0050166114559466735,0.006885048211667133,0.0042218011449575155
2009-11-12,-0.01109331628861765,-0.006032399594047999,-0.00407085680359931,-0.008445410424506195,-0.006032399594047999
2009-11-13,0.008727470269791926,0.0035700343031468407,0.004150072741567534,0.008631597957132087,0.0035700343031468407
2009-11-16,0.017958288083172125,0.010892110349188577,0.011256233883752298,0.013506632704713972,0.010892110349188577
2009-11-17,-0.0008491467514663009,0.0015664324822290965,0.003455100425559632,0.0017004917501148853,0.0015664324822290965
2009-11-18,-0.000588490394560659,-0.0013654884253527788,-0.0029037896860633072,-0.0019868569958869653,-0.0013654884253527788
2009-11-19,-0.012505828439451139,-0.0074388443961665995,-0.0029217161182033546,-0.0026963992536167547,-0.0074388443961665995
2009-11-20,-0.0022154187710717865,-0.0021867276628013688,-0.00036084447495354777,0.0011727147196549659,-0.0021867276628013688
2009-11-23,0.011190725088203513,0.007094081486810566,0.0034199272019734828,0.007392415482688541,0.007094081486810566
2009-11-24,-0.002695300365471831,0.002948473456982459,0.0022829404616617754,0.00279188781793116,0.002948473456982459
2009-11-25,0.008541797368524229,0.0034545073796974357,0.007319233521368096,0.0095757866774695,0.0034545073796974357
2009-11-27,-0.0174739449020328,-0.008044411467994839,-0.002333564518169351,-0.00971779103328363,-0.008044411467994839
2009-11-30,0.008363506087536665,0.002671147854810485,0.0029167074031859475,0.002185551035756683,0.002671147854810485
2009-12-01,0.011491394593036164,0.005223944617267939,-5.705363761665527e-05,0.007727939802974593,0.005223944617267939
2009-12-02,0.004275650178518164,-0.0010845303436038956,0.001174784305458365,0.006043885837627494,-0.0010845303436038956
2009-12-03,-0.006717036828257639,-0.006574886596611873,-0.005313602469309786,-0.00424289305768788,-0.006574886596611873
2009-12-04,0.0004416092346550826,0.0005157169869052236,-0.011012600051676036,-0.01743907820036772,0.0005157169869052236
2009-12-07,-0.005196771750538676,0.00014799659277597854,-0.0010348034630520697,-0.0029847112638508033,0.00014799659277597854
2009-12-08,-0.009123196802318989,-0.00535065522368916,-0.002874755016176622,-0.008566935361299821,-0.00535065522368916
2009-12-09,-0.0006345958934340645,0.001475311608677421,-0.0012660639839131571,0.0022405985176692234,0.001475311608677421
2009-12-10,-0.0008532412640183118,0.0020637551041742253,-0.003365562911975206,0.0005578284498024555,0.0020637551041742253
2009-12-11,0.001733813703873155,0.0006327974680189197,-0.004099367800851739,-0.007916517116315913,0.0006327974680189197
2009-12-14,0.008274218022181756,0.004162975231629007,0.0035011734258587612,0.006341053375659156,0.004162975231629007
2009-12-15,-0.005768151351337791,-0.004082975063017136,-0.003587482254707841,-0.0028594628979684567,-0.004082975063017136
2009-12-16,0.006260027903906673,0.0009310398295852007,0.003217861759873486,0.005341359654647215,0.0009310398295852007
2009-12-17,-0.012289121552170212,-0.003883184408073448,-0.001885224069475,-0.01643888290203288,-0.003883184408073448
2009-12-18,0.005313358197599483,0.0014766648645807567,0.0022738559518253876,0.009559582942775924,0.0014766648645807567
2009-12-21,-0.0001752632212113081,0.0021565539771650766,-0.009149778170594258,-0.006418088929609489,0.0021565539771650766
2009-12-22,0.0038335350879952212,0.00047600843469153276,-0.0022226952996676763,-0.0020541646362998156,0.00047600843469153276
2009-12-23,0.007570368498077684,0.001037969680302675,0.0031846121383292125,0.003681633443376242,0.001037969680302675
2009-12-24,0.0056620823266146925,0.0015341025683099918,0.0009179023771805905,0.008531097003340093,0.0015341025683099918
2009-12-28,0.0032724892529429894,0.00028463098208164617,0.0011283756752171747,0.001660822440775478,0.00028463098208164617
2009-12-29,-0.0027677143981565955,0.00013031663468154875,6.992711565301235e-05,-0.00445633940515866,0.00013031663468154875
2009-12-30,0.0006049981157909556,0.00046941666957267536,0.0017827697871182213,-0.0003764306583124988,0.00046941666957267536
2009-12-31,-0.006068339959810709,-0.0077244236460246585,-0.004329286549776823,-0.0027473818770842318,-0.0077244236460246585
2010-01-04,0.015774108345121718,0.011152974986789799,0.008903465589971127,0.01824158085724603,0.011152974986789799
2010-01-05,0.00173923742583737,0.0033402041472365696,0.00290339831518871,0.000789998288999394,0.0033402041472365696
2010-01-06,0.0015957012137137738,-0.0011828627072438813,-0.0014710633839932763,0.00406895197301127,-0.0011828627072438813
2010-01-07,-0.0004789248860105344,0.002545489592424177,-0.0014637225723873604,-0.002845633610811582,0.002545489592424177
2010-01-08,0.0030938839623022574,0.0024997868423910496,0.002660452577194272,0.0061609647909766085,0.0024997868423910496
2010-01-11,0.001085214409698665,0.0011118463272594692,0.00021406588334227372,0.0036618679908742013,0.0011118463272594692
2010-01-12,-0.009682231174175993,-0.00279732979165348,-0.001197501200827955,-0.01431980114437803,-0.00279732979165348
2010-01-13,0.005893689251726952,0.0031587662925434135,-0.0002689502662989174,0.00855684041518967,0.0031587662925434135
2010-01-14,0.0029282020570922107,0.003498048531395126,0.004893905289580891,0.00235968052486335,0.003498048531395126
2010-01-15,-0.00839593035281172,-0.005004050385544745,-0.0016984384792892993,-0.009503027354632043,-0.005004050385544745
2010-01-19,0.010497471381627932,0.006781655515089691,0.0031668234139849982,0.010524578879650415,0.006781655515089691
2010-01-20,-0.012908164431667202,-0.004763185122480418,-0.004313445320438869,-0.017068999834791265,-0.004763185122480418
2010-01-21,-0.014354699260918147,-0.010068561779015162,-0.002447503046893673,-0.012062001734623351,-0.010068561779015162
2010-01-22,-0.01482685205581713,-0.01288746635868565,-0.006499684331962241,-0.014341950179265872,-0.01288746635868565
2010-01-25,0.003612971167479495,0.0021095882364297047,-0.0003955814397420543,0.0029590859039065887,0.0021095882364297047
2010-01-26,-0.005589239430539905,-0.0016582590138883857,0.000352216674924577,-0.001098950548708455,-0.0016582590138883857
2010-01-27,0.00010542062122675944,0.0018482029413227075,-0.002025232567175017,-0.0013205873201526108,0.0018482029413227075
2010-01-28,-0.00908642742686605,-0.006910929541105726,-0.005347133404580817,-0.01101612560350207,-0.006910929541105726
2010-01-29,-0.007416427666462999,-0.004995697621140938,-0.001873912256932564,-0.009772010700226152,-0.004995697621140938
2010-02-01,0.013542445765813982,0.007891201059877062,0.004361316541586335,0.01595432052752077,0.007891201059877062
2010-02-02,0.010399865027178823,0.00793847464163222,0.005780280514867897,0.007501158570738076,0.00793847464163222
2010-02-03,-0.007154379458028326,-0.004896632198604589,-0.004606065701895257,-0.00048352808575502504,-0.004896632198604589
2010-02-04,-0.02667605791583616,-0.01535715962508033,-0.008221887620796453,-0.031629784105244196,-0.01535715962508033
2010-02-05,0.0015372303890570649,0.002528439573595831,0.0025941572366701138,0.0036900540261919357,0.002528439573595831
2010-02-08,-0.00807276483405095,-0.004643437474370127,-0.0023057389738614376,-0.006448811495226692,-0.004643437474370127
2010-02-09,0.011092962857618183,0.005234521121267877,0.0012906518989765914,0.012235807820454747,0.005234521121267877
2010-02-10,-0.0019982947398623496,-0.0022857985731880026,-0.0032917806865396804,-0.002475103917359056,-0.0022857985731880026
2010-02-11,0.011063565029268752,0.005751061123744794,0.005161382188762165,0.016349078430969444,0.005751061123744794
2010-02-12,-0.00012335022249354566,0.00043705445641895047,0.0014434081323899672,-0.0006349754456238532,0.00043705445641895047
2010-02-16,0.018025834831325582,0.010310259971738844,0.009806456503012484,0.01770089314332912,0.010310259971738844
2010-02-17,0.0006134732275042687,0.0007355602260035177,-0.004008822418296476,0.0007742429872577006,0.0007355602260035177
2010-02-18,0.00533610596176648,0.0021530126535063143,0.0008588367038298017,0.00527669461424396,0.0021530126535063143
2010-02-19,-0.00040927603977591875,0.0014773240272063504,0.0008898247398503312,-0.0029012990795536098,0.0014773240272063504
2010-02-22,-0.0007118833261466895,-0.00019788338574810993,-0.0024461618375776206,-0.002211204136449152,-0.00019788338574810993
2010-02-23,-0.008720479019273975,-0.004388007712620934,0.00018431597322243753,-0.011299663972156093,-0.004388007712620934
2010-02-24,0.006039707545394846,0.005760922594149065,0.0025465347757986923,0.003176394586537734,0.005760922594149065
2010-02-25,-0.0010646817218072924,0.0006284123426099075,0.0022422960670007708,0.0029024081143103064,0.0006284123426099075
2010-02-26,0.00504263500718638,0.0009914033776583508,0.00486381227337862,0.0035260016998792665,0.0009914033776583508
2010-03-01,0.007148230477701967,0.0066443065387906675,0.002435867931271707,0.00803413022149746,0.0066443065387906675
2010-03-02,0.005745128087806695,0.0018878041178773675,0.003149519419742619,0.004108800784540012,0.0018878041178773675
2010-03-03,0.003020422095940667,0.00014227780884557006,0.0006956986803312581,0.0007329857177653665,0.00014227780884557006
2010-03-04,-0.0002055039578251483,0.002527468941859956,0.0008843314541391312,0.0007278585640742019,0.002527468941859956
2010-03-05,0.011715810945499339,0.006741354688683199,-0.0007873202984104433,0.007040576959975953,0.006741354688683199
2010-03-08,-0.00022248842620331555,-0.0009364808299179295,-0.002884486169877243,-0.0009768275732898735,-0.0009364808299179295
2010-03-09,0.0007151836250889332,0.002012530704408544,0.0012200158542021722,0.0037405715154026353,0.002012530704408544
2010-03-10,0.0029778766104007204,0.002059143181277534,-0.0007619709537716179,0.002357259147265367,0.002059143181277534
2010-03-11,0.0022625519074976896,0.0021988998240305424,0.0011487547640287588,0.001368046731565542,0.0021988998240305424
2010-03-12,0.0007194052462140554,0.0006582246507575995,0.0007542492485073105,-0.000264847348068864,0.0006582246507575995
2010-03-15,-0.003208854552936846,0.00015861821042029156,-0.0011580399583296375,-0.0014886140033611994,0.00015861821042029156
2010-03-16,0.011708230686447996,0.006376641831232099,0.007754440320167255,0.0073166698413471565,0.006376641831232099
2010-03-17,0.005371985565231885,0.004097181138694284,0.0016119100963440935,0.0020815833407115125,0.004097181138694284
2010-03-18,-0.0020989796165621355,-0.001339999657059776,-0.0003178434661339491,0.0001711120068019767,-0.001339999657059776
2010-03-19,-0.008952590593476306,-0.0036178920057863273,-0.004785321379527807,-0.006231199188484804,-0.0036178920057863273
2010-03-22,0.004864454425888676,0.00456283443046912,0.002788532245428854,0.004945209469661149,0.00456283443046912
2010-03-23,0.0033037961204553934,0.003497533691766419,-1.4165360446405373e-05,0.003321917040380651,0.003497533691766419
2010-03-24,-0.010329520933180736,-0.006821001453907516,-0.011736312880079591,-0.009164184702672662,-0.006821001453907516
2010-03-25,-0.0021072383954157115,-0.0024178819699421927,-0.002891730751078181,-0.001881744349423009,-0.0024178819699421927
2010-03-26,0.003195314582383313,0.0005331004170150422,0.003945018397363054,0.0034541519343225247,0.0005331004170150422
2010-03-29,0.006531893783513709,0.00335116767851229,0.0014105530433328184,0.003568213947868326,0.00335116767851229
2010-03-30,0.000882963810640236,0.0008068295652918778,0.0009758038732137209,0.0015104788169137962,0.0008068295652918778
2010-03-31,-0.0008248588657898681,-0.0011386446607634104,0.0020549482314680123,-0.0014059303775271204,-0.0011386446607634104
2010-04-01,0.00921731128951886,0.0032608446185002915,0.0010467929578112933,0.0017875219326040082,0.0032608446185002915
2010-04-05,0.006416578009140084,0.0013094620601801221,-0.0033791803950184995,0.0037367623640205405,0.0013094620601801221
2010-04-06,0.003916918735030084,0.0025898371732011594,0.0023269372840826197,0.004035969755658009,0.0025898371732011594
2010-04-07,-0.0021639364386033533,-0.0009981988325399316,0.005602055986999144,0.0006797222328525088,-0.0009981988325399316
2010-04-08,0.0007444734246608853,0.0016380668938187348,0.0004222971570293499,0.001095457398074151,0.0016380668938187348
2010-04-09,0.006643503182143018,0.004405686306287349,0.003614782947348738,0.005403047717594589,0.004405686306287349
2010-04-12,-0.0003510129374518778,0.0020267620910667805,0.0016405623682260728,0.00013827891109841062,0.0020267620910667805
2010-04-13,0.003554994867966288,0.0012076608757969343,0.00221151292636379,0.004021672453220271,0.0012076608757969343
2010-04-14,0.00793469519795642,0.00578928610606444,0.0013247173551462765,0.005360901013997665,0.00578928610606444
2010-04-15,-0.00137088266039731,0.0011611883532989253,0.0026002843674188814,0.001164240258809679,0.0011611883532989253
2010-04-16,-0.014300326436190058,-0.007281237551034714,-0.0026903258262891416,-0.008584307815449721,-0.007281237551034714
2010-04-19,-0.002269200072345323,0.0012933306017597346,-0.0018084825188063869,-0.0005225135255740865,0.0012933306017597346
2010-04-20,0.00773172924160237,0.005562749713087456,0.0029628602448299457,0.004411301440389037,0.005562749713087456
2010-04-21,0.004262530815401178,0.00017481566836430318,0.004978497803076687,0.005322582193704628,0.00017481566836430318
2010-04-22,0.0023391927291698256,0.0008780369417349387,-0.0006313013739709383,0.002283082052631613,0.0008780369417349387
2010-04-23,0.006039086931882487,0.0028513145103103987,0.0010725468014791684,0.0038245766004290083,0.0028513145103103987
2010-04-26,-0.0007780894000891658,-0.002030771679971899,-0.0007949588488086468,-0.000919455357365373,-0.002030771679971899
2010-04-27,-0.015181068537954867,-0.01065015268387115,0.00231349000586345,-0.00768399352362048,-0.01065015268387115
2010-04-28,0.0008082083199150158,0.0025030467581739213,-0.0034000649728639365,-0.0009242325873909385,0.0025030467581739213
2010-04-29,0.014198995446446983,0.008119689197413571,0.005871986573984689,0.011603586035249913,0.008119689197413571
2010-04-30,-0.008688403361734931,-0.007744976213109878,0.0007180375633943914,-0.0055730222943578545,-0.007744976213109878
2010-05-03,0.009808461844474703,0.0066421156952889415,0.0028091047312626127,0.006696347638406097,0.0066421156952889415
2010-05-04,-0.020175307681904453,-0.011347991714690475,-0.002763605395186941,-0.011930620370895095,-0.011347991714690475
2010-05-05,-0.008552180834731637,-0.0019420097992607355,0.0009966289320697541,-0.0008381526058522937,-0.0019420097992607355
2010-05-06,-0.016992232080559777,-0.015028849907060993,0.004792585798511162,-0.005129616793034919,-0.015028849907060993
2010-05-07,-0.010369086119704884,-0.009737660546900062,-0.009329028777965931,-0.011542482637066143,-0.009737660546900062
2010-05-10,0.031943622005147665,0.022064599856177036,0.004587148140022368,0.018148055639235938,0.022064599856177036
2010-05-11,-6.106042001918777e-05,-0.0011695618512279626,0.002573490669787404,0.005426636919429573,-0.0011695618512279626
2010-05-12,0.010462122361978743,0.007152297709332567,0.0028150704473064447,0.008226186802528845,0.007152297709332567
2010-05-13,-0.008134553534844047,-0.006207213358182195,-0.002458823024392043,-0.0072260454546846375,-0.006207213358182195
2010-05-14,-0.013570509776487438,-0.007941228104873965,0.00041106675740998355,-0.0067265032508266875,-0.007941228104873965
2010-05-17,-0.004055317613253395,-0.0006075925195969667,-0.0026503038688856506,-0.0012218949163165238,-0.0006075925195969667
2010-05-18,-0.008672118582285449,-0.004840002109214092,0.002630931513727175,-0.003408134966078169,-0.004840002109214092
2010-05-19,-0.0069539282036906735,-0.002911216623069479,-0.0037830251627388733,-0.007817458425999235,-0.002911216623069479
2010-05-20,-0.02438093608761438,-0.017535185332339775,-0.002254386670383912,-0.01377967109311462,-0.017535185332339775
2010-05-21,0.012841957315085528,0.00844441522193029,0.0029924675086088204,0.004638094597453346,0.00844441522193029
2010-05-24,-0.007149282522114664,-0.007259402578013718,-0.0008714384475656534,0.00027595457600559925,-0.007259402578013718
2010-05-25,0.0002513268640411681,0.00207259880204802,0.0030184741523131553,0.00289585482281729,0.00207259880204802
2010-05-26,-0.0015285771736791576,-0.004276028151625644,-0.002372065167651982,-0.0031192918359000954,-0.004276028151625644
2010-05-27,0.026118028165155183,0.014616981599903545,0.0008379100076241208,0.012730521605661682,0.014616981599903545
2010-05-28,-0.007825197759986025,-0.005773909526908705,-0.0003659454176673238,-0.0004560739840656636,-0.005773909526908705
2010-06-01,-0.01063680374273257,-0.00950257969945767,-0.0015766689635473563,-0.0013892298697860683,-0.0015766689635473563
2010-06-02,0.015270905845913285,0.013072217568505407,0.002934191071433556,0.0024424937109703837,0.002934191071433556
2010-06-03,-0.00024032825937747582,0.001499439657986823,-0.0016393163745110906,-0.0027696476055921737,-0.0016393163745110906
2010-06-04,-0.0234067994410182,-0.015545255615747045,0.0013772488051018161,-0.0020552148324575192,0.0013772488051018161
2010-06-07,-0.005459135139786575,-0.005652146920694157,0.0007950599937187608,0.0021383622700033023,0.0007950599937187608
2010-06-08,0.005843703582319559,0.004975373873340017,-0.0008749020914046168,-0.0006915456727432101,-0.0008749020914046168
2010-06-09,-0.0016312788748151785,-0.003097676002620009,-0.002262161546051411,-0.0012418253830740467,-0.002262161546051411
2010-06-10,0.01820335379955229,0.013294635878885686,-0.00041049892788302955,0.001434674232681843,-0.00041049892788302955
2010-06-11,0.0075503792285089855,0.005462711411607035,0.007893167558592484,0.00894631116008604,0.007893167558592484
2010-06-14,0.0016485839534465807,-0.0012689721777775498,-0.001991339892280619,-1.7058251372992217e-05,-0.001991339892280619
2010-06-15,0.01792482888404856,0.012268911576971187,0.006059160318064416,0.007178849988213498,0.006059160318064416
2010-06-16,-0.0009664525360209009,0.0009005328922291334,0.002259268540345527,0.0005773523105097045,0.002259268540345527
2010-06-17,0.003254953241993652,0.002849916942319952,0.005337267808034785,0.005873681822227361,0.005337267808034785
2010-06-18,0.0004394242556677863,-0.0001615383643194246,-0.00024685543630909024,-0.0002069420665908872,-0.00024685543630909024
2010-06-21,-0.003982242006153158,-0.00201867678349954,-0.004094154424352792,-0.006176976064378281,-0.004094154424352792
2010-06-22,-0.008195157614898085,-0.007509069680621483,0.0017395183566728534,0.0002368471013984852,0.0017395183566728534
2010-06-23,-0.0007957521180823601,-0.00033486481111788535,0.001370110162995708,0.0016155094504206602,0.001370110162995708
2010-06-24,-0.01050534153017002,-0.01016697255629151,-0.005944374140200992,-0.00607773719706739,-0.005944374140200992
2010-06-25,0.009921129706145004,0.003121012652799404,0.0035414507314575072,0.006385894017927107,0.0035414507314575072
2010-06-28,-0.004591540287031015,0.0010532598083201616,0.0026393542328204678,0.0001473301272176819,0.0026393542328204678
2010-06-29,-0.022202005608282338,-0.016345719269030945,-0.00564325181970704,-0.006688569722116733,-0.00564325181970704
2010-06-30,-0.004538872016616957,-0.005156790174507653,-0.0007422892650051915,0.0001539794918636872,-0.0007422892650051915
2010-07-01,-0.004868415080715116,-0.0028394003779265153,-0.004251632304887343,-0.009239721929450329,-0.004251632304887343
2010-07-02,-0.0035745746119596467,-0.003969501214424853,-0.0029647298019058743,-0.0029756550989621378,-0.0029647298019058743
2010-07-06,0.0011242493129073328,0.004881096302659094,0.003181235874911481,-0.005263511046595837,0.003181235874911481
2010-07-07,0.021648662623922954,0.017519307593562017,0.006038701441798189,0.0077980456751765015,0.006038701441798189
2010-07-08,0.005327938704056345,0.005027583800562674,-1.9952611586937508e-05,-0.0007620690302529987,-1.9952611586937508e-05
2010-07-09,0.006169022314340689,0.0035026784580167725,0.0007710136597176565,0.0025593102324701356,0.0007710136597176565
2010-07-12,-0.0035247453671775064,0.0010543982598818502,0.00010603916097751132,-0.000701977738581494,0.00010603916097751132
2010-07-13,0.012706684713791105,0.007266162377912666,0.001312743562654095,0.00320131159937187,0.001312743562654095
2010-07-14,0.0009141243796679799,0.0018641347526162644,0.004364361681305384,0.0025467968431536203,0.004364361681305384
2010-07-15,0.0012288295656952553,0.002166583959081425,0.004383589307240809,0.0030758447607963646,0.004383589307240809
2010-07-16,-0.020438869339359456,-0.014616960601358753,-0.0059704229171583245,-0.006200555359016202,-0.0059704229171583245
2010-07-19,0.0033920943793748215,0.002535633808455673,-0.00118775990849318,-0.0015699468407208705,-0.00118775990849318
2010-07-20,0.010813722940254067,0.007135153457639598,0.004739023292710698,0.006057909012280538,0.004739023292710698
2010-07-21,-0.008181874820439416,-0.005414575164463198,0.0018552384541845601,-5.071395345557228e-06,0.0018552384541845601
2010-07-22,0.019766171834542767,0.011300176399492212,0.0027033590360037163,0.004791375485030391,0.0027033590360037163
2010-07-23,0.004944139206024545,0.004038049086406259,-0.0017311641099148067,-0.0021099335019990617,-0.0017311641099148067
2010-07-26,0.007471262167359827,0.006266332942488351,0.002104363680458299,0.0034778614681525433,0.002104363680458299
2010-07-27,-0.004193104334994424,-0.001383535251005208,-0.004946176161178317,-0.00687119099674971,-0.004946176161178317
2010-07-28,-0.0031467606525165115,-0.002327946699265282,0.0005878868835993423,0.002330680732988366,0.0005878868835993423
2010-07-29,0.0002833894945344362,-0.002183855090576947,-0.00036322458313875483,-1.4903413041555957e-05,-0.00036322458313875483
2010-07-30,0.005513313438790801,0.0022064853461694067,0.006899902332121899,0.008743609338237368,0.006899902332121899
2010-08-02,0.015381546171810978,0.012274295836435245,0.0017236961647220106,0.0024563391432141923,0.0017236961647220106
2010-08-03,-0.0015587373729812892,-0.0010373608400124912,0.0021681902970263067,0.001742588810796919,0.0021681902970263067
2010-08-04,0.0039990384600407936,0.002372473704167266,-0.0009034186970433566,-0.0009922755853590814,-0.0009034186970433566
2010-08-05,-0.0026400141117102205,0.0012545883265375757,0.0027557914038243148,0.0006579066583931592,0.0027557914038243148
2010-08-06,9.316142386550652e-05,0.00013429716949242554,0.004604882842521363,0.0053406794201456,0.004604882842521363
2010-08-09,0.0036628197822645703,0.0031263758044033363,0.0004221557084560512,0.0008499155300543126,0.0004221557084560512
2010-08-10,-0.006529885234907273,-0.0012404281332112355,0.0008880091699747794,0.000883173961743644,0.0008880091699747794
2010-08-11,-0.02026638487085297,-0.014179038763800222,-0.0027400055060127215,-0.00029663780529243233,-0.0027400055060127215
2010-08-12,-0.003086259176323103,-0.004670180740529384,-0.002688503929517916,-0.002283833686450909,-0.002688503929517916
2010-08-13,-0.0002779771874077408,1.895479643043707e-05,0.003708552784846386,0.004678418499816761,0.003708552784846386
2010-08-16,0.006449246578326795,0.002701945629911773,0.009612516381415581,0.010090981517137498,0.009612516381415581
2010-08-17,0.008771974030902907,0.0051268467099081505,2.2610844766957072e-05,0.0011457668274006405,2.2610844766957072e-05
2010-08-18,0.0010374741950787136,0.0006635022191499029,0.0011169733796421166,0.001057294472990078,0.0011169733796421166
2010-08-19,-0.00948460399209372,-0.008474222254020947,0.0009931173369943647,0.0006248613137660453,0.0009931173369943647
2010-08-20,-0.003161125673363574,-0.003245019625056189,-0.002502892326226025,-0.0027560691292883854,-0.002502892326226025
2010-08-23,-0.0049013501488578415,-0.001691354935271061,-0.0009312388195840127,-0.0007105705193592993,-0.0009312388195840127
2010-08-24,-0.005400022324114184,-0.00540811221614701,0.0032606381890101233,0.0070980905763691204,0.0032606381890101233
2010-08-25,0.0042709789262702635,0.0003487856558170854,-0.0007426564779169365,0.0017579743772460077,-0.0007426564779169365
2010-08-26,-0.0014939999895752232,-0.0019969687559892035,0.0020103861780376153,0.0024486594191652777,0.0020103861780376153
2010-08-27,0.008148144266184376,0.004140983423812417,-0.007849779118935474,-0.008372155586665708,-0.007849779118935474
2010-08-30,-0.005729837240423308,-0.005332236146994296,0.004118264263308635,0.006063476405226087,0.004118264263308635
2010-08-31,0.0022681068269010396,0.0017419242416392144,0.004571456692588072,0.00745706909514432,0.004571456692588072
2010-09-01,0.019012469868345594,0.015027089404525018,0.000665360840265361,-0.002778160616304093,0.000665360840265361
2010-09-02,0.004969160480215118,0.004022882819556095,-0.0010135891926708052,-0.0008045984087139413,-0.0010135891926708052
2010-09-03,0.006892430572525532,0.005698844239260481,-0.0013323362923182147,-0.0031631874449682407,-0.0013323362923182147
2010-09-07,-0.004424123268629621,-0.003893201307767491,0.00523351266677996,0.006291458446814779,0.00523351266677996
2010-09-08,0.0038210881834668253,0.003218060377744081,-0.0006515091765214587,-0.0024759367598121695,-0.0006515091765214587
2010-09-09,-0.0028225287097495277,-0.00021271257639199348,-0.007055126329587824,-0.01146595742851908,-0.007055126329587824
2010-09-10,0.002909160790106613,0.002002459678960289,-0.0005037575951104545,-0.0009121274628163256,-0.0005037575951104545
2010-09-13,0.012608466988385025,0.008688944628052475,0.006576165413914925,0.005674725827397031,0.006576165413914925
2010-09-14,0.0037456490248186647,0.0015331249483934162,0.005377460026579239,0.007504561110307062,0.005377460026579239
2010-09-15,0.0007569907252493735,0.0010308995109236108,-0.0036302048020251387,-0.003223694219525064,-0.0036302048020251387
2010-09-16,-0.00302276307300009,-0.0014918029487470674,-0.0033153832257609706,-0.0032886702016932112,-0.0033153832257609706
2010-09-17,0.0013079085072569274,0.0010917386889146563,0.002095041229021488,0.0021510385966769796,0.002095041229021488
2010-09-20,0.014040412206964392,0.0106533229034258,0.007604288184261954,0.0073893586599995675,0.007604288184261954
2010-09-21,-0.0007117394132550858,0.0022622442069804016,0.0066250423193428,0.00590534489562855,0.0066250423193428
2010-09-22,-0.0017791545654611829,-0.002469608345103236,0.0014651148470221642,0.00044764991156887035,0.0014651148470221642
2010-09-23,-0.0058101557628950085,-0.004478090153267389,-0.0008116573402120464,-0.0029813618425410526,-0.0008116573402120464
2010-09-24,0.01522858506915159,0.010812052577389375,0.0015378908657390777,0.000592360448109952,0.0015378908657390777
2010-09-27,-0.0016241129531250342,-6.270284016540728e-05,0.0054226861859545394,0.0046970304053883805,0.0054226861859545394
2010-09-28,0.004906648124944679,0.00343598112418797,0.004266492954724477,0.005403404167915626,0.004266492954724477
2010-09-29,0.00010636111571238338,-0.001999308108893927,-0.0021762682967154667,-0.0030591403651140103,-0.0021762682967154667
2010-09-30,-0.0005356683044848154,-0.0023057481213669684,-0.00142807791079258,-0.0011979860471847958,-0.00142807791079258
2010-10-01,0.004370046857903098,0.0027364973893881928,0.0005527384314956141,0.0013001372369203512,0.0027364973893881928
2010-10-04,-0.0040811315446285246,-0.0030907226683731803,-0.00046687913195075925,0.0007181344878659512,-0.0030907226683731803
2010-10-05,0.016910001007798936,0.012115814741263886,0.006015149366360717,0.007641565739204381,0.012115814741263886
2010-10-06,0.001573950064175822,0.0025126523775340637,0.005589206971256422,0.004346664820526813,0.0025126523775340637
2010-10-07,-0.0038614860153791675,-0.0003252079220299464,-0.0026224952514253275,-0.0025328371786059733,-0.0003252079220299464
2010-10-08,0.008603462059041167,0.0035274333401011937,0.0022354400492672344,0.0025644544115059897,0.0035274333401011937
2010-10-11,0.00012127183501453587,0.0009658613419509798,0.000786755161368724,0.0014426734171573141,0.0009658613419509798
2010-10-12,0.0003211527865469854,0.0007028940795130723,-0.0024544902583332195,-0.0017668652219960945,0.0007028940795130723
2010-10-13,0.009120970551117935,0.004690403128803089,0.0028233546453790836,0.005114615297923564,0.004690403128803089
2010-10-14,-0.0020147475056522257,-0.004616693579456044,-0.006603188726347242,-0.004216757780815317,-0.004616693579456044
2010-10-15,-0.0021392271776781158,-0.00047261097475592706,-0.004153944873062643,-0.0028315701119949743,-0.00047261097475592706
2010-10-18,0.0052288247228231555,0.004860685641786322,0.0054717618215391894,0.004982311791019933,0.004860685641786322
2010-10-19,-0.016170765719370594,-0.0066076535130775715,-0.0034503912450351004,-0.006613800415814053,-0.0066076535130775715
2010-10-20,0.011929076826497464,0.005649583154627713,0.004185309335345666,0.005202162308349578,0.005649583154627713
2010-10-21,-0.005045711524236496,-0.0008444578928537005,-0.00535658573027431,-0.006892009313551162,-0.0008444578928537005
2010-10-22,0.0036756837556026767,0.0012501089378238461,0.002696528750179006,0.0025819534015847356,0.0012501089378238461
2010-10-25,0.004679400051141425,0.001677937679168906,0.0020282431514404564,0.0029207513800348917,0.001677937679168906
2010-10-26,-0.0028035521415562537,-0.002508031308965375,-0.005892912419966145,-0.005543855247098328,-0.002508031308965375
2010-10-27,-0.006377490140567765,-0.004007153929690976,-0.0055831964362246245,-0.006190354065855996,-0.004007153929690976
2010-10-28,0.0030459253777761486,0.0023723162079125615,0.0038424998694732704,0.005083428146104518,0.0023723162079125615
2010-10-29,0.0026001373365438507,0.002227147048634137,0.004506091578816429,0.004580922284292077,0.002227147048634137
2010-11-01,0.0005244098120400498,-0.00046886580853366944,-0.0017011821451566878,-0.0010640372666210762,-0.00046886580853366944
2010-11-02,0.010509500628775204,0.006097769358142546,0.007326787492678566,0.006747044484109566,0.006097769358142546
2010-11-03,0.0006109461187160381,0.0037083090443645883,-0.00265763119575424,-0.0026314171006145415,0.0037083090443645883
2010-11-04,0.019908799190148985,0.014796854398515524,0.012506295681204316,0.014447628945412072,0.014796854398515524
2010-11-05,-9.255148249565082e-06,0.0006020486639048972,-0.004564540736608613,-0.0028536160492887985,0.0006020486639048972
2010-11-08,3.653003545300848e-05,-0.001015817086401527,0.0012437460576637527,0.001989991541505809,-0.001015817086401527
2010-11-09,-0.014227451591096285,-0.007683654955955022,-0.011495906352051222,-0.015449602286288,-0.007683654955955022
2010-11-10,0.007125466862403229,0.003920169835668341,0.003839852518299658,0.005933758499694353,0.003920169835668341
2010-11-11,-0.004743430864091125,-0.0027189096204185415,-0.0018354390065752346,-0.001997560900839135,-0.0027189096204185415
2010-11-12,-0.017257980847841914,-0.01043724295836801,-0.010492471386997604,-0.012428169179661053,-0.01043724295836801
2010-11-15,-0.005663427727018111,-0.005947215748898449,-0.010935888733528687,-0.0118853303117058,-0.005947215748898449
2010-11-16,-0.014642773703201217,-0.0065217966603821065,0.002857002974141931,-0.001360729863237542,-0.0065217966603821065
2010-11-17,0.00036941456519690163,-0.0008409077883699823,-0.002564311769972849,-0.0014431995039382306,-0.0008409077883699823
2010-11-18,0.015015818837069261,0.007915827691830746,0.005569713284574229,0.005293121504617027,0.007915827691830746
2010-11-19,0.000733065109776998,0.0024794143286346326,0.0027696303410411627,0.002749945869859882,0.0024794143286346326
2010-11-22,0.0023568943284155708,0.0016042433420011548,0.0037307390549445874,0.0059766617082626095,0.0016042433420011548
2010-11-23,-0.009859283799123264,-0.007942630306241205,-0.002158829018039099,-0.0006496585127421239,-0.007942630306241205
2010-11-24,0.010370863182089574,0.004589255786688673,-0.003659394854245601,-0.002253368993575755,0.004589255786688673
2010-11-26,-0.005462906477371021,-0.005360774403060153,0.001386459874019863,0.0015297249956547354,-0.005360774403060153
2010-11-29,0.0017898969138046006,0.002684636704003651,0.0038222011161668235,0.0025986763312690897,0.002684636704003651
2010-11-30,-0.0038017754974102314,-0.0026823444233928795,0.00020559521302287997,-2.941354236274396e-05,-0.0026823444233928795
2010-12-01,0.012028922370127981,0.007439768433837646,-0.003243281755952898,-0.004834277936047404,0.007439768433837646
2010-12-02,0.008995460770522046,0.006784830662410535,0.0025995917085326337,0.0026749667835170854,0.006784830662410535
2010-12-03,0.0052433375476872435,0.0016834198420780933,7.768246603623297e-05,0.000973707249541711,0.0016834198420780933
2010-12-06,0.0026389476058399364,0.0017898790419219601,0.005561197232857973,0.0059021863731429924,0.0017898790419219601
2010-12-07,-0.005770877056784585,-0.006136718960561227,-0.011986657806321466,-0.011600261080711216,-0.006136718960561227
2010-12-08,-0.0033631184604535624,-0.0010566745872189198,-0.0046251925448569375,-0.007970036299118854,-0.0010566745872189198
2010-12-09,0.0007024494118026414,0.0032145850510141294,0.003260858739616568,0.0007942116678925082,0.0032145850510141294
2010-12-10,0.002374246808798386,0.00033083290249869,-0.0027277642202868657,-0.00213530468626999,0.00033083290249869
2010-12-13,0.0032352353662223887,0.0016191836074279653,0.0025168975040825714,0.0019894495580978777,0.0016191836074279653
2010-12-14,-0.0029640463700942865,-0.0034736972629726415,-0.00704378359543445,-0.007872407282959237,-0.0034736972629726415
2010-12-15,-0.008143794755522515,-0.004391860046811469,-0.006446530034277753,-0.007217867264583733,-0.004391860046811469
2010-12-16,0.0035570946382648128,0.005858147484130605,0.0055741189466180785,0.00460234777604529,0.005858147484130605
2010-12-17,0.004471905174466606,0.003921378541499543,0.007951414105976662,0.008309225422666877,0.003921378541499543
2010-12-20,0.003170094956233216,0.0014557872026632612,0.0008704052186310207,0.0024583109906708422,0.0014557872026632612
2010-12-21,0.0074464237578635295,0.004743700389032712,0.004673991496554342,0.005007561105337732,0.004743700389032712
2010-12-22,0.000985969931707631,0.0008859045743265792,-0.0016843723226390717,-0.0012746485277680408,0.0008859045743265792
2010-12-23,-0.001568879771245757,-0.002219525222890706,-0.00237114686261386,-0.003200587458991655,-0.002219525222890706
2010-12-27,0.002364809283837088,0.001700177928492641,0.0036725814189042527,0.005463461850837792,0.001700177928492641
2010-12-28,0.00014939888392651035,-0.003072672491566397,-0.00729150037400661,-0.0056982706054690135,-0.003072672491566397
2010-12-29,0.005876902400654416,0.004658874175722527,0.008476569637524856,0.008323304437811707,0.004658874175722527
2010-12-30,-0.0023111533994308875,-0.0017552246086582901,-0.0018883683805480667,-0.0013379895837738465,-0.0017552246086582901
2010-12-31,0.004799784398297868,0.002110784736580662,0.005407700782689817,0.004652685568001358,0.002110784736580662
2011-01-03,0.00678652399493318,0.004951186056980417,0.0002672361179218985,0.0009563406724191204,0.004951186056980417
2011-01-04,-0.00672768128168777,0.0006041445600644124,-0.00044577533430079086,-0.006993323891586689,0.0006041445600644124
2011-01-05,-0.00027058822903214264,-0.0011688586039830806,-0.007218537037631423,-0.004871435662356927,-0.0011688586039830806
2011-01-06,-0.0043112196282083515,0.0008580045407877712,0.0018698377706347635,0.001146656006330904,0.0008580045407877712
2011-01-07,-0.0015145413323416346,0.0014526368774774312,0.0029879479251035956,0.002207431020573747,0.0014526368774774312
2011-01-10,0.002061841842555534,0.0006022856505265572,0.002626033957363827,0.0037523725701815724,0.0006022856505265572
2011-01-11,0.0031907584461803307,0.0005575500639101172,-0.0011086041628330934,-0.0002535514268061645,0.0005575500639101172
2011-01-12,0.007103045566398292,0.0042879242551936425,0.00040106510966242404,0.0009740504063184829,0.0042879242551936425
2011-01-13,-7.560271339490665e-05,0.0016732498933862416,0.0035280360144356315,0.001028948464574242,0.0016732498933862416
2011-01-14,0.002404186328553548,0.0032719012434943018,-0.0004968167253563971,-0.002308352657804158,0.0032719012434943018
2011-01-18,0.0016337861978206192,6.294331615852577e-05,-0.0011751762850422676,0.0009023078172827326,6.294331615852577e-05
2011-01-19,-0.006487127334998677,-0.004936786543264904,-0.0005631514039465824,-0.001769331904567184,-0.004936786543264904
2011-01-20,-0.008815921797874937,-0.0038831080530287165,-0.007596821460118086,-0.010721721276198637,-0.0038831080530287165
2011-01-21,0.0003901391159142342,0.0026841567236364217,0.0038328923924084712,0.0002005110129512655,0.0026841567236364217
2011-01-24,0.003744243759117305,0.0034806475323547748,0.001563101815853507,0.001565933439520828,0.0034806475323547748
2011-01-25,0.0006782960966824625,0.0023093972513004157,0.0037719902133643846,0.0032812860397641863,0.0023093972513004157
2011-01-26,0.005098652996747166,-5.4763504637067584e-05,-0.0034509226355907696,3.365540357713748e-05,-5.4763504637067584e-05
2011-01-27,0.00026286632178873504,0.0029700731682507087,0.00191693782018576,-0.002257433532928066,0.0029700731682507087
2011-01-28,-0.00999367713634558,-0.008797055205473137,-0.0016399120132196687,0.0005274713189924451,-0.008797055205473137
2011-01-31,0.00526044909001655,0.0029347535968167193,-0.0005846416213965977,-0.001107168382413093,0.0029347535968167193
2011-02-01,0.011358708293099706,0.007801901907840136,0.0029892273586118456,0.005316214547482989,0.007801901907840136
2011-02-02,-0.0010680437246873842,-0.0020882906782903055,-0.0014715086710420655,-0.0018898150600006325,-0.0020882906782903055
2011-02-03,0.0002169944249057476,-0.0008868845483479548,-0.0025988695531052874,-4.083597457371635e-05,-0.0008868845483479548
2011-02-04,-0.002303616653626328,-0.000683766607605385,-0.0037724689496551056,-0.002117246549128704,-0.000683766607605385
2011-02-07,0.0037341561934276513,0.003655836298856574,0.002885760261194692,0.0021080290526176437,0.003655836298856574
2011-02-08,0.0032293452656106947,0.00013462081122161962,-0.0022094900769624726,0.0008350815392135225,0.00013462081122161962
2011-02-09,-0.0016026520921788023,0.000796267194177469,0.0032325430994308846,0.0021875979948553503,0.000796267194177469
2011-02-10,-0.002753628719445511,-0.0010305641055723402,-0.0036078881904388904,-0.0017730204039740904,-0.0010305641055723402
2011-02-11,0.005429950504359127,0.005441964053331638,0.006377493416223956,0.004879022610210004,0.005441964053331638
2011-02-14,0.0017988155889923085,0.0016051039290598812,0.001425908943681442,0.001796720379700023,0.0016051039290598812
2011-02-15,-0.0014172856917993304,-0.0010600765611479268,0.000879625298490172,0.0019110903859089756,-0.0010600765611479268
2011-02-16,0.004786588962720106,0.0033367216280080214,0.0011541303351316756,0.0016860441394155323,0.0033367216280080214
2011-02-17,0.0033098014961432387,0.0032614956701904063,0.0031510637194684943,0.0026071371539126975,0.0032614956701904063
2011-02-18,0.0012949668885817722,0.0012020289719389954,7.415065060656367e-05,-0.0005387786783774828,0.0012020289719389954
2011-02-22,-0.011784953429524903,-0.008680163552812425,1.1688822558308942e-05,-0.004363658905653156,-0.008680163552812425
2011-02-23,-0.0005887458447364491,-0.004710103700698243,-0.0014178664145164666,-0.002190208259653992,-0.004710103700698243
2011-02-24,-0.00015029045734527013,0.0005925590439759265,0.0015581237483135446,0.0018345913783832657,0.0005925590439759265
2011-02-25,0.012949931569333328,0.00776438184144701,0.0068426403739969555,0.008000202058829675,0.00776438184144701
2011-02-28,0.005356714219879155,0.00352742695902708,0.0021730431145474682,0.0014158560561614575,0.00352742695902708
2011-03-01,-0.00710443608328315,-0.009577156365507045,-0.002722441773404416,-0.0009534245320802492,-0.009577156365507045
2011-03-02,0.0003804775981584019,-0.0008385927647309721,-0.004164281734186925,-0.001518554836252295,-0.0008385927647309721
2011-03-03,0.007607086307255706,0.007595640478074817,9.216519976096293e-07,0.00016191768416140562,0.007595640478074817
2011-03-04,-0.0005314331610496437,-0.0016998586775414104,0.00270726710411906,0.003484283565401425,-0.0016998586775414104
2011-03-07,-0.00795273290192855,-0.005709172843239352,-0.00454515914049014,-0.004936259277855126,-0.005709172843239352
2011-03-08,0.003971359967456234,0.004298854771635163,0.0003739169731176162,-0.00037665557041499653,0.004298854771635163
2011-03-09,0.0008707057060566292,0.0014596982772376865,0.0036938718423098482,0.0008028368720560675,0.0014596982772376865
2011-03-10,-0.01332701387596058,-0.007725418768267933,-0.000885033369974586,-0.0037875125613324734,-0.007725418768267933
2011-03-11,0.0025490922735107446,0.0031636757611364086,0.0003500187451197512,0.001519849795889705,0.0031636757611364086
2011-03-14,-0.002709933630064776,-0.002695383477819502,-0.0006718830469791826,0.0006774096306882971,-0.002695383477819502
2011-03-15,-0.01137921591617519,-0.005340706939566564,-0.001769556789291138,-0.00691343753289575,-0.005340706939566564
2011-03-16,-0.00911896597795192,-0.007458736671738242,-0.00017865560658569812,-0.0033924483858611687,-0.007458736671738242
2011-03-17,0.010047504408659202,0.006462572729915683,0.002501192088247617,0.002854416928929293,0.006462572729915683
2011-03-18,0.0057731644428586915,0.0018783230670975648,0.0022825002302859776,0.0017967100716098638,0.0018783230670975648
2011-03-21,0.010964570129639029,0.007002814102734067,0.002188247139566224,0.0047100585251098614,0.007002814102734067
2011-03-22,-0.0005794295444053743,-0.0018457039373241946,-0.00016102843691034874,-0.0003524682567169757,-0.0018457039373241946
2011-03-23,0.002395164285158291,0.001179149082555675,0.0009241809810083268,0.00289991427162839,0.001179149082555675
2011-03-24,0.00449480034796057,0.0036099175389043836,-0.0009591475665801097,0.0011268640652104533,0.0036099175389043836
2011-03-25,0.0007624638899736969,0.0007510625932347637,-0.00046326256557649437,-0.00016366383005494978,0.0007510625932347637
2011-03-28,-0.0034234819200610334,-0.0013315918389944503,-0.0011134758775688258,-0.002815478518288783,-0.0013315918389944503
2011-03-29,0.003930054196441546,0.002858567208610774,-0.0004569026207335014,0.0010348728163203091,0.002858567208610774
2011-03-30,0.0077173184575580756,0.005521388631741342,0.005245266286501238,0.00417771135787226,0.005521388631741342
2011-03-31,0.0034967048148746294,-0.001846672440069419,-0.000752950791852558,0.002497786505800681,-0.001846672440069419
2011-04-01,0.0045363289175430754,0.003388363975064479,0.002772726629555633,0.0009168935430294844,0.003388363975064479
2011-04-04,0.0026192539917735402,0.0013983278566465085,0.0019570417415881725,0.002252127609829735,0.0013983278566465085
2011-04-05,0.00069777922549763,-0.0021057742222837517,-0.0013615329813676524,0.0008292947599581879,-0.0021057742222837517
2011-04-06,0.0008234459420306539,0.00017774398612857567,-0.0030948710955774894,-0.0011952374844109714,0.00017774398612857567
2011-04-07,-0.002515844006162893,-0.0014922610078443865,-0.0009835566424983844,0.000199030114295784,-0.0014922610078443865
2011-04-08,0.00080178397175934,-0.003241851116171701,-0.0019175022037256628,0.00195739506465209,-0.003241851116171701
2011-04-11,-0.005307008034813654,-0.001296067757799113,-0.0013498745649436206,-0.0038243891101700234,-0.001296067757799113
2011-04-12,-0.006992391548655497,-0.0022488260475699295,0.0006469166343945343,-0.0025162098264556176,-0.0022488260475699295
2011-04-13,0.0039552549467654075,0.001514194097346877,0.002987532568326401,0.005004572652100414,0.001514194097346877
2011-04-14,0.003769710971614826,-0.0008862680294353664,2.928397793189319e-05,0.001580642248535602,-0.0008862680294353664
2011-04-15,0.005976530743794672,0.005127674412806593,0.007346673957028482,0.005819565749195066,0.005127674412806593
2011-04-18,-0.008413520875732772,-0.005707697285234681,-0.0016856036257801854,0.0003555648591118121,-0.005707697285234681
2011-04-19,0.004732800069937149,0.003934030360284613,0.0030540412802266825,0.002083928027868165,0.003934030360284613
2011-04-20,0.012580260089358308,0.006519336752976113,0.0021916031748427933,0.005390556997924234,0.006519336752976113
2011-04-21,0.005138040881176309,0.0033636422705201063,0.002055186198375303,0.003104026603383714,0.0033636422705201063
2011-04-25,0.00038450411571777643,0.0007814583901590844,0.0017558486719511102,0.002040797658405147,0.0007814583901590844
2011-04-26,0.005909326225993716,0.006866952863690434,0.005777455925435548,0.002624946979381093,0.006866952863690434
2011-04-27,0.005018368651992233,0.0027761134234760565,0.0009726850221396521,0.004792300764557389,0.0027761134234760565
2011-04-28,0.002656407994828358,0.003477179148694942,0.004093633224004467,0.0017745498202232923,0.003477179148694942
2011-04-29,0.0033047705110720305,0.002211631928260349,0.0038906451234685946,0.006335156026907374,0.002211631928260349
2011-05-02,-0.002887869980255142,-0.0010467143170023174,-0.0018421925724316779,-0.004980139212341972,-0.0010467143170023174
2011-05-03,-0.0065512171931867424,-0.0010952877739627276,0.0003139730815580055,-0.0017288735167925173,-0.0010952877739627276
2011-05-04,-0.0074779053422073805,-0.002946373572751293,-0.0019722198085823095,-0.004674818189112195,-0.002946373572751293
2011-05-05,-0.012891539864911428,-0.00338847017841426,-0.003370877894323776,-0.013547903997696564,-0.00338847017841426
2011-05-06,0.0022912856277441662,0.0028307417819462,0.0019241403412693092,0.0036467201560779205,0.0028307417819462
2011-05-09,0.00820359579743335,0.0028977540328458673,0.0037163113302702833,0.008771227779703406,0.0028977540328458673
2011-05-10,0.006899269388013662,0.0031145755275663323,-4.092898828278457e-05,0.0012618523931771097,0.0031145755275663323
2011-05-11,-0.011925693150210304,-0.004845069739119134,-0.0023625068821162554,-0.005540138453380861,-0.004845069739119134
2011-05-12,0.001981163817642795,0.0019328165960585952,-0.0004585696499286307,0.00019415786409737734,0.0019328165960585952
2011-05-13,-0.007298954278525449,-0.0030119351365666125,0.00010859136482133103,-0.0018803555644839598,-0.0030119351365666125
2011-05-16,-0.0046035329779277046,-0.0027782973661752974,-0.0005567337773546566,-0.0038917037739041316,-0.0027782973661752974
2011-05-17,0.0016279463087609525,0.001110071014452707,0.002595306196640612,0.0012231276709104844,0.001110071014452707
2011-05-18,0.006861241487131409,0.002920699977971619,-0.0009835323522486838,0.0023098915292536493,0.002920699977971619
2011-05-19,0.00045344269889113775,0.0018400229087038866,0.0009545611493861905,0.00023304731408746449,0.0018400229087038866
2011-05-20,-0.0032643511756800248,-0.003739440944414252,4.2518299318006214e-05,0.003846886099623914,-0.003739440944414252
2011-05-23,-0.010363802631963681,-0.006305290550569609,-0.00227822219115148,-0.003067799049282227,-0.006305290550569609
2011-05-24,0.002962435043757816,-6.031644701476324e-05,0.0015497499975014595,0.0021887251408887476,-6.031644701476324e-05
2011-05-25,0.004473135850210586,0.00200314361923426,0.0006023981461431571,0.0024492119648042987,0.00200314361923426
2011-05-26,0.007444259691096411,0.004985165199469455,0.0049803326007724635,0.0034550445796510676,0.004985165199469455
2011-05-27,0.005371561789538681,0.0022129865158029283,0.0021378811186145708,0.004098467540623707,0.0022129865158029283
2011-05-31,0.010262263490225632,0.006847349712002959,0.004725087896988445,0.005424630012701437,0.006847349712002959
2011-06-01,-0.013663830716487246,-0.010245020847010289,-0.002268103348550543,-0.0035605273883728694,-0.010245020847010289
2011-06-02,-0.0011442368477383447,-0.0030514244671367985,-0.005927198187349436,-0.0024153056483875446,-0.0030514244671367985
2011-06-03,-0.002140389064881565,-0.004335120246021229,-0.0007107231447662787,-0.0010791021532661205,-0.004335120246021229
2011-06-06,-0.009656137758409122,-0.006521536866437971,-0.004799423638499611,-0.004003739488583791,-0.006521536866437971
2011-06-07,0.004299581490114335,0.0003955411783469476,0.0011825707550685571,0.0014179936651503855,0.0003955411783469476
2011-06-08,-0.0030500721438651013,-0.0015801915850801596,0.00018142196829651347,-0.00042854936329927984,-0.0015801915850801596
2011-06-09,0.0024433088285797933,0.002834778916129821,0.0005316126659467013,0.0003803076516650794,0.002834778916129821
2011-06-10,-0.012246946382612256,-0.006908117999259833,-0.0031082640397734895,-0.005115153524511862,-0.006908117999259833
2011-06-13,-0.0022496868210293286,-0.0004339039322611704,-0.002397716867811317,-0.0033355027126249492,-0.0004339039322611704
2011-06-14,0.008234460135924104,0.0041743661427176,-0.0008030650623808144,0.0013348152750607412,0.0041743661427176
2011-06-15,-0.011897642399190778,-0.006127014821341925,0.0014097943515314348,-0.0024476221175968593,-0.006127014821341925
2011-06-16,-1.8482885485560097e-05,0.0024414702633459573,0.002255736284924925,1.4937498842515495e-05,0.0024414702633459573
2011-06-17,0.0017009805431695835,0.001448641755810387,0.00031114489414818536,-0.0004869770838532572,0.001448641755810387
2011-06-20,0.0023080439814462395,0.002361469861697163,0.0013461386520645657,0.0004177094374158141,0.002361469861697163
2011-06-21,0.010242108289612917,0.007503391425261352,0.00414503004826261,0.005698547040466684,0.007503391425261352
2011-06-22,-0.0036988620992701726,-0.0037315759432334783,-0.0020248127966789875,-0.0014424346358951068,-0.0037315759432334783
2011-06-23,-0.004585710732836978,0.00045660699065308563,0.0012042084594887648,-0.00047897494546089714,0.00045660699065308563
2011-06-24,-0.00706022171545817,-0.005098575987964371,-0.00444540474592825,-0.00651125169161304,-0.005098575987964371
2011-06-27,0.0033691825959802912,0.0035938232027687977,-0.0008451459011589169,0.0012745247317815789,0.0035938232027687977
2011-06-28,0.007966798949425424,0.0038615731192270797,-0.00022862125101263953,0.0022553238061706615,0.0038615731192270797
2011-06-29,0.006571873338384826,0.0026337690883377896,-0.00012835419295531558,0.001484108093163572,0.0026337690883377896
2011-06-30,0.003449152969628777,0.004357281964276094,0.001319810537629973,0.0012167111651182339,0.004357281964276094
2011-07-01,0.007584227314997083,0.00791930713848954,0.0036149610928197795,0.0041813226158675665,0.0036149610928197795
2011-07-05,0.004774862235850108,0.001972314698651667,0.004339102690210428,0.007245297328690281,0.004339102690210428
2011-07-06,0.0018162687613243467,0.0014223967997837317,0.002722006912389441,0.0027855952275037676,0.002722006912389441
2011-07-07,0.009051189515054014,0.004762852427986797,0.0021927187299444206,0.005651601292844255,0.0021927187299444206
2011-07-08,-0.001067244430003611,-0.00015133191637417553,0.004434307556120176,0.0033932310516859854,0.004434307556120176
2011-07-11,-0.010983224000246206,-0.00790753334436145,-0.0006933482329201102,-0.0038110003505315015,-0.0006933482329201102
2011-07-12,-0.0008962819658223653,-0.0020075153731129447,4.9124318810767065e-05,-0.00023898446962566933,4.9124318810767065e-05
2011-07-13,0.006389744189174484,0.0026586664302865604,0.0031115743899596815,0.00443484421446616,0.0031115743899596815
2011-07-14,-0.008581386884380149,-0.006427155402986773,-0.006916607187648527,-0.006469701321881183,-0.006916607187648527
2011-07-15,0.006556610712290745,0.0051224262212947735,0.0047049453532213015,0.0073278628758493,0.0047049453532213015
2011-07-18,-0.006892731992733547,-0.0051470477301962525,-0.0037607668324778354,-0.002075185891476705,-0.0037607668324778354
2011-07-19,0.012478005519409363,0.011199913208107093,0.009662011682360694,0.008708896767790186,0.009662011682360694
2011-07-20,0.001052305680712573,-0.0023262817236502364,-0.0033342090223754672,-0.0017696393319511783,-0.0033342090223754672
2011-07-21,0.004773610676311435,0.0061008008700260685,0.000707376549861749,-0.00020365712855330287,0.000707376549861749
2011-07-22,0.004588146723536246,0.0019141804249160899,0.0040380359039706715,0.006268044568785491,0.0040380359039706715
2011-07-25,-0.004792600683482862,-0.004626102747217642,-0.00408210428154876,-0.001973896732313518,-0.00408210428154876
2011-07-26,0.002455104499144767,-0.0005752073984809369,0.001835533041119941,0.003042369207163498,0.001835533041119941
2011-07-27,-0.015772987191784993,-0.01296128330003743,-0.008702627316817368,-0.011328084951547246,-0.008702627316817368
2011-07-28,5.1012497341851315e-06,-0.0009476053155259567,0.0005653580112259249,0.0007470770899671297,0.0005653580112259249
2011-07-29,0.002529265350889487,0.0007318285555171222,0.0052442947654880445,0.004392283297309785,0.0052442947654880445
2011-08-01,-0.0033504760656792865,-0.0010607027829832028,0.0007248812827314044,-0.001744101351319638,0.0007248812827314044
2011-08-02,-0.010543303314777597,-0.011419687890183217,0.0009427953532328281,0.00430390265686964,0.0009427953532328281
2011-08-03,0.00032687209847281906,0.003503397932224317,0.002449146412439429,0.003052215111739809,0.002449146412439429
2011-08-04,-0.03128385701844727,-0.021983517319091095,-0.007253694920036691,-0.012090995761833145,-0.007253694920036691
2011-08-05,-0.0071477443280700825,-0.0058166900100043994,-0.008252085034988532,-0.0027012661668271987,-0.008252085034988532
2011-08-08,-0.03833812346603915,-0.03058332169308675,-0.007547694073179789,0.0007156906605261248,-0.007547694073179789
2011-08-09,0.03750175205962414,0.028325269901094074,0.018844862724957334,0.01867153667200916,0.018844862724957334
2011-08-10,-0.016019138553350687,-0.019099893008428515,-0.0007512369576579969,0.007096722101352482,-0.0007512369576579969
2011-08-11,0.018436362280239926,0.017997282849158136,-0.0017000906034349006,-0.002032836026543583,-0.0017000906034349006
2011-08-12,0.005429760030160713,0.006834925111156576,0.007090710851210158,0.0027369677552473437,0.007090710851210158
2011-08-15,0.014609459160962235,0.010301649775241284,0.005428714738884288,0.007414706788158254,0.005428714738884288
2011-08-16,-0.002052417231200976,-0.002880613814517652,0.0026951119685860725,0.004074192057708537,0.0026951119685860725
2011-08-17,0.004945577386461952,0.0034205577734693904,0.005754375837521142,0.0016716914432848284,0.005754375837521142
2011-08-18,-0.024394306192066617,-0.022063193449768925,-0.006948120419557391,-0.004190427763373417,-0.006948120419557391
2011-08-19,-0.004853483477931686,-0.008545277965872677,-0.0020323809601816567,0.0008601137622452626,-0.0020323809601816567
2011-08-22,0.0034670826100775542,-0.000387189505573704,0.002491641672701439,0.011437251517351754,0.002491641672701439
2011-08-23,0.013506262229142418,0.01622950326026018,0.0017014840339832915,-0.006906928611699059,0.0017014840339832915
2011-08-24,-0.005839634657699655,0.0031080845570274906,-0.008072036528926074,-0.015466687177671079,-0.008072036528926074
2011-08-25,-0.00815226323423901,-0.005907983695112029,-0.0005174851896305732,-0.0009129537645516939,-0.0005174851896305732
2011-08-26,0.016068142720519818,0.009530153390445939,0.011057406899229738,0.020178883460879815,0.011057406899229738
2011-08-29,0.01350713155819161,0.013237986941089241,0.0022016695595636904,-0.002842469762725619,0.0022016695595636904
2011-08-30,0.008611193429460595,0.004478289339510777,0.009547942295693224,0.01633436999942628,0.009547942295693224
2011-08-31,0.002815735655815832,0.0011681489551704782,-0.003182327596940593,-0.003758596414143889,-0.003182327596940593
2011-09-01,-0.005082754300476777,-0.003131366405904168,0.0026745395546736717,0.00017776227523524923,0.0026745395546736717
2011-09-02,-0.008732303010870579,-0.011574576221498156,0.004055083090365841,0.008159799245776922,0.004055083090365841
2011-09-06,-0.0049898404815517106,-0.003748005390969422,-0.0005717360213439715,-0.0002830760843903768,-0.0005717360213439715
2011-09-07,0.013422078969018925,0.014346256641125876,-0.0006375396726829852,-0.007559330674371201,-0.0006375396726829852
2011-09-08,-0.004841674838559795,-0.004198690167997565,0.0035855812090548334,0.010823625091151756,0.0035855812090548334
2011-09-09,-0.018088512316566607,-0.013504574147794046,-0.005704720734084789,-0.00724624863569856,-0.005704720734084789
2011-09-12,-0.0003141599857052757,0.002508748721579357,-0.0022766963860818556,-0.0063904249169322025,-0.0022766963860818556
2011-09-13,0.004115811693146343,0.0041497312354568106,0.0011064850186641717,0.007069573274901986,0.0011064850186641717
2011-09-14,0.006097443247927936,0.008388799141536785,0.004677444397539254,0.0013093311666272367,0.004677444397539254
2011-09-15,0.006171297861444991,0.007174544138891736,-0.0018811596384882279,-0.0043094251166432285,-0.0018811596384882279
2011-09-16,0.004310275826248766,0.0043140374713581675,0.00494306586531823,0.006965407617377739,0.00494306586531823
2011-09-19,-0.010847552237928437,-0.002686085441299668,0.0005205326673189958,-0.003389731220663328,0.0005205326673189958
2011-09-20,-0.0006521621260868748,-0.00015023764830235375,0.0026793291402240627,0.004616004227430359,0.0026793291402240627
2011-09-21,-0.018669272391011238,-0.015757465321762698,-0.004727958763622642,-0.008642442308126608,-0.004727958763622642
2011-09-22,-0.022014121712440993,-0.01508182888001941,-0.00439398152237469,-0.016707198736661377,-0.00439398152237469
2011-09-23,-0.0035171635448524308,-4.381452277657516e-05,-0.011726017277653211,-0.02071294655867817,-0.011726017277653211
2011-09-26,0.006728580724053135,0.012011754002797304,0.0013840309443922116,-0.0030904622749862165,0.0013840309443922116
2011-09-27,0.011491038251772112,0.003791119571907142,0.0009576917726479284,0.008045500891135315,0.0009576917726479284
2011-09-28,-0.01946411868150144,-0.011968843341941815,-0.009992435359815421,-0.014617720535005208,-0.009992435359815421
2011-09-29,0.00867669276762606,0.004623274355520346,0.004703949118907591,-0.00012338643809006733,0.004703949118907591
2011-09-30,-0.019331984928116275,-0.012490990322739148,-0.0018456870669264491,-0.00015330126004420297,-0.0018456870669264491
2011-10-03,-0.014589864413564468,-0.013083432797207473,0.0011324703416610848,0.006371537436657526,0.0011324703416610848
2011-10-04,0.012700442794988165,0.01065749717180986,0.0003728635796274027,-0.003801438456508488,0.0003728635796274027
2011-10-05,0.010012918483996325,0.00920306587206432,0.004163285291347352,0.00871225170442469,0.004163285291347352
2011-10-06,0.014314771439561946,0.007947009558600726,0.0007523602604926349,0.0006638936807741302,0.0007523602604926349
2011-10-07,-0.01094602661064803,-0.006093673423397172,-0.006310636603957365,-0.007191223524043666,-0.006310636603957365
2011-10-10,0.026650256893295365,0.015890396729531853,0.007030486090096266,0.013234120976425956,0.007030486090096266
2011-10-11,-0.0005874694458425367,0.0019029280795619385,0.0005277781002093196,-0.0004803086462470407,0.0005277781002093196
2011-10-12,0.00791216752845103,0.004030379966758257,-9.903288592594262e-05,-0.0011798909408091696,-9.903288592594262e-05
2011-10-13,8.783178767091115e-05,0.00032726740598865156,0.001980405059349266,0.004962078900873745,0.001980405059349266
2011-10-14,0.012233155027436604,0.008538661836827499,0.002442278591632485,0.003416166692635114,0.002442278591632485
2011-10-17,-0.014324942024832255,-0.009277983930522926,-0.0018488308846367207,-0.00100962779115088,-0.0018488308846367207
2011-10-18,0.012889081643458367,0.011529466026746205,0.004670329620038105,0.001002640797417076,0.004670329620038105
2011-10-19,-0.013178479085374173,-0.006689051505817778,-0.004943315092965084,-0.010105765280009837,-0.004943315092965084
2011-10-20,-0.0032491119414187475,0.001892011649101688,-0.0017602225259197857,-0.00763493324588238,-0.0017602225259197857
2011-10-21,0.014502197734664879,0.010951182105569224,0.005064392497900361,0.003901048337977775,0.005064392497900361
2011-10-24,0.017364743525308368,0.007406543592795689,0.005418300127218334,0.010370183878928962,0.005418300127218334
2011-10-25,-0.006251264544790414,-0.008857788691245205,0.0034144426913773618,0.009006263580321416,0.0034144426913773618
2011-10-26,0.004866329600844432,0.003429996320413631,-0.0013341128855510753,-0.003384044847886125,-0.0013341128855510753
2011-10-27,0.02822684527397068,0.0169952347993374,0.0034857154162073467,0.0019112461356938226,0.0034857154162073467
2011-10-28,-0.0006216578497673098,0.0020731158724542897,0.0037706966907495865,0.004180766607699615,0.0037706966907495865
2011-10-31,-0.014426362525628234,-0.009155650662649006,0.0030536852017848393,0.002411251316469132,0.0030536852017848393
2011-11-01,-0.01386553793382339,-0.011573528890328144,0.0021517052347694854,0.002678051300707196,0.0021517052347694854
2011-11-02,0.010471423861779128,0.008477755975809353,0.0025329057356067164,0.0021475070394474383,0.0025329057356067164
2011-11-03,0.011872549583722192,0.008728763104359993,0.002712864925743519,0.006374742781950715,0.002712864925743519
2011-11-04,-0.004013170385850362,-0.002384740460491308,-0.0007882092159245957,-0.0029761381440530643,-0.0007882092159245957
2011-11-07,0.0070925719424213,0.004135163746473047,0.006023226834962481,0.011684107212673212,0.006023226834962481
2011-11-08,0.005250380950326372,0.005724757667493474,-0.0008956188043768298,-0.0028469746738815083,-0.0008956188043768298
2011-11-09,-0.027128353117806037,-0.018341494649535495,-0.0053243637886607464,-0.0077547063277081385,-0.0053243637886607464
2011-11-10,0.00048622581716761815,0.0034613656192667985,-0.00244485386431903,-0.0059362034857323165,-0.00244485386431903
2011-11-11,0.015127893961992545,0.009136436984161556,0.004371427688911522,0.009142518063329996,0.004371427688911522
2011-11-14,-0.0070123014801776185,-0.0030547869352102186,0.0018465041864026421,0.0018346013360539537,0.0018465041864026421
2011-11-15,0.004440060563524639,0.002355812342007324,0.0009591421082630891,0.0028411676373767403,0.0009591421082630891
2011-11-16,-0.010137764901880675,-0.007862948851029006,-0.0026718056072801977,-0.005516213217727661,-0.0026718056072801977
2011-11-17,-0.01443372982278468,-0.00845788470915354,-0.005337667178916705,-0.011677116553154954,-0.005337667178916705
2011-11-18,0.00016048018131820108,-0.0021784258659970357,-0.0016434221431889107,-0.0009907319127769876,-0.0016434221431889107
2011-11-21,-0.01624081542005129,-0.009896069387312356,-0.005694835809617382,-0.011359482284821532,-0.005694835809617382
2011-11-22,0.0021285024541586317,-0.0009671362166405739,0.0033442818645523786,0.007581182276531928,0.0033442818645523786
2011-11-23,-0.016133944995454952,-0.01121449168417632,-0.003710859827627644,-0.004598870266320221,-0.003710859827627644
2011-11-25,-0.00664144016967072,-0.003819065433551594,-0.006911598077655068,-0.009897843001990703,-0.006911598077655068
2011-11-28,0.024340710863584025,0.016528456131169822,0.010181830422394622,0.016245432004745153,0.010181830422394622
2011-11-29,-0.00014440923869218913,0.0008265423179572018,-0.0010401014112085827,-0.0036221797954191226,-0.0010401014112085827
2011-11-30,0.030579622050552757,0.022308852667313417,0.008748941574941549,0.009654521762979984,0.008748941574941549
2011-12-01,-0.0032315801899710506,-0.00021015068012486537,-0.0014688291613309534,-0.002606335307613006,-0.0014688291613309534
2011-12-02,0.002353982925304976,0.0011878547035000242,0.004506670577186123,0.005751615511393027,0.004506670577186123
2011-12-05,0.005410665669619785,0.006417340970705121,0.0012512414587766418,-8.683480641269448e-05,0.0012512414587766418
2011-12-06,-0.0023393372082578523,-0.0008112234795102369,-0.00199749953745354,-0.002861480403326566,-0.00199749953745354
2011-12-07,0.0030357832192127177,0.004033849639903275,0.003692982232318176,0.004402315684256308,0.003692982232318176
2011-12-08,-0.018039353961442184,-0.011480400282717351,-0.00454882611086993,-0.0059729938585332265,-0.00454882611086993
2011-12-09,0.011097189448947553,0.007573072832308236,-0.001087804269191639,-0.002640765445092952,-0.001087804269191639
2011-12-12,-0.015160010253900458,-0.007594852820943188,-0.0036836933833140906,-0.005354731911756616,-0.0036836933833140906
2011-12-13,-0.008055541534145672,-0.0038744547890802172,-0.0007104563337270164,-0.003115949656414152,-0.0007104563337270164
2011-12-14,-0.010497047635079748,-0.004777012234453593,-0.002249660672586251,-0.002066613582493382,-0.002249660672586251
2011-12-15,0.0026297096303138368,0.0018311317704675645,-0.0004623619011098201,-0.0010530440129544738,-0.0004623619011098201
2011-12-16,0.00716428209066633,0.0028207371908537393,0.006272178724259891,0.009019401821945383,0.006272178724259891
2011-12-19,-0.007278472569432037,-0.005070742078905344,0.00023369068150214112,0.0015470614454067277,0.00023369068150214112
2011-12-20,0.020845823816042497,0.01445275274466118,0.002408429401348,0.001150235668143651,0.002408429401348
2011-12-21,-0.0019931372063189956,-9.444067364983155e-05,-0.0028689700317835465,-0.005008834455620503,-0.0028689700317835465
2011-12-22,0.006160192668791975,0.005874708870702072,0.003452779792768146,0.0034566201250980644,0.003452779792768146
2011-12-23,0.002862437445083188,0.0038585890847309123,-0.0006190698505855741,-0.0014556053684270376,-0.0006190698505855741
2011-12-27,-4.148906896883631e-05,0.0007038904399458978,0.0008888033889935532,0.000587257402572039,0.0008888033889935532
2011-12-28,-0.010212319962714322,-0.0056044493433853315,-0.0004623345740389917,-0.0010683626122092171,-0.0004623345740389917
2011-12-29,0.0069428982252797145,0.006774083314557977,0.0037565672398989225,0.0035264017612008924,0.0037565672398989225
2011-12-30,0.0004078938616882688,-0.0015645972897444516,0.0011962363446087476,0.0006452289619442997,0.0011962363446087476
2012-01-03,0.01522308840722264,0.006978524215378812,0.0020280351336976477,-0.0012293827070379848,0.006978524215378812
2012-01-04,-0.0030062343271720637,-0.0003020512659785979,-0.0024577092249077337,-0.003866734207373823,-0.0003020512659785979
2012-01-05,-0.00022138636502655462,0.0016851174533287772,0.00011400718178777858,0.0006248488787050643,0.0016851174533287772
2012-01-06,-0.001915544553254378,-1.107123238874852e-05,0.0024148784849098437,0.002809646533575627,-1.107123238874852e-05
2012-01-09,0.0009970202789997273,0.0015406787777161313,0.00019456953932528442,0.00013682748693444324,0.0015406787777161313
2012-01-10,0.009641614878891147,0.0044448229321809585,0.0025823225680694506,0.0017790178407592894,0.0044448229321809585
2012-01-11,0.0033042536959213553,0.0026190237196535016,0.005290584252315433,0.006242019087780548,0.0026190237196535016
2012-01-12,-0.00024571576855259014,0.0006280776078220196,-0.00095004945303645,-0.00034927021399522307,0.0006280776078220196
2012-01-13,-0.0027510173352864875,-0.0013778754477531407,0.0017255330694934123,0.0027025134141631657,-0.0013778754477531407
2012-01-17,0.007236271332925481,0.0027188029461144847,0.003282987261278958,0.0030650207478415403,0.0027188029461144847
2012-01-18,0.00842854191358633,0.0054530764602502835,-0.00010507251941582751,-0.001089340335754807,0.0054530764602502835
2012-01-19,0.0026095294580006367,0.000867223328278488,-0.0035012878699570704,-0.004637152390322807,0.000867223328278488
2012-01-20,-0.00022164294532989182,0.0009397658957053245,-0.0025931770495707385,-0.0030990719977869174,0.0009397658957053245
2012-01-23,0.002571504925680479,-0.0024316022197253817,-0.0017726754384395083,-0.003075389577031351,-0.0024316022197253817
2012-01-24,0.0003453065197793759,-0.0002515313447550849,0.00012573102561730387,0.00032427828778525125,-0.0002515313447550849
2012-01-25,0.010375187712743816,0.006979699170464926,0.006048182359581267,0.004800223442182672,0.006979699170464926
2012-01-26,0.0018638418841012694,-0.0010740099975496964,0.0036750068017190607,0.00428178164802917,-0.0010740099975496964
2012-01-27,0.0037053243925748713,0.0009058072462468925,0.0025447998765879554,0.0023043467460202027,0.0009058072462468925
2012-01-30,-0.004691620077212688,-0.0007506222469807478,0.0017135301570545547,0.003263865144263134,-0.0007506222469807478
2012-01-31,0.0038797155537930728,0.0012644469616849285,0.00407261323771313,0.004709305851829049,0.0012644469616849285
2012-02-01,0.007571779723415384,0.003853571481541307,-0.0010910706444323681,-0.0015263126952129724,-0.0010910706444323681
2012-02-02,0.002986289776889306,0.0015176881346374849,0.0015636464842179176,0.001892403671747811,0.0015636464842179176
2012-02-03,0.005910982625557004,0.005287098353923714,-0.004170956650727864,-0.006549970740291844,-0.004170956650727864
2012-02-06,-0.0007159381031399681,0.0006764043793676677,0.0030494593667305114,0.002795055205931929,0.0030494593667305114
2012-02-07,0.0005517203974001461,-0.0010033715024185819,-0.0035708477358687984,-0.002939186487489809,-0.0035708477358687984
2012-02-08,0.002195695815788934,0.0019924531833195314,0.0010479249547932223,0.00035251565638572124,0.0010479249547932223
2012-02-09,-0.0008568977075292805,-0.00012835506387032236,-0.0019315100984910183,-0.002521892945764437,-0.0019315100984910183
2012-02-10,-0.007680077929662299,-0.0023071210612298776,0.0018941023974392568,0.002476207351830073,0.0018941023974392568
2012-02-13,0.007355648694607142,0.0042550732663440005,0.002390080922553217,0.0022695894292543706,0.002390080922553217
2012-02-14,-0.002495202201190483,5.3809961014783525e-05,0.0013963051265704074,0.0014026167354821428,0.0013963051265704074
2012-02-15,-0.001393426233186612,-0.0025358822933946312,-0.0008727862151782784,-0.0006861769608833557,-0.0008727862151782784
2012-02-16,0.0071366964595598326,0.0049282959436778295,-6.207515542289155e-05,-0.0006785818145598199,-6.207515542289155e-05
2012-02-17,-2.8080538558183932e-05,0.0012067731370628554,-1.865423127200838e-05,-0.00020271983327457832,-1.865423127200838e-05
2012-02-21,-5.29803763082981e-07,-0.0011394750632137685,-0.0014331528107747182,-0.0012669216797612792,-0.0014331528107747182
2012-02-22,0.0010874023117974918,-0.00045273394170119996,0.0043156740539667116,0.004696624950873307,0.0043156740539667116
2012-02-23,0.004991090492877159,0.0032499305428135283,0.0020359030560166413,0.0018143634596221592,0.0020359030560166413
2012-02-24,0.0030059412410425868,0.0016382297255199685,0.0023358859505882013,0.0017916053035171853,0.0023358859505882013
2012-02-27,-0.0015302048017837855,0.002320076328839571,0.0029481460774094526,0.0033563735140611506,0.0029481460774094526
2012-02-28,0.00359300291369391,0.001966768999691837,0.0009328214137596103,0.0014564255240676616,0.0009328214137596103
2012-02-29,-0.01081988201848827,-0.0039705563821683665,-0.0069178619845216005,-0.009987545792086605,-0.0069178619845216005
2012-03-01,0.00619416313746024,0.0018133304505032477,-0.0001327243191704408,-0.00018719097255570638,0.0018133304505032477
2012-03-02,-0.00304715454355986,-0.00023789752009462095,0.0019567682240508866,0.002943936359093513,-0.00023789752009462095
2012-03-05,-0.004476414632221815,-0.0032476568216217583,-0.004091479919871577,-0.004877437485021119,-0.0032476568216217583
2012-03-06,-0.014055299613937255,-0.007092785761960263,-0.0018055973082055088,-0.0008931305076937956,-0.007092785761960263
2012-03-07,0.005523270487391541,0.00338345285677244,0.0004324883702715443,0.0004258448727976205,0.00338345285677244
2012-03-08,0.00751758029276961,0.004755963456639201,0.00049991380223946,0.00043592482341270333,0.004755963456639201
2012-03-09,0.003316202403948143,0.0020175541363942617,0.0016854909778944993,0.0019162586979311058,0.0020175541363942617
2012-03-12,-0.0016941828535496084,-7.069275313187351e-05,-0.0006034448252276725,-0.0008982650136679649,-7.069275313187351e-05
2012-03-13,0.008433551578322707,0.007991678588506801,-0.001966668849645581,-0.003404672749871218,0.007991678588506801
2012-03-14,-0.009168404526095686,-0.00514479266750123,-0.01122516811746932,-0.011456704565259379,-0.00514479266750123
2012-03-15,0.004411178793382486,0.003418236755211357,0.0023638051542247407,0.002438769353794612,0.003418236755211357
2012-03-16,0.0026751973741723223,0.0007341986969588987,0.001532151992020614,0.0005697719386252853,0.0007341986969588987
2012-03-19,0.0011160045873512825,1.7341442912544025e-05,-0.0037037021252447344,-0.003280342151893323,1.7341442912544025e-05
2012-03-20,-0.005746226341967753,-0.0015995769491305989,-0.0010904042872227349,-0.00010890180762335167,-0.0015995769491305989
2012-03-21,0.0005746282823158033,0.0009642569671970413,0.003665285371114102,0.004239103943817879,0.0009642569671970413
2012-03-22,-0.006302890745470524,-0.003917204296502774,-0.0016387267683931617,-0.0006125865043217216,-0.003917204296502774
2012-03-23,0.006734691441452112,0.003414980149339719,0.005512821093584197,0.005163812449269889,0.003414980149339719
2012-03-26,0.011090369284592505,0.008105492973962125,0.003688137516347334,0.0046759199937354,0.008105492973962125
2012-03-27,-0.0018644799202169882,0.00023363519944230582,0.00212352037518726,0.0027083335376854034,0.00023363519944230582
2012-03-28,-0.0062781420536676125,-0.003707092703402304,-0.0035291707000078,-0.0033603963205778298,-0.003707092703402304
2012-03-29,-0.0019406365994480979,0.0005761406135389446,0.0017420211326333312,0.00235547836549288,0.0005761406135389446
2012-03-30,0.0017783582952466404,0.0004976131544780493,-0.003390915417350815,-0.006570879912095706,0.0004976131544780493
2012-04-02,0.00884417458081943,0.005357925110868411,0.00534615588836429,0.005740815457052628,0.005357925110868411
2012-04-03,-0.008585056782001166,-0.005383825344316917,-0.008658214346899173,-0.008143317670651018,-0.005383825344316917
2012-04-04,-0.010537707711708366,-0.003981058129911119,0.00027668501743960405,-0.00010071656860188849,-0.003981058129911119
2012-04-05,0.0019487752797524571,0.0014817170271166358,0.0036889168193736666,0.005795814674828037,0.0014817170271166358
2012-04-09,-0.002924060744249557,-0.0026310216901943573,0.005752771671040824,0.0075863063767442895,-0.0026310216901943573
2012-04-10,-0.010384794595871605,-0.008072058028840479,-0.0009662525010353251,0.00029787199335107317,-0.008072058028840479
2012-04-11,0.004906609488048774,0.003163571703528101,-0.0018115668368805515,-0.0029864613745299584,0.003163571703528101
2012-04-12,0.011246442079433816,0.006914598062783606,0.003191672545690638,0.0022603251721287076,0.006914598062783606
2012-04-13,-0.007724617644423115,-0.004640270076255004,0.0014381727390864185,0.0009161830145449912,-0.004640270076255004
2012-04-16,-0.0008619562664883285,-0.0005048784985647314,-0.0014517242623346416,-0.003944945867807359,-0.0005048784985647314
2012-04-17,0.008588008192105256,0.008326558044141619,0.0037700290714626217,0.005391532326679549,0.008326558044141619
2012-04-18,-0.004031226864929627,-0.0011996164977409185,-0.0004190729797383108,0.00038271544284751435,-0.0011996164977409185
2012-04-19,-0.0030325662528538633,-0.0033472363614789336,-0.0010369609783652534,-0.0026551149168176913,-0.0033472363614789336
2012-04-20,0.003812681556530917,0.001026638820373904,0.0008511040808838466,-0.0006914794776644584,0.001026638820373904
2012-04-23,-0.007534122443355384,-0.004165555826489031,-0.00014201486910858652,-0.0003509639496199757,-0.004165555826489031
2012-04-24,0.002249943746953642,0.0011911388395862144,-0.0014962075580997602,-0.004227223298595484,0.0011911388395862144
2012-04-25,0.008981506864369715,0.007588375868396113,0.0026016372769415153,0.006210659599994006,0.007588375868396113
2012-04-26,0.005740903054340052,0.005493485291580447,0.0049843177870991795,0.005049101612529805,0.005493485291580447
2012-04-27,0.0035032559502301552,0.001399202107428943,0.0013672030361875365,0.002551051298337992,0.001399202107428943
2012-04-30,-0.0024391684194673413,-0.00189002321011833,-0.0002651359066606629,-0.001804457521500713,-0.00189002321011833
2012-05-01,0.0019878403851729676,0.0029955338139857624,-0.0001904405280562793,-0.001296661773120933,0.0029955338139857624
2012-05-02,-0.001738087921586251,-0.0010352656482462974,0.0002397681394701312,0.0032460781132845895,-0.0010352656482462974
2012-05-03,-0.00734042947737279,-0.004610378622684763,-0.003374256343856241,-0.0033041362679352426,-0.004610378622684763
2012-05-04,-0.010380560896148694,-0.008059468362175637,-0.0025445014907388153,-0.0034351860599408646,-0.008059468362175637
2012-05-07,0.0017432419402241273,0.00031785534272499305,-0.00011322155318360672,0.00032526940606447674,0.00031785534272499305
2012-05-08,-0.00564843399557291,-0.0014579538773529244,0.00017792350878975682,0.0011099606883382407,-0.0014579538773529244
2012-05-09,-0.005776008249373188,-0.003163897188496745,-0.0019876082619320057,-0.0006057712024625239,-0.003163897188496745
2012-05-10,0.0011043878753491665,0.0006385471290275557,-0.0005755823608244448,-0.0018010204614565817,0.0006385471290275557
2012-05-11,-0.0025152364467621036,-0.0004315095550053716,0.001541130078724029,0.0034793416783953646,-0.0004315095550053716
2012-05-14,-0.009499981157828463,-0.004705672743905098,0.00047678802469497406,0.002580540833833078,-0.004705672743905098
2012-05-15,-0.00403996545860863,-0.00324641997748909,-0.0006479596058521775,4.972595425267734e-05,-0.00324641997748909
2012-05-16,-0.00509797283795399,-0.0019228871417841242,-0.0002082999202699387,-0.0009365955478067844,-0.0019228871417841242
2012-05-17,-0.006931820837588809,-0.007087945726819922,0.0019087933036887605,0.0004359899324102301,-0.007087945726819922
2012-05-18,-0.004781147704864597,-0.005225376309593965,-0.002229359858409108,-0.0037568435834838265,-0.005225376309593965
2012-05-21,0.013989686622488895,0.008804480326423558,0.003956090504070753,0.0059968292623826525,0.008804480326423558
2012-05-22,-0.006216314707282233,0.00011403128919718064,-0.004446530598501419,-0.004399789068982529,0.00011403128919718064
2012-05-23,-0.0007513385619253299,0.001403100233497545,0.0018623739117331617,0.0035483989684486072,0.001403100233497545
2012-05-24,-0.0016470793713609932,0.0002456223399236457,-0.0012236702281462897,-0.00342556681138928,0.0002456223399236457
2012-05-25,0.00019623994462225625,-0.0006805779622742758,0.001632185888958082,0.001821796508676421,-0.0006805779622742758
2012-05-29,0.007192957626628971,0.006688561281497529,0.0015824467636644801,0.002462874253760017,0.006688561281497529
2012-05-30,-0.007852090719128069,-0.004522012349053028,0.00447770091853994,0.008138309688372924,-0.004522012349053028
2012-05-31,0.0012650490011818505,0.00019014239514114628,0.002188420380194289,0.004029094413418699,0.00019014239514114628
2012-06-01,-0.010758503358105798,-0.011621004691633074,0.00010092400055072837,0.002870728489821728,0.00010092400055072837
2012-06-04,6.91951070914687e-05,-0.0026372349089874847,-0.0034712123145789198,-0.003457192928366215,-0.0034712123145789198
2012-06-05,0.003230084095201091,0.0031270241112837383,-0.002773325450030839,-0.0036651327047186877,-0.002773325450030839
2012-06-06,0.013977710511313024,0.010691849404463216,0.001009192968627337,-0.0020367640173872825,0.001009192968627337
2012-06-07,-0.0029985618954052606,0.0013284226949974443,0.00033279846958400583,0.0005153132751796186,0.00033279846958400583
2012-06-08,0.00382787429634579,0.0050727958953264984,0.002687814833765234,0.003076363838936391,0.002687814833765234
2012-06-11,-0.01055252231957049,-0.006581762195755569,-0.0034205990555223886,-0.002445794106604282,-0.0034205990555223886
2012-06-12,0.008068389799519071,0.004730170958413105,-0.000441631004632681,-0.001388430756192327,-0.000441631004632681
2012-06-13,-0.0029874185375677875,-0.0017516959834181778,0.0016449237751083867,0.0030603121065257977,0.0016449237751083867
2012-06-14,0.006641371149732178,0.005288327175678509,0.0028397971548150824,0.00041233098677651014,0.0028397971548150824
2012-06-15,0.008402150253484786,0.008006566863556275,0.005441357888966936,0.006953241727070569,0.005441357888966936
2012-06-18,0.0026405313006214737,0.0010621712178644493,0.001607220805712295,0.003715228763982781,0.001607220805712295
2012-06-19,0.006161341060006986,0.004503464567224391,-0.0006350017699799926,-0.002312473903959056,-0.0006350017699799926
2012-06-20,-0.0020783039817405813,-0.0017833076665197956,-0.0023208465525733635,0.0006795797965402084,-0.0023208465525733635
2012-06-21,-0.01918716622922112,-0.012811606088440675,-0.006870913835112957,-0.004828607867766732,-0.006870913835112957
2012-06-22,0.0037559397486470747,0.002908152992007418,-0.0013198025674292513,-0.0030142719898236248,-0.0013198025674292513
2012-06-25,-0.006147474008709186,-0.00753780941658222,0.0023788586299009484,0.0012007956192578995,0.0023788586299009484
2012-06-26,0.0026832833829226743,0.002127561263372213,0.00028092400441326326,-0.00035802912627513894,0.00028092400441326326
2012-06-27,0.006127772537239062,0.005978908581481424,0.0038936517389849268,0.0030460899247872764,0.0038936517389849268
2012-06-28,-0.0023700026686536146,-0.0004381118704909204,-0.00042046360165659546,-0.00022695826459284696,-0.00042046360165659546
2012-06-29,0.024447821997590546,0.013107230611823617,0.007342054577785584,0.002690911707012189,0.007342054577785584
2012-07-02,0.0047132544576078406,0.003651661370368542,0.004501231977301456,0.006166459522332968,0.004501231977301456
2012-07-03,0.009736490222757244,0.0030187545970836727,0.002791460750059649,-0.0009681098194123106,0.002791460750059649
2012-07-05,-0.0038721589028241077,-0.0016967081140824014,0.001253864620625711,0.001693467505301749,0.001253864620625711
2012-07-06,-0.008310925978111006,-0.0043901749839104776,-0.002249592629178343,0.001213736770771856,-0.002249592629178343
2012-07-09,0.0019775350242119405,0.0003359211269438056,0.004844990651768466,0.003352614074604965,0.004844990651768466
2012-07-10,-0.00814122097701142,-0.005076203204718355,-0.003409754361683892,-0.002183588539665271,-0.003409754361683892
2012-07-11,0.0017865820830642587,-0.00027677954217453227,0.0013969423196436015,-0.0005935168574764393,0.0013969423196436015
2012-07-12,-0.0031989029402439417,-0.0019961035263921234,0.0014215480092205635,0.0013030891640124498,0.0014215480092205635
2012-07-13,0.010895719904624901,0.009724949050828213,0.005015998123056198,0.003701435535917952,0.005015998123056198
2012-07-16,0.0010463451154194559,-0.0005500365259079043,0.00281427314506133,0.001644095985766647,0.00281427314506133
2012-07-17,0.0027299303752892357,0.0031180818838920654,-0.0008416203278825973,-0.0013357845098876941,-0.0008416203278825973
2012-07-18,0.0034272128561974036,0.0048773678796760755,0.003508865059181465,0.003080364626694143,0.003508865059181465
2012-07-19,0.0029186505742393454,0.001011193616211381,0.0011505556285444918,3.4589570658827284e-06,0.0011505556285444918
2012-07-20,-0.006117497539309458,-0.004004479935879823,0.0017523640484184977,0.0019437730410281073,0.0017523640484184977
2012-07-23,-0.01111731618034395,-0.005456637761198313,-0.0035371653268999603,-0.0009674893234142834,-0.0035371653268999603
2012-07-24,-0.004071105514343865,-0.004398047136785044,-0.0004618470685056053,0.0008005384490301637,-0.0004618470685056053
2012-07-25,0.0030211918873168653,0.00035383056457938267,0.0019539108248856074,0.00020015841714138283,0.0019539108248856074
2012-07-26,0.009513960945903621,0.008632718250105809,0.0012854069345522579,0.0003290724582891702,0.0012854069345522579
2012-07-27,0.011317985860699542,0.008257887258594554,-0.0007511663471839736,-0.0025372608750012793,-0.0007511663471839736
2012-07-30,0.000935244921150602,0.0012572941355164513,0.0035536819866861524,0.0035891625149457873,0.0035536819866861524
2012-07-31,-0.004274086524378773,-0.0035169665883778567,-0.002039629303967505,-0.00203785388383404,-0.002039629303967505
2012-08-01,-0.0038875871957904096,-0.0019877862968764592,-0.002710604468341038,-0.003162338570721568,-0.002710604468341038
2012-08-02,-0.0043789478276689,-0.003172811084399707,-0.00047879086010260696,0.00025479565800923254,-0.00047879086010260696
2012-08-03,0.013924253530796404,0.009715903239993384,0.00124964507499703,-0.0003896372394888159,0.00124964507499703
2012-08-06,0.004138963214074032,0.0014238385964508993,0.0014707017581467863,0.0010312935175913474,0.0014707017581467863
2012-08-07,0.0011661294118894272,0.0009329753890860992,-0.002840072460773113,-0.004407109536722631,-0.002840072460773113
2012-08-08,-0.0008386732943155284,0.0001841739074115445,-0.0011036858613128198,-0.001947837659380891,-0.0011036858613128198
2012-08-09,0.0020567784624663243,0.00022460193525519756,0.0006289265013335044,-0.00012511182854912928,0.0006289265013335044
2012-08-10,0.001011592260228067,0.0021250933928433913,0.00216321826490673,0.003249158160911314,0.00216321826490673
2012-08-13,-0.0032078567483883047,-0.0005562098929799975,-0.0015829562765209415,-0.0009911210296347228,-0.0015829562765209415
2012-08-14,-0.002402754096180848,-0.0018501213951696016,-0.004812568880620649,-0.0063689357067777674,-0.004812568880620649
2012-08-15,0.0006042496323506175,-0.0012860610275666762,-0.003876560232354387,-0.006175228746928774,-0.003876560232354387
2012-08-16,0.005931548773341566,0.0035368510919133733,-0.000330718589681811,-0.0009922304300885587,-0.000330718589681811
2012-08-17,0.0017865044888680792,0.0012923098990880177,0.002058978791211974,0.002665976204786924,0.002058978791211974
2012-08-20,0.0005362494580867239,0.00026186239321979166,0.001171255524431869,0.0009442911496693185,0.001171255524431869
2012-08-21,0.002276200837987963,-0.0015189504000859833,0.0014158883877914974,0.0007184230605343789,0.0014158883877914974
2012-08-22,0.0037555930212533895,0.0032884735278377875,0.00734142632692536,0.008292491447653427,0.00734142632692536
2012-08-23,-0.0032721118292124984,-0.0042823896489455615,-0.001151998950860822,-0.0011170880311948128,-0.001151998950860822
2012-08-24,0.0011581872216119837,0.003477368431018535,0.0008034836800776546,0.0018240932039259583,0.0008034836800776546
2012-08-27,-0.00022247768028960113,0.0011486993335012574,0.001889207932418424,0.002950828560295493,0.001889207932418424
2012-08-28,0.0009131655036158648,-0.000454716306449221,0.00047513085484984785,0.0006400572287064143,0.00047513085484984785
2012-08-29,-0.0013882895612870039,0.00021704709781378284,-0.0008398827548599108,-0.0015613535332839046,-0.0008398827548599108
2012-08-30,-0.004923425043448337,-0.003645178639227087,-1.7269568303612814e-05,-0.0003093537721142736,-1.7269568303612814e-05
2012-08-31,0.009096679299414712,0.0054379619218254405,0.007852449103308068,0.008735316720175579,0.007852449103308068
2012-09-04,0.0005225106474258112,-0.0014684252355092742,-0.001396846187720957,-0.0011654912212114565,-0.0014684252355092742
2012-09-05,-0.0022223531937243246,-0.0006575852417564088,-0.0018010577939532313,-0.002353996356868282,-0.0006575852417564088
2012-09-06,0.009621704195284186,0.00944566248269596,-0.00020296452315904379,0.0015836925042918004,0.00944566248269596
2012-09-07,0.007885469353695829,0.002873094407095156,0.0015014190733508848,-0.000550274527647554,0.002873094407095156
2012-09-10,-0.0054763654684369945,-0.003265999576220757,-0.000982867490385786,-0.002494839300293372,-0.003265999576220757
2012-09-11,0.0027831516344754004,0.0009567072734892879,-0.0010851656601053028,-0.00204254356955591,0.0009567072734892879
2012-09-12,0.0013206094062310214,8.841659086811227e-05,-0.0032433896697943165,-0.004168551191638947,8.841659086811227e-05
2012-09-13,0.012415854353106548,0.010402778923659817,0.005617152272522796,0.005689187178412158,0.010402778923659817
2012-09-14,0.0030336489857447635,-0.0009377069349716383,-0.0072031574211083305,-0.009026657810168426,-0.0009377069349716383
2012-09-17,-0.005073044762865742,-0.0012918816359256402,0.00021359262533726664,0.003759818377006008,-0.0012918816359256402
2012-09-18,-0.0008764349850183262,0.000475841915863473,0.0012806360577404252,0.002119168356722545,0.000475841915863473
2012-09-19,-0.0006389575462791841,0.0012388671981236055,0.0014651678812076518,0.0032827583295040874,0.0012388671981236055
2012-09-20,-0.0026232641893116915,0.0002587689235078461,0.0011625640761177003,0.000910859754778226,0.0002587689235078461
2012-09-21,0.001938543747106669,0.0005752192060746175,0.001423889215127927,0.0006635587915702068,0.0005752192060746175
2012-09-24,-0.0025172359201051098,-5.5661274397822424e-05,0.0013372836159935009,0.0020770757838242115,-5.5661274397822424e-05
2012-09-25,-0.006430094943201903,-0.005052926432885796,0.00026439050589277535,-0.0009817644914519308,-0.005052926432885796
2012-09-26,-0.003375634439163444,-0.0017789089837468852,0.001722717480652225,0.0019503153414623942,-0.0017789089837468852
2012-09-27,0.008541407730282113,0.004861407113319949,0.0014051606870038036,0.0016866534104025277,0.004861407113319949
2012-09-28,-0.004370747889724136,-0.002794401307097849,-0.0008599576594020553,-0.002377284500929777,-0.002794401307097849
2012-10-01,0.0024346128858621086,0.0023248364921559794,0.002460305320970857,0.0025401036213346107,0.0023248364921559794
2012-10-02,0.0010328525902238983,0.00036413766443899043,-0.0006419272778370733,-0.00011843809535561078,0.00036413766443899043
2012-10-03,-0.0015279761652454704,0.002854117542914203,0.0003996351074209148,0.0021002883360332625,0.002854117542914203
2012-10-04,0.00515014207768405,0.0027182005119392727,-0.000431820020635465,-0.0012160560676599541,0.0027182005119392727
2012-10-05,-0.0032223221607309283,-0.0017582833492364447,-0.0049620441532872706,-0.004345045388584046,-0.0017582833492364447
2012-10-08,-0.003050794868537432,-0.000778191575297571,0.001801358261811492,0.001564168259104104,-0.000778191575297571
2012-10-09,-0.006577768870278389,-0.006766314749097169,-0.003689628947802337,-0.005154439945820433,-0.006766314749097169
2012-10-10,-0.001100938401782381,-0.0028673965714183236,0.0003749754773596514,-0.00019379136233066419,-0.0028673965714183236
2012-10-11,0.0038317050257843377,0.000705915449347172,0.0029311622204493126,0.0019773262683655535,0.000705915449347172
2012-10-12,-0.003845858118087131,-0.0019243282778604875,-0.001506938551574577,-0.0007644391102527015,-0.0019243282778604875
2012-10-15,0.0027227728923493455,0.005087628239588415,0.001774539826753907,0.0029630261943462965,0.005087628239588415
2012-10-16,0.005289257379191392,0.004184659131799107,-0.0017183653426527945,-0.0006140950311936955,0.004184659131799107
2012-10-17,0.0013202846126951773,0.00022680350426274032,-0.003066751102206,-0.0025210278801033326,0.00022680350426274032
2012-10-18,-0.002848611616782626,-0.0022744726728136655,-0.0028449755757545825,-0.0029642963066639494,-0.0022744726728136655
2012-10-19,-0.010681264753024777,-0.008424612383101882,-0.0018329609127007984,-0.002439878038796639,-0.008424612383101882
2012-10-22,0.0005843506297287249,-0.001258378708573038,-0.003035393451759183,-0.0025634736698830762,-0.001258378708573038
2012-10-23,-0.00872393577299535,-0.006438652814512835,-0.000245461574402972,-0.0008311253464486912,-0.006438652814512835
2012-10-24,-0.002658821099572939,-0.0025512838811846406,-0.004085074936904576,-0.0039670117603261,-0.0025512838811846406
2012-10-25,0.002188699550333517,0.00026533181746746237,-0.0014906885377827805,-0.0013338444967513352,0.00026533181746746237
2012-10-26,0.0002049096249643334,0.002221996563649853,0.00572497374190184,0.005270193242037147,0.002221996563649853
2012-10-31,0.0021973208728338633,0.001630635529100255,0.002748688477092198,0.002911338707777711,0.001630635529100255
2012-11-01,0.005488879968722493,0.005471867010054643,0.0008621350112540949,0.0012660319543009724,0.005471867010054643
2012-11-02,-0.00812331936964128,-0.005019663942556929,-0.004069501269554299,-0.0031844997649530526,-0.005019663942556929
2012-11-05,0.0031173095853278543,0.002196053167379919,0.0034997859585033098,0.0030021580869614706,0.002196053167379919
2012-11-06,0.006119804132073359,0.0028724684490235575,0.0002198320626569661,-0.0010081911528185827,0.0028724684490235575
2012-11-07,-0.009812846972306333,-0.010324365739198926,-0.0016240006413111852,-0.0011780484698339366,-0.010324365739198926
2012-11-08,-0.004499630491327067,-0.005359245233475751,0.0013714473981354391,0.0007099210179837279,-0.005359245233475751
2012-11-09,0.0014994912517407588,0.0005513765151123895,0.0012421879260422486,0.0006108812391267815,0.0005513765151123895
2012-11-12,-0.0006273057510722824,0.0007335546231239665,0.00042515000373888334,0.0009350824358445031,0.0007335546231239665
2012-11-13,-0.0029713159921640475,-0.0015641408212672125,-1.0707428760636795e-05,-1.7270832795568403e-05,-0.0015641408212672125
2012-11-14,-0.008292379207200162,-0.007853190500561769,-0.0034250685293724104,-0.004582227401004668,-0.007853190500561769
2012-11-15,-0.0020904397696062116,-0.0011821937798198734,-0.001457007376012176,-0.001255835738960931,-0.0011821937798198734
2012-11-16,0.002842218237004035,0.0031609809036943215,0.001913009948901756,0.0018388424852311402,0.0031609809036943215
2012-11-19,0.013786913467878081,0.011058023966733277,0.005629423111093601,0.005196481355221216,0.011058023966733277
2012-11-20,-0.0014895388937538057,-0.0014277888635061409,-0.004243505812451254,-0.0038108916115289215,-0.0014277888635061409
2012-11-21,0.0010361797208189305,0.0005093855248550216,0.0002367049953997391,-3.568105605844529e-05,0.0005093855248550216
2012-11-23,0.009774411478265188,0.007878926387310914,0.003987895199376146,0.004588898506020289,0.007878926387310914
2012-11-26,0.0008867137272614567,-0.0006004227405032037,0.0008748607544644127,0.0009528696576577289,-0.0006004227405032037
2012-11-27,-0.00280910073626095,-0.0021189156816476817,6.768735409923288e-05,-7.76224103726797e-05,-0.0021189156816476817
2012-11-28,0.0019984195234699076,0.005316133614386098,0.0023469015644506097,0.0031664245702642813,0.005316133614386098
2012-11-29,0.005508078267775884,0.003193493142414905,0.0024597005375825987,0.0021753709031819835,0.003193493142414905
2012-11-30,-0.0009578122056994598,4.9396711583327146e-05,-0.0004936285550425357,-0.0004479202648343117,4.9396711583327146e-05
2012-12-03,3.5553445763891744e-05,-0.003113475983667846,-0.0010578312526129396,-0.0012878489741731114,-0.003113475983667846
2012-12-04,-0.0005445612731631577,-0.0001455309919945469,0.0007454034018676836,0.001326445699370904,-0.0001455309919945469
2012-12-05,-0.00039562439821161366,0.0013913501269167128,0.0005579294972708482,0.00054980997784293,0.0013913501269167128
2012-12-06,0.0026479920779485244,0.0022511648612242308,0.0011533608185241295,0.002618209689968287,0.0022511648612242308
2012-12-07,-0.0004202218629856258,0.0006740201244981314,-0.0021001625233637577,-0.00128821406650792,0.0006740201244981314
2012-12-10,0.0021053919703410973,0.0006206938105062232,0.0011750308705917867,0.001192271075123319,0.0006206938105062232
2012-12-11,0.0031581813003200843,0.0033164542254475737,-0.000406028643078038,0.0005210591670536946,0.0033164542254475737
2012-12-12,-0.0014110168954315494,-0.0013904467137950682,-0.0035468927752230206,-0.003688192837878579,-0.0013904467137950682
2012-12-13,-0.005422431460275878,-0.004472003704667382,-0.003399397159270734,-0.0035011544725863653,-0.004472003704667382
2012-12-14,0.0008484828120955967,-0.0013553228556097974,0.0017985440382279894,0.000825044274147535,-0.0013553228556097974
2012-12-17,0.003211824447294287,0.00496352493524177,-0.0015896369743736427,-5.501732136004023e-05,0.00496352493524177
2012-12-18,0.0043136333419913075,0.005194705737749494,0.00022798626193853977,0.001635487754387821,0.005194705737749494
2012-12-19,-0.00020881971937858346,-0.003975487467654304,-0.000737681882417851,-0.0016313952337345672,-0.003975487467654304
2012-12-20,0.0021950470319715976,0.0037464029270697363,0.0019925004332768115,0.0035591692324645763,0.0037464029270697363
2012-12-21,-0.0029001892697890774,-0.00445894222089438,0.0003165478905162722,-0.000491633703194827,-0.00445894222089438
2012-12-24,-0.0017812481931662738,-0.0022683010885585775,-0.0018883316137854322,-0.0016214584615247274,-0.0022683010885585775
2012-12-26,-0.0005755092848326315,-0.0017352465380359172,0.0009927036585124505,-0.0005156671511744593,-0.0017352465380359172
2012-12-27,0.001835596517026472,2.982199776013772e-06,0.0012011839254928436,0.0012637443345970834,2.982199776013772e-06
2012-12-28,-0.003991597234820232,-0.005587857656864426,-0.0015186465667863525,-0.0024776965992917566,-0.005587857656864426
2012-12-31,0.009236580015713702,0.008086014665342978,0.00047760039977107205,0.0008014317942992566,0.008086014665342978
2013-01-02,0.012870353073239915,0.013714696120274317,0.0041790501812275505,0.004290532867321062,0.013714696120274317
2013-01-03,-0.006511603196146409,-0.0033758243502544083,-0.005741599380432172,-0.005937261145677275,-0.0033758243502544083
2013-01-04,0.001574459214575219,0.002874350772925416,0.0021424589082257306,0.0025141540244961735,0.002874350772925416
2013-01-07,-0.0019663458870331496,-0.0014605757078729464,-0.00026997223356328703,-0.00022970124609578146,-0.0014605757078729464
2013-01-08,-0.0004259227770823104,-0.0008206422464143159,0.0013511665793579652,0.000687255646089513,-0.0008206422464143159
2013-01-09,0.002155536481904141,0.001773563960506097,0.0008677042143048208,0.0015486695230735315,0.001773563960506097
2013-01-10,0.004657876139394057,0.003744925886357997,0.001053675915832164,0.0013085813284998693,0.003744925886357997
2013-01-11,-0.0005163815934430271,0.0011863079860876535,0.002483822316527995,0.002937475901190645,0.0011863079860876535
2013-01-14,0.0009950838273149465,-0.0005619481412362237,-0.00022469677968217638,-0.000380873483243227,-0.0005619481412362237
2013-01-15,0.0007807566294133483,0.0013564366634826186,0.0019390951092268516,0.002106484868494851,0.0013564366634826186
2013-01-16,-0.00012040970394544548,0.0004214721978441638,0.0008597323138370694,0.0003409910287630602,0.0004214721978441638
2013-01-17,0.0032643388213555724,0.002196832449073316,-0.001176968529884137,-0.0010230193438267587,0.002196832449073316
2013-01-18,0.0023229297966071982,0.002452282458487165,0.0038567209677187186,0.0031077775854284617,0.002452282458487165
2013-01-22,0.002791108517430363,0.003644721214183244,0.002790269756199004,0.0022899468477139973,0.003644721214183244
2013-01-23,-0.00039271563048637326,0.001171455505984742,0.00046104528212875806,0.00029015511094176993,0.001171455505984742
2013-01-24,-0.0023508326777479382,-0.0004772322549755348,-0.0011374027848869428,-0.001031823273513699,-0.0004772322549755348
2013-01-25,0.000599961943880345,0.0009366417613061451,-0.0031681018138574046,-0.0018515265373233447,0.0009366417613061451
2013-01-28,-0.001538987509288825,-0.0015280974736666675,-0.0016922307349922505,-0.0016323849404484836,-0.0015280974736666675
2013-01-29,0.0029000281000797212,0.0018689394076807364,0.00021878898083937948,0.0002447916131289585,0.0018689394076807364
2013-01-30,-0.0014920223025067791,-0.0022222412061091434,-0.0009974255925380149,-0.002011170532200901,-0.0022222412061091434
2013-01-31,-0.0006544705553914731,-0.0011817424390897502,-1.610316373790166e-05,-0.0013185306083743908,-0.0011817424390897502
2013-02-01,0.004024378167853282,0.004802605327512088,-0.00038694867913635633,0.0010517942532053404,0.004802605327512088
2013-02-04,-0.005642133258464743,-0.0044759701760865855,0.0013212685248031875,-0.0006763850900558532,-0.0044759701760865855
2013-02-05,0.00282028655417621,0.004605654918986568,-0.00042099851246724107,0.0006773835940965256,0.004605654918986568
2013-02-06,0.001632894172125976,0.0016423723236351773,0.003071539527456091,0.0035609995207022127,0.0016423723236351773
2013-02-07,-0.0033916314784232515,-0.0006073026704838114,-0.0012136744329727112,-0.00181213787573975,-0.0006073026704838114
2013-02-08,0.005264221510203004,0.003643403028406711,0.003472153998641536,0.004967097662322173,0.003643403028406711
2013-02-11,-0.001781666861937925,-0.0005314380644910743,-0.0007873095975243771,-0.00021150127104685446,-0.0005314380644910743
2013-02-12,0.0016535263660835131,0.0005790922419726119,0.0003042995791964209,0.0011164799006839754,0.0005790922419726119
2013-02-13,-9.878550310915557e-05,-0.0008705765518861597,-0.0026953719468909565,-0.0024758835903465615,-0.0008705765518861597
2013-02-14,6.79226016204737e-05,0.002243120302277468,0.00312316541519686,0.0027289787181412617,0.002243120302277468
2013-02-15,-0.003348480844223678,-0.0010865089145200013,-0.0015397241523412708,-0.0013490542410790063,-0.0010865089145200013
2013-02-19,0.003260070593573694,0.0038811841500425714,0.0006933879526749287,0.0028233952506724336,0.0038811841500425714
2013-02-20,-0.010256964776219624,-0.006682621337365302,-0.0032508850929197086,-0.005040516016850627,-0.006682621337365302
2013-02-21,-0.00593249187886935,-0.0028680259477210646,-0.0011801196289281668,-0.0019011765212164633,-0.0028680259477210646
2013-02-22,0.006518763189455212,0.006349183997981678,0.003910925800559184,0.006040117962878844,0.006349183997981678
2013-02-25,-0.007935029943997085,-0.008377558481106995,-4.205748335561754e-05,-0.004448749780620265,-0.008377558481106995
2013-02-26,0.003705115254339475,0.0033196924359346625,0.00030595466261540416,0.001997049348038571,0.0033196924359346625
2013-02-27,0.004440205662447072,0.007335787726740817,0.0025215568654679554,0.005402078241789177,0.007335787726740817
2013-02-28,-0.002032189748059743,-0.0006250535986059846,-3.694870052683985e-05,-0.0004979601525481048,-0.0006250535986059846
2013-03-01,0.0012951675971029086,0.0029762970328581773,0.0025752833054666358,0.0032789775079649086,0.0029762970328581773
2013-03-04,0.00025647432945441473,0.0022583562004330204,-0.0002681116632072822,0.0013069751405905272,0.0022583562004330204
2013-03-05,0.007132657066033499,0.00497644875202119,0.0026515823338046918,0.0031026185367575287,0.00497644875202119
2013-03-06,-0.0006322951256306775,-0.00043899968048199955,-0.0033609636492796247,-0.0028880093364961335,-0.00043899968048199955
2013-03-07,0.00019414153475305618,-0.00042474706349215907,-0.0024546798674257575,-0.0032594729410461154,-0.00042474706349215907
2013-03-08,0.0015442080165295469,0.0005808139234402265,-0.0025359626745291575,-0.002024202041457923,0.0005808139234402265
2013-03-11,0.0008831620095783865,0.002494791440791788,0.0014344993865385014,0.001407501568273073,0.002494791440791788
2013-03-12,-0.0008765972806378253,-0.0002942015223234007,0.0016972434627280375,0.0006422431049895039,-0.0002942015223234007
2013-03-13,-0.0016289607979876886,0.0005260699232600974,-0.0004968776349164594,9.176936349297726e-05,0.0005260699232600974
2013-03-14,0.004426588335453063,0.0033501716872410547,0.00202627371436237,0.002439921045492399,0.0033501716872410547
2013-03-15,0.0002902746119597399,0.0005587931765800302,0.0023123041760904073,0.0022328196561105518,0.0005587931765800302
2013-03-18,-0.002761403589134681,-0.0020688568612857727,0.00037727419234512283,-0.000285864776109479,-0.0020688568612857727
2013-03-19,-0.0016558818260230534,-0.0001905220086534376,0.0008956315815757954,0.0004555941807582453,-0.0001905220086534376
2013-03-20,0.002609254173513653,0.0027126948367981463,-0.0010819017055448965,-0.0006748797873235013,0.0027126948367981463
2013-03-21,-0.003807669433028127,-0.004159937983050477,0.0001169105953349181,-0.00037043456320273727,-0.004159937983050477
2013-03-22,0.0037237194511758887,0.005007820723976764,0.0028765980487552856,0.00335254952770514,0.005007820723976764
2013-03-25,-0.0022154385192113546,-0.002240358212691973,-0.0008257111774645498,-0.0007705780037901011,-0.002240358212691973
2013-03-26,0.005362410512133486,0.005251985245705804,0.004105013221905818,0.004459538668492691,0.005251985245705804
2013-03-27,0.0024370141084117947,0.001686990601377003,0.003870423535928369,0.0032855751695060054,0.001686990601377003
2013-03-28,-0.0005246920077264239,0.0010875631943034758,-0.0015153217930404805,-0.00040823042546633825,0.0010875631943034758
2013-04-01,-0.003397018539133767,-0.001318737850785734,0.0018306680312822898,0.0018226983205169578,-0.001318737850785734
2013-04-02,-0.00043801976371438123,0.002176511568334538,-0.0007085920407106094,0.000310337892966972,0.002176511568334538
2013-04-03,-0.006968877511206117,-0.004423473675840617,-0.0007249583727522158,-2.0099592444866587e-06,-0.004423473675840617
2013-04-04,0.004764623464066808,0.004031839658136915,0.006114216330405098,0.007425749050758768,0.004031839658136915
2013-04-05,0.0023321400515559088,-0.001420380970587387,0.004779525251919603,0.004554190355378962,-0.001420380970587387
2013-04-08,0.0021412411297012657,0.0027290516348152938,-0.0003733338224246596,0.00041293211509230154,0.0027290516348152938
2013-04-09,0.0032269193467999724,0.0022173098283915227,0.001060074150941892,0.0006237109094442417,0.0022173098283915227
2013-04-10,0.004301855527187426,0.005670571502245814,-0.0013353878787523144,0.00011818274358987857,0.005670571502245814
2013-04-11,0.0020229539369971405,0.002418589321613318,0.0018494282398981987,0.002621480529509723,0.002418589321613318
2013-04-12,-0.005896438788672298,0.0007270678888131599,0.0030620193551351704,0.004566704663408583,0.0007270678888131599
2013-04-15,-0.024542444602495772,-0.013060497652575331,-0.00816096349206119,-0.007111578255275752,-0.013060497652575331
2013-04-16,0.0105884035363355,0.007637187974011361,0.0030022505360967067,0.003928051855930814,0.007637187974011361
2013-04-17,-0.010516001959757326,-0.008023821960742805,-0.0033420382231549306,-0.0036586217872403015,-0.008023821960742805
2013-04-18,-0.000789237217573957,-0.0035017389373417362,-2.0925108932812186e-05,-0.0011947288722482519,-0.0035017389373417362
2013-04-19,0.007526474081998913,0.004940091100658739,0.0027029011361690003,0.0041908836303348185,0.004940091100658739
2013-04-22,0.004548557790726715,0.0028688865255097618,0.0017422376886819801,0.0012541339667808682,0.0028688865255097618
2013-04-23,0.004386745053890362,0.005897809364010742,0.0014276547126197414,0.002702423544161947,0.005897809364010742
2013-04-24,0.004547504540946212,0.0005643956766880898,0.0019091739090122406,0.0011591377080970577,0.0005643956766880898
2013-04-25,0.005462824670399602,0.0019896643131802616,0.0006036085216500897,-0.0007257588382658664,0.0019896643131802616
2013-04-26,-0.001984495617379345,0.00037187990793996484,0.002027469706360696,0.0020317035329409094,0.00037187990793996484
2013-04-29,0.0073196025244568474,0.0038708251915013925,0.00253316602082565,0.0023719417972829504,0.0038708251915013925
2013-04-30,0.0038400393700444013,0.0013551244445353383,0.0006610283516621518,0.0018512944848831925,0.0013551244445353383
2013-05-01,-0.007848592264965593,-0.003961871803873751,-0.0006805905445734783,-7.228328504549353e-05,-0.003961871803873751
2013-05-02,0.007227391804030203,0.00555127273473488,0.003472842175043178,0.0027395196451180936,0.00555127273473488
2013-05-03,0.0042845926035386395,0.002672150594644096,-0.004541224216090822,-0.0041997528947133045,0.002672150594644096
2013-05-06,0.00161355353021575,0.001023403216819263,4.0281876594772115e-05,8.9540048035186e-05,0.001023403216819263
2013-05-07,0.0006330884783662949,0.002519793269979864,9.479644229282158e-05,0.0006227849073305869,0.002519793269979864
2013-05-08,0.005317343440210953,0.0032360497610322003,0.0024009881032824865,0.002694886779989414,0.0032360497610322003
2013-05-09,-0.004590677429349266,-0.0017839792947725863,-0.0017538250191430071,-0.0027741333179320815,-0.0017839792947725863
2013-05-10,-0.0014685689195899077,-0.0002455795673490524,-0.00364018422753265,-0.002969338148290701,-0.0002455795673490524
2013-05-13,-0.0025362740427681274,-0.00020720207858415662,-0.0020788845910442166,-0.0013920676438953228,-0.00020720207858415662
2013-05-14,0.0017404509569356463,0.004734857192636666,-0.0009387003573504415,-0.000698183013710274,0.004734857192636666
2013-05-15,0.000892079205796481,0.004317766180236715,0.004243745261892862,0.005012907586644744,0.004317766180236715
2013-05-16,-0.00147084573152656,-0.0010412233353459532,0.002236203091548372,0.0014911500849508208,-0.0010412233353459532
2013-05-17,0.0015104755149626392,0.0038222394302891427,-0.001282146331128886,-0.0010432489337811601,0.0038222394302891427
2013-05-20,0.0043349280871893825,-0.0003242130004239563,6.0616014290193476e-05,0.00023742165625750822,-0.0003242130004239563
2013-05-21,-0.000253562692192455,0.0018923565676218779,0.0028784836607862463,0.0036384450395658963,0.0018923565676218779
2013-05-22,-0.011141344107448381,-0.007616729285556678,-0.009842501669431791,-0.011305679624752152,-0.007616729285556678
2013-05-23,-0.0016593159407506386,-0.0013816057178022145,-0.00019766261927922635,-0.0029095648057492207,-0.0013816057178022145
2013-05-24,-0.0029683847395803875,-0.00037411401184817006,-0.00023924945928455177,-0.0008284939369456179,-0.00037411401184817006
2013-05-28,-0.00024654277771940514,-0.0008584402740107189,-0.007755967441319234,-0.00872504657493356,-0.0008584402740107189
2013-05-29,-0.004764213035191811,-0.002452534782320326,0.0002915666944502959,-0.0012233566606076884,-0.002452534782320326
2013-05-30,0.002229977688563478,0.0023090387875703833,9.389785089064517e-05,-0.0003685313638009946,0.0023090387875703833
2013-05-31,-0.012414837807145807,-0.009742696094211967,-0.007422789622751003,-0.010676929590154982,-0.009742696094211967
2013-06-03,0.007933718069882634,0.0038708066392145746,0.004402234383363179,0.004778396751015768,0.0038708066392145746
2013-06-04,-0.006051491257367814,-0.003905363124748873,-0.004300167969834123,-0.004830620765838622,-0.003905363124748873
2013-06-05,-0.00717401243225102,-0.006414044024198318,-0.00013570628265824336,-0.005061604929360586,-0.006414044024198318
2013-06-06,0.0065951414016223175,0.005870271191657395,0.003766825487846237,0.005067329143563448,0.005870271191657395
2013-06-07,-0.0005650093147059332,0.004425427496328238,-0.00267703070341363,0.00159042630124695,0.004425427496328238
2013-06-10,-0.002057069495599695,-0.0009918557133978823,-0.0024583090585408307,-0.0009688175840258939,-0.0009918557133978823
2013-06-11,-0.007636223358520211,-0.005200875922145243,-0.0009426263772130961,-0.003243073320253753,-0.005200875922145243
2013-06-12,-0.006152503178126434,-0.006749000138303596,-0.007280628551643908,-0.008207214652562467,-0.006749000138303596
2013-06-13,0.013299629520561629,0.012124347344289799,0.011780872080694893,0.014019192753584875,0.012124347344289799
2013-06-14,-0.0034832990961418675,-0.0032176868924104207,-0.0013308367204869498,-0.004577841709891173,-0.0032176868924104207
2013-06-17,0.003950506853801272,0.0036472471817310392,0.000572452487642483,0.0035469961607581535,0.0036472471817310392
2013-06-18,0.0034119598777093696,0.004505596927193212,0.0025163285609604014,0.004840560693173845,0.004505596927193212
2013-06-19,-0.015060811158981946,-0.013774865208894926,-0.012286301975644287,-0.013471652091713193,-0.013774865208894926
2013-06-20,-0.030322381568149037,-0.016698293982460255,-0.01619924833847286,-0.020547325224736568,-0.016698293982460255
2013-06-21,0.0007183142555753363,-0.0023585576110822792,-0.0067368279288287924,-0.003939817666707257,-0.0023585576110822792
2013-06-24,-0.008717611123252422,-0.008553758002686762,-0.004448694537388609,-0.007388813857483467,-0.008553758002686762
2013-06-25,0.006299920017464489,0.005261774170889577,0.0011758344124834785,0.003786369655695454,0.005261774170889577
2013-06-26,0.002544542364920188,0.007550337652742378,0.005981257579302346,0.006973204386033327,0.007550337652742378
2013-06-27,0.007305302507615741,0.005677362514378226,0.006369159650725376,0.007906701640093106,0.005677362514378226
2013-06-28,0.0016763852386667555,-0.0029279225426612765,-0.000992639767894099,-0.004881783371112114,-0.0029279225426612765
2013-07-01,0.006464100677441964,0.0036645742214738153,0.0029769838479096755,0.009700329280195374,0.0036645742214738153
2013-07-02,-0.0014608116658290093,-0.00040228521681373586,0.00014911344799073412,-0.0010415961914033156,-0.00040228521681373586
2013-07-03,0.00012032729080635463,-0.0005197014045142945,-0.0003010283592301821,0.000799876507016295,-0.0005197014045142945
2013-07-05,-0.004944308618419657,-0.00023263995219569011,-0.010194204428568887,0.00847893530700472,-0.00023263995219569011
2013-07-08,0.005193107052176016,0.005769572089682207,0.006454940816680965,0.005082360758515758,0.005769572089682207
2013-07-09,0.007368152389839899,0.005032059457035221,0.003753371346445711,0.007288463815036783,0.005032059457035221
2013-07-10,-0.0001999605902018864,-0.0011697433933639534,-0.0024375907627541826,0.0011228282961726066,-0.0011697433933639534
2013-07-11,0.019769599969682305,0.012210663242118835,0.010946652804398882,0.013507422809603487,0.012210663242118835
2013-07-12,-0.0015140815607530556,-5.009615207951512e-05,6.451736658164009e-05,0.0003404969072728914,-5.009615207951512e-05
2013-07-15,0.004149177757400535,0.003556590106239099,0.003152947235889103,0.005955522410812097,0.003556590106239099
2013-07-16,0.00045473796466577454,-0.0020991890575703387,-0.00023286645052567057,-0.00354018585186211,-0.0020991890575703387
2013-07-17,0.0017004782805363217,0.0032831500766818955,0.0028083889702532616,0.003338700306702025,0.0032831500766818955
2013-07-18,0.0006591701479139456,0.0015131811362776304,-0.0020306595809581607,0.0049483273651105275,0.0015131811362776304
2013-07-19,0.0018615183190506812,0.003213337872080224,0.005735578826511656,0.001857440288048906,0.003213337872080224
2013-07-22,0.0057051609499250144,0.0011543439500518726,0.0007742211701136092,0.0021048087513835245,0.0011543439500518726
2013-07-23,0.000512582380872928,-0.0017524028657174284,-0.0017629128522884674,-0.0010623962619326077,-0.0017524028657174284
2013-07-24,-0.008471962444301817,-0.004854308191279522,-0.007003329316810136,-0.005694621417591139,-0.004854308191279522
2013-07-25,0.0037320031578726987,0.002060065899868846,0.0011621192304640537,0.005025653200699365,0.002060065899868846
2013-07-26,-0.0003992540376327458,0.00099428705092941,0.0011925033420940867,-0.0016557935222191178,0.00099428705092941
2013-07-29,-0.005357512594262981,-0.0026795664153561605,-0.0031891488604759433,-0.0051215288280713755,-0.0026795664153561605
2013-07-30,-0.0006031245817730291,-0.00011441206393469905,-0.0005430521278720901,0.0003073237681772145,-0.00011441206393469905
2013-07-31,-0.00057642531987534,0.0006777091424137183,0.0020070262158895513,0.001222358246764088,0.0006777091424137183
2013-08-01,0.0026893871087894095,0.003404602991845973,-0.0028668394804695074,0.012321178196403215,0.003404602991845973
2013-08-02,0.002489822422628407,0.004393183722764427,0.005008662968785993,0.0026630821527717785,0.004393183722764427
2013-08-05,-0.002745865787924129,-0.0021286411616155965,-0.003629892091960407,0.00034058907040779296,-0.0021286411616155965
2013-08-06,-0.005808009720069007,-0.0033131606363819843,-0.0023570628427772577,-0.006550675440941012,-0.0033131606363819843
2013-08-07,-0.0024282520904370664,-0.000502137410679504,0.000656562520375159,-0.004846046757307265,-0.000502137410679504
2013-08-08,0.007211844179322302,0.0027891667513670892,0.0028740540161706907,0.0047773907051331665,0.0027891667513670892
2013-08-09,0.0013563187285121625,-0.0014614177679425078,0.000757844053616008,-0.0012336070607857907,-0.0014614177679425078
2013-08-12,0.0027077159500317194,-0.0014914557023126829,-0.0002877772489119357,0.0010950057861676132,-0.0014914557023126829
2013-08-13,-0.002780460188958833,-0.001831849017112419,-0.005031862971349388,0.0016345677117024504,-0.001831849017112419
2013-08-14,0.0007519484624969319,-0.0027410459694126033,0.0003805770538773956,-0.0035008710282887767,-0.0027410459694126033
2013-08-15,-0.007549647186852471,-0.010623322964581239,-0.0068501293482451375,-0.014605586379294877,-0.010623322964581239
2013-08-16,-0.003767081765274405,-0.0035350038449372123,-0.00293740041550683,-0.002736445481515748,-0.0035350038449372123
2013-08-19,-0.007506856439728926,-0.0055527666704097145,-0.005013983971589031,-0.007969773026379023,-0.0055527666704097145
2013-08-20,0.005555917639624042,0.005116059822306118,0.004430640685232579,0.007528350863457156,0.005116059822306118
2013-08-21,-0.007415510415375803,-0.006210333708851046,-0.006103910607609397,-0.007160793599435555,-0.006210333708851046
2013-08-22,0.008029490206529655,0.005302827044534553,0.004072897204408843,0.011023937668016348,0.005302827044534553
2013-08-23,0.008375795924095764,0.004269194578810032,0.006185940160022607,0.004051395138379155,0.004269194578810032
2013-08-26,-0.0006994876567425479,-0.0014400089062835963,0.0014438659175830537,-0.0027387685952490193,-0.0014400089062835963
2013-08-27,-0.006619949302075323,-0.007372854421065167,0.0011298268647452758,-0.01876477688025069,-0.007372854421065167
2013-08-28,-0.0006469145936286447,0.0004636151674717315,-0.0016400545876892325,0.0019027240710607352,0.0004636151674717315
2013-08-29,0.0017277261345807204,0.0013477247983819662,0.00043230428546348065,0.004337450777205154,0.0013477247983819662
2013-08-30,-0.005380162503462738,-0.0026627348182030053,-0.0024303844316675427,-0.0100177933554767,-0.0026627348182030053
2013-09-03,0.0032522358274775787,0.0004396281362883947,-0.0020784511306064513,0.008359484116506666,0.0004396281362883947
2013-09-04,0.0036230087561162083,0.003664600330023582,-0.0008439465393812462,0.008622216498804569,0.003664600330023582
2013-09-05,-0.003609897672893103,-0.002255479905844071,-0.005055625034706246,0.000965864202068456,-0.002255479905844071
2013-09-06,0.007142282317552651,0.0026834929779819827,0.004276861667570353,0.002376126143985635,0.0026834929779819827
2013-09-09,0.009321053024115011,0.006595285359919378,0.0024523581987050402,0.012628483998565754,0.006595285359919378
2013-09-10,0.0005285451150895959,0.00267732866000836,-0.002373029346315003,0.009148667866377691,0.00267732866000836
2013-09-11,0.0028707968103902637,0.0038843695201682404,0.004332254744998876,0.0021521370953831997,0.0038843695201682404
2013-09-12,-0.006122232318794385,-0.0015808054730581667,-3.288265541856461e-06,-0.005140703119948853,-0.0015808054730581667
2013-09-13,0.0026525365605205575,0.0018811669544049892,0.0011388567222967438,0.0040447573323803,0.0018811669544049892
2013-09-16,0.0009092776155859017,0.004389818556565617,-0.0007537820283110008,0.0047661561928571405,0.004389818556565617
2013-09-17,0.0019342124928971582,0.0035048027699191575,0.0014480933811062968,0.005840817369728635,0.0035048027699191575
2013-09-18,0.022562619819911367,0.011895664283917196,0.01377961940151784,0.013814027876398072,0.011895664283917196
2013-09-19,-0.002647228329641149,-0.0023696505617273322,-0.0032843172751392258,-0.002052142119056688,-0.0023696505617273322
2013-09-20,-0.009264905759349129,-0.0038870316090481305,-0.002428589242255419,-0.005717561803773363,-0.0038870316090481305
2013-09-23,-0.0009185525285421159,-0.0013491140157462223,-2.281733922682161e-05,-0.0018671350642819329,-0.0013491140157462223
2013-09-24,-0.00031249324421311897,4.52870110723147e-06,0.0022872548095063117,7.172341969030605e-05,4.52870110723147e-06
2013-09-25,0.00021896358114403824,-0.0006661872094096966,0.0008331064306339453,-0.0016713666475648425,-0.0006661872094096966
2013-09-26,0.0023425771133740447,0.0014714211806017286,0.0006121184404030977,0.004597551164717162,0.0014714211806017286
2013-09-27,-0.0023623750598712467,-0.0022430281104545147,-0.0012219800651953605,-0.004340562446573104,-0.0022430281104545147
2013-09-30,-0.004716626519909006,-0.0025391958777443158,-0.0018174913322971387,-0.003693633290645426,-0.0025391958777443158
2013-10-01,0.0029394268498712517,0.00384207317801466,-0.00022842535362421756,0.008722174932107585,0.00384207317801466
2013-10-02,0.003165789771438998,0.00010005812146052229,0.002331078864959757,-0.0020400227084932387,0.00010005812146052229
2013-10-03,-0.00599937967808295,-0.004984539058092263,-0.0025839583329454463,-0.008924231524088055,-0.004984539058092263
2013-10-04,0.003095952058451479,0.0034234076846131334,0.001488869815222671,0.005830796430451146,0.0034234076846131334
2013-10-07,-0.002277336305641753,-0.004833558692343032,-0.0003028991739755238,-0.010311302997803362,-0.004833558692343032
2013-10-08,-0.007378178454893636,-0.007159211601437621,-0.0028716136826717475,-0.012430763000337186,-0.007159211601437621
2013-10-09,-0.0021750733040261094,-0.00028418553012021786,-0.002954261642643896,-0.00022620718058929956,-0.00028418553012021786
2013-10-10,0.013121487547623989,0.011965282377821351,0.007669792364351835,0.02161448176828218,0.011965282377821351
2013-10-11,0.0031506773213632044,0.004464069128852888,0.001430325468449123,0.009359234796493254,0.004464069128852888
2013-10-14,0.001627339603150535,0.0010750357381155151,-0.0013483517217220964,0.004249856874234403,0.0010750357381155151
2013-10-15,-0.0036756835313855873,-0.004304515026729794,-0.002688842238476652,-0.007623044870640694,-0.004304515026729794
2013-10-16,0.009593204746650708,0.01033750910352138,0.008989322665839072,0.011616357883903916,0.01033750910352138
2013-10-17,0.009544547944384751,0.006295178305308458,0.004466787776072678,0.009253999107358135,0.006295178305308458
2013-10-18,0.004397760815626706,0.004124213844895364,0.0033597701847323247,0.008407462739997928,0.004124213844895364
2013-10-21,-0.0011079930014674666,-0.00023482441692679323,-0.0010829204145308413,-0.0003789266922633594,-0.00023482441692679323
2013-10-22,0.007383757415625913,0.006245108006310174,0.005726187725201504,0.005630027963247519,0.006245108006310174
2013-10-23,-0.006058893994740799,-0.0022151849474885132,-0.0028519391408923234,-0.005524197122890873,-0.0022151849474885132
2013-10-24,0.0021425442476352696,0.0012045740007331496,-0.000317286356647295,0.005095201643668501,0.0012045740007331496
2013-10-25,0.003979444971725865,0.0034570855570303927,0.003089871197125449,0.0011263985251190878,0.0034570855570303927
2013-10-28,-0.00016094838620883678,0.000583615417545813,0.0002657103214807055,-8.635691223091158e-05,0.000583615417545813
2013-10-29,0.00035317044482563453,0.0037733074960601964,0.0017725437815936385,0.0034993874702760053,0.0037733074960601964
2013-10-30,-0.004447473887946973,-0.004046648962483412,-0.002752401954333683,-0.008086439775803922,-0.004046648962483412
2013-10-31,-0.0054686234283358726,-0.0021836232170903136,-0.002751250189468757,-0.004473939344346478,-0.0021836232170903136
2013-11-01,-0.0035843991475482673,-0.0007883417693053119,-0.00564941309164102,-0.0008021438542211712,-0.0007883417693053119
2013-11-04,0.002691190002958699,0.0028974757514552696,0.0009000666742973173,0.006337637423971643,0.0028974757514552696
2013-11-05,-0.007201129124579597,-0.0036976687712453327,-0.004664787077138244,-0.002602420661578675,-0.0036976687712453327
2013-11-06,0.0020246179141667486,0.004286370519267058,0.0026278570628295306,0.00043651151257262377,0.004286370519267058
2013-11-07,-0.00990543551755041,-0.006569095936062697,-0.0027891352454985086,-0.015499624636151732,-0.006569095936062697
2013-11-08,-0.000936501077380969,0.003575640226773924,-0.0031086290647633907,0.015222569251382545,0.003575640226773924
2013-11-11,-0.000497350944162589,-9.301074716749902e-05,0.00017721864722353153,0.00036542368310854556,-9.301074716749902e-05
2013-11-12,-0.002692797814770831,-0.0015796649540478214,-0.001534307061699658,-0.0002610407604766163,-0.0015796649540478214
2013-11-13,0.005705483540447975,0.006495735535513303,0.0052945444664058705,0.009311217482085077,0.006495735535513303
2013-11-14,0.00609979972379926,0.004926136080781962,0.004891764584027403,0.002251392501069649,0.004926136080781962
2013-11-15,0.004077555805126476,0.0023263606091641353,0.0007199388170602283,0.0037514238452021065,0.0023263606091641353
2013-11-18,-0.0026111468779645985,-0.0007350532753748196,-0.00027991276269268006,-0.005988746521220167,-0.0007350532753748196
2013-11-19,-0.003949170191208551,-0.002783064358456544,-0.0034162949316892677,-0.0039021250388776574,-0.002783064358456544
2013-11-20,-0.008253942683154492,-0.004062281171651305,-0.005105398596325528,-0.001968917041803353,-0.004062281171651305
2013-11-21,0.006376969176378866,0.005241625406243067,0.005357819637580086,0.012369536847377738,0.005241625406243067
2013-11-22,0.003704137202641844,0.004162547221371549,0.004345286509639168,0.005011163337552027,0.004162547221371549
2013-11-25,-0.0010968824565199542,-0.00029771186867022514,0.0002911392021667236,0.0004796033962624069,-0.00029771186867022514
2013-11-26,0.0013774283312382174,0.0010159384245571612,0.0015027211798694928,0.004022729919649803,0.0010159384245571612
2013-11-27,0.0025772576899445454,0.0005942192102219579,-0.00032710693055737483,0.0045224047962411085,0.0005942192102219579
2013-11-29,0.0018260591698360251,-0.0006506743427023842,-0.0002636753848416218,0.0011065465604991331,-0.0006506743427023842
2013-12-02,-0.008916594014996782,-0.0032757910088903053,-0.0035667072994406412,-0.005637213292205678,-0.0032757910088903053
2013-12-03,-0.0007726508013745637,-0.0018824751827339892,0.0013697430092050045,-0.0038080297397311558,-0.0018824751827339892
2013-12-04,-9.65832432253677e-07,-0.0018885563236991088,-0.0024597709610154617,-0.000922126624152253,-0.0018885563236991088
2013-12-05,-0.0033369239818413776,-0.0036289802031154172,-0.0026296817527097227,-0.0017365182970515702,-0.0036289802031154172
2013-12-06,0.007899713347045312,0.007059133696093012,0.004525433231954423,0.009038195246652059,0.007059133696093012
2013-12-09,0.002142202047746622,0.0020051869062482908,0.0007157864789006929,0.001734976328611415,0.0020051869062482908
2013-12-10,0.0014931616655826652,-0.0005007156522945921,0.002282787204951342,-0.005174060776820699,-0.0005007156522945921
2013-12-11,-0.011429414519098069,-0.008283548874128077,-0.005499797529007311,-0.013614205788019529,-0.008283548874128077
2013-12-12,-0.006019441660636948,-0.0031310801197644844,-0.004483650105068904,-0.000992036068632296,-0.0031310801197644844
2013-12-13,0.00177610345152579,0.0005319202643143672,0.0002128481224250578,0.0009865032459999146,0.0005319202643143672
2013-12-16,0.004215289567799596,0.003528226880125107,0.0017177175903009267,0.008331390044833853,0.003528226880125107
2013-12-17,-0.0020910508561482466,-0.0006343138135380677,-6.58823553187915e-05,-0.0022459959156172493,-0.0006343138135380677
2013-12-18,0.007960011648419973,0.008700881421563444,0.002735369638959595,0.014644111531391113,0.008700881421563444
2013-12-19,-0.00699169012753087,-0.0023548417477279315,-0.0016372840633376295,-0.003982754080318673,-0.0023548417477279315
2013-12-20,0.007942942283555077,0.004739893814396545,0.006423906427329484,0.01107653383662388,0.004739893814396545
2013-12-23,0.0035139224307341177,0.0019698984314913126,-0.00024859412868993847,0.008776899143834838,0.0019698984314913126
2013-12-24,0.0011006978597083439,-0.00020292385388664957,-0.0012260544586113475,0.002496332751851904,-0.00020292385388664957
2013-12-26,0.0008771754487333361,0.0027531828750393395,0.0008999017902264761,0.002728993939715707,0.0027531828750393395
2013-12-27,0.0021754884243574413,-0.0002686874822873664,-6.854898336283721e-05,-0.0007705794363482843,-0.0002686874822873664
2013-12-30,-0.0004341567100085708,0.0009604304080794712,0.0004587100581394665,-0.000607006270792243,0.0009604304080794712
2013-12-31,0.0013415838355728127,0.0010164340673350925,-0.0015980309279698401,0.0045716061523537466,0.0010164340673350925
2014-01-02,-0.007591245285988979,-0.0042084479564754584,-0.003866242367467243,-0.009136802868256688,-0.0042084479564754584
2014-01-03,0.0006969184499205916,-0.0003395784967106241,-0.0019977736948909586,-0.0019491969978172596,-0.0003395784967106241
2014-01-06,-0.0009964022629819214,-0.0006086241771472434,0.00108121863332733,-0.0042603286657793005,-0.0006086241771472434
2014-01-07,0.003530388140192242,0.004315581125938772,0.0024558983163269765,0.007831216166332977,0.004315581125938772
2014-01-08,-0.002780430405700751,-0.0018351803262348643,-0.00430449899260521,0.0012205675413414774,-0.0018351803262348643
2014-01-09,-0.00046175503563483655,0.0014370076206564608,-9.278190502381989e-05,-0.0010156130307977795,0.0014370076206564608
2014-01-10,0.00939494928880813,0.005004252108850249,0.006903226340166713,0.0034730558634117337,0.005004252108850249
2014-01-13,-0.005449933464283352,-0.006801310973069796,-0.0018918389606855657,-0.013967176160423755,-0.006801310973069796
2014-01-14,0.0049222455208721705,0.004948316190553026,0.0010695643732177018,0.014434917705745232,0.004948316190553026
2014-01-15,0.0031423421099330273,0.002862129803898883,0.0016615600588529844,0.0069353548110044905,0.002862129803898883
2014-01-16,0.0005298719523731954,0.0003381390469983092,0.0012279438189468639,-0.0002312995022620834,0.0003381390469983092
2014-01-17,-0.0009543085816680064,-0.0015735046692929577,0.0005430058039594954,-0.004661214426067928,-0.0015735046692929577
2014-01-21,0.0020428965344505556,0.0013151718221837694,0.001124455531672508,0.00542304432173446,0.0013151718221837694
2014-01-22,0.0020411694369650846,-0.0007272764188709369,-7.907788067995636e-05,0.0023187545969625134,-0.0007272764188709369
2014-01-23,-0.0008385724361262836,-0.0021891833483758116,0.002183607842932034,-0.005965689046907641,-0.0021891833483758116
2014-01-24,-0.01155315304418103,-0.011052289565588236,-0.0029783612599441067,-0.021503066608422272,-0.011052289565588236
2014-01-27,-0.007358395044759214,-0.0041508530997803605,-0.004991819915592721,-0.008790024883978287,-0.0041508530997803605
2014-01-28,0.004720184513520964,0.004112442365822755,0.0032252513583412856,0.004234923637469912,0.004112442365822755
2014-01-29,-0.0038200839426102418,-0.0037189338942681394,0.00021071347842260835,-0.011018579309982068,-0.0037189338942681394
2014-01-30,0.004046931962818023,0.005804758297040191,0.0013230750509898304,0.014628017912781566,0.005804758297040191
2014-01-31,-0.001424152477846996,-0.001967452233902822,0.0005971219873972533,-0.004757306239102976,-0.001967452233902822
2014-02-03,-0.011288357719753339,-0.011263424893980023,-0.0023082636306984705,-0.023798729284063347,-0.011263424893980023
2014-02-04,0.005569362516939291,0.002903921875886395,0.001137943960933585,0.006673287721140175,0.002903921875886395
2014-02-05,-0.0023397292736809794,-0.0022151386331200618,-0.0023854425577739535,-0.0036681629556120088,-0.0022151386331200618
2014-02-06,0.007649663348955338,0.007074414842789478,0.003052475620121786,0.011068132761055782,0.007074414842789478
2014-02-07,0.009037772563691204,0.008473983341961366,0.007230642138251975,0.013926377577453408,0.008473983341961366
2014-02-10,0.0008933891382403303,0.001297389549647976,-0.00016279546830666458,0.0036398619659738785,0.001297389549647976
2014-02-11,0.007943398174841798,0.004804883910060731,0.0016662426001698982,0.010056453754948791,0.004804883910060731
2014-02-12,0.00039614401198995175,-0.0006370270368921682,-0.0008506165616294359,0.00175912344237239,-0.0006370270368921682
2014-02-13,0.005739365978926214,0.004992974190042299,0.005207686197485906,0.008018274945121417,0.004992974190042299
2014-02-14,0.004593719113037853,0.0030646454050278216,0.0019240312407768911,0.002883335620450733,0.0030646454050278216
2014-02-18,0.0041543767514151675,0.0016917729444545504,0.005037493750622124,0.0050903833222246675,0.0016917729444545504
2014-02-19,-0.005026421362481548,-0.004783107868943426,-0.0023352161453934484,-0.007574338173539141,-0.004783107868943426
2014-02-20,0.0035435635171272573,0.0031409048123625105,0.001264155754863161,0.006391907170531397,0.0031409048123625105
2014-02-21,0.0015321221741499969,-0.000189005232741013,0.00012093485774578028,8.33486392202154e-05,-0.000189005232741013
2014-02-24,0.004165297975337046,0.002972975558672708,0.0017880039099507083,0.00566949136762851,0.002972975558672708
2014-02-25,-0.00019412280322572695,0.001120088277701603,0.0010843492271410682,-1.319201602034692e-05,0.001120088277701603
2014-02-26,0.00013457376205550098,0.0011892165847373626,0.0010690673037376808,0.0014277325756371084,0.0011892165847373626
2014-02-27,0.0040740542306838545,0.003639590492835687,0.0017525046108093356,0.005807210301953525,0.003639590492835687
2014-02-28,9.373780895272077e-06,0.0011146413208540373,0.0009842272514650752,-0.0002552140258492708,0.0011146413208540373
2014-03-03,-0.0011784929908854602,-0.002251122161938679,0.0040487058392890685,-0.0063896771829745624,-0.002251122161938679
2014-03-04,0.0062921966776208205,0.005315585590476513,-0.0020574639243386983,0.014174657010384006,0.005315585590476513
2014-03-05,-0.00019355730820280748,0.0009745697822256538,-0.0009769364030837169,0.0014463399297224289,0.0009745697822256538
2014-03-06,0.00221761269223153,-0.00032845822504190547,-0.0001893415225315831,0.00016680737954999358,-0.00032845822504190547
2014-03-07,-0.005730043772102067,-0.0014535050485142698,-0.0035048749963397796,-0.0020911158852735534,-0.0014535050485142698
2014-03-10,-0.0026987071398367757,0.00010640824110863534,-0.0014537801523143434,-0.0003534275341199322,0.00010640824110863534
2014-03-11,-0.002227663212757025,-0.0026030788266273586,-0.0005117894606937456,-0.005289881121498086,-0.0026030788266273586
2014-03-12,0.0031364688433825894,0.0017223925150733344,0.0018862327415731794,0.0023634579510205533,0.0017223925150733344
2014-03-13,-0.005974504687497828,-0.0044255439709463,-0.000243815732193009,-0.011502699235163893,-0.0044255439709463
2014-03-14,0.0013068278846077863,-0.0016432830030604917,0.0004530358569760917,-0.003163596697225657,-0.0016432830030604917
2014-03-17,0.0014211098330401128,0.003804163508317693,-0.0026741651740357364,0.007551300668117822,0.003804163508317693
2014-03-18,0.005964110509427023,0.0052693357963349285,0.004536734607607507,0.010168025744473841,0.0052693357963349285
2014-03-19,-0.010659691483419276,-0.00690136877228642,-0.006058074402675806,-0.0056480112517599546,-0.00690136877228642
2014-03-20,0.0004340440880006291,0.0036027224524277646,0.0002575526432129216,0.003600083254064579,0.0036027224524277646
2014-03-21,0.0010830396910288531,-0.0016058835743183453,0.0008654194920445502,-0.006683454248169962,-0.0016058835743183453
2014-03-24,-0.0029676617047692533,-0.0023392828680270927,-0.0003499977357691586,-0.006711692873438313,-0.0023392828680270927
2014-03-25,0.004305564777814297,0.002624502471792134,0.002039267060984118,0.003030830194387546,0.002624502471792134
2014-03-26,-0.004490996364007738,-0.002664235803817805,0.0003447563879317439,-0.010786925681833148,-0.002664235803817805
2014-03-27,0.002302031077424882,-0.0008756302003012362,0.0023451367434210724,-0.0032721232109128584,-0.0008756302003012362
2014-03-28,0.0018420807247039317,0.0015492166868622537,-0.0007699080712247897,0.0023973615039101226,0.0015492166868622537
2014-03-31,0.004247278924469189,0.004951548885458346,0.0017347016179420915,0.007192142885792396,0.004951548885458346
2014-04-01,0.0035791150982187325,0.003168081504820508,-0.0024174278040498542,0.009827278618667723,0.003168081504820508
2014-04-02,0.00105131505708278,0.0003018283488862572,-0.001980683374694703,0.002115831682511171,0.0003018283488862572
2014-04-03,-0.0018925944332548461,-0.0005284591762774182,0.0020106739411223096,-0.0041132894795583574,-0.0005284591762774182
2014-04-04,-0.0034473804660103413,-0.0047333363407114915,0.0005624169603499762,-0.016645181417180854,-0.0047333363407114915
2014-04-07,-0.0031381355997665006,-0.005699976097842896,-0.0018456225151405325,-0.008773900280210967,-0.005699976097842896
2014-04-08,0.006223908522221544,0.0030178429144831487,0.004645594915956064,0.006193539574181228,0.0030178429144831487
2014-04-09,0.005911455281576661,0.006315814153331267,0.0029831522425634027,0.011785889319853027,0.006315814153331267
2014-04-10,-0.009926098954442075,-0.010944129301780348,-0.003135243795842957,-0.022176595551740785,-0.010944129301780348
2014-04-11,-0.004085632811270612,-0.00452941876969104,-0.0017712597305064026,-0.00843941006706872,-0.00452941876969104
2014-04-14,0.003987154278991767,0.004030636663340026,0.0032099535659397826,0.006182845402610049,0.004030636663340026
2014-04-15,-0.00045490745867105,0.0045704942723525654,0.00302118147231889,0.005140419271248975,0.0045704942723525654
2014-04-16,0.0067461145843121795,0.005613814579726872,0.0027651461410245215,0.01052599742700533,0.005613814579726872
2014-04-17,-0.0005797004943474127,-0.0014362997585762871,-0.0025998074828896822,-0.00022344350503911148,-0.0014362997585762871
2014-04-21,0.0007690796034411918,0.00201592057822908,9.479429856007471e-05,0.004648841423300354,0.00201592057822908
2014-04-22,0.0025216846524342973,0.002576362543725841,0.0014242379446161024,0.006244456269937304,0.002576362543725841
2014-04-23,-0.0023733697743308912,-0.0003954268414022577,0.0006507879174391107,-0.004315090252557052,-0.0003954268414022577
2014-04-24,0.0028081109052118247,0.0011019161396890187,0.0022097993950342953,0.004619376224774818,0.0011019161396890187
2014-04-25,-0.005824998291190986,-0.004389248532889245,-0.0026438231533186807,-0.01096416580909132,-0.004389248532889245
2014-04-28,0.00024552260093591016,0.0013115356869897177,-0.0010435647215354393,0.0015091330249941137,0.0013115356869897177
2014-04-29,0.003375296968409325,0.003148991212134078,0.0021367686133382247,0.005096965210168003,0.003148991212134078
2014-04-30,0.0014180892426540748,0.0028448121275979066,0.0007085795774575132,0.0033396934423219893,0.0028448121275979066
2014-05-01,0.0013737519528507214,0.0012150035078128951,0.00012451864318041572,0.0011595851847854277,0.0012150035078128951
2014-05-02,0.002158894086874419,-0.00027251956491802787,0.0014034921498762287,-0.0011425672579438162,-0.00027251956491802787
2014-05-05,0.00019819436616774766,0.0009111607208405204,-0.0008110847592696091,0.0026169393216672887,0.0009111607208405204
2014-05-06,-0.0034661951313722517,-0.004747265736073203,-0.0012851861916107765,-0.011923706276630197,-0.004747265736073203
2014-05-07,0.000750495470385637,0.003829590117051973,0.0021966229750878252,0.0013297853309282015,0.003829590117051973
2014-05-08,-0.0018128426302261857,-0.0002062641708556745,-0.0009753576288565879,-0.0028012374153939534,-0.0002062641708556745
2014-05-09,0.00021742469966956612,0.0005783064525310966,-0.0014481821408182105,0.0038909498565515843,0.0005783064525310966
2014-05-12,0.007750412677422158,0.004768343890516835,0.0017466272600332733,0.015007283348610123,0.004768343890516835
2014-05-13,0.00048157393323333686,0.0020958148099676777,0.0036765463269747833,-0.001324872525406695,0.0020958148099676777
2014-05-14,0.0009109014810466665,-0.0010194324702682556,0.002644258971879365,-0.007209102976169723,-0.0010194324702682556
2014-05-15,-0.004019511406770593,-0.0038132993319383024,-0.0017211927821926265,-0.008009776592771356,-0.0038132993319383024
2014-05-16,0.0034988737814041215,0.0012055876508278995,0.00010051903416052888,0.005267926364662223,0.0012055876508278995
2014-05-19,0.000603903893617419,0.0016819082095906879,-0.00035768420137860524,0.006389889399688542,0.0016819082095906879
2014-05-20,-0.0034811185688125024,-0.0026009385134345697,0.00020748869684505955,-0.006996628304840269,-0.0026009385134345697
2014-05-21,0.002360552613321465,0.00439258459479519,0.0015312229376744924,0.008232239262574659,0.00439258459479519
2014-05-22,0.002420178952851293,0.0010267875789320424,0.0002855442887967907,0.004782516713871976,0.0010267875789320424
2014-05-23,0.004006020684580225,0.0032155216754223837,0.0028919284296484715,0.00669359437490491,0.0032155216754223837
2014-05-27,0.0015556248918919824,0.0037992779213205097,0.00010593077534548634,0.010327682850614472,0.0037992779213205097
2014-05-28,3.7458532565759484e-05,0.0017576533486873824,0.0031341582994075523,-0.002567399247353719,0.0017576533486873824
2014-05-29,0.0017667846116677932,0.002599237490562567,0.0005048779382459401,0.005309359943823644,0.002599237490562567
2014-05-30,-0.0024945222447129156,0.0006579528830765735,-0.0019837414906257456,0.00013775050663333843,0.0006579528830765735
2014-06-02,-0.0016320765125864556,-0.0011420558552033278,-0.00245423942518741,-0.0015551504359370139,-0.0011420558552033278
2014-06-03,-0.0016244148861945806,-0.00231502391280225,-0.003334911991720424,-0.0030093444491239296,-0.00231502391280225
2014-06-04,3.0013258285332967e-06,0.0009110732910617703,-0.0005119050613668907,0.0022212209991054888,0.0009110732910617703
2014-06-05,0.008264930804054993,0.0045156283954659315,0.002617509795873385,0.005996780945803026,0.0045156283954659315
2014-06-06,0.003440596844746846,0.0025860603204861388,0.0020503392260213804,0.004163290763372185,0.0025860603204861388
2014-06-09,0.00012648032628459482,4.6248656015102085e-05,0.000675508940415126,-0.00020802723532320488,4.6248656015102085e-05
2014-06-10,-0.0006380421831282401,-0.0006278647381618985,-0.0016586498247819215,-3.4909742015032386e-05,-0.0006278647381618985
2014-06-11,-0.0019285399525895697,-0.0015742160533350757,-0.0009129287242104489,-0.0010591877029660912,-0.0015742160533350757
2014-06-12,0.0007024967705115959,-0.002755966746046501,0.004149240131628762,-0.004532082718570751,-0.002755966746046501
2014-06-13,0.0011672735002457024,0.0010700088207102887,-3.031842485590186e-05,0.0022425261733765023,0.0010700088207102887
2014-06-16,-0.00017574725984104145,0.000498489818600012,0.0012183163685870468,0.0011948100383956106,0.000498489818600012
2014-06-17,6.818533945107674e-05,2.852470595238188e-05,-0.0012793989577299936,-0.0003841935880303238,2.852470595238188e-05
2014-06-18,0.006668131038094494,0.0065269964190202145,0.005692059362788715,0.006726741794546243,0.0065269964190202145
2014-06-19,0.0038991109468451413,-0.00031236611467988507,0.0008765929607323919,-0.002518067089950393,-0.00031236611467988507
2014-06-20,0.0012984643966467146,0.0016923350337936238,0.0020741986295473858,0.0028381767682925663,0.0016923350337936238
2014-06-23,-0.0015513899918458973,-0.00045286545274714207,-0.001590110618380769,-0.0006864352156252806,-0.00045286545274714207
2014-06-24,-0.0007635937228023248,-0.002061830781395657,0.0012673550266451006,-0.0006184155576413053,-0.002061830781395657
2014-06-25,0.0024300497264222454,0.003120531858585185,0.002161312898054435,0.004853127337949736,0.003120531858585185
2014-06-26,7.201610356943888e-07,0.0005944098491978966,0.00013286557937841614,0.0009452039165656068,0.0005944098491978966
2014-06-27,0.001979927655381797,0.0011778830502315873,-0.00010344742502010895,0.002204492598997909,0.0011778830502315873
2014-06-30,0.0008905318826879505,-9.813259507329697e-06,-0.0012375348123134788,0.0015461154097475838,-9.813259507329697e-06
2014-07-01,0.00341028355007289,0.0027051958929393827,-0.0007069572019292591,0.003751134074108986,0.0027051958929393827
2014-07-02,-0.001247907641545809,-0.0010106053779384006,-0.002508604701329631,-0.0017694654490302275,-0.0010106053779384006
2014-07-03,0.0008044407253078312,0.002155278243797021,-0.00010465336859655228,0.002605840190288422,0.002155278243797021
2014-07-07,-0.0028926322016472605,-0.0011417397656855455,-0.0015263091528766592,-0.0005578437843625217,-0.0011417397656855455
2014-07-08,-0.002968193143928155,-0.0020657076460153245,5.325916788101459e-05,-0.003784316879446248,-0.0020657076460153245
2014-07-09,0.0024206768111780796,0.0027715733036330903,-0.00027236114993123284,0.004628441750570866,0.0027715733036330903
2014-07-10,-0.002025911823684612,-0.0015327864203898978,0.00011005790347007327,-0.0018223834583207532,-0.0015327864203898978
2014-07-11,0.0007503896844414104,0.0014829373152600578,-0.0006778092066178631,0.004514535374881223,0.0014829373152600578
2014-07-14,0.0009260425330541722,0.0021356552595008793,0.0012022109663516467,0.0010451714112360566,0.0021356552595008793
2014-07-15,-0.0038870042434837604,-0.001474075691046406,-0.0032776089542695397,-0.003198652461078977,-0.001474075691046406
2014-07-16,0.0028880315309589566,0.0028062690880359398,0.0023865327190122354,0.004168484252441873,0.0028062690880359398
2014-07-17,-0.003963393344418864,-0.0045396899744196695,0.0004534251473935491,-0.003947609433121668,-0.0045396899744196695
2014-07-18,0.005552770434299692,0.005302752325344828,0.00029204742822974694,0.007513320634348508,0.005302752325344828
2014-07-21,4.772854605827881e-05,-0.0010101262538974032,0.001037102728930206,0.0004709925301560336,-0.0010101262538974032
2014-07-22,0.0030603406359117624,0.003118094853899578,0.0008714440477146645,0.003812597775489923,0.003118094853899578
2014-07-23,0.00150753479728305,0.0012968743383321435,0.001170156177395798,0.002821644460161865,0.0012968743383321435
2014-07-24,-0.00201728779599486,-0.001578189757689974,-0.002400946049166408,-0.0030273280241199796,-0.001578189757689974
2014-07-25,-0.00020014639055743189,-0.0012886524871666971,0.0019298868886583609,0.001010246951513638,-0.0012886524871666971
2014-07-28,0.00041381459126133,-0.00021754298252341098,-0.0009110666557745617,-0.00026955399403827407,-0.00021754298252341098
2014-07-29,-0.0017593196255626387,-0.002046454378962559,-0.0011986242516106582,-0.0011481368111149193,-0.002046454378962559
2014-07-30,-0.002895499816610081,-0.002718767030010616,-0.004775781587487593,-0.0021878201712290934,-0.002718767030010616
2014-07-31,-0.013195472183447965,-0.01196860041534653,-0.007217998147449278,-0.013515411080993078,-0.01196860041534653
2014-08-01,-0.00012054240470893429,0.0005634989907594701,0.0003595091962971253,0.0010586557641822925,0.0005634989907594701
2014-08-04,0.00458831323299802,0.004518561729552895,0.003760026089994817,0.0030771871109753768,0.004518561729552895
2014-08-05,-0.005992837671523699,-0.005570941855895906,-0.0033462481917121423,-0.0036548905302457024,-0.005570941855895906
2014-08-06,0.0015598701370025392,0.0005389862018168046,0.0019408466923229728,1.800372824156682e-05,0.0005389862018168046
2014-08-07,-0.0004290211643007691,-0.0013592712620030811,0.0015734704551590983,0.001479222150357451,-0.0013592712620030811
2014-08-08,0.004071755084683604,0.006468407669832699,0.0015947877539650435,0.004219190707268616,0.006468407669832699
2014-08-11,0.003998850580806845,0.0015218618477736978,0.0009717466132892483,0.0028634648001573115,0.0015218618477736978
2014-08-12,-0.0024049152215933622,-0.0014124755378736031,-0.002975807680546061,-0.003083330207679591,-0.0014124755378736031
2014-08-13,0.006124587210533994,0.00534678828933477,0.0036139182282308724,0.008187076318302733,0.00534678828933477
2014-08-14,0.0016722039649559317,0.0036237101898770607,0.00014701936131866766,0.006254094616649386,0.0036237101898770607
2014-08-15,0.001043322042442174,0.0015060757629457022,0.003421312624871442,0.0063090247786490306,0.0015060757629457022
2014-08-18,0.0030508529808739304,0.0037004152547968072,-0.0016606676587368474,0.0006452257653311033,0.0037004152547968072
2014-08-19,0.0019014715256469028,0.002690227379860799,0.0012449950585200487,0.002023114337329046,0.002690227379860799
2014-08-20,-0.0007696954085690821,0.00040646158537005483,5.2529313091964625e-05,-0.00012609130012275482,0.00040646158537005483
2014-08-21,0.0004933624801093384,0.002593638874344384,0.002712132545351409,0.0036354790190948894,0.002593638874344384
2014-08-22,-0.000875206749197277,-0.0008935342975747718,-0.00028274228078106756,0.002534445145248032,-0.0008935342975747718
2014-08-25,0.0027471682569617517,0.0033462324857385095,0.002450347047757484,0.003925281596233621,0.0033462324857385095
2014-08-26,0.0020693414193089232,0.00031364512186216054,-8.255029262538294e-05,-0.0007684100850148257,0.00031364512186216054
2014-08-27,0.0017736893600455161,0.0008689124634431167,0.002100765874089694,0.0034223599660885284,0.0008689124634431167
2014-08-28,-0.0008492617153161852,0.00020491775614028818,0.0010169763614762406,0.0015640040751490059,0.00020491775614028818
2014-08-29,0.001701795677575113,0.0017461138506265073,0.0012889626815899557,0.0020173622160908344,0.0017461138506265073
2014-09-02,-0.004733882275429813,-0.0028506369341118054,-0.0075647277882914254,-0.0062459979422855305,-0.0028506369341118054
2014-09-03,0.0024871477157113464,0.000243430288698665,0.0018585739700327508,-8.417648601444228e-05,0.000243430288698665
2014-09-04,-0.00424778214955257,-0.0022845148928173353,-0.003993461403845933,-0.005632826310978056,-0.0022845148928173353
2014-09-05,0.003386315267996265,0.0028213843466950994,0.0008608207255578204,0.0019181406993771244,0.0028213843466950994
2014-09-08,-0.003899399113366786,-0.0019797654480376847,-0.0021191620926632737,0.000441112177696823,-0.0019797654480376847
2014-09-09,-0.005834626870862114,-0.004735081792955564,-0.004496521543049581,-0.004662767825783898,-0.004735081792955564
2014-09-10,-0.0017093670197643185,0.0012641414955327779,-0.00204354945444718,0.0011428587145270175,0.0012641414955327779
2014-09-11,-0.0020474704341966188,0.00019387678538262954,-0.0015411760059625967,-0.0015066460957759986,0.00019387678538262954
2014-09-12,-0.009556589719539654,-0.005025349788130518,-0.00593445981658669,-0.007234764183197573,-0.005025349788130518
2014-09-15,-0.0027049475610765317,0.00027914501964931837,0.0009413950060870313,-0.003200059883477935,0.00027914501964931837
2014-09-16,0.005270502647499065,0.004427819549155831,0.0034819066999232096,0.00297368057833558,0.004427819549155831
2014-09-17,-0.0030948879627717973,-0.00018511656596675863,-0.0017409693497277834,-0.0003522401072951764,-0.00018511656596675863
2014-09-18,0.0014895520076589897,0.00295838040537566,-0.00032999731285943135,0.004991246406079286,0.00295838040537566
2014-09-19,-0.0016612584301342048,0.0009480710496829747,0.0020300298530797622,0.004777951981668194,0.0009480710496829747
2014-09-22,-0.006579054375333793,-0.0038370359804777987,-0.0029463959167164155,-0.004239393898514687,-0.0038370359804777987
2014-09-23,-0.002460827139970534,-0.0026089107465214756,-0.00012606449474761305,0.0006068345292493671,-0.0026089107465214756
2014-09-24,0.0035713553161575984,0.0035921507666081265,0.0013620418023376768,0.0030145206179019723,0.0035921507666081265
2014-09-25,-0.007851644169897143,-0.007828510261318256,-0.0018625521735079476,-0.005800959968238484,-0.007828510261318256
2014-09-26,0.004153873223528448,0.003908501686642474,0.0009102197239050369,0.004605181204774045,0.003908501686642474
2014-09-29,-0.0017503539305355753,0.00017779158588182575,0.0028303697260123606,0.0025808074371249656,0.00017779158588182575
2014-09-30,-0.005319265072419088,-0.0019268602153403869,-0.005318686444826248,-0.0021512382716034617,-0.0019268602153403869
2014-10-01,-0.0046125892435633364,-0.004760859630871472,0.000946031611875009,-0.00018477019669127515,-0.004760859630871472
2014-10-02,-0.0013561236813166566,-0.0011145522686740739,-0.0028108998147973185,-0.003684320934201013,-0.0011145522686740739
2014-10-03,0.0019306079885257343,0.006434296019771857,0.0010487179118288115,0.0072011247135843615,0.006434296019771857
2014-10-06,0.00370931999923374,-4.154786424670487e-05,0.0031456935082452286,-0.0006884023298651121,-4.154786424670487e-05
2014-10-07,-0.00608294978739965,-0.006856306754997155,-0.0012592390226684458,-0.002074750865405428,-0.006856306754997155
2014-10-08,0.01173041076677439,0.011793760288444588,0.005688557404177397,0.010415074540786051,0.011793760288444588
2014-10-09,-0.012074003220012841,-0.012499108386023527,-0.008867533519328563,-0.01108470558720076,-0.012499108386023527
2014-10-10,-0.007293256867658915,-0.005144786007305058,-0.001206346387078061,-0.0071745476025349975,-0.005144786007305058
2014-10-13,-0.0005634189235018683,-0.007488330006686583,-0.001491536955005035,-0.005548610404198406,-0.007488330006686583
2014-10-14,0.003281603297672353,0.0017299697308572615,-0.0009873684203006716,0.0031214772563619153,0.0017299697308572615
2014-10-15,-0.0019839126200813517,-0.0015704147187719508,-0.0009594928719921514,0.00025312515819764236,-0.0015704147187719508
2014-10-16,-0.001025284956014283,-0.0016418452350295265,-9.991144028631549e-05,-0.00536150224580334,-0.0016418452350295265
2014-10-17,0.004333976205232126,0.005614061147720006,0.001977946744910364,0.004089057508422034,0.005614061147720006
2014-10-20,0.0065683203492565845,0.006247790476479498,0.002353648255962293,0.008677570329017614,0.006247790476479498
2014-10-21,0.008450539923136047,0.010450146164665552,0.0049685543533157794,0.009376646372593278,0.010450146164665552
2014-10-22,-0.005511485310992659,-0.00431235501661742,-0.004210718145465697,-0.002595464418663651,-0.00431235501661742
2014-10-23,0.005142874458329949,0.0051311808367846545,0.002605766197139925,0.00360638001736735,0.0051311808367846545
2014-10-24,0.0023403950989926425,0.004904967119350401,0.0013467921849752429,0.004773729978301056,0.004904967119350401
2014-10-27,-0.0008514594761387384,-0.00039307860421922136,-0.0003338882778333163,0.0008897557837690417,-0.00039307860421922136
2014-10-28,0.009301308805089059,0.005805213584960445,0.003068819429152825,0.004921237340487439,0.005805213584960445
2014-10-29,-0.0024097724705393064,-0.0022409203019007062,0.00032985557226528073,-0.0009654410095910615,-0.0022409203019007062
2014-10-30,0.0023754968693701084,0.004249080236782277,0.00044930853147007177,0.00214964060804701,0.004249080236782277
2014-10-31,0.004751474128886546,0.006211624111930769,0.0013062363828031387,0.005413307668792111,0.006211624111930769
2014-11-03,-0.0020093963168540396,0.00018182358279061894,-0.001700278369434649,0.002114878989832425,0.00018182358279061894
2014-11-04,-0.002535906289664047,-0.00213124096170636,-0.0031515130537500546,5.095531879195647e-05,-0.00213124096170636
2014-11-05,-0.0020332448621370736,0.003919500257105968,0.0016078002098862676,-0.0007312860934030052,0.003919500257105968
2014-11-06,-0.0021638662522650565,0.0012082371213015808,-0.0007065173825687721,-0.0024087564731688493,0.0012082371213015808
2014-11-07,0.005631887253182866,0.0030953929750370257,0.005722787315951994,0.004619875558759423,0.0030953929750370257
2014-11-10,-0.0017205660789827437,0.00028413430640172876,-0.004111020755579342,-0.001698652560679137,0.00028413430640172876
2014-11-11,0.002543095298917164,0.0006318255908872583,0.001637353917938622,0.001117304876632641,0.0006318255908872583
2014-11-12,-0.00218738305519961,-0.0008034091287760781,-0.0012374765924924036,-0.00048207458122795366,-0.0008034091287760781
2014-11-13,-0.0007935614576191075,0.001322896844224264,-0.0018872928757617258,0.0034169564506913996,0.001322896844224264
2014-11-14,0.0044404295100661795,0.0009746864589734727,0.003982700840075237,0.002481304834927256,0.0009746864589734727
2014-11-17,-0.0032076008439212433,-6.474219200891529e-05,-0.0013923427059406857,-0.0018358817337056355,-6.474219200891529e-05
2014-11-18,0.004767471570952253,0.00394913198832425,0.0017777172635706773,0.00470843234289009,0.00394913198832425
2014-11-19,-0.005530401690284181,-0.002021228372074746,-0.0034781429634663796,-0.005564555492800549,-0.002021228372074746
2014-11-20,0.0038556500472817223,0.0017769928304749438,0.003557957322502192,0.004395694008042739,0.0017769928304749438
2014-11-21,0.007762730457537392,0.00403509114088596,0.0049859941988170675,0.004017673951002276,0.00403509114088596
2014-11-24,0.0015125730166323237,0.002153577791181638,-0.00021373489093368114,0.003990043356794537,0.002153577791181638
2014-11-25,0.0007377036723885677,0.0005257494241237559,0.0010610361849574534,0.004309023411013468,0.0005257494241237559
2014-11-26,0.003912586342416757,0.002223617609421691,0.0012926961516295243,0.0049153554084866435,0.002223617609421691
2014-11-28,-0.009867087963567611,0.00026309149828462886,-0.005698639747744427,0.00507968711675888,0.00026309149828462886
2014-12-01,-0.0003792570906482329,-0.005144132367937981,0.00014727739148190366,-0.006458089348417073,-0.005144132367937981
2014-12-02,-0.0016605930480305675,0.0020727930209507583,-0.004765998535643967,-0.0014097172311643424,0.0020727930209507583
2014-12-03,0.0024744376072054486,0.002470286100719088,0.0011522367934782007,0.0018661605640628576,0.002470286100719088
2014-12-04,-1.785333717096993e-05,0.0007369662036325053,0.0017175705335057412,0.004030208448707606,0.0007369662036325053
2014-12-05,-0.0022238711759599017,-0.0012519699351878355,-0.003241169599081606,-0.0038667577933058084,-0.0012519699351878355
2014-12-08,-0.003220309415091771,-0.002692873590078637,-0.0011946933267065196,0.0045149205768022505,-0.002692873590078637
2014-12-09,0.004632274154741101,0.0010766224591653994,0.0035241525830922438,0.004333668303821092,0.0010766224591653994
2014-12-10,-0.008549008557968252,-0.0077657580967280815,-0.00403891548200741,-0.0016795818458701373,-0.0077657580967280815
2014-12-11,-0.00019694459612906723,0.0023180086962049096,-4.8649774499032183e-05,0.003413865844743569,0.0023180086962049096
2014-12-12,-0.007011197132078206,-0.0062900735070164915,-0.0005665026097612103,0.0006369383241677795,-0.0062900735070164915
2014-12-15,-0.0117777890458034,-0.005543439534702266,-0.006598823743302784,-0.00720925087747637,-0.005543439534702266
2014-12-16,-0.0003035803678902438,-0.0026296895158394173,0.0009313375300039617,0.0004770087839445214,-0.0026296895158394173
2014-12-17,0.010667446889199628,0.008599939153260738,0.0019595483383660905,0.006577329305072377,0.008599939153260738
2014-12-18,0.00812086863271011,0.012316230050851473,0.0018254311214227492,0.0009377416424234397,0.012316230050851473
2014-12-19,0.00463932092728947,0.004026443913696776,0.006613091495357271,0.006805054600125038,0.004026443913696776
2014-12-22,0.0014592863277358425,0.002753670663344421,-0.0014555379790616163,0.005421203438087385,0.002753670663344421
2014-12-23,-0.0034436966094596455,-0.002506883932617443,-0.004390804368085144,-0.010223671950520985,-0.002506883932617443
2014-12-24,9.890906846465874e-05,0.000345785459253678,-0.0007478908399823903,0.0014327541133454247,0.000345785459253678
2014-12-26,0.005345594966145395,0.0024702398802054493,0.0022691299051225133,0.004529596875589181,0.0024702398802054493
2014-12-29,-0.0009118397000921208,0.0021673692378039178,0.0012935700546943263,0.004519464026082165,0.0021673692378039178
2014-12-30,-0.0009682245679472068,-0.002777855348161218,-0.00056181528139021,-0.0009639214440133603,-0.002777855348161218
2014-12-31,-0.00674152079545387,-0.005500929241843866,-0.003771674270986236,-0.007000863281358627,-0.005500929241843866
2015-01-02,-0.0003194298033974974,0.001731996430366145,0.0027325847110377666,0.009222947352328204,0.001731996430366145
2015-01-05,-0.005844294423535845,-0.008298183737148523,-0.0012977449502192817,0.005742371979580163,-0.008298183737148523
2015-01-06,-0.0016685840098605853,-0.0028046694525206695,0.0024155214956160798,0.008563651999186517,-0.0028046694525206695
2015-01-07,0.007004960364720869,0.00722777484393311,0.002595436928324535,0.006667247228107742,0.00722777484393311
2015-01-08,0.006813192999306716,0.008781003219424877,0.0016561613739787262,-0.0008421975147998584,0.008781003219424877
2015-01-09,-0.0005356499293149852,-0.0027634031261333236,0.0015720878476708222,0.0036593802873552406,-0.0027634031261333236
2015-01-12,-0.002392310502870809,-0.00319432361782368,-0.0016228602486302313,0.003158978767018761,-0.00319432361782368
2015-01-13,0.00034156699924015044,-0.00127606243215439,-0.000958589497326523,-0.0005025575774642022,-0.00127606243215439
2015-01-14,0.0006724930255725958,-0.0016469941107307706,0.0025114811159459016,0.005291350056367383,-0.0016469941107307706
2015-01-15,0.0011453045851108623,-0.0018182174937472206,0.00292602577520773,0.005405608489671643,-0.0018182174937472206
2015-01-16,0.007983264990435002,0.004526515601019243,0.000999628589479773,-0.0007273903829987383,0.004526515601019243
2015-01-20,0.00172026724098151,0.002198679779028101,0.002659635038825492,0.004346366804363955,0.002198679779028101
2015-01-21,0.0024747817740480293,0.0009863260679325858,-0.0017656615110216434,-0.004372853580679625,0.0009863260679325858
2015-01-22,0.009456726798684922,0.007723442070064035,0.003130656404803478,0.007794920963156038,0.007723442070064035
2015-01-23,-0.0013449242432167496,-0.0005800680744880715,0.002337694992327277,0.005514643558223398,-0.0005800680744880715
2015-01-26,0.0013968325706981144,0.0004405272273118044,-0.001273261914944701,0.001233252969501164,0.0004405272273118044
2015-01-27,-0.0026732386159246113,-0.007225491930552996,-0.0021033357277372433,-0.0040002605387211565,-0.007225491930552996
2015-01-28,-0.006309879043152833,-0.0043479935824892735,0.00034234490146234364,0.003980787276000042,-0.0043479935824892735
2015-01-29,0.0010715275746724373,0.0038969790976943752,-0.001042562116052248,-2.9238581519264173e-05,0.0038969790976943752
2015-01-30,-0.00335690135656741,-0.004070836448727966,0.005166498532354735,-0.0020241807830700953,-0.004070836448727966
2015-02-02,0.005725046054725125,0.006860263880382078,0.0037241124975033735,-0.000495826903895713,0.0037241124975033735
2015-02-03,0.007220103241908138,0.005258850219205913,0.0005945328951275641,-0.003576308378068438,0.0005945328951275641
2015-02-04,-0.0041298814859231925,-0.001645597437903601,-0.0028410788336681314,-0.001106234444489429,-0.0028410788336681314
2015-02-05,0.006438718579704794,0.00462707154587827,0.0017482607988283938,0.0016035690849436346,0.0017482607988283938
2015-02-06,-0.011913610905022742,-0.006086036794673788,-0.009054311140779703,-0.018827085381747488,-0.009054311140779703
2015-02-09,-0.0015956010954129018,-0.0029012689119308765,-0.0006257533525229064,-0.0039103789041686765,-0.0006257533525229064
2015-02-10,0.0013197775931359512,0.005477424728423275,-0.0006177237003603953,0.0008405342768902369,-0.0006177237003603953
2015-02-11,-0.0031078015137074866,0.00020872221917644929,-0.0011137731383413785,0.00024156015181464596,-0.0011137731383413785
2015-02-12,0.009694556136476518,0.006011336450967075,0.0047234422478503735,0.005280961040600607,0.0047234422478503735
2015-02-13,0.0034800594881805313,0.001221517946230266,-0.00021898448459811704,-0.004945053296703916,-0.00021898448459811704
2015-02-17,-0.0032966995008781863,-0.0017718800117508815,-0.004853735053516384,-0.006736433234528549,-0.004853735053516384
2015-02-18,0.0017334869111755857,0.0018986817871515793,0.0017401816656397173,0.005986371529117962,0.0017401816656397173
2015-02-19,-0.003445525141498762,-0.0014111169111071797,-0.0029891748059832635,-0.009607969947811767,-0.0029891748059832635
2015-02-20,0.0034073903795570626,0.0034758703340840302,0.0017135582728449172,0.005956554849195994,0.0017135582728449172
2015-02-23,0.0005034148202720523,0.0016734978393908584,0.0027158551398664965,0.007565632766549424,0.0027158551398664965
2015-02-24,0.002483275433077914,0.004296495928240773,0.005105830240472509,-0.0013085998589201786,0.005105830240472509
2015-02-25,0.002102491008425522,-0.0001650914123605407,0.002602215670810981,0.001377619109837358,0.002602215670810981
2015-02-26,-0.0029332861082926875,-0.003012684235253582,-0.005805249841212334,-0.00869957625702178,-0.005805249841212334
2015-02-27,0.00177601935439764,-0.0006576887969935719,0.002641872215765506,0.0025969834512256096,0.002641872215765506
2015-03-02,-0.0016446585632523547,0.0007874951376576345,-0.005265259426712632,-0.004319702227877031,0.0007874951376576345
2015-03-03,-0.003182565343423982,-0.0033278920010798574,-0.0021732002428184183,-0.0035992835131679612,-0.0033278920010798574
2015-03-04,-0.004669737552871145,-0.0022345390633919937,-0.0020402552460699885,-0.0026390775132832944,-0.0022345390633919937
2015-03-05,0.00039881696153964974,0.0008814889592698716,-4.30987735688948e-06,0.00046499607419336897,0.0008814889592698716
2015-03-06,-0.01722152921844733,-0.012529661896020006,-0.013923484695424926,-0.01880932162368054,-0.012529661896020006
2015-03-09,0.0029154355821880973,0.004345505321059928,0.004247607726876934,0.006419514936769843,0.004345505321059928
2015-03-10,-0.00916610874071544,-0.008015476268842137,-0.0032045082542682124,-0.001542730421844496,-0.008015476268842137
2015-03-11,0.0017260858212717611,-0.000667028234169087,0.001431193981778378,0.001597409418560236,-0.000667028234169087
2015-03-12,0.006732739470202587,0.007922552533246252,0.0039021590296259845,0.005787076166169136,0.007922552533246252
2015-03-13,-0.005549291885493912,-0.00426029003044559,-0.004980159567535392,-0.0035204110020132795,-0.00426029003044559
2015-03-16,0.007720660415476033,0.00935398017081579,0.006963716934622166,0.010629810875920187,0.00935398017081579
2015-03-17,0.0008163256615538739,-0.0009461611030333605,0.00024325104702960232,0.003124426782875833,-0.0009461611030333605
2015-03-18,0.01734655617621006,0.011802237415297512,0.01467989769284439,0.01561060117581281,0.011802237415297512
2015-03-19,-0.00569187300611218,-0.0046196780360314715,-0.005850677850219421,-0.0031481644047841595,-0.0046196780360314715
2015-03-20,0.012043173961360232,0.006909311437656607,0.007102684745553978,0.008617684325560537,0.006909311437656607
2015-03-23,0.0019229022990159272,-0.0006432702274590252,0.0010948364699061575,-0.0013175466123998003,-0.0006432702274590252
2015-03-24,-0.0008952379719162629,-0.002123630248458519,0.00014232865021668317,0.0012179256400055571,-0.002123630248458519
2015-03-25,-0.010853778867905617,-0.010462499646642254,-0.007288776500354532,-0.013202449337516464,-0.010462499646642254
2015-03-26,-0.003379116089933132,-0.003708232378731635,-0.004058548967023734,-0.008577396333746434,-0.003708232378731635
2015-03-27,0.00125988324912929,0.0029458378479740865,0.0020414622710129837,0.006726288019028193,0.0029458378479740865
2015-03-30,0.005954936353501639,0.007187688522466207,0.003189648513934662,0.004378372789160645,0.007187688522466207
2015-03-31,-0.00568969273446196,-0.004217248553313291,-0.002678410533718645,-0.004727975012904118,-0.004217248553313291
2015-04-01,0.006311744393940444,-0.000195727333262119,0.005053288919036447,0.0035044459940765105,-0.000195727333262119
2015-04-02,0.0015670826652536274,0.0009876684575915728,-0.002067881910483682,-0.002982444380154936,0.0009876684575915728
2015-04-06,0.007345165106691365,0.00453917546837368,0.0036953510080639518,0.0025285482193107,0.00453917546837368
2015-04-07,-0.002552783020821958,-0.0012497211400135377,0.0008427029942350561,-0.00022834350086087252,-0.0012497211400135377
2015-04-08,0.0021182702876538784,0.0016464789560575177,-0.0013229930967209036,0.003167903035948827,0.0016464789560575177
2015-04-09,-0.0025602559676843883,0.0010185160027571527,-0.0023032163670202443,-0.006732362483780063,0.0010185160027571527
2015-04-10,0.003922007907072533,0.0031654052160754453,0.0033709436598710063,0.0019440281019389438,0.0031654052160754453
2015-04-13,-0.0029892480648804343,-0.0019111036046918217,-0.0012502171499487735,-0.0006644573703094014,-0.0019111036046918217
2015-04-14,0.002277199723688561,0.0023297046996000326,0.002884326883173305,0.002572500677620493,0.0023297046996000326
2015-04-15,0.005080265501117065,0.002913013434180378,0.0038368711447049897,0.0007255281351283838,0.002913013434180378
2015-04-16,0.0014446415840247973,0.0001223505064447128,0.00036670839903907293,-0.0020348946946161517,0.0001223505064447128
2015-04-17,-0.006283477214449773,-0.006101105932868278,-0.001352176040290587,-0.001733046057890708,-0.006101105932868278
2015-04-20,0.0012033810521372423,0.004718757907451243,0.0002004419399217472,0.0019378056182246528,0.004718757907451243
2015-04-21,0.001047540831241589,-0.001560471330831481,-0.0022465653855696655,-0.00012168536541234953,-0.001560471330831481
2015-04-22,-0.000373202721645538,0.0006288158084559736,-0.003113745703811177,-0.0041575027692243305,0.0006288158084559736
2015-04-23,0.005203705056872954,0.0027314800098083847,0.00413237642619646,0.0037528373915862723,0.0027314800098083847
2015-04-24,0.001941741677346176,0.002793158007633023,0.0022439508635236916,0.008072666541197204,0.002793158007633023
2015-04-27,0.0008317370081023512,-0.0031263279391886556,-0.0010141020271673407,-0.0012692418645177117,-0.0031263279391886556
2015-04-28,-9.9241838003028e-07,7.640409402731585e-05,-0.002058282912296039,-0.006826396713976002,7.640409402731585e-05
2015-04-29,-0.00781801849211261,-0.003952017359380666,-0.004137806754474838,-0.010741994289915069,-0.003952017359380666
2015-04-30,-0.009762907466429938,-0.0061309439435960345,-0.0036171678275154218,-0.00672499366971413,-0.0061309439435960345
2015-05-01,0.003139226675367812,0.004279398422343927,-0.0005000275074722449,0.00024174739657500943,0.004279398422343927
2015-05-04,0.0010718835463190413,0.0008920829903780181,-0.0006411033286591872,-0.002102039653019361,0.0008920829903780181
2015-05-05,-0.008004873891768072,-0.0075735671563309515,-0.003988933468678457,-0.0075091927381752965,-0.0075735671563309515
2015-05-06,-0.004162119531273212,-0.004424444590690579,-0.005545073647212795,-0.008221361688600104,-0.004424444590690579
2015-05-07,0.0017015643803117708,0.0040934894902773244,0.0030253260530912485,0.006836127377348067,0.0040934894902773244
2015-05-08,0.009989671497962371,0.009446886929957765,0.007087673105621972,0.0070624789576625435,0.009446886929957765
2015-05-11,-0.008351704674842364,-0.0067855770677405225,-0.009168358315690073,-0.01042243732377457,-0.0067855770677405225
2015-05-12,0.001217104210605946,-0.0015066037010037503,0.0008636169775011471,-0.0010053913923910862,-0.0015066037010037503
2015-05-13,0.0012113314235771,-0.0004105685390773939,-0.000462117152844721,-0.001331090149737979,-0.0004105685390773939
2015-05-14,0.009443787295046135,0.007644079704024476,0.006060302610418011,0.007798556307981874,0.007644079704024476
2015-05-15,0.004762553578855133,0.0034879993423326816,0.005785568119861972,0.006846936455596309,0.0034879993423326816
2015-05-18,-0.0023054851913963947,-0.0007987922915110302,-0.003917967762838925,-0.004296508427869439,-0.0007987922915110302
2015-05-19,-0.005697060173521895,-0.0019458333140974782,-0.005403042235725186,-0.003963368134852097,-0.0019458333140974782
2015-05-20,0.0005371174394226408,0.0004292992375818372,0.0007300164170638279,0.0014501526417498578,0.0004292992375818372
2015-05-21,0.003224299056057589,0.004110462869968634,0.005904581040339307,0.007249368605656281,0.004110462869968634
2015-05-22,-0.0026051922484640055,-0.0023361043020934114,-0.0026045700305018515,-0.0012023510160492634,-0.0023361043020934114
2015-05-26,-0.008518931580764999,-0.004057326066395972,-0.0014519155591268262,0.0011972745127035722,-0.004057326066395972
2015-05-27,0.0046246691133087214,0.005484808058416224,0.0022561099984474975,0.0067369489807966865,0.005484808058416224
2015-05-28,-0.0016231771862462718,-0.0003102851989442712,0.00013248704681800838,-0.0010506359297872692,-0.0003102851989442712
2015-05-29,-0.003308792328565957,-0.003509755397979375,-0.0005694480198554785,-0.002189784840018083,-0.003509755397979375
2015-06-01,-0.0004281387088588273,-0.0005534527296664482,-0.0025442448178863986,-0.002088213350183943,-0.0005534527296664482
2015-06-02,-0.000776313114801308,-0.003381096292230157,-0.0034202377043975885,-0.006340253394533701,-0.003381096292230157
2015-06-03,-0.0042918156737158375,-0.0018058196037603613,-0.005793954163883064,-0.004623377551152719,-0.0018058196037603613
2015-06-04,-0.00529534967573031,-0.0031725221218723565,-0.0007518093408068749,0.000523236002548666,-0.0031725221218723565
2015-06-05,-0.004406090009889785,-0.003914405485209604,-0.004684690675894609,-0.005844785825455112,-0.003914405485209604
2015-06-08,-0.002064922620870435,-0.0031313136648518647,-0.0014454716697324121,-0.00402846673364865,-0.0031313136648518647
2015-06-09,-0.001586290225215281,-0.0013863934886968465,-0.0007202866600960478,-0.003248123334399722,-0.0013863934886968465
2015-06-10,0.008074157043866048,0.005678031363111291,0.0024533673625173336,0.003148173906177165,0.005678031363111291
2015-06-11,0.002516016380244901,0.005071073050056052,0.005490320388488845,0.007226206285286807,0.005071073050056052
2015-06-12,-0.003912318656352776,-0.0048490148988433734,-0.0037579451511152717,-0.0039007100143861884,-0.0048490148988433734
2015-06-15,-0.0031121565189834444,-0.0016284200022298467,-0.0004879406517587226,-0.0010171139262852291,-0.0016284200022298467
2015-06-16,0.0036828213073800686,0.004798139142916602,0.004339186657127403,0.005232256127674528,0.004798139142916602
2015-06-17,0.0015348495028277842,0.0011992485271630215,0.0004030040620162101,9.574640755860564e-05,0.0011992485271630215
2015-06-18,0.007783283744409619,0.00594756769317395,0.003478346831124135,0.005234801442564496,0.00594756769317395
2015-06-19,-0.0021714049105220345,-0.0005704763616559694,0.0011359670477879558,0.0019386967415542244,-0.0005704763616559694
2015-06-22,0.0004182420533331843,-0.00027324780245807645,-0.0043063311958105865,-0.003423524514434395,-0.00027324780245807645
2015-06-23,0.0004614781491847353,-0.0007783253555687653,-0.0009417499660094864,-0.0017833702213321256,-0.0007783253555687653
2015-06-24,-0.004072620298350871,-0.003228749726415736,-0.0011659881079930656,8.82616776058942e-05,-0.003228749726415736
2015-06-25,-0.002537704437992061,-0.002817685462805919,-0.0023855684124099996,-0.0024802254796040257,-0.002817685462805919
2015-06-26,-0.002252917406473598,-0.0020128445423900354,-0.0027730478382542723,-0.006377146969086422,-0.0020128445423900354
2015-06-29,-0.010242043134143675,-0.008065390944741346,7.440409892578437e-05,-0.0018094021430886675,-0.008065390944741346
2015-06-30,0.0026677466311317843,0.00014675151521159613,0.0006194240465651202,-0.0009756356470145278,0.00014675151521159613
2015-07-01,0.0006535638808620181,0.0027343226205269744,-0.002396470822729868,-0.0013127897858983273,0.0006535638808620181
2015-07-02,0.00036567791183039766,0.0008501110449667948,0.0009088683005560316,0.0020074115451593766,0.00036567791183039766
2015-07-06,-0.00526050546344925,0.0010878484504668329,0.0008385857146602227,0.005224189576828131,-0.00526050546344925
2015-07-07,0.0006414301964359215,0.0048391563419201145,0.002787311031893891,0.0038147423603123176,0.0006414301964359215
2015-07-08,-0.009935916008825818,-0.00851331056413629,-0.0034196423726554626,-0.004053390123669676,-0.009935916008825818
2015-07-09,0.002072411110237926,-0.0017327236666987433,-0.003034357932999443,-0.006651033880764712,0.002072411110237926
2015-07-10,0.009009087739937138,0.004761616671032698,0.0003434208306201114,0.0005978736727845213,0.009009087739937138
2015-07-13,0.004250073578736746,0.0056002842437468114,0.0021948429575224804,0.005646123912194989,0.004250073578736746
2015-07-14,0.0029855477842952727,0.003875661479969539,0.00268825971429254,0.004616106186920987,0.0029855477842952727
2015-07-15,-0.002003302565462328,0.0012993949966377816,0.0009175709904387652,0.0037770697550323362,-0.002003302565462328
2015-07-16,0.005652596731121617,0.0047134707896849815,0.002625436709339457,0.006969971915300244,0.005652596731121617
2015-07-17,-0.00044692513925703725,0.0005528162924683944,-0.00038565111098198823,0.00697365665372085,-0.00044692513925703725
2015-07-20,-0.005094320214515058,-0.0004682672522388076,-0.004285029776191385,-0.00019091717272456954,-0.005094320214515058
2015-07-21,-0.0005914717977562045,-0.0013235613477726726,0.00048547677540033973,0.0017183389591748366,-0.0005914717977562045
2015-07-22,-0.003857787761239573,-0.0006045191552052076,-0.0008652216562572423,-0.003049192968608949,-0.003857787761239573
2015-07-23,-0.004148887111873223,-0.0018072891430217508,-0.0002015920726319287,0.002160457086376688,-0.004148887111873223
2015-07-24,-0.005259243249925327,-0.005892534189143039,-0.003343393815275597,-0.00342956508208081,-0.005259243249925327
2015-07-27,-0.0059701261293513275,-0.002180491731570311,-0.0021307521523723505,-0.0012015034983187123,-0.0059701261293513275
2015-07-28,0.005142960858846912,0.006228366589981826,0.002900685722838414,0.0011436670979612096,0.005142960858846912
2015-07-29,0.0032577833464122463,0.0035847720737154365,0.0015892928626353164,0.00034305813118140627,0.0032577833464122463
2015-07-30,-0.0009844219048240621,0.0005924152421072915,0.0006837653062981008,0.003842425884198919,-0.0009844219048240621
2015-07-31,0.00328626636168039,0.0014232907816742468,0.0019971153121309815,0.00326313650851362,0.00328626636168039
2015-08-03,-0.003522334221254253,-0.0007928459736311622,-0.0008647726015226231,0.0018282749982470037,-0.0007928459736311622
2015-08-04,-0.0014900753675254341,-0.0032471110373827328,-0.0029556194462091456,-0.004332596634889718,-0.0032471110373827328
2015-08-05,-0.0006724259152710577,0.0004127844277064252,-0.0019357996732349836,0.00021488361543364753,0.0004127844277064252
2015-08-06,-0.0033107932549222285,-0.003502183322657726,-0.0003363107886863448,-0.003854756982861529,-0.003502183322657726
2015-08-07,0.0007536659024385273,0.0004540874556115959,0.0020161301296401923,0.0034017000189974222,0.0004540874556115959
2015-08-10,0.007511161142166767,0.005821522731339401,0.0036535392096042063,0.0008322543858541032,0.005821522731339401
2015-08-11,-0.004640398679780278,-0.002756231161576528,0.0005202081387574164,0.00023755431388283732,-0.002756231161576528
2015-08-12,-0.001135858976479165,0.0005614941375435833,0.0001163103015349165,-1.6438091429149537e-06,0.0005614941375435833
2015-08-13,-0.00261717101566572,-0.001803019283693419,-0.0028776789427097382,-0.002384635674875679,-0.001803019283693419
2015-08-14,0.0014888376221935395,0.0017528108774058637,0.0005508881489291184,0.0009662454113892327,0.0017528108774058637
2015-08-17,0.0025782439017911774,0.00405579098311204,0.0030841555234226714,0.005265610932825071,0.00405579098311204
2015-08-18,-0.004587871513263786,-0.0023740931786874198,-0.0031829764744870648,-0.004543425157285674,-0.0023740931786874198
2015-08-19,-0.003198650996514174,-0.0022633157628195733,0.0007227608762592208,0.0012647431216812333,-0.0022633157628195733
2015-08-20,-0.00854331742892922,-0.011308461397262826,-0.003367960500817002,-0.00869112775665104,-0.011308461397262826
2015-08-21,-0.015560348063125007,-0.01606474361585508,-0.007984152248403875,-0.01512870708235281,-0.01606474361585508
2015-08-24,-0.026558289048944084,-0.02372430813628501,-0.015059685142366108,-0.015243718238673876,-0.02372430813628501
2015-08-25,-0.006295003781473851,-0.009055251485865723,-0.00810036095357114,-0.007278223990841437,-0.009055251485865723
2015-08-26,0.013909566426265396,0.019132054076709037,0.0048482468749431185,0.012759589386245995,0.019132054076709037
2015-08-27,0.017394493981052195,0.014068034418624586,0.010564625469048794,0.01017293867055935,0.014068034418624586
2015-08-28,0.0032381929473612736,0.00010721481486553053,0.003815001079510827,0.0009775959641993293,0.00010721481486553053
2015-08-31,-0.00370586343140622,-0.00555408814284275,-0.0015999388140052195,-0.007859323722672507,-0.00555408814284275
2015-09-01,-0.01992166398262707,-0.01605869370681423,-0.008952019444190218,-0.008964469956804555,-0.008952019444190218
2015-09-02,0.009473251601284538,0.010085369286533252,0.0036211779272383726,0.007609496673757432,0.0036211779272383726
2015-09-03,0.0009892647675662225,0.0014158172946270309,0.0016163574012704185,0.00021785460470979956,0.0016163574012704185
2015-09-04,-0.01085425176877064,-0.007750184371636437,-0.0029384791012668776,-0.0010993017593442511,-0.0029384791012668776
2015-09-08,0.013794777271869174,0.013038473467358758,0.0042759641313006025,0.005342951316099853,0.0042759641313006025
2015-09-09,-0.007755008561235566,-0.007838583686996858,-0.005339182339406667,-0.003010564722389586,-0.005339182339406667
2015-09-10,0.004172107131579006,0.00231929567667688,0.0007638418153959048,0.0016673657836963063,0.0007638418153959048
2015-09-11,0.004279028232678783,0.0037721396000478524,0.0029167802222112016,0.004828844258299769,0.0029167802222112016
2015-09-14,-0.0029320916227162375,-0.001834149460063328,-0.001700644777234528,-0.00047257562212033033,-0.001700644777234528
2015-09-15,0.0034704261121143443,0.004254765464417165,-0.001907895474536292,-0.003236330403461496,-0.001907895474536292
2015-09-16,0.009910791893788184,0.005088394596783452,0.004647379668559326,0.0011386201463459145,0.004647379668559326
2015-09-17,0.00347863228184897,0.001953163268556324,0.004861251792536159,0.006165517271220056,0.004861251792536159
2015-09-18,-0.007796549713153689,-0.007926639112789235,-0.0017511937255013654,2.8727330379396676e-05,-0.0017511937255013654
2015-09-21,-0.00044926815032542144,0.0007671279243885998,-0.002899038452903846,-0.005186902325789666,-0.002899038452903846
2015-09-22,-0.009204077097846763,-0.005751131090189765,-0.0015082908263874817,-0.0005313000020712444,-0.0015082908263874817
2015-09-23,-0.0023010086787214057,-0.0014043042649132254,-0.0014376641163538206,-7.538608778312472e-05,-0.0014376641163538206
2015-09-24,0.0010182538932956842,-0.0015348872892038123,0.0028266434949197894,0.000972359069385309,0.0028266434949197894
2015-09-25,-0.0023331260527971187,-0.0012204331589464879,-0.003207003763331051,-0.006661035503868318,-0.003207003763331051
2015-09-28,-0.014013046604409385,-0.012535632090179716,-0.005482075005613263,-0.004502239011076048,-0.005482075005613263
2015-09-29,0.001177698469518207,0.0017716722412797203,0.0015959482038534478,-6.241903184112108e-05,0.0015959482038534478
2015-09-30,0.010686213410882495,0.011236982406590545,0.004448352857613802,0.002360885049375039,0.004448352857613802
2015-10-01,0.0016309428536991355,0.0018854845183748914,0.0006290545948262061,0.003064914026447818,0.0006290545948262061
2015-10-02,0.013747235399645286,0.01094129130444288,0.009393154547637117,0.006713736214417398,0.009393154547637117
2015-10-05,0.010792327979487926,0.008629177867982785,0.002554677002418515,-0.00010898145588622565,0.002554677002418515
2015-10-06,0.0016803461965670952,-0.001308317601169895,0.0027621826196924104,0.000922927383211869,0.0027621826196924104
2015-10-07,0.00753005596587486,0.004035913129650126,0.001358129026046706,0.0017466764475035923,0.001358129026046706
2015-10-08,0.003933589734646192,0.004537734435679619,0.0004995039009358937,-0.0005399419543015149,0.0004995039009358937
2015-10-09,0.0033987941253739162,0.000582088592394614,0.00256743295466344,0.0007609201137703803,0.00256743295466344
2015-10-12,-0.0002632754782649904,0.00186614747420899,0.0012593503107092285,0.00540564186009318,0.0012593503107092285
2015-10-13,-0.006400284212530916,-0.003526676175458876,-0.0020278909694572134,-0.0018587326952297367,-0.0020278909694572134
2015-10-14,0.0019502361798935386,-0.0008374850822150393,0.0032403768326483284,0.0021904516797295326,0.0032403768326483284
2015-10-15,0.009776323962596534,0.008073928008619946,0.0024823411300529674,0.002359666756953649,0.0024823411300529674
2015-10-16,0.0008326475770179531,0.002483262253244689,9.738059295694157e-05,0.002168501344641527,9.738059295694157e-05
2015-10-19,-0.0016749221129910286,0.00012696456853911187,-0.0023276721485756546,0.0034619723523590107,-0.0023276721485756546
2015-10-20,-0.0013851237216239154,-0.0020995351914174787,-0.0018666092499106668,-0.003381495851409788,-0.0018666092499106668
2015-10-21,-0.005216479511027994,-0.0025239398889707054,-0.0013626651574281112,0.002342015606377368,-0.0013626651574281112
2015-10-22,0.009467056723882594,0.01079953027656888,0.005310440494804558,0.0048126846997711414,0.005310440494804558
2015-10-23,0.0036013808689545623,0.004649230908697177,-0.0008561738667018925,-0.004987874174311124,-0.0008561738667018925
2015-10-26,-0.0017027152222426345,-0.0005526889879107211,0.0005543852821157103,0.002671103253095941,0.0005543852821157103
2015-10-27,-0.0029817682977729687,-0.0002572207430989737,-0.0001775255195189951,0.0016608128929092025,-0.0001775255195189951
2015-10-28,0.004434217033197685,0.005107172167003071,0.002999171004531842,-0.002146038298169728,0.002999171004531842
2015-10-29,-0.006734019965125904,-0.0026595751142626245,-0.0068167394053627595,-0.006915725996037292,-0.0068167394053627595
2015-10-30,-0.0007738064481532803,-0.0018523598247924822,0.0010450546638800517,-0.0004012229415704116,0.0010450546638800517
2015-11-02,0.007487242886650369,0.005926815831513554,0.0014719893956471886,0.0027860624028639425,0.0014719893956471886
2015-11-03,0.0007073094600020813,0.0006996531429306341,-0.0007842415472881781,-0.0013133955408329845,-0.0007842415472881781
2015-11-04,-0.004784561015478972,-0.0022405726736492992,-0.0031358191093573407,-0.0002267891100208308,-0.0031358191093573407
2015-11-05,-0.0013289516306187465,-0.0008635878216268766,-0.0016953306296431103,-0.00178121129162212,-0.0016953306296431103
2015-11-06,-0.008385400891021244,-0.003011746896748657,-0.005866356327767996,-0.0055687536928327175,-0.005866356327767996
2015-11-09,-0.009816856283587416,-0.006314496375696699,-0.0050071962347782994,-0.006258936146237626,-0.0050071962347782994
2015-11-10,0.0009641313403223606,0.0021456852928138925,0.0015832040186620766,0.0004267674740985328,0.0015832040186620766
2015-11-11,-0.002188547256892437,-0.0025575349360021926,-0.003224079029116811,-0.0010577091310047804,-0.003224079029116811
2015-11-12,-0.008183296255956707,-0.008173129014724667,-0.004930400526911516,-0.002900088584781968,-0.004930400526911516
2015-11-13,-0.007258441058328291,-0.005191874469531177,-0.0014619808762313946,-0.005431392554859138,-0.0014619808762313946
2015-11-16,0.008827201415468222,0.009578160283522985,0.004765583067359858,0.006193934882612329,0.004765583067359858
2015-11-17,-0.003065538111046151,-0.0005497842377639728,-0.0026723090027384044,0.000445834421229252,-0.0026723090027384044
2015-11-18,0.008801814189873358,0.00929416737787081,0.0052886876395565885,0.007948234974822332,0.0052886876395565885
2015-11-19,0.003220457804735233,0.00034672870293106506,0.00209400793136294,0.002424226724695666,0.00209400793136294
2015-11-20,0.002726310154804068,0.0016632148913793277,-9.287396216495214e-05,0.0017959221530245983,-9.287396216495214e-05
2015-11-23,-0.0008632962218868556,-0.00016463731601679132,0.0012021971650459928,-3.912493243818371e-05,0.0012021971650459928
2015-11-24,0.0030776153446874233,0.001181060035782,0.0031475554380575588,-6.626462485115336e-05,0.0031475554380575588
2015-11-25,0.00043837787410772044,0.00013862019109889268,0.0007737155869260715,0.0010632671918451297,0.0007737155869260715
2015-11-27,-0.0032620374661059826,0.0011024587184282897,-0.0012947978549566752,0.0009147287978064078,-0.0012947978549566752
2015-11-30,-0.0013330383923667588,-0.0023434296181962244,-0.0004198527772856231,-0.0001024903039836822,-0.0004198527772856231
2015-12-01,0.009179196268948697,0.007844147734617612,0.0076330698329170055,0.008829905145728567,0.007844147734617612
2015-12-02,-0.010889837819701653,-0.007245846107923337,-0.0072274676403139,-0.0035172468462018047,-0.007245846107923337
2015-12-03,-0.009022804123346218,-0.012601822257596318,-0.010329552881564896,-0.01645509079384533,-0.012601822257596318
2015-12-04,0.012010580675334559,0.01313905377011082,0.009338618444315827,0.01255367103844729,0.01313905377011082
2015-12-07,-0.008025104810325812,-0.002358657063974756,-0.0036240035146722915,0.0013981808390175487,-0.002358657063974756
2015-12-08,-0.004088222657137819,-0.00379694002706199,-0.001699091997920621,0.0003594469931773592,-0.00379694002706199
2015-12-09,-0.005309335411688432,-0.004037778461725927,-0.00220656119848861,-0.005685366893850574,-0.004037778461725927
2015-12-10,-0.0008531189191114397,0.0006591420645176704,-0.00026596196319295107,0.0011870349242992795,0.0006591420645176704
2015-12-11,-0.009243362581254577,-0.008313125148789902,-0.0005045972828248146,-0.0027550831868240477,-0.008313125148789902
2015-12-14,-0.0013877010388544386,-5.6422166025527076e-05,-0.006459475639938539,-0.002699046760635704,-5.6422166025527076e-05
2015-12-15,0.0047424072834585385,0.00518092280647986,0.0009739795507051063,0.00017069152155380074,0.00518092280647986
2015-12-16,0.010659310382862941,0.007642565176919858,0.003652233563840923,0.004388925140393463,0.007642565176919858
2015-12-17,-0.008778531238000653,-0.00746762656770783,-0.003596995939703862,-0.0018865082889825135,-0.00746762656770783
2015-12-18,-0.004827193287233356,-0.009146332674902169,-0.000613214648061966,-0.00500394430495843,-0.009146332674902169
2015-12-21,0.004982675057518593,0.005056858582261015,0.0031139749590585186,0.004462908141076305,0.005056858582261015
2015-12-22,0.0023690712262594005,0.004217114669034849,-0.0005283870690475645,-4.23421204687191e-05,0.004217114669034849
2015-12-23,0.007713791939589543,0.006443916926816895,0.002550559741468117,0.00048746275271560613,0.006443916926816895
2015-12-24,0.0009774663757635693,-0.0002492900386529273,0.0021612343976575854,0.0018221667065285718,-0.0002492900386529273
2015-12-28,-0.002902904597131495,-0.0012884613380744758,-0.0022215266892987584,0.0004637996229188701,-0.0012884613380744758
2015-12-29,0.005116789538281985,0.004233877779851181,-0.00030074868524665455,0.0007314705202481342,0.004233877779851181
2015-12-30,-0.0068695520777467545,-0.004103294507039612,-0.0037974766118235026,-0.003669540918639691,-0.004103294507039612
2015-12-31,-0.00490434789975136,-0.005549802405422133,-0.0015242703737416985,-0.005217048432427096,-0.005549802405422133
2016-01-04,-0.009424153493709286,-0.0066338690458552785,-0.0012903808949142892,-0.007224411247817253,-0.0066338690458552785
2016-01-05,0.0010494280272947965,0.0008877474287976028,-0.0007875124515948073,0.0008173738105776707,0.0008877474287976028
2016-01-06,-0.005581629757835271,-0.005030265504560316,0.0007845578516845197,-0.0002780944964433374,-0.005030265504560316
2016-01-07,-0.013561346988249623,-0.013240748493079102,-0.004035271846621669,-0.013110139706592694,-0.013240748493079102
2016-01-08,-0.007244505432809967,-0.00533834554025725,-0.002790078035440624,-0.003019028655679823,-0.00533834554025725
2016-01-11,-0.004292252664060636,-0.0007620467307375423,-0.006710164335233193,-0.0006754304097766894,-0.0007620467307375423
2016-01-12,0.0029947989478742443,0.0065675067920183405,0.003978984006493214,0.007009389188120663,0.0065675067920183405
2016-01-13,-0.01132999435906823,-0.0128501640576838,-0.00387938239028518,-0.011996563972437979,-0.0128501640576838
2016-01-14,0.004358463270158985,0.008551002047880951,-0.00022740211272298527,0.00586032289345062,0.008551002047880951
2016-01-15,-0.013388693367612725,-0.010454070258219095,-0.0013488725215305974,-0.00890174640714858,-0.010454070258219095
2016-01-19,0.00047280949845140974,0.00020621144762378307,-0.0031398022854711716,0.0004751865841392533,0.00020621144762378307
2016-01-20,-0.005662218926200113,-0.0052368797647665,0.003244200029936861,-0.0007212771988875932,-0.0052368797647665
2016-01-21,0.0024024734251422153,0.0021070982181154996,-0.000274389827950805,-0.0008497281329001849,0.0021070982181154996
2016-01-22,0.017446113595242396,0.010743736684744709,0.00597432730169789,0.012170334800972293,0.010743736684744709
2016-01-25,-0.008556063612771503,-0.007286680912049204,-0.003051289932493928,-0.004267730886799548,-0.007286680912049204
2016-01-26,0.012484072036062832,0.008109530818283694,0.007454843957285018,0.005844733696428683,0.008109530818283694
2016-01-27,-0.005933596083380843,-0.005935701332425047,-0.001110964233797307,-0.011014463925207219,-0.005935701332425047
2016-01-28,0.0030325744600263604,0.0035302975987387963,0.0010522164932977862,0.005110126973498552,0.0035302975987387963
2016-01-29,0.017521443044912877,0.0167076627586511,0.011161533227228349,0.014901288424230108,0.0167076627586511
2016-02-01,-0.002510466062691896,-0.0011295281390787393,-0.0016544914689331502,9.626399025841614e-05,-0.0016544914689331502
2016-02-02,-0.011828618855195039,-0.00810457928631314,-0.001052321980874349,-0.009563900456938446,-0.001052321980874349
2016-02-03,0.0071133581007827296,0.0031509427583302774,0.0029864362676115253,-0.0011522154190792833,0.0029864362676115253
2016-02-04,0.0032780237676111046,0.0018916333491714177,0.003806808727813804,0.001232124363930831,0.003806808727813804
2016-02-05,-0.011405025612548636,-0.01092753184794637,-0.002954470393129238,-0.017086774142960226,-0.002954470393129238
2016-02-08,-0.006594378684140145,-0.00499341147775767,0.0037906928849118504,-0.005595011805742511,0.0037906928849118504
2016-02-09,-0.007903752866433411,0.00010592664888164904,-0.00255743040003209,-0.001110863630039871,-0.00255743040003209
2016-02-10,0.0035399754536220573,0.00071298344987758,0.003541109393497832,0.0025456472556903975,0.003541109393497832
2016-02-11,-0.0001593636754276817,-0.005780312293827361,0.0067300293887182505,-0.0012346495837703975,0.0067300293887182505
2016-02-12,0.007958583668955965,0.008900071272899934,-0.0003753705456571721,0.006726757861144961,-0.0003753705456571721
2016-02-16,0.006157026928370168,0.008773975262108769,-0.003420911126861159,0.010890025592240837,-0.003420911126861159
2016-02-17,0.011714408129452014,0.008759371150047102,0.0046842413850136655,0.011176055833243215,0.0046842413850136655
2016-02-18,0.00161676201404104,-0.0006133450297536314,0.0056227978487330965,-0.0034999622118772056,0.0056227978487330965
2016-02-19,-0.0007000882905143779,-0.00028055517492553417,-0.001129839967037416,0.0010723039448279348,-0.001129839967037416
2016-02-22,0.008058414273170111,0.008273810671184156,0.0011919385581293795,0.008920762484418754,0.0011919385581293795
2016-02-23,-0.006943857700306588,-0.006819689282938968,-0.0003304795839952357,-0.00830336238480256,-0.0003304795839952357
2016-02-24,0.003052012030926532,0.002741637215323056,0.0026397498051344837,0.00468785402208427,0.0026397498051344837
2016-02-25,0.007454445393820119,0.008462460226899227,0.0047983476231265865,0.007542375367873166,0.0047983476231265865
2016-02-26,-0.003825878510342773,-0.0033214392627521905,-0.004209028536660719,-0.002913363366029431,-0.004209028536660719
2016-02-29,0.0009110519286499308,-0.004059263021174542,0.0021413142613000424,0.003806797861780842,0.0021413142613000424
2016-03-01,0.013420180741790855,0.010906191779213703,-0.0007503458441715516,-0.011632992059624758,-0.0007503458441715516
2016-03-02,0.005866755554690295,0.0020339842812782116,0.0029023434046953067,0.0025101389149990716,0.0029023434046953067
2016-03-03,0.0066758679249951935,0.0028451298445471007,0.005414177114896557,0.005439406985765505,0.005414177114896557
2016-03-04,0.0045717421040145645,0.0006489883002644969,1.601577300314183e-05,-0.004212528741116328,1.601577300314183e-05
2016-03-07,0.002667489999657713,-0.00030246350055429527,0.001776094738715317,0.00010401707988316744,0.001776094738715317
2016-03-08,-0.008414080398970403,-0.0043960497714624625,-0.0012680480528673987,0.005709937946766885,-0.0012680480528673987
2016-03-09,0.0029603222152496667,0.0014424371296528626,-0.0013208741081934816,-0.005680000341577229,-0.0013208741081934816
2016-03-10,-0.0005570599494295614,-0.0009150831446889107,-0.0001588983713977088,0.00023569010649215905,-0.0001588983713977088
2016-03-11,0.009949986528777988,0.008707552767525772,0.00011724596266771137,-0.008712068177455179,0.00011724596266771137
2016-03-14,-0.0028824728118346243,-0.0005010769558879691,-0.002192825268076848,-0.0011234464136115063,-0.002192825268076848
2016-03-15,-0.004897001923320099,-0.0010698742099808367,-0.0019455648329513853,0.0004556393794692415,-0.0019455648329513853
2016-03-16,0.01114831092053481,0.005581194138330581,0.008548811302374615,0.00782132603006569,0.008548811302374615
2016-03-17,0.00792482174736775,0.00431235331186719,0.003404894100448086,0.0012840170888264169,0.003404894100448086
2016-03-18,0.0014180093434021934,0.003084054305627859,0.0015296272316045467,0.0009584439823711044,0.0015296272316045467
2016-03-21,-0.0019430248434523234,-0.00022209144403717573,-0.00291449144962197,-0.0056131143372160075,-0.00291449144962197
2016-03-22,0.0005214060466258719,-0.0011421143751164653,-0.00014582503803373115,-0.00033170581953645417,-0.00014582503803373115
2016-03-23,-0.009653877872900951,-0.0022966116645399826,-0.0038951039111990715,0.0016726494366514633,-0.0038951039111990715
2016-03-24,-0.001512565897061502,-0.0006611116493195901,-0.0013377711967420547,-0.0007282530963761413,-0.0013377711967420547
2016-03-28,0.0027167172439812592,0.0009292601025445713,0.0017372619922408905,0.0015750232688322985,0.0017372619922408905
2016-03-29,0.013290973164133302,0.00828896628555098,0.009944095994218749,0.010611689601814023,0.009944095994218749
2016-03-30,-0.00025800477491721985,0.0021653075028187363,-0.0031461538311738924,-0.007581391940608584,-0.0031461538311738924
2016-03-31,0.0007810714405893648,-3.049871587812447e-05,0.0016843240651696068,0.002045548737643621,0.0016843240651696068
2016-04-01,-0.0013956411902470434,0.003960379331316766,-0.0012554241556191892,0.0018979176651992002,-0.0012554241556191892
2016-04-04,-0.004941474013688829,-0.0014715900580967167,-0.0018881559847178098,-0.0020354235865281955,-0.0018881559847178098
2016-04-05,-0.005068733505270373,-0.004385147181306559,0.0014758764949160952,0.0025583472894887826,0.0014758764949160952
2016-04-06,0.006343691784182592,0.005630575003822136,0.0010729203692956268,0.0019019964086210983,0.0010729203692956268
2016-04-07,-0.005127973774412764,-0.005097399310117323,0.0023239810448258957,0.002035046389722961,0.0023239810448258957
2016-04-08,0.006063109025123303,0.000983509442424202,0.0017107787135572927,-0.001734496077815506,0.0017107787135572927
2016-04-11,0.0021707834527600056,-0.0014710595711814323,0.0014375135327777677,0.0017011122361838549,0.0014375135327777677
2016-04-12,0.007608398768316649,0.003937219631258371,0.0015703330645291391,0.0002361868212952256,0.0015703330645291391
2016-04-13,0.007165172672362274,0.0063364832098122825,0.002957842789929277,0.0019591455889524934,0.002957842789929277
2016-04-14,-0.0037487864786084346,-0.0009109050368463212,-0.003644903044169201,-0.004394041276338356,-0.003644903044169201
2016-04-15,0.0012913338212570125,0.0005289990273817935,0.002733535225183381,0.0027167530015532737,0.002733535225183381
2016-04-18,0.0035488226173066018,0.003820561711874948,0.000929928130646962,0.0004438964224295905,0.000929928130646962
2016-04-19,0.006317826213957378,0.0012513263470652625,0.004067705751782169,0.0006548529416769977,0.004067705751782169
2016-04-20,-0.00182823674646293,-0.0014391714822891144,-0.0026948748002257883,-0.0038902118560710797,-0.0026948748002257883
2016-04-21,-0.00519113744856925,-0.0039012569439692557,-0.0029113632145676416,-0.00032379307256769074,-0.0029113632145676416
2016-04-22,-0.002108268383205214,-0.00043386290280533757,-0.002598106497972541,-0.007928504170127915,-0.002598106497972541
2016-04-25,-0.0015394120493202879,-0.0014750566945799237,-0.0015206641586389402,-0.00017265441558989014,-0.0015206641586389402
2016-04-26,0.003559003886093981,6.442354120506089e-05,0.0004096270765032717,-0.0017875429984748337,0.0004096270765032717
2016-04-27,0.0031489372222177625,0.003418572492918326,0.005202171562589619,0.0013749778684453151,0.005202171562589619
2016-04-28,-0.0026327898238865943,-0.004110589619359284,0.001957030593160214,0.0024614307550960834,0.001957030593160214
2016-04-29,-0.0006326918196536413,-0.003386975406770021,0.0018874009000873215,0.0001438711788863678,0.0018874009000873215
2016-05-02,0.0018051841631239185,0.003594276726688106,-0.002137477911588803,0.0017593504651989278,0.003594276726688106
2016-05-03,-0.007650344709001944,-0.0028681327157421554,0.00022533636236832244,0.003878638670920642,-0.0028681327157421554
2016-05-04,-0.003104842641283301,-0.0026048330210663995,-0.000900365672954484,0.004638702859229182,-0.0026048330210663995
2016-05-05,-0.000519576958309953,0.0009813506963958218,0.0011753647761951758,0.002530788862450839,0.0009813506963958218
2016-05-06,0.003910982204590185,0.0012276567957603124,0.0006216281453284012,0.003570925173267625,0.0012276567957603124
2016-05-09,-0.0033802193407280745,0.0012606739152716262,-0.0026568602029569677,0.0008784123342195915,0.0012606739152716262
2016-05-10,0.009471945604119014,0.0073440702417710835,0.005166477604231057,0.0003771305449862261,0.0073440702417710835
2016-05-11,-0.0024469189671471048,-0.004993495911101098,0.0020356558324543528,-0.0038107105336785407,-0.004993495911101098
2016-05-12,-0.0020316266008351125,-0.0009178294434767365,-0.002631971726643867,-0.0012139672143975933,-0.0009178294434767365
2016-05-13,-0.0038462554534574034,-0.0036788254130230014,0.0013094624752205686,0.0006629313168844408,-0.0036788254130230014
2016-05-16,0.0066867702442243715,0.004404582314525118,0.0005278804434043494,0.0005985887289121639,0.004404582314525118
2016-05-17,-0.005672960763592805,-0.006126534764783531,-0.0014236473833934005,-0.005493941884202491,-0.006126534764783531
2016-05-18,-0.006409559941257248,-0.0030842568419956473,-0.00808384936383233,-0.012772136811354695,-0.0030842568419956473
2016-05-19,-0.004307789108178528,-0.0016681186463549658,-0.00045931412098787483,-0.0028461165963742374,-0.0016681186463549658
2016-05-20,0.006380649626570589,0.004028550054440139,0.0022529173222676224,0.0025311710383437713,0.004028550054440139
2016-05-23,-0.0014290336015546634,-0.000558700438021642,-0.000592363204240276,5.39331215838601e-05,-0.000558700438021642
2016-05-24,0.006667560793827576,0.00708837545020069,-3.055299501175668e-05,-0.00044992972202817505,0.00708837545020069
2016-05-25,0.004682557610877547,0.0038966465412870743,0.0017547312058283637,-0.0010992349370197996,0.0038966465412870743
2016-05-26,0.0017530894688067011,0.0014060775987874141,0.001983617893260403,0.0018567185811517728,0.0014060775987874141
2016-05-27,0.001665167199900397,0.0018288450505279386,-0.0010107738422938661,-0.000684942574102565,0.0018288450505279386
2016-05-31,9.150667703083926e-05,-0.0006746319613525342,-5.465260634129887e-05,0.00040097501995473017,-0.0006746319613525342
2016-06-01,0.00211450517189693,0.0010925117261155748,0.0013378642180006395,0.001891323327495975,0.0010925117261155748
2016-06-02,0.00361723452849394,0.0030680788423940175,0.002924676055957365,0.005561805494035399,0.0030680788423940175
2016-06-03,0.00699933956371801,0.0019234815561388618,0.009843933185898601,0.009182533119071579,0.0019234815561388618
2016-06-06,0.0030197910196982924,0.001982748977164217,-0.00035046437253016816,-0.006575567086127276,0.001982748977164217
2016-06-07,0.0037395537072495433,0.0015154017888723281,0.00269103775874302,0.003676840143578719,0.0015154017888723281
2016-06-08,0.006679341520960724,0.0024229247438656287,0.004634767989791788,0.004937015298273506,0.0024229247438656287
2016-06-09,-0.001943725836857202,-0.0002041932538582314,0.0005512511339555992,0.0037979680490154433,-0.0002041932538582314
2016-06-10,-0.009284293796437804,-0.004263019226228293,-0.0028457647928452623,0.0007883143776927781,-0.004263019226228293
2016-06-13,-0.004005427802266537,-0.0037931947653147002,-0.0003509207548513249,0.0022934236580109957,-0.0037931947653147002
2016-06-14,-0.003244833719063034,-0.0012759520658467416,-0.0026919175844356547,-0.0013780410475571214,-0.0012759520658467416
2016-06-15,0.0032287748217110224,0.00041440164578965266,0.0029550922011321035,0.005899824506944151,0.00041440164578965266
2016-06-16,-0.0012562399885857056,0.0022029442641200436,-9.82853776240189e-05,0.004411717203130161,0.0022029442641200436
2016-06-17,0.001798017882477243,-0.0035873023097868773,0.0007818511640298453,-0.0038483691523629737,-0.0035873023097868773
2016-06-20,0.005328555933978629,0.0020591190222543077,-8.008977027063047e-05,-0.0046305389362680804,0.0020591190222543077
2016-06-21,-0.0011702478650347237,0.0007766417271921622,-0.0028119970794240334,-0.0007867449740459609,0.0007766417271921622
2016-06-22,-0.0009184994422685167,-0.00017065785208836282,0.0004977813893130012,0.0004425592091736874,-0.00017065785208836282
2016-06-23,0.008699359680991448,0.005816993292197203,0.0007875579403660016,-0.0035222277110718014,0.005816993292197203
2016-06-24,-0.020074933655851557,-0.015975255735842686,-0.0013949792248046933,0.009858113395601054,-0.015975255735842686
2016-06-27,-0.005938178294892182,-0.006944347465592027,0.004374537544737711,0.012120291098868696,-0.006944347465592027
2016-06-28,0.013369966072524164,0.01039692982520024,0.0053948258028140295,0.009074840288132213,0.01039692982520024
2016-06-29,0.011645260564114857,0.008273373169689568,0.0023301127801733656,0.0008720857953834482,0.008273373169689568
2016-06-30,0.008379551896837922,0.009054259934176967,0.0052760132038141005,0.005809891539186207,0.009054259934176967
2016-07-01,0.006464359523477681,0.0023155301247383964,0.006189227665694519,0.007331771557256284,0.006189227665694519
2016-07-05,-0.005972667036826529,-0.0021555381618860725,0.0009437790995521222,0.010541718343235251,0.0009437790995521222
2016-07-06,0.0024283994141522935,0.0036662914153620108,0.0018525871633896518,-0.00040583955832529384,0.0018525871633896518
2016-07-07,-0.004524597605369829,-0.0008991448698768556,-0.002800156457223646,-0.004239984907789762,-0.002800156457223646
2016-07-08,0.013201546962342992,0.00972341895871387,0.007175661530249622,0.009550990965112138,0.007175661530249622
2016-07-11,0.0024246423072133982,4.4273822243035e-05,-0.002960045598328742,-0.0027401365346583217,-0.002960045598328742
2016-07-12,0.0032454146199167866,0.0020733175660905268,-0.0037457735548508397,-0.008911911758937241,-0.0037457735548508397
2016-07-13,0.0007296880104334935,0.0009215603305690045,0.0034672086212532705,0.007866126903385728,0.0034672086212532705
2016-07-14,0.000547941254550155,0.001769176018364238,-0.0033966986997686632,-0.010337557941691555,-0.0033966986997686632
2016-07-15,-0.002573348692920141,-0.00230846416791064,-0.004501754139013103,-0.004210211157639865,-0.004501754139013103
2016-07-18,0.0021554078219778727,0.0015396393964040023,0.0002684877109111472,0.0006911257680646266,0.0002684877109111472
2016-07-19,-0.0019942458979754774,0.00041689543726119993,0.0010686176043961382,0.004548453046885559,0.0010686176043961382
2016-07-20,0.0009582109983432563,0.001749285060693273,-0.0018605025139238895,-0.003608409269521551,-0.0018605025139238895
2016-07-21,-0.0002544614947700419,-0.001451169158343979,0.0012070636572414362,0.003105470920430786,0.0012070636572414362
2016-07-22,0.002657115266506249,0.0024312132725299307,0.0002709553271693643,0.00319307239788702,0.0002709553271693643
2016-07-25,-0.003602270125199536,-0.001975126611932665,-0.0021374570059350395,-0.0016563462291315778,-0.0021374570059350395
2016-07-26,0.001647726480890288,0.0005248355198594901,0.0012154969936011284,-0.0007584223479308871,0.0012154969936011284
2016-07-27,0.0031630684743484405,0.0010104492270073262,0.005321143737990308,0.004017977493140368,0.005321143737990308
2016-07-28,0.000398856102960643,0.0009128021270585762,-0.00047058413927336673,0.0024948987098971642,-0.00047058413927336673
2016-07-29,0.006624406095488977,0.0024732046585447254,0.005815901584126371,0.009388309151364682,0.005815901584126371
2016-08-01,-0.0031059250058186327,-0.001887465131053756,-0.005458278205550671,-0.002926720333343069,-0.001887465131053756
2016-08-02,-0.006218334616919563,-0.004804670793144061,-0.004288068209638896,-0.007605391722836918,-0.004804670793144061
2016-08-03,0.002082564263435893,0.0019657373224395425,0.0011920827083340413,-0.002523867076703601,0.0019657373224395425
2016-08-04,0.0027893059383801155,0.0015999346752226806,0.003664011984880533,0.002280510621227805,0.0015999346752226806
2016-08-05,0.0018524174340694977,0.0024116399641849195,-0.003920686186181688,-0.00763854271947606,0.0024116399641849195
2016-08-08,0.001488451144426417,-0.0005724007135678999,0.0005754894365748164,0.00103035993501166,-0.0005724007135678999
2016-08-09,0.0038649262234931037,0.0017804014609044128,0.004476378970781347,0.00668254551810854,0.0017804014609044128
2016-08-10,-0.0010401887615454353,-0.000426621347262679,0.001381654111468178,0.0021528126313834495,-0.000426621347262679
2016-08-11,0.0017869598181061708,0.0008731111774109568,-0.0019506373558519918,-0.008444260212554289,0.0008731111774109568
2016-08-12,0.0015870607872536802,0.000893522287683135,0.0032163242490637067,0.004209096553325242,0.000893522287683135
2016-08-15,0.0038708388335213506,0.0005678890105782486,-0.0011447445292304126,-0.0030353735646024838,0.0005678890105782486
2016-08-16,-0.0027746907467087745,-0.0037851372695648644,-0.0014157153158107505,-0.0039212537296337,-0.0037851372695648644
2016-08-17,0.0009542879904969048,0.001773210149477844,0.002493461128383334,0.0037893381868427944,0.001773210149477844
2016-08-18,0.004226311471863475,0.0020613653715630953,0.003012377552169321,0.0006387124387507992,0.0020613653715630953
2016-08-19,-0.004177535011357092,-0.0022260381772812865,-0.004186908880700835,-0.006155504241994292,-0.0022260381772812865
2016-08-22,-0.0005253504283183608,0.0008594420077168152,0.002105374828531126,0.004725314361704758,0.0008594420077168152
2016-08-23,0.0016556234930276137,0.0011776007037329617,0.0011675283442968976,0.0006691978317978631,0.0011776007037329617
2016-08-24,-0.004986944168008822,-0.003226682523420399,-0.0032020087452533375,-0.005268558105418597,-0.003226682523420399
2016-08-25,-0.0001321772407608668,-0.0010539495608304916,-0.0017516198997767907,-0.0004509859215953149,-0.0010539495608304916
2016-08-26,-0.004124746295448123,-0.0026626411368431135,-0.003959923623885531,-0.005620353931295785,-0.0026626411368431135
2016-08-29,0.004681473751391607,0.0046075742887921045,0.005515415381392108,0.008933901950675338,0.0046075742887921045
2016-08-30,-0.0032536251034821495,-0.0010295331778097383,-0.0025186992861995217,-0.0046672701084234935,-0.0010295331778097383
2016-08-31,-0.0042645503760300185,-0.0021764325269737483,-0.00244111375003242,-0.0006481612541967552,-0.0021764325269737483
2016-09-01,0.001118342711196707,0.0006556284977172755,0.000565516501570551,0.0004775114876212072,0.0006556284977172755
2016-09-02,0.006446595027510771,0.0016615678218039331,4.736097799495909e-06,0.0010795151456686192,0.0016615678218039331
2016-09-06,0.008208002713714802,0.0036772647781211365,0.005678604335247028,0.0076796132508349935,0.0036772647781211365
2016-09-07,0.001513171654913048,0.00015923238654602656,0.00038295336795934887,0.000542915646120079,0.00015923238654602656
2016-09-08,-0.0033091483381836317,-0.0033314408597819867,-0.004348519354164804,-0.008995865814982462,-0.0033314408597819867
2016-09-09,-0.021660120482863032,-0.016281530113051446,-0.013131278768504395,-0.021910941027776243,-0.016281530113051446
2016-09-12,0.007271675296803615,0.008919761848136476,0.004256102658561467,0.006009922137706125,0.008919761848136476
2016-09-13,-0.014748661706603383,-0.01009687592460562,-0.009040511284683528,-0.01437024112476315,-0.01009687592460562
2016-09-14,0.0008970561282932721,0.0006863778317329761,0.0008257383106087257,0.0016931844167327181,0.0006863778317329761
2016-09-15,0.006134705122721185,0.006068366017716098,0.0019212517722027034,0.0005824183676850225,0.006068366017716098
2016-09-16,-0.001741109172088695,-0.0018800987575421368,0.0006840489141193284,0.00201568456836565,-0.0018800987575421368
2016-09-19,0.00208831413894095,-0.0005765079161750286,-0.001098794261406133,0.0009953775671542875,-0.0005765079161750286
2016-09-20,0.0012208387243997088,0.0006442951512610762,0.001691370469016018,0.001206560558805858,0.0006442951512610762
2016-09-21,0.013083016422791971,0.007372233638646808,0.0071415636789287085,0.01075019971648472,0.007372233638646808
2016-09-22,0.008225898981312652,0.004966995762504256,0.005059860689184514,0.00890290400610283,0.004966995762504256
2016-09-23,-0.004890728783492948,-0.003112411823167127,-0.002267426071015932,-0.0009161135381601238,-0.003112411823167127
2016-09-26,-0.003321289728035026,-0.0037060787856031396,0.0004758629175105611,0.0010185953612871224,-0.0037060787856031396
2016-09-27,0.0020570089206384257,0.004388024116235956,0.0027899393159620534,0.0010128823909869578,0.004388024116235956
2016-09-28,0.005605248744669167,0.00278729443293968,0.002033197458133351,0.0016649771793852963,0.00278729443293968
2016-09-29,-0.0066356644323092295,-0.0051685563037131566,-0.0015389350118905076,-0.004239893802995276,-0.0051685563037131566
2016-09-30,0.001967763560369873,0.0035221942874357204,-0.0005634243687689944,-0.002218849423864855,0.0035221942874357204
2016-10-03,-0.00207414198197986,-0.002373300792425037,-0.0018225114940170206,-0.003596510365065031,-0.002373300792425037
2016-10-04,-0.008962472033421598,-0.004889935673612067,-0.007974721638410065,-0.013733086877051992,-0.004889935673612067
2016-10-05,0.0010947706128923151,0.0017688007106868575,-0.00018752017340295524,-0.0017868815037699326,0.0017688007106868575
2016-10-06,-0.001967900401604994,-0.00040285432806907995,-0.0021922998212347,-0.0038977651522398293,-0.00040285432806907995
2016-10-07,-0.0025197619331439602,-0.001500387333115416,-0.0004345233542311089,-0.0007678754929959508,-0.001500387333115416
2016-10-10,0.005030569497333159,0.002102745311776344,0.0003672732226602804,0.0010984873442174692,0.002102745311776344
2016-10-11,-0.010660836653596295,-0.007750843285415643,-0.00490320254316623,-0.007435805193672929,-0.007750843285415643
2016-10-12,0.0001429280219316098,0.0007898461262361156,0.00013425693200130873,0.001477437782805957,0.0007898461262361156
2016-10-13,-0.0005655069620886799,-0.001144972361731278,0.0011706649291265414,0.0010826982397136309,-0.001144972361731278
2016-10-14,-0.002485326202567806,-0.0009158541987508428,-0.003901050638280501,-0.006202934225281398,-0.0009158541987508428
2016-10-17,0.0002932489437132979,-0.001224142316121446,0.0012815257755398601,0.0018367787973232463,-0.001224142316121446
2016-10-18,0.006820007878972856,0.0045571983328658305,0.0037519765660576354,0.005633138427569628,0.0045571983328658305
2016-10-19,0.003151574247277855,0.0017850811111808085,0.0019299634112097674,0.0021312812166991435,0.0017850811111808085
2016-10-20,-0.002198538721965293,-0.0014834220311532587,-0.0015077634645360716,-0.0009739568849788105,-0.0014834220311532587
2016-10-21,0.0004982406039608644,0.0007131193635787625,0.0011243952825714665,0.0012230221890758841,0.0007131193635787625
2016-10-24,0.0022127876688575743,0.0020208606754335,-0.00025306538999669836,0.00104711883173092,0.0020208606754335
2016-10-25,-0.0010532493322555903,-0.0020932668783801844,-0.0003272902828819202,0.0012125229807273818,-0.0020932668783801844
2016-10-26,-0.00677715363157716,-0.0020724792025361705,-0.003493686113724359,-0.006002310475352823,-0.0020724792025361705
2016-10-27,-0.006000594094825673,-0.0029757544241432177,-0.0035173384801543417,-0.006424841136996151,-0.0029757544241432177
2016-10-28,-0.001861205645422137,-0.0017091422043025162,-0.0012486647255746108,-0.001334881246771502,-0.0017091422043025162
2016-10-31,0.00220740515815665,0.00035138807300039154,0.0007482317138431949,0.0036216096587184943,0.00035138807300039154
2016-11-01,-0.005028101101693383,-0.004331283944239983,-0.0012002604527897587,-0.0008734852239449253,-0.005028101101693383
2016-11-02,-0.0056912013494944125,-0.0023924672578400363,1.1857960355188268e-05,0.0004916213492429655,-0.0056912013494944125
2016-11-03,-0.0036815746939512506,-0.002984064708740908,-0.00272637817333099,-0.0032178630866310787,-0.0036815746939512506
2016-11-04,-0.0003879789135849965,0.0005947513406083793,0.0020019044239383277,0.0016324038478909841,-0.0003879789135849965
2016-11-07,0.010863212983615922,0.011409982473432168,0.00169113441707891,0.0015165229367781752,0.010863212983615922
2016-11-08,0.0015013043360161404,0.0012861462326174689,-0.001302888164140481,-0.0010307747050591898,0.0015013043360161404
2016-11-09,-0.005469379231088256,0.00032414934494129355,-0.010805196621517354,-0.025708857137100916,-0.005469379231088256
2016-11-10,-0.008762939772644751,-0.0008397770079232592,-0.005966700567278327,-0.01700593796480543,-0.008762939772644751
2016-11-11,-0.004426072444598139,-0.0022056966948756918,-0.005323644508805292,-0.01136686797651243,-0.004426072444598139
2016-11-14,-0.00044989522619953703,-0.0017764654084365672,-0.00397397138170108,-0.007026948731460481,-0.00044989522619953703
2016-11-15,0.007507140011377311,0.004774109974250207,0.005116122043393734,0.009106272963720796,0.007507140011377311
2016-11-16,-0.002288076420077889,-0.0007897567563562857,0.00019001686752107005,0.0015616121281463169,-0.002288076420077889
2016-11-17,-0.0003493095714437455,0.0014449891586227892,-0.0029877807767969555,-0.006609365958183289,-0.0003493095714437455
2016-11-18,-0.0020153646824073723,-0.003080695712552761,-0.003161720665205592,-0.004737010293030086,-0.0020153646824073723
2016-11-21,0.007278649363646084,0.004977778418165935,0.005143767220062712,0.004717005806461838,0.007278649363646084
2016-11-22,0.004860110544572693,0.0015676541604714433,0.0007952876705565881,0.003477936344703947,0.004860110544572693
2016-11-23,-0.003659363038595931,-0.0010371639274691091,-0.003053060133192398,-0.008742837373913348,-0.003659363038595931
2016-11-25,0.0012237790714395569,0.0019730199322074427,0.00015574131665507807,0.0006252508732949025,0.0012237790714395569
2016-11-28,0.0005589087493707012,-0.0011766368620558243,0.002558548719460152,0.006316483531027872,0.0005589087493707012
2016-11-29,0.00028749220894952465,0.0016017038283389073,0.00016975444598554823,0.001346453979380824,0.00028749220894952465
2016-11-30,-0.0036475352509054426,-0.004154743743531419,-0.0051895302797788645,-0.011053207557648825,-0.0036475352509054426
2016-12-01,-0.005305600388881171,-0.003731150172381459,-0.003182030866402341,-0.0044010375921291756,-0.005305600388881171
2016-12-02,0.0039887154548596815,0.0020915550884834655,0.003926774644538611,0.0029844035304846805,0.0039887154548596815
2016-12-05,0.005479155057770191,0.0034538491238480518,0.0014045350724336547,0.004943410235975332,0.005479155057770191
2016-12-06,0.0028939494605295657,0.002057568982564817,0.0006372142300921091,0.004075279673176002,0.0028939494605295657
2016-12-07,0.00942036507105426,0.009201609977246505,0.006384959424450942,0.007344481500696665,0.00942036507105426
2016-12-08,0.0015199784078372414,-1.797396132952045e-05,-0.0025374924742008753,0.004038918740733921,0.0015199784078372414
2016-12-09,-0.0008083378656108531,0.001638166240655936,-0.0025006577847419553,-0.004620550423792169,-0.0008083378656108531
2016-12-12,-0.0008742118789374365,-0.0006239704990438355,0.0007161453014554731,-0.0027351269040024606,-0.0008742118789374365
2016-12-13,0.004429035270523407,0.004285595840937573,0.002714229838290061,-0.0003870143328318365,0.004429035270523407
2016-12-14,-0.013304539235304613,-0.008276689169458562,-0.009308402835725982,-0.012903037630984882,-0.013304539235304613
2016-12-15,-0.0005444787784361083,0.0014211889615065587,-0.00029645377519127436,-0.0012915051111684894,-0.0005444787784361083
2016-12-16,0.0013523018978496282,-0.0007082758694109126,0.00037688001966307283,0.0013376879818993714,0.0013523018978496282
2016-12-19,0.002908862277661184,0.0031325579940262305,0.004084874305930519,0.0062588280139508345,0.002908862277661184
2016-12-20,0.0016493409362270395,0.0015305762222166397,-0.0006490288241338682,0.0002360880971563617,0.0016493409362270395
2016-12-21,-0.0029309501249088488,-0.001067010438487781,6.864197506062375e-05,-0.002088863130328078,-0.0029309501249088488
2016-12-22,-0.0034882377077462,-0.0012230248187448112,-0.001251909216574365,-0.00487679794033824,-0.0034882377077462
2016-12-23,0.0026538208392377083,0.0012683034110887448,0.001516410286497738,0.003799697162616855,0.0026538208392377083
2016-12-27,0.003467792577202866,0.000952893676174682,0.0012241941630164455,0.0038187720616216225,0.003467792577202866
2016-12-28,-0.0015584435291668974,-0.0036298349958909792,0.0001539053253594158,-0.002709984056731285,-0.0015584435291668974
2016-12-29,0.00506606279522237,0.001067024477415579,0.0028144191553742814,0.005930341507927039,0.00506606279522237
2016-12-30,-0.0008743357893049586,-0.0010220600573852545,-0.00020797959896867724,-0.002966137264565072,-0.0008743357893049586
2017-01-03,0.004253299140754008,0.004386422681375901,0.00275254518814827,0.00209771241996326,0.004253299140754008
2017-01-04,0.007795150086125746,0.004029172936388159,0.003635121107881556,0.009687368991065703,0.007795150086125746
2017-01-05,0.005850832294889585,0.002105725711274209,0.006111370273818695,0.0024824830655292285,0.005850832294889585
2017-01-06,-0.0021272132354969164,0.0003257799700042696,-0.0026662376565865786,-0.004888745446883114,-0.0021272132354969164
2017-01-09,-0.0012978490840919177,-0.000470042447197061,0.0013661459767004835,-0.002502667567380601,-0.0012978490840919177
2017-01-10,0.0007869389943011562,-0.00018968514693973315,-0.00017593234560897564,0.003925344784059481,0.0007869389943011562
2017-01-11,0.003669980157995578,0.0021513326615605344,0.0027286761106544155,0.0041842890978252,0.003669980157995578
2017-01-12,0.0015655110350765167,-0.0012802133245508607,0.0003103977795513302,0.000572825997805726,0.0015655110350765167
2017-01-13,0.000815115044307646,0.0005052186626886002,-0.0006823195840514051,0.0025361210598808803,0.000815115044307646
2017-01-17,0.0012859817761283754,-0.00010975807453905695,0.0035450646378696327,-0.000302759707284439,0.0012859817761283754
2017-01-18,-0.003665561481613344,-0.0015176612023610758,-0.005176321923318961,-0.004525235340446132,-0.003665561481613344
2017-01-19,-0.004262728026861007,-0.003743895068693326,-0.0038945909510984533,-0.005009198337639131,-0.004262728026861007
2017-01-20,0.003816711016704444,0.00239882753695686,0.00198237283178182,0.004765846686549002,0.003816711016704444
2017-01-23,0.004189826369050742,0.0005232904892331636,0.003192119072644495,0.0014129648674940931,0.004189826369050742
2017-01-24,0.002438975022808876,0.0023278694728072757,-0.0006755924559136428,0.004377992607816683,0.002438975022808876
2017-01-25,0.001144593150903983,0.0032442681425761677,-0.002034610360295397,-0.0014274301961855196,0.001144593150903983
2017-01-26,-0.0014819960372373098,-0.00010426111572992003,9.786422134894224e-05,-0.002732370248455518,-0.0014819960372373098
2017-01-27,-0.0014819649493794662,-0.0004592848809241712,0.00016049937761541955,-0.002045309352711411,-0.0014819649493794662
2017-01-30,-0.005204703383082654,-0.003861654380730384,-0.002480769817459816,-0.0059967665716359475,-0.005204703383082654
2017-01-31,0.0045325783848699785,0.0013169493598768067,0.0033997546223776265,0.006775189366200696,0.0045325783848699785
2017-02-01,-0.0001207320454281735,-0.0005310567648808551,-0.0009257328374432383,0.0014254932052031322,-0.0005310567648808551
2017-02-02,0.0019396158126046004,0.0005481072381690044,0.0007625280432737025,0.0004206507626356437,0.0005481072381690044
2017-02-03,0.0042805609969032155,0.004439858885922687,0.002871868362185337,0.007425165747377616,0.004439858885922687
2017-02-06,-0.00013800085533033357,0.00082745351406599,0.002593636016155809,-0.0003639991340084192,0.00082745351406599
2017-02-07,-0.0007673487207491281,0.0007484365172485408,0.0011369599008532738,-0.0025751714289357075,0.0007484365172485408
2017-02-08,0.0044705872725649964,0.0024188916818370654,0.004295402683703431,0.0018357439924769903,0.0024188916818370654
2017-02-09,0.0014150837689423934,0.001163409999686671,-0.001859244665096238,0.005079302846911826,0.001163409999686671
2017-02-10,0.004566570636546752,0.002108628710080218,0.0018952902672477734,0.006022152363236444,0.002108628710080218
2017-02-13,-0.00016009455179666343,0.002675033938279503,-0.00016393714891316247,-0.0015168554713435034,0.002675033938279503
2017-02-14,-0.0003321477660237493,0.0009825476027005564,-0.000632912763570026,0.0024680285953193604,0.0009825476027005564
2017-02-15,0.002519172283993898,0.002410944136575388,0.001042655585882457,0.0047945694397733,0.002410944136575388
2017-02-16,0.0008905660648557134,0.001059550912063445,0.001920699889212285,-0.0007480732410342084,0.001059550912063445
2017-02-17,0.00035546620099813353,0.002006247265817329,0.0019074309482314256,-0.0008543029449797901,0.002006247265817329
2017-02-21,0.004317983667654124,0.003423544897889652,0.001754688649158842,0.004071375119021781,0.003423544897889652
2017-02-22,-0.0005584814721800724,9.411145691751166e-05,0.0003146614435496353,-0.0022009512007625798,9.411145691751166e-05
2017-02-23,0.0015924206396820129,0.0014557203583069889,0.0024672691775400324,2.4850274799925742e-05,0.0014557203583069889
2017-02-24,0.000819633442266765,0.0025945917292748977,0.0038922281245050705,0.0014470349505104618,0.0025945917292748977
2017-02-27,-0.0001372390827452108,-0.00046462025316151845,-0.0020142883201097472,0.0024393155027229163,-0.00046462025316151845
2017-02-28,-0.0031355236393796337,-0.0018230292043063256,-0.000563260844072877,-0.005412878959724976,-0.0018230292043063256
2017-03-01,0.0045026965005894315,0.005600944511120698,0.0009696128887590749,0.009818384321774731,0.005600944511120698
2017-03-02,-0.008729585106961646,-0.004939231539499267,-0.0057269892421208946,-0.010119208073993913,-0.004939231539499267
2017-03-03,0.001960469861910452,0.0007592950398547238,0.0011623366522273137,0.001400536508801009,0.0007592950398547238
2017-03-06,-0.00320339057989516,-0.0018732078642115235,-0.0021785845216604205,-0.004064236527211662,-0.0018732078642115235
2017-03-07,-0.003526129443868098,-0.0023703948049020873,-0.002809001736832073,-0.004575136524633372,-0.0023703948049020873
2017-03-08,-0.007539425916326281,-0.0024512865058906597,-0.004444357955636802,-0.006748947550877404,-0.0024512865058906597
2017-03-09,-0.0044809764846044375,-0.00034207561756194327,-0.00228899539975691,-0.0033828811211078502,-0.00034207561756194327
2017-03-10,0.0027774166322582783,0.002955994129636652,0.0020400246902052555,0.001352063960897265,0.002955994129636652
2017-03-13,0.0016586600666428364,-0.0006851930203656265,-0.001478470128351228,0.0010028192108528788,-0.0006851930203656265
2017-03-14,-0.0028609834182022897,-0.0018954874844734348,-0.0011828083066971473,-0.003760361905917997,-0.0018954874844734348
2017-03-15,0.013904377700297621,0.008697558048085696,0.009700412994638086,0.01121436906204254,0.008697558048085696
2017-03-16,0.00030461188000385775,-0.0022846913980713035,-0.0021356336013366173,0.00039082495293230046,-0.0022846913980713035
2017-03-17,0.0021381620683631475,1.4637309346809957e-06,0.0013643326631218589,0.0020977301563918083,1.4637309346809957e-06
2017-03-20,0.0014964067876608311,0.000286334384078879,0.001205736815753422,-0.0004663157015569741,0.000286334384078879
2017-03-21,-0.006159726096090723,-0.006402114340002707,-0.0024257732250141384,-0.013699704603392426,-0.006402114340002707
2017-03-22,0.002179286611566633,0.00217038956321125,0.0021427921413754714,0.002747916746266066,0.00217038956321125
2017-03-23,0.0005941807128000409,-0.0010571523263537275,-0.001168925451037195,0.00022801113986736787,-0.0010571523263537275
2017-03-24,0.0015449729214040975,-0.00020588771210594548,0.0006250836233296919,0.0018704573385777135,-0.00020588771210594548
2017-03-27,0.0004872405821296777,0.00037768323384246294,0.0013507609017537892,0.0017057107144371475,0.00037768323384246294
2017-03-28,0.002449314920454526,0.0029726458553300805,0.0007659456641262441,0.005028964563567495,0.0029726458553300805
2017-03-29,0.003629696122348758,0.001700489461494481,0.002821853057761503,0.004838478791979961,0.001700489461494481
2017-03-30,-0.0009436687064882099,0.0007698602759869111,-0.0009751166291024349,0.002536759734349081,0.0007698602759869111
2017-03-31,0.00048701617654911544,-0.0006004691225888203,0.000344120573305462,0.0006571829731849554,-0.0006004691225888203
2017-04-03,0.0010531564854632247,0.0009322832578402274,0.0022880662959092746,-0.0028710370351724412,0.0009322832578402274
2017-04-04,0.000646788699329548,-0.0001892028889662889,1.5907821513172493e-05,0.001971912952873245,-0.0001892028889662889
2017-04-05,-0.001811469315201708,-0.0010171624793074985,-4.346779247055288e-05,-0.004653981054974166,-0.0010171624793074985
2017-04-06,0.0012935276489762781,0.001410963691436562,0.0005212818124966656,0.002550223103934046,0.001410963691436562
2017-04-07,-0.000503967068731126,-0.0018248355001598826,-0.0015507699322991897,0.0004246688849744995,-0.0018248355001598826
2017-04-10,0.0018685999765359895,0.0010792685201912455,0.001727795429382395,0.0018032372302152488,0.0010792685201912455
2017-04-11,0.004250650121832011,0.0011519652403497727,0.0034716515114159296,0.003459549229803738,0.0011519652403497727
2017-04-12,-0.00040004738073540214,-0.0013596528049282242,0.0005897952646360949,-0.004280148173457232,-0.0013596528049282242
2017-04-13,-0.0018464602438665878,-0.0026444382061602267,-0.00041603133832757155,-0.0030772761432754647,-0.0026444382061602267
2017-04-17,0.004319472238770272,0.004598866368298982,0.00186990175235624,0.005315773118943268,0.004598866368298982
2017-04-18,0.00015845586363449904,0.0005405556043074355,0.0023468940413293726,-0.00016340836652783963,0.0005405556043074355
2017-04-19,-0.004322518185034374,-0.0021517852346815136,-0.003918170754224293,-0.002294982423590386,-0.0021517852346815136
2017-04-20,0.0040526783162850855,0.003912621948136685,0.0018226981248175012,0.006853044713101886,0.003912621948136685
2017-04-21,-0.0015105739887473213,-0.001708078321749018,-0.001310987973618838,-0.0014726955214467985,-0.001708078321749018
2017-04-24,0.004546846875061128,0.005703054102460525,0.0021843179719809314,0.00675616055282191,0.005703054102460525
2017-04-25,0.001973470232763619,0.0014025622240476654,-0.0013780504626198509,0.00447052724634367,0.0014025622240476654
2017-04-26,-0.00031697525343199473,0.0006770572883836312,0.001356705865947383,0.0011629014768999024,0.0006770572883836312
2017-04-27,-0.0004975185646176605,0.0007665136353740554,-5.3175574906805245e-05,0.0009858344588800083,0.0007665136353740554
2017-04-28,-0.0020200859632110157,-0.0008957263676375726,-0.0001987091253451423,-0.0020529958368056267,-0.0008957263676375726
2017-05-01,0.0015202063174053482,0.000644305728312311,-0.0011060114223722106,0.00289824424181373,0.000644305728312311
2017-05-02,0.00039891581129514186,0.0010540258836213567,0.0006384604546125772,-0.00027617422085546295,0.0010540258836213567
2017-05-03,-0.005194216764069948,-0.0015553785966768707,-0.0026554470259840812,-0.005914286101753596,-0.0015553785966768707
2017-05-04,-0.004718821389627759,-0.00019899070617734882,-0.003097331514011148,-0.002357418008830825,-0.00019899070617734882
2017-05-05,0.005965460770662734,0.0024413430343817044,0.0026665700226200517,0.003671982116805639,0.0024413430343817044
2017-05-08,-0.003111923277187678,-0.0010769337567380077,-0.0018570467252971845,-0.0006550868372263707,-0.0010769337567380077
2017-05-09,-0.0004601872899434589,-0.0010044000713803625,-0.00159870795513406,-0.00012213222408052893,-0.0010044000713803625
2017-05-10,0.003864369430263137,0.0009312769267235677,0.0014364178192347588,0.001698624969864282,0.0009312769267235677
2017-05-11,-0.0006309799807725502,-0.0009307827612319297,8.02813579487971e-05,-0.0011297571322645972,-0.0009307827612319297
2017-05-12,0.0016733724566977415,0.001026098424853128,0.002143093828536058,0.0005575913288551337,0.001026098424853128
2017-05-15,0.003960867217640329,0.003054767771124789,0.002238433366166248,0.004027157636726786,0.003054767771124789
2017-05-16,0.0015283180668257401,-2.6410294035494886e-05,0.0008645191588998458,0.0027077615426198687,-2.6410294035494886e-05
2017-05-17,-0.0048917318838176405,-0.007489095222659281,-0.0007763899312116518,-0.01350770681337743,-0.007489095222659281
2017-05-18,-0.0003650678267520524,0.0022853136202851676,0.0006573025528975318,0.0028754436515727733,0.0022853136202851676
2017-05-19,0.008074284383080332,0.003766486565862648,0.004169048400868958,0.004443586376077446,0.003766486565862648
2017-05-22,0.003301225190617485,0.002586245503684914,0.0020669140496438754,0.00619455746239117,0.002586245503684914
2017-05-23,-0.0010597406205135051,0.0002779729285686816,-0.00139675505282022,-0.00023265990479759413,0.0002779729285686816
2017-05-24,0.0029720059521536335,0.002225271311731003,0.002312153651670812,0.003240010239612401,0.002225271311731003
2017-05-25,-0.00030481171778617977,0.003095481837961156,0.0006207574676901917,0.003900773470996155,0.003095481837961156
2017-05-26,0.0013411969092669285,0.00013657019371349222,0.0014856851722788722,0.0026073550790037814,0.00013657019371349222
2017-05-30,-0.002404978346472353,0.00048236085231900816,0.00024022356115649401,-0.0019328674781177169,0.00048236085231900816
2017-05-31,-0.0011591522212321959,3.584628277852886e-05,-7.922507437840842e-05,0.0002486817136355679,3.584628277852886e-05
2017-06-01,0.00449827047918383,0.00456085961618613,0.0026264378339841965,0.0044244610596979594,0.00456085961618613
2017-06-02,0.006657913065854615,0.0037504214102821454,0.004145549054214159,0.0075944629297342026,0.0037504214102821454
2017-06-05,-0.0030624975515828323,-0.001109922039909339,-0.0015709925507058076,-0.00010068561024612066,-0.001109922039909339
2017-06-06,0.0011287688636629767,-0.0006634542226230389,0.0016712187256411326,0.00022027756039544322,-0.0006634542226230389
2017-06-07,-0.001264237944041735,0.0003685604438228296,-0.001537662549889851,0.0008098037851227424,0.0003685604438228296
2017-06-08,0.0006295434271941236,-0.00033426020046967153,-0.0011558300817381406,-0.00109555101204184,-0.00033426020046967153
2017-06-09,-0.003206147597728193,-0.0012842369914988216,-0.0015327439291187295,-0.012857365367410667,-0.0012842369914988216
2017-06-12,-0.0017903751006034252,-0.00019808908122642688,-0.0008138751525497145,-0.0025738587628768572,-0.00019808908122642688
2017-06-13,0.003856804021567406,0.0030902321847008363,0.0024304216400368173,0.005123023972574137,0.0030902321847008363
2017-06-14,-0.0012921460127431894,0.0013103108618544024,0.0010695818361561304,-0.003476941376171383,0.0013103108618544024
2017-06-15,-0.0030518736895013276,-0.0018594880353701715,-0.0016854719032948218,-0.003484818734160844,-0.0018594880353701715
2017-06-16,0.0007679318116968759,0.0003540258396255158,0.0006827880038549061,-0.001593237005604653,0.0003540258396255158
2017-06-19,0.002849564309625352,0.0038913436383454236,0.0011253047050536757,0.007475070456476551,0.0038913436383454236
2017-06-20,-0.004646682186512541,-0.003074367820360302,-0.001878167593624469,-0.0059152634352998,-0.003074367820360302
2017-06-21,5.173528239454939e-05,-0.00018577187400536932,-0.0003604425114537291,0.0045689057945879075,-0.00018577187400536932
2017-06-22,0.001690946530657822,9.826722816397293e-05,0.000687469501946758,0.0005856887244570785,9.826722816397293e-05
2017-06-23,0.0031243254702033596,0.0008285660931737215,0.001151774343716383,0.0030126817337758904,0.0008285660931737215
2017-06-26,0.001374212820958176,0.0007287711187056178,0.00020096347944842385,-0.003878298121818169,0.0007287711187056178
2017-06-27,-0.0057692148163747126,-0.006802392476663033,-0.004913096893397029,-0.009088896224930698,-0.006802392476663033
2017-06-28,0.0060213907097381725,0.0050018035186565335,0.0034024559392149545,0.008927216891910561,0.0050018035186565335
2017-06-29,-0.007940488306706683,-0.0067788593893172155,-0.0056955546413587355,-0.011156522632967403,-0.0067788593893172155
2017-06-30,0.0019023755690323885,0.00017970737704842144,0.0010845367592959843,-2.6243426904049016e-05,0.00017970737704842144
2017-07-03,0.0004250453596288395,-0.0004466778774814273,-0.0013564221250353947,-0.0037271460461903994,-0.0004466778774814273
2017-07-05,-0.0018662436751168965,0.0016926509452346306,0.0002929020097872659,0.004276661070468979,0.0016926509452346306
2017-07-06,-0.007642480909895499,-0.006259770808193843,-0.004759458436816799,-0.007878347224230975,-0.006259770808193843
2017-07-07,0.0006975656589434109,0.0032566389897481507,0.00012886502371256547,0.006442611345162996,0.0032566389897481507
2017-07-10,0.0014877977696423628,0.0011729223692769075,0.0014844950887458186,0.0033927179372827965,0.0011729223692769075
2017-07-11,0.0028767472208504064,7.743332861509522e-05,0.0011830693947052495,0.0018046058913616658,7.743332861509522e-05
2017-07-12,0.007525317716216007,0.00568866680059088,0.0043577262980636355,0.009416278156640923,0.00568866680059088
2017-07-13,0.00046122029950979027,0.0006037775099041465,-0.000194317370106889,0.0022138291254703013,0.0006037775099041465
2017-07-14,0.0065704930732166655,0.003376186461915953,0.004013496313934661,0.00650187446719408,0.003376186461915953
2017-07-17,0.0008624853098779806,0.00040892108858003873,0.0006137658632749954,-0.0003008786197994384,0.00040892108858003873
2017-07-18,0.002978037971352432,0.0017681430032869816,0.002903732615589405,0.0029633392415246984,0.0017681430032869816
2017-07-19,0.005090203514753533,0.0032686234718066753,0.0028993030299788725,0.005524702330029552,0.0032686234718066753
2017-07-20,0.00038080009938479265,0.00038009662890825524,0.00040669408877325175,0.0019016267219025274,0.00038009662890825524
2017-07-21,-0.0010666878848998307,0.00016313367658638,8.35014340769824e-05,-0.0017970198556236383,0.00016313367658638
2017-07-24,0.0002363798908751047,-0.0004055285390491825,-0.0003254704312511958,0.0010606121915628375,-0.0004055285390491825
2017-07-25,-0.00015318438127887024,-0.0007464046524794377,-0.001162629312632224,0.0004282271485724909,-0.0007464046524794377
2017-07-26,0.004167742238642802,0.00128131326964942,0.002742090285468013,0.0028899743301231684,0.00128131326964942
2017-07-27,-0.002130286749411847,-0.001190502046152342,-0.0007732422095735325,-0.003786247784253849,-0.001190502046152342
2017-07-28,0.001351247046933679,-4.561363239319327e-05,0.0014642836113794022,-0.0004436266255900545,-4.561363239319327e-05
2017-07-31,0.0004399871071338879,-0.00023822238559567666,0.00045286110509557,-0.0009904421797977125,-0.00023822238559567666
2017-08-01,0.0016756495889507228,0.002330690404765745,0.0011642167700964823,0.003059635582794762,0.002330690404765745
2017-08-02,-0.001590914619969408,-8.298183297583694e-05,-0.00015698509852801745,0.0014163761666234898,-8.298183297583694e-05
2017-08-03,-0.0008179437410675838,0.00022059463693469006,0.0005409791540134101,-0.0019073763250289089,0.00022059463693469006
2017-08-04,-4.039024073887454e-05,5.9635730893514705e-06,-0.0011462293320052552,0.0016306917134309984,5.9635730893514705e-06
2017-08-07,0.0018594131583440365,0.0013397870659945799,0.0010865108236211007,0.003077746822797156,0.0013397870659945799
2017-08-08,-0.0018110838439531207,-0.0018131901035391973,-0.001182910862887132,-0.0032039395376328716,-0.0018131901035391973
2017-08-09,0.00014217690175932773,0.00046235016682505403,0.002180716802105964,-0.000933881604659681,0.00046235016682505403
2017-08-10,-0.009402786977265376,-0.006965319924396973,-0.004471844734284747,-0.017115994750326657,-0.006965319924396973
2017-08-11,0.0014634923865213256,0.0013314232362691136,0.0017078662812062273,0.0026601209436438733,0.0013314232362691136
2017-08-14,0.0047412303254925625,0.0049223733880598974,0.0014582260629403265,0.00932725840744597,0.0049223733880598974
2017-08-15,-0.0029892452585570384,-0.0012711588634576332,-0.0024106454760663976,-0.00022146387584065508,-0.0012711588634576332
2017-08-16,0.0034170301279681237,0.0017946742251073733,0.0019569279259907812,0.003159803329818356,0.0017946742251073733
2017-08-17,-0.006520538972013212,-0.007914652250388121,-0.0038845097793287486,-0.015112593108486672,-0.007914652250388121
2017-08-18,0.0014767329250178207,-0.0008533257285396889,0.0007513823141278575,0.00123726912295119,-0.0008533257285396889
2017-08-21,0.0007696123164380175,0.0007289877462923755,-1.6291178964733533e-05,-0.0009714243093240649,0.0007289877462923755
2017-08-22,0.004114108509613912,0.005417502629201376,0.00303720666685936,0.00980605991898309,0.005417502629201376
2017-08-23,0.002941695694646418,-0.0007512063014659676,0.0012464288445028782,-0.0016090905356763718,-0.0007512063014659676
2017-08-24,-0.0013621052728968186,-0.0020256277593643235,-0.002008872058074096,-0.0024816531845031076,-0.0020256277593643235
2017-08-25,0.0027071264117235483,0.002067247516361004,0.0018834259291529154,0.0018746528726065748,0.002067247516361004
2017-08-28,0.0013025242008399829,0.0003999859287429075,0.001691181059890523,0.0012651703919142054,0.0003999859287429075
2017-08-29,0.00017157661236510968,0.0016195552785893685,0.0013398673472999612,0.00012414610888700217,0.0016195552785893685
2017-08-30,0.0019341850300906849,0.00247973044371097,0.0008829383092532339,0.0046377094038334565,0.00247973044371097
2017-08-31,0.008558724249698946,0.00423074562839898,0.00631587922258503,0.008451080389818788,0.00423074562839898
2017-09-01,0.0010529675021166973,-0.00032385443909721534,-0.0008922540710536442,0.0003095901819205604,-0.00032385443909721534
2017-09-05,-0.001260397793098944,-0.0015549163704960955,0.001864269384699302,-0.0077507454081715554,-0.0015549163704960955
2017-09-06,0.0020042845492656003,0.001082174874946995,0.0005773993149333911,0.004384699761993627,0.001082174874946995
2017-09-07,0.004591682199304836,0.0016633152940754847,0.0028979131767756794,0.004253446170150443,0.0016633152940754847
2017-09-08,-0.003015349264534062,-0.0009985543392738716,-0.002014303118816785,-0.0036604040322708586,-0.0009985543392738716
2017-09-11,0.003293687583202143,0.004099313957750983,0.00037429372958164286,0.009880705144492019,0.004099313957750983
2017-09-12,3.470574805541915e-06,0.0010760137298337913,0.0004227201050710505,0.0028414013509554525,0.0010760137298337913
2017-09-13,-0.0017236751490201652,-0.0005179842978844107,-0.000878952108802844,-0.0015856911495555348,-0.0005179842978844107
2017-09-14,0.0014825368429272068,-0.0001201519894032943,0.0005307046117628555,-0.0016723907175206776,-0.0001201519894032943
2017-09-15,0.0018880592026169207,0.0012919787839265062,0.0011696943838623852,0.0020170632218985407,0.0012919787839265062
2017-09-18,-0.001289778509065087,-0.0002553343024372934,-0.0017523021366988578,0.00044752887573284994,-0.0002553343024372934
2017-09-19,-3.852529191072929e-05,0.0001665479894366051,-0.0002769652925190824,0.002782160229277242,0.0001665479894366051
2017-09-20,-0.0009414053766456654,-0.0005525890358665242,-0.00023713250536749886,-0.002066788240112527,-0.0005525890358665242
2017-09-21,-0.0027103741207842313,-0.0021413260520448674,-0.0024014278570174685,-0.003769040360282805,-0.0021413260520448674
2017-09-22,0.0007005091631617777,0.0008211510482143414,0.0015966099133553069,0.000865600158814317,0.0008211510482143414
2017-09-25,0.0008687205756570116,-6.362190072950469e-05,0.0030037303733994047,-0.006966934229825528,-6.362190072950469e-05
2017-09-26,-0.0019826204644978196,3.400935909025904e-05,-0.0017245920653433666,0.00022140309827700655,3.400935909025904e-05
2017-09-27,-0.001185773030639492,0.0003359795404627164,-0.002395565170318581,0.004579845778644787,0.0003359795404627164
2017-09-28,0.0011159228178212466,0.0006556543647460167,0.00031121759908736557,0.0011624745141993742,0.0006556543647460167
2017-09-29,0.002297807752255965,0.0016052334021350312,0.0004079554757576709,0.004709519949321672,0.0016052334021350312
2017-10-02,-0.0002527861226125916,0.0021545229920540976,0.00021956414390555956,0.0015878052359064032,0.0021545229920540976
2017-10-03,0.0027947160667471938,0.0018505655592051529,0.001579001668017277,0.002506759463043684,0.0018505655592051529
2017-10-04,0.0005696124836120919,0.0006028724733586621,0.0005600974785959778,0.00014751051592476472,0.0006028724733586621
2017-10-05,0.0030055852787937987,0.0031620490265120704,0.0025621811439062725,0.004966197353871715,0.0031620490265120704
2017-10-06,-0.0025042311924181604,-0.0011722323872858098,-0.0024592765893632906,-0.000515106212273686,-0.0011722323872858098
2017-10-09,0.0007945462581615548,-0.0005514339285622727,0.00029446421700796144,-0.0008739662082003496,-0.0005514339285622727
2017-10-10,0.004499567386119674,0.0017429159382893467,0.002494488790927507,0.004405517833314221,0.0017429159382893467
2017-10-11,0.0022450084239948875,0.0013960152957770422,0.0014957162147148928,0.0022388001298074833,0.0013960152957770422
2017-10-12,0.0005701536659055151,-0.0005294198439730335,-5.649145971786673e-06,-0.0013796213506159782,-0.0005294198439730335
2017-10-13,0.004802846653724657,0.0020738682014835863,0.0034805916686238003,0.0033031587844580823,0.0020738682014835863
2017-10-16,-0.0009079786644005106,0.0001369377700117802,-0.00014738096597743944,0.0012646370149660413,0.0001369377700117802
2017-10-17,-0.0014717021974937072,0.00027764827131782077,-8.710259232025397e-05,-0.00021176203965711515,0.00027764827131782077
2017-10-18,-0.0004659248219569534,-0.00040962861937354766,-0.0012616744985047834,0.0009691321476015258,-0.00040962861937354766
2017-10-19,-0.001456299676746431,0.0005738725132908851,0.00040011091051628256,-0.0014502327871116494,0.0005738725132908851
2017-10-20,-0.0006519271372857904,0.0014914715302190018,-4.6299374220626355e-05,0.002444881278698352,0.0014914715302190018
2017-10-23,-0.002804645376550341,-0.0019921518185402887,-0.0010561592251878693,-0.004006199263194787,-0.0019921518185402887
2017-10-24,-0.00014856719781641825,-0.00012192458479598489,-9.991573445533586e-05,0.001793810835817089,-0.00012192458479598489
2017-10-25,-0.002752700984488654,-0.0036374569002112223,-0.002895212997131802,-0.004222822799734405,-0.0036374569002112223
2017-10-26,-0.002343346872750396,0.0002627779865147506,-6.126566831377023e-05,-0.0003312530996555374,0.0002627779865147506
2017-10-27,0.008571146063659496,0.006230326102294459,0.005712908076843659,0.011911587824140257,0.006230326102294459
2017-10-30,3.2014466723184754e-05,-0.0008604358377614085,0.0008664639061026769,-0.00011624468519921827,-0.0008604358377614085
2017-10-31,0.0024038343206649326,0.0006580574367427428,0.00036494855205293497,0.0025654859861081736,0.0006580574367427428
2017-11-01,0.0014704302704524608,0.0010351962888766053,0.0011659814561493231,0.0009956339869865438,0.0010351962888766053
2017-11-02,0.002686420801576883,0.0007603804942062364,0.00147121447436116,0.0010184601438043561,0.0007603804942062364
2017-11-03,0.0008770331662431019,0.002644153349992795,0.0023165968034200013,0.0027697338980927633,0.002644153349992795
2017-11-06,0.0058222101780025515,0.0014180501424816416,0.0032389793519045362,0.002223136684516902,0.0014180501424816416
2017-11-07,-0.0019132040181183418,-0.00026819363605712354,-0.000734876228593917,-0.001405966146947435,-0.00026819363605712354
2017-11-08,0.0018278022850002351,0.000534677181019072,0.00014430282606592293,0.002524570756424538,0.000534677181019072
2017-11-09,-0.002051171712396438,-0.0023316496358670724,-0.0014448207713112504,-0.004392393507534065,-0.0023316496358670724
2017-11-10,-0.0037239445779617686,-0.002213607633524739,-0.0035908051380991735,-0.0018541785286602108,-0.002213607633524739
2017-11-13,0.00012931971646090723,0.00037153470596340554,0.000154461697336572,-0.0006207793970752773,0.00037153470596340554
2017-11-14,-0.002176990695911596,-0.0008342414665841735,-0.0009424289114282614,-0.0016706949382294667,-0.0008342414665841735
2017-11-15,-0.0021978344985572607,-0.0015786859881309345,-0.00019411606559938122,-0.0040827912101476516,-0.0015786859881309345
2017-11-16,0.00581594983274325,0.004075370397232936,0.001863699630607396,0.008256429884944572,0.004075370397232936
2017-11-17,0.0031507054542261326,-0.0012430620759662503,0.0017003815161462654,-0.00238535523965,-0.0012430620759662503
2017-11-20,-0.001025086551336818,0.0003862617754790687,-0.0011828848268676806,0.0009504355592711011,0.0003862617754790687
2017-11-21,0.0068218910126374155,0.004010813471286401,0.0036293078180595906,0.007509572283907806,0.004010813471286401
2017-11-22,0.0023029491349118025,0.0007394793023871582,0.0020050237686999317,0.0011198802062337698,0.0007394793023871582
2017-11-24,0.0010568517831024415,0.0010540405385479623,0.0005306158719025067,0.00412440642020373,0.0010540405385479623
2017-11-27,-0.002811706661546731,-3.934823463913606e-05,3.117416962061803e-05,-0.0022208489250413743,-3.934823463913606e-05
2017-11-28,0.0034785968813344503,0.006187753131942975,0.0041216253830833605,0.006571410391709831,0.006187753131942975
2017-11-29,-0.006040696818264912,-0.0016310394213747692,-0.002858999311400323,-0.005568375654996238,-0.0016310394213747692
2017-11-30,-0.0007977949715595178,0.003997054690021207,0.0012611222816436563,0.0025957590950604903,0.003997054690021207
2017-12-01,0.001208971536668546,0.0002165229596251539,0.002526983668909244,-0.00015574251690686491,0.0002165229596251539
2017-12-04,-0.0038786272916172537,-0.0009158963639581685,-0.0018676707712828033,-0.003925768278623898,-0.0009158963639581685
2017-12-05,-0.0025319942713573074,-0.0018614017994315057,-0.0010504826037314174,-0.001604119660823855,-0.0018614017994315057
2017-12-06,-0.002947466472717708,0.0009442215345532023,-0.00040848714377406115,-0.0006243249115681637,0.0009442215345532023
2017-12-07,0.0001607765603224287,0.0011746692894474275,-0.0002483734809516358,0.0005593867111071127,0.0011746692894474275
2017-12-08,0.003706606980603544,0.002975921155267347,0.0023344139467866842,0.004231302850399965,0.002975921155267347
2017-12-11,0.0013787222888366202,0.0015527037345228756,0.0008757503639218456,0.0024184435075969013,0.0015527037345228756
2017-12-12,-0.0011913451183355184,0.000727362239298257,-0.0003807106575025587,0.0003228709594456092,0.000727362239298257
2017-12-13,0.00409104647943459,0.0015425015846277645,0.002052695820465855,0.002680332276072228,0.0015425015846277645
2017-12-14,-0.00238918190965276,-0.0026134760095709586,-0.001293902054960383,-0.0025736907652199603,-0.0026134760095709586
2017-12-15,0.004787411553838883,0.004938875538105014,0.0036331205525328425,0.004604160062148699,0.004938875538105014
2017-12-18,0.005526828876029066,0.0029353789280548437,0.001556146371696876,0.006304094373003499,0.0029353789280548437
2017-12-19,-0.005778136544361434,-0.004113395466655567,-0.0036147926655132334,-0.004218781802983518,-0.004113395466655567
2017-12-20,-0.0017456490992283635,-0.001475789037588937,-0.001578539515119326,-0.001648265004154048,-0.001475789037588937
2017-12-21,0.0021439319575320415,0.001527457335903426,0.001640233082100373,0.0025853711917720457,0.001527457335903426
2017-12-22,0.002573780164817574,-9.42323754837826e-06,0.0007224657892233033,0.0013304633998942883,-9.42323754837826e-06
2017-12-26,0.0022441654341400774,-0.0005765936429836804,0.0014509613222142281,0.00042356906781138015,-0.0005765936429836804
2017-12-27,0.0030718165566228084,0.0019796006436116897,0.0031812770609147556,0.0026533602200067286,0.0019796006436116897
2017-12-28,0.0027752883784792903,0.0007608765498681169,0.0009129978921706972,0.0014958900042627565,0.0007608765498681169
2017-12-29,1.8697430810288296e-05,-0.0016302757037139903,-0.00029771757612473415,-0.0011101903980768046,-0.0016302757037139903
2018-01-02,0.005945794242331548,0.0029546853106063864,0.0018645280675997356,0.006069765074418365,0.0029546853106063864
2018-01-03,0.003787452434258043,0.004219468286213557,0.003632350502085213,0.00501340976335074,0.004219468286213557
2018-01-04,0.0011070819756666683,0.0023507461296443655,0.0018665849272945234,0.00473863655878537,0.0023507461296443655
2018-01-05,0.0025209776709114173,0.003532857424507041,0.0018193558574277624,0.004261100562548581,0.003532857424507041
2018-01-08,0.0010215779552595894,0.000919665499702349,0.0004572910142823794,0.0008802232778299945,0.000919665499702349
2018-01-09,-0.00278952371810659,-0.0005026176529266957,-0.0015810600071811676,-0.0016712613960445655,-0.0005026176529266957
2018-01-10,-0.0018502480967035329,-0.0010420607869165988,-0.0004891118502338143,-0.0012841963819140156,-0.0010420607869165988
2018-01-11,0.004905345974646869,0.00469445207237662,0.0037401699742123373,0.006131598471724287,0.00469445207237662
2018-01-12,0.005062912607482595,0.003708513143129366,0.0037263099935849198,0.007311228279520465,0.003708513143129366
2018-01-16,-0.002104730366396801,-0.0019014032273435566,-0.001206166252920915,-0.0010546318180952863,-0.0019014032273435566
2018-01-17,0.00451726112725237,0.004954096175720402,0.0027255468771825164,0.0049232113419359624,0.004954096175720402
2018-01-18,-0.0034681140618647577,-0.002254530572642466,-0.0026447976013168617,-0.0026119522820641228,-0.002254530572642466
2018-01-19,0.0035485205643284168,0.0017840437724783165,0.0007287705867782268,0.0031935405757688162,0.0017840437724783165
2018-01-22,0.004942025519395932,0.004848742887635149,0.003617165354024454,0.005769438616693767,0.004848742887635149
2018-01-23,0.005413925197613967,0.0024172390590930792,0.0030545417247613837,0.0036416017474023565,0.0024172390590930792
2018-01-24,0.0008117670921812259,-0.0009767318108722112,0.00010345498935260267,0.0005948618042435072,-0.0009767318108722112
2018-01-25,-0.0008591470080741015,0.0011101214250586189,0.0007378072923849288,-0.0002202014357655102,0.0011101214250586189
2018-01-26,0.005388576601131234,0.005993279274996599,0.004138447006744483,0.007693935161037224,0.005993279274996599
2018-01-29,-0.007312637641038955,-0.005061710133396513,-0.00481112608721046,-0.007185403491085207,-0.005061710133396513
2018-01-30,-0.0077625857010579224,-0.0072308099204589915,-0.006378183263360704,-0.008394814336697198,-0.0072308099204589915
2018-01-31,0.0038412874028499466,0.00038032530100928774,0.0011242418525168052,0.0018589245491782425,0.00038032530100928774
2018-02-01,-0.004555796343063467,-0.0027442877715262437,-0.002664129677659388,-0.0018983301347784698,-0.0027442877715262437
2018-02-02,-0.015770608723112978,-0.01456177722759322,-0.012796269711124797,-0.018542026249290133,-0.01456177722759322
2018-02-05,-0.02143532170456297,-0.021637564338895743,-0.013250275106946097,-0.02914266773259122,-0.021637564338895743
2018-02-06,0.007977716928247114,0.00969728483881771,0.00437061454943799,0.0127362918212095,0.00969728483881771
2018-02-07,-0.00921611837263503,-0.004399728091460053,-0.005092114225780042,-0.007785960228915534,-0.004399728091460053
2018-02-08,-0.020488255531341704,-0.021750099723781946,-0.015087454635593023,-0.025374147890091514,-0.021750099723781946
2018-02-09,0.005930212075277774,0.007974141778362753,0.003429696488662204,0.007751551277700441,0.007974141778362753
2018-02-12,0.008708087240713258,0.008454449661495556,0.006613280164290636,0.012447015801222872,0.008454449661495556
2018-02-13,0.003510310966506447,0.0021477616060228133,0.002414089543011144,0.0022798208551619847,0.0021477616060228133
2018-02-14,0.009954160461686845,0.005437689573205562,0.004056240146682155,0.012791219732278147,0.005437689573205562
2018-02-15,0.008475769095367847,0.007681421502991226,0.005589573716358931,0.009111399640743034,0.007681421502991226
2018-02-16,0.0012064742382669191,0.001128200443664129,0.001402090990376248,0.0006927082902885573,0.001128200443664129
2018-02-20,-0.006343054532739867,-0.004162486449668323,-0.0038044745612760833,-0.006912197409637333,-0.004162486449668323
2018-02-21,-0.005285641336365998,-0.004149649504033737,-0.0043835286781944705,-0.00543984798647823,-0.004149649504033737
2018-02-22,0.0035072459668785694,0.001329475211195863,0.002219721514371331,0.00278749475426876,0.001329475211195863
2018-02-23,0.010855395569568493,0.011015715837952689,0.008875710184057306,0.011235802782135762,0.011015715837952689
2018-02-26,0.006224974062304822,0.007397399296965368,0.005645467626182787,0.008676279304141943,0.007397399296965368
2018-02-27,-0.013142609258175453,-0.008731401411410156,-0.007673361445807769,-0.011488420252352749,-0.008731401411410156
2018-02-28,-0.0060000845082484044,-0.005143140733686047,-0.0027624696892730727,-0.008459224414400612,-0.005143140733686047
2018-03-01,-0.004026971384864186,-0.006946257641709974,-0.0010898575722029236,-0.012828917827899744,-0.006946257641709974
2018-03-02,0.0031761808684760418,0.0015420266545225214,-0.00022180077191902292,0.006490156584496587,0.0015420266545225214
2018-03-05,0.0049755665616020295,0.006355312657988943,0.0027360603825694607,0.006248378913714436,0.006355312657988943
2018-03-06,0.0052685469053490586,0.0014756933649775483,0.002408322045435618,0.006211948270080869,0.0014756933649775483
2018-03-07,-3.704306390350798e-05,-0.00021926292485885401,-0.0013612019094740857,-0.00021861374853093807,-0.00021926292485885401
2018-03-08,0.0011910044459548796,0.0037224541565341607,0.001974068302533327,0.002513731279818021,0.0037224541565341607
2018-03-09,0.008794321325283683,0.009557309991101492,0.004211246694454163,0.012210378876887251,0.009557309991101492
2018-03-12,0.002018753938526574,0.00017645558834211705,0.0013083157637228116,0.002729537820822081,0.00017645558834211705
2018-03-13,-0.0034165648383828184,-0.0032335527215321402,-0.0005943589781876035,-0.008378440682982546,-0.0032335527215321402
2018-03-14,0.0004913973062365962,-0.002302044035852102,0.00042258075245116267,0.0008048695028952668,-0.002302044035852102
2018-03-15,-0.0018835955610313482,-0.0008091874404103638,-0.0012332840469235773,-0.0018191982764326209,-0.0008091874404103638
2018-03-16,0.00043763749959202514,0.0001794716569085697,-0.0003237758072250907,-0.0019390476675615886,0.0001794716569085697
2018-03-19,-0.008083165981605411,-0.00850047765371531,-0.0050137474614666555,-0.012155848740422304,-0.00850047765371531
2018-03-20,0.0008110413285387086,0.00022456638925127947,-0.0007121886190879501,0.0016910980801034814,0.00022456638925127947
2018-03-21,0.0036464555092985407,-0.000869937819767741,0.003264736292382331,0.0022031969208988755,-0.000869937819767741
2018-03-22,-0.01266742648686825,-0.013253421766026063,-0.005155817040820132,-0.01994849249187436,-0.013253421766026063
2018-03-23,-0.009443195020837125,-0.012003812735442376,-0.003715861548299171,-0.013936757636790809,-0.012003812735442376
2018-03-26,0.01435965281724072,0.014840485086804467,0.006280263297463007,0.024455924604191104,0.014840485086804467
2018-03-27,-0.008302874368173785,-0.007740176040923918,-0.0021179082024813667,-0.018004346857797948,-0.007740176040923918
2018-03-28,-0.00036242970008570907,-0.0018109432207423781,-0.0019935141050856364,-0.005146133640834161,-0.0018109432207423781
2018-03-29,0.008608840179444632,0.00845223074650292,0.005294151451028073,0.011315328194956065,0.00845223074650292
2018-04-02,-0.011959311861368227,-0.012600936711738897,-0.005375235179280291,-0.01581470839402288,-0.011959311861368227
2018-04-03,0.004948954465410882,0.0063633444427357855,0.0006449333827522885,0.0048503298641633386,0.004948954465410882
2018-04-04,0.004788195304797238,0.0061960370431120015,0.0020045936448676027,0.003948689042609255,0.004788195304797238
2018-04-05,0.002046819470777006,0.0037604357117051457,-0.00016295938891641715,0.0021811137067522246,0.002046819470777006
2018-04-06,-0.00892816181008571,-0.01177713249518153,-0.0022297737771838078,-0.010686059780451007,-0.00892816181008571
2018-04-09,0.0037022809882258922,0.003032893983624163,0.002730792362801049,0.007023589485942283,0.0037022809882258922
2018-04-10,0.010199187587425662,0.008854457507682545,0.0051891580037635165,0.014712725406614613,0.010199187587425662
2018-04-11,0.0009557813259430947,-0.0027869270296623228,0.0018049899066683306,0.0011232554920019844,0.0009557813259430947
2018-04-12,-0.0006881838084590308,0.003538626634448816,-0.002083789536262537,0.001336105385484565,-0.0006881838084590308
2018-04-13,-0.0007226037626850701,-0.001432722505019024,0.00034702119403284826,-0.0019873388215073673,-0.0007226037626850701
2018-04-16,0.003191089883732179,0.004784900115048174,0.0018261360648761382,0.0018525426283739765,0.003191089883732179
2018-04-17,0.006668977400505316,0.006728272894899856,0.003577491128862631,0.008776863174212002,0.006668977400505316
2018-04-18,0.002497220269357614,-0.001069414157662596,-0.0005407711618891087,0.005649265418406824,0.002497220269357614
2018-04-19,-0.006252149131783624,-0.004455230033848845,-0.004554164844354003,-0.006888015568511929,-0.006252149131783624
2018-04-20,-0.007517557992870794,-0.006475128760657589,-0.005163835326243427,-0.009011637127775973,-0.007517557992870794
2018-04-23,-0.002350996373750136,-0.00047632268430941593,-0.0012498156727520637,-0.001830689041730671,-0.002350996373750136
2018-04-24,-0.005235320180432823,-0.008667021010525744,-0.003997597751719373,-0.010646935741115415,-0.005235320180432823
2018-04-25,-0.0022346689177628054,0.0006437457944163949,-0.0020942872271395574,-0.0011959277299663507,-0.0022346689177628054
2018-04-26,0.00796827896198371,0.007300714190020097,0.004537216560026591,0.011940357490574538,0.00796827896198371
2018-04-27,0.003679966444348981,0.0012269859443365672,0.0022024317804025806,0.002245192792967421,0.003679966444348981
2018-04-30,-0.0038000683632392063,-0.004198933423477547,-0.0015334873400875138,-0.0016316904605184757,-0.0038000683632392063
2018-05-01,7.008881681014323e-05,0.000432388190983346,-0.0019130465698332655,-0.0009181601006676976,7.008881681014323e-05
2018-05-02,-0.002222766169788115,-0.003942560522283256,-0.00026384446853044974,-0.0016314040753510062,-0.002222766169788115
2018-05-03,0.001101168446439038,-0.0002819353319911677,0.0021964527512561283,0.003750661143171685,0.001101168446439038
2018-05-04,0.007397829597936001,0.007754100389571805,0.0037367546916982075,0.008439328659810785,0.007397829597936001
2018-05-07,0.0019121302082085734,0.0018291156357970184,0.000771280498211846,0.001765839533257818,0.0019121302082085734
2018-05-08,0.000492406928482847,-0.0006694501138233555,4.067917620131922e-05,0.0008721786324061842,0.000492406928482847
2018-05-09,0.00360969985676296,0.0048954631877649035,0.00016050824761082438,0.006533892977353295,0.00360969985676296
2018-05-10,0.008197421400803595,0.006463229504592105,0.004994916770743485,0.006950909292643193,0.008197421400803595
2018-05-11,-0.00034603439403024794,0.0018846124441196377,0.00034013084289918893,-0.0019058676964992527,-0.00034603439403024794
2018-05-14,-0.0011258041079532655,-0.0005672704483649094,-0.0018829836159209856,0.0033830746779328624,-0.0011258041079532655
2018-05-15,-0.009335786621978315,-0.006354183276202852,-0.006490740157781505,-0.005363262298295313,-0.009335786621978315
2018-05-16,0.00332143940680929,0.0017252606731483766,0.0005229760478218104,0.003980451570478438,0.00332143940680929
2018-05-17,-0.0022406631874459793,-0.0007475777652632409,-0.00039098992348218786,-0.00034928634623832,-0.0022406631874459793
2018-05-18,-0.0003894605394350048,7.517073161933396e-06,0.002923047589643568,-0.001533783421389101,-0.0003894605394350048
2018-05-21,0.005382746164275032,0.004828653720308385,0.00278224710552033,0.006206520504533186,0.005382746164275032
2018-05-22,-0.0009492148535957812,-0.0018446108932094196,-0.0015354688729869448,-0.0003046715809273959,-0.0009492148535957812
2018-05-23,0.00295912150589972,0.00346447289839813,0.003648453644796046,0.0018261366522063227,0.00295912150589972
2018-05-24,-5.085730857279369e-05,-0.0002315287772930441,0.0023953603992976635,-0.002827222981688915,-5.085730857279369e-05
2018-05-25,-0.0010338895764224754,0.00011312311862043956,0.00030825508956233705,-0.007211100723274577,-0.0010338895764224754
2018-05-29,-0.003248178763886278,-0.0026674167564987306,0.005408155799528025,-0.008986191036358115,-0.003248178763886278
2018-05-30,0.007637722991229667,0.006270461240829528,0.0019094867337612342,0.010567639466061651,0.007637722991229667
2018-05-31,-0.003223469489194053,-0.003875469241292673,-0.0027361472503781847,-0.005503061738838411,-0.003223469489194053
2018-06-01,0.003855460364288188,0.00439424073125827,-0.0018099071981884096,-0.0009701537535843352,0.00439424073125827
2018-06-04,0.001794643761162229,0.0014538883485621934,-0.0029888658841181748,-0.003955294464978887,0.0014538883485621934
2018-06-05,0.0008400380126813989,0.001453220507187547,0.002571114328472124,0.0035698293883406063,0.001453220507187547
2018-06-06,0.004022025821974973,0.00344857358945716,-0.0005697047801124233,0.002579351295765475,0.00344857358945716
2018-06-07,-0.0018325182752709779,0.0016028104793608389,0.002539179379602796,0.0012357887983025506,0.0016028104793608389
2018-06-08,0.0005248015699432784,0.001247058387952693,-0.00040463615809727127,0.00032068564097809116,0.001247058387952693
2018-06-11,0.0008954792674960022,0.0004198405884145995,0.0001474340682794395,3.6474539516939686e-05,0.0004198405884145995
2018-06-12,0.00041091291708195143,0.0005521138591702002,-0.0005192175513321073,0.0016816791824683097,0.0005521138591702002
2018-06-13,-0.0027126586419554677,-0.002401952709161992,-0.00025990523658703246,-6.640334964269634e-05,-0.002401952709161992
2018-06-14,0.0020678067705683922,0.0027680836527921304,0.0019239964093027417,-0.0005095954116418611,0.0027680836527921304
2018-06-15,-0.005655765344140251,-0.0004648293554593286,-0.004427712082260893,-0.009291166704665232,-0.0004648293554593286
2018-06-18,-0.0010774143815289738,-0.0010535362425682093,0.0007416655067262745,0.004981605791952282,-0.0010535362425682093
2018-06-19,-0.003179523158592934,-0.0012760825852197177,-0.00031560264938157445,-0.00285327356841536,-0.0012760825852197177
2018-06-20,0.0016109090675437976,-0.0002486763350409982,-0.002205565239152718,0.0010449296723382684,-0.0002486763350409982
2018-06-21,-0.0042075464731941015,-0.0027477469379276753,-0.0010113388420007752,-0.0056788438681061315,-0.0027477469379276753
2018-06-22,0.0045981660829805815,0.0011775262684050603,0.0030181339747687996,0.006253113325321635,0.0011775262684050603
2018-06-25,-0.009437292503675865,-0.007671960371233411,-0.004230670412878501,-0.010780949935447093,-0.007671960371233411
2018-06-26,0.001990934785859322,0.0015238890734476929,0.0018785440069610804,0.006438895007888856,0.0015238890734476929
2018-06-27,-0.0057528148320523664,-0.0034493601917873207,0.00020883945464822418,-0.002487788027182858,-0.0034493601917873207
2018-06-28,0.0034373636468976176,0.003023460026373881,0.0001364207970777631,0.0011616135757293033,0.003023460026373881
2018-06-29,0.0037085132530008114,0.0005501203897066986,0.0008984027517964233,0.003996085659134563,0.0005501203897066986
2018-07-02,-0.0041557456293946915,0.0010102385667287717,-0.0033976031990148314,-0.005776631491469231,0.0010102385667287717
2018-07-03,0.0016801697195258924,-0.0011084629902152754,0.00365488357842203,-0.0014678262987052326,-0.0011084629902152754
2018-07-05,0.006332083409485545,0.004931384188959997,0.0039996025841715355,0.00780993002658148,0.004931384188959997
2018-07-06,0.006416176061103229,0.005438854313032371,0.002903006702572153,0.007627149040131398,0.005438854313032371
2018-07-09,0.004276277374970494,0.0044291862493279766,0.0005471166184825016,0.004121682444499619,0.0044291862493279766
2018-07-10,-0.0005868704727503005,0.0018740404942512168,-0.0013942392455562613,-0.001576633501889746,0.0018740404942512168
2018-07-11,-0.010025012471109873,-0.003635570555770573,-0.005824828816045735,-0.015804202782357946,-0.003635570555770573
2018-07-12,0.006501825693617347,0.0053311424445883215,0.002221529964873792,0.007087353256516327,0.0053311424445883215
2018-07-13,9.1384170835207e-05,0.001129723943078309,0.0007411397264089903,0.0008085996257649608,0.001129723943078309
2018-07-16,-0.0045207334924337594,-0.001193822901094932,-0.0038908579383493125,-0.01024964490822644,-0.001193822901094932
2018-07-17,0.0005596088135126909,0.0022264870582957563,-0.0006813693656790853,0.0024159703067385685,0.0022264870582957563
2018-07-18,0.00016338184017694601,0.0009736221898617448,0.00024394878923783558,0.002740157907994867,0.0009736221898617448
2018-07-19,-0.0001249565287199106,-0.0012268026951397504,0.0023882405288842,0.0008057542827148989,-0.0012268026951397504
2018-07-20,0.00013357410471059872,-0.002071860204645115,-0.002251064229639721,-0.00036434718071065575,-0.002071860204645115
2018-07-23,-0.0020550586631070678,-0.0007865530222296302,-0.0039585501380523525,0.00010142741361751639,-0.0007865530222296302
2018-07-24,0.002379412123070912,0.0033366861241679313,0.0005014988902043438,0.001704804494643053,0.0033366861241679313
2018-07-25,0.007523839241755814,0.004936724815295834,0.0025538073416011553,0.009042677501549967,0.004936724815295834
2018-07-26,-0.003618234213858873,-0.0018644504727446387,-0.0012504154917201138,-0.0030929730980148173,-0.0018644504727446387
2018-07-27,-0.004515244024833054,-0.0035407468067488734,-0.001820090269765151,-0.007992376483221042,-0.0035407468067488734
2018-07-30,-0.0027910186842735607,-0.003686913064406716,-0.0015874047155375326,-0.0029238603365716598,-0.003686913064406716
2018-07-31,0.004999285252723196,0.003489032232325995,0.002790469328781464,0.0024459992453480517,0.003489032232325995
2018-08-01,-0.003750599004786581,-0.0019465323691751912,-0.004775343419413769,-0.005070470029844842,-0.0019465323691751912
2018-08-02,0.0005747903103781038,0.0037462671437855644,0.0007198625883699794,0.008546300090906511,0.0037462671437855644
2018-08-03,0.003755452360360456,0.003599769509652795,0.0022462828919205258,0.0019352200337738878,0.003599769509652795
2018-08-06,-5.798226460407285e-06,0.0024048011945265735,9.816359979875067e-05,0.003909447048184189,0.0024048011945265735
2018-08-07,0.0027785317183839364,0.0011726424101488053,0.00023733618500876297,0.004428591125105186,0.0011726424101488053
2018-08-08,-0.0015566339241737115,9.666427055821103e-05,-0.0001458355506259723,-0.004488839980548831,9.666427055821103e-05
2018-08-09,9.401968612809952e-05,0.00026488271182190104,0.002069530944605491,-0.0007941066122125751,0.00026488271182190104
2018-08-10,-0.005467069256435253,-0.0023284274864554533,0.00020437646923565644,-0.0028140473558906365,-0.0023284274864554533
2018-08-13,-0.0054753358423343945,-0.0023650301380123695,-0.0036422496729110465,-0.003808877654838394,-0.0023650301380123695
2018-08-14,0.00331330922602624,0.003435120864331509,0.0007231217998584505,0.004829094547109447,0.003435120864331509
2018-08-15,-0.009610382483162927,-0.0035167363438191046,-0.004417741119083773,-0.01501560904839394,-0.0035167363438191046
2018-08-16,0.004855928069225746,0.00473018313161,0.002299167760299925,0.006144856851836966,0.00473018313161
2018-08-17,0.0048136952307731296,0.002271672836620109,0.00286585981477816,0.002691741536286596,0.002271672836620109
2018-08-20,0.0030933429725663597,0.002530974801985497,0.004058808552186877,0.0013672674380964533,0.002530974801985497
2018-08-21,0.0029394165667167016,0.0008684780423917626,0.0013752458737341655,0.004251874641078679,0.0008684780423917626
2018-08-22,0.003325080044033646,0.0003782931611089335,0.0032561159650099647,0.007562439161172385,0.0003782931611089335
2018-08-23,-0.004041489418057154,-0.0008384186825669548,-0.0020793256890840883,-0.0017431877606787216,-0.0008384186825669548
2018-08-24,0.007726457962455191,0.0037372541510451995,0.004243160011311531,0.007394466866022853,0.0037372541510451995
2018-08-27,0.004201087801288805,0.0038734045053374633,0.0005612613488481522,0.004808238149395017,0.0038734045053374633
2018-08-28,-0.0007732069676836817,-0.0005916089790115597,-0.003036391743923783,-0.0011987105111208596,-0.0005916089790115597
2018-08-29,0.004819798105826223,0.003145376824642332,0.002381662719561861,0.0089154664589155,0.003145376824642332
2018-08-30,-0.005034564540768227,-0.0017303910949133527,-0.0007881115853495269,-0.0013328810313603112,-0.0017303910949133527
2018-08-31,0.00038908106706658785,8.667304445486579e-05,-0.0009759402008323592,0.0018861231854767624,8.667304445486579e-05
2018-09-04,-0.0069269864441955376,-0.0019476018403238315,-0.004377399953123584,-0.004889391875010474,-0.0019476018403238315
2018-09-05,-0.003928484700415957,-0.001654173173969986,-0.001883484983886241,-0.005564172816564628,-0.001654173173969986
2018-09-06,-0.0015976293649415663,-0.0009811627175752013,0.00019509055442501477,-0.0069132725665577155,-0.0009811627175752013
2018-09-07,-0.004364305687032943,-0.002967802468987535,-0.00461465285597118,-0.00024325750961884385,-0.002967802468987535
2018-09-10,0.0014186068560713139,0.0012773696465437911,0.001953955011415598,0.0025573952597996996,0.0012773696465437911
2018-09-11,0.0014760070627426458,0.0005208928448579009,-0.0019335834015221653,0.00607035627013186,0.0005208928448579009
2018-09-12,0.0023534308983788055,0.0006172846129341991,0.002347225846045742,0.0009144271704966123,0.0006172846129341991
2018-09-13,0.0028896283964030545,0.00351271141837195,0.00034566331676844086,-0.0014902857281061666,0.00351271141837195
2018-09-14,-0.002394826411254769,-0.000639704964240595,-0.001972153601810911,-0.0013385072284438637,-0.000639704964240595
2018-09-17,-0.0030913548792809165,-0.0031116089839152705,-0.0007217876859964001,-0.00803170061884606,-0.0031116089839152705
2018-09-18,0.0026152239780503628,0.0016125805450750708,-0.0014157424986379619,0.007021797464689783,0.0016125805450750708
2018-09-19,0.0004990325950016139,-2.3908238909409185e-05,-0.0010220968964905763,0.0007168931788072985,-2.3908238909409185e-05
2018-09-20,0.006931988971192737,0.004935142198352338,0.004000286886609139,0.006227097438827434,0.004935142198352338
2018-09-21,-0.001098211997656584,-0.0003975523477550702,-0.0009859411305789267,-0.0023280334573269057,-0.0003975523477550702
2018-09-24,-0.002688735107070017,-0.0024416626177689027,-0.0011712636542856592,0.004694229593691146,-0.0024416626177689027
2018-09-25,0.0013024236919154664,-0.0009526393238526998,0.0004504939955980447,0.0017628145581829457,-0.0009526393238526998
2018-09-26,-0.0020433785377906855,-0.0005182199186319902,0.0007762919310867478,-0.005127327177301022,-0.0005182199186319902
2018-09-27,0.001526928245894732,0.0016865597371953367,-0.0006538986159947413,0.0036829472908561645,0.0016865597371953367
2018-09-28,0.0015762854433096773,0.0002511310999706584,0.0008048906928230792,0.003196572546564802,0.0002511310999706584
2018-10-01,-0.0008144175089149774,0.001069683055370918,-0.002051807788728155,0.009121195789393743,0.001069683055370918
2018-10-02,-0.0009810853943403863,0.000678650970855621,0.0024988717606664324,0.0003237521378358643,0.000678650970855621
2018-10-03,-0.0029533667961915144,-0.0026370965035901195,-0.0052291354382838495,0.004305094098881135,-0.0026370965035901195
2018-10-04,-0.010555688346723047,-0.005740058690520411,-0.005563535538027242,-0.013509016297014509,-0.005740058690520411
2018-10-05,-0.004695748334726635,-0.00432292980383131,-0.00382368581238568,-0.006786590056478414,-0.00432292980383131
2018-10-08,-0.00141837205467632,0.00016034941033926664,-0.0026067747633276017,-0.0035015306439751814,0.00016034941033926664
2018-10-09,0.0013058309121445344,-0.00011487708275792485,0.0025498646701211936,0.003906827519090772,-0.00011487708275792485
2018-10-10,-0.01879669292598396,-0.018784245793288856,-0.007295919740181067,-0.03143398508757256,-0.018784245793288856
2018-10-11,-0.0077185942398863006,-0.011358969150737863,0.002216238959210859,-0.015391740491337846,-0.011358969150737863
2018-10-12,0.006738637411439985,0.007633383861438414,-0.00011748754936224959,0.016720532891234097,0.007633383861438414
2018-10-15,-0.0010122385961620628,-0.003062232702205625,0.0010501800412667794,-0.004867864393390708,-0.003062232702205625
2018-10-16,0.014336706490960083,0.01280385480893087,0.005279586865760022,0.017359703607921828,0.01280385480893087
2018-10-17,-0.00430681282329326,-0.0010714114607129899,-0.003634456570869249,-0.003484513375418774,-0.0010714114607129899
2018-10-18,-0.01070229641525089,-0.007838601788078381,-0.003545963077825731,-0.016528102722783933,-0.007838601788078381
2018-10-19,0.001478633650202843,-0.0008111870061537907,-0.0009004741104797764,0.0018763727267829822,-0.0008111870061537907
2018-10-22,-0.001237306154676654,-0.002564893446126315,-0.0011519939695378012,0.00157283333204572,-0.002564893446126315
2018-10-23,-0.004298147719754231,-0.001927707633415765,-0.0008850067338748158,-0.01153571102775941,-0.001927707633415765
2018-10-24,-0.014976640760239857,-0.015551372665614571,-0.003360689822348162,-0.02675547077616558,-0.015551372665614571
2018-10-25,0.010829424893747497,0.009363597125134682,0.001795281341715027,0.01852213529209834,0.009363597125134682
2018-10-26,-0.0072641972739048155,-0.008385012187104302,0.0015586986618987275,-0.010401942545113618,-0.008385012187104302
2018-10-29,-0.005346587064211206,-0.0032402728480928067,-0.002664237841474071,-0.013322814286903073,-0.0032402728480928067
2018-10-30,0.007534395666349836,0.007613473064127962,0.0005059663784394708,0.007007414444253124,0.007613473064127962
2018-10-31,0.0015675854845620396,0.005377562771669675,-0.002537785893150679,0.006152982232136672,0.005377562771669675
2018-11-01,0.010847520006327827,0.006758304647416891,0.0049791488313193355,0.004729922239197659,0.010847520006327827
2018-11-02,-0.0038451633147373876,-0.00578371267882849,-0.004651613586756254,-0.008508643755583467,-0.0038451633147373876
2018-11-05,0.0021024524711548143,0.003576587564143585,0.0009388002602785939,-0.00012458079166322023,0.0021024524711548143
2018-11-06,0.0017865357283117778,0.003405712556670437,-0.00023750330842320366,0.0027430966960930725,0.0017865357283117778
2018-11-07,0.0115709587344901,0.013023220124293022,0.0035793448084389112,0.016261343073072254,0.0115709587344901
2018-11-08,-0.0056820061726741145,-0.0016547718028682157,-0.0023152261421519604,-0.005295129209685556,-0.0056820061726741145
2018-11-09,-0.00825758617534722,-0.0044789639457681885,-0.0018946335865328567,-0.013114198725634574,-0.00825758617534722
2018-11-12,-0.009918236435719763,-0.010229982859591091,-0.002548348904071851,-0.017274731599218107,-0.009918236435719763
2018-11-13,-0.001495857806742218,-0.0008167416533658711,-0.0015047752703447603,-0.010671926058779202,-0.001495857806742218
2018-11-14,0.0001494962469923422,-0.0033039605310987152,0.002018338309331069,-0.0012244269009551445,0.0001494962469923422
2018-11-15,0.006115260524921062,0.006559611285647415,0.0018692417897081537,0.008603183519584112,0.006115260524921062
2018-11-16,0.003739994178510564,0.0027882654387132444,0.004295646437592948,0.0014612636936819356,0.003739994178510564
2018-11-19,-0.00868588891687827,-0.009633139040085226,-0.0016869994657932041,-0.016853292182896995,-0.00868588891687827
2018-11-20,-0.013398094655887816,-0.0111783542716406,-0.005546625401641636,-0.022872615012992648,-0.013398094655887816
2018-11-21,0.006744877964326879,0.0019485603334146173,0.002589756975923674,0.007001538759111137,0.006744877964326879
2018-11-23,-0.006161705900154968,-0.003742457653780784,-0.0025310500817821158,-0.015581121290780375,-0.006161705900154968
2018-11-26,0.008135369803976777,0.009276335295079985,0.0022254469262474874,0.014602582439569023,0.008135369803976777
2018-11-27,-0.00012792590282451055,0.0024103828065848987,-0.001050291103408263,0.00063347975145156,-0.00012792590282451055
2018-11-28,0.01242070055361677,0.013753584480544534,0.0034610619142110277,0.01696912110679305,0.01242070055361677
2018-11-29,-0.000698659244942279,-0.0003060558987308948,0.0019427576873478625,0.0005717911513973828,-0.000698659244942279
2018-11-30,0.0021968624609802756,0.004438227923895477,0.0011090033418641454,0.006454285747233168,0.0021968624609802756
2018-12-03,0.01186661544036216,0.00882995852798385,0.007236178874977739,0.013356812203707102,0.007236178874977739
2018-12-04,-0.014795513405475358,-0.017728269483403225,0.00041070733943682214,-0.03129378280479744,0.00041070733943682214
2018-12-06,0.0007171125564968683,0.00012855031523528737,0.00025249338693744683,0.007216066197916371,0.00025249338693744683
2018-12-07,-0.009354682944607728,-0.012603947363836077,0.0007172118159184393,-0.025048565226497232,0.0007172118159184393
2018-12-10,-0.003032780569153126,0.0013546377986319857,-0.001227582848234099,0.0035479357934320443,-0.001227582848234099
2018-12-11,0.0015347048628118198,-0.0009089000469425512,-0.0006349016894140469,0.0015093287355221197,-0.0006349016894140469
2018-12-12,0.0028686869719209973,0.0018384435123663945,-0.00018139143954720716,0.002320216242917006,-0.00018139143954720716
2018-12-13,-8.85652455546726e-05,4.027452584520752e-05,-0.0003367118079677933,0.0011566210764544227,-0.0003367118079677933
2018-12-14,-0.010064026143670857,-0.010250809550453432,-0.003021341425586077,-0.01765610621626945,-0.003021341425586077
2018-12-17,-0.01127766023895882,-0.010262234687534733,5.010304054664516e-05,-0.024553673375225404,5.010304054664516e-05
2018-12-18,0.0011522552024512134,0.0004011523788758353,0.001077208845163824,0.004172182663201518,0.001077208845163824
2018-12-19,-0.007884940140748253,-0.0071899989278262355,0.0010161874316261255,-0.01798765459944862,0.0010161874316261255
2018-12-20,-0.005417890404928127,-0.009880562774101653,-0.0011403117451830314,-0.015309344671552982,-0.0011403117451830314
2018-12-21,-0.012253354644368608,-0.01131076320225155,-0.004244577163377117,-0.023309907564567967,-0.004244577163377117
2018-12-24,-0.011168818040010686,-0.013834116169917476,0.00015844094894235106,-0.027698826478415817,0.00015844094894235106
2018-12-26,0.022261647528066808,0.02608990959363866,0.0027439781287514897,0.05171151285560982,0.0027439781287514897
2018-12-27,0.001758184766057047,0.005467412636792179,0.002449271190914315,0.00456930054685567,0.002449271190914315
2018-12-28,0.0029860832182884156,0.0015810828384088538,0.004400054800166808,-6.858210909521656e-05,0.004400054800166808
2018-12-31,0.0036025542232909213,0.00669894138895466,0.003502204950585286,0.0039819505257028265,0.003502204950585286
2019-01-02,3.778062746251365e-05,0.0014674174808695373,0.002325933166838823,0.002587747249206629,0.002325933166838823
2019-01-03,-0.005849610494463087,-0.01116786784914725,0.0050894338458165045,-0.008152371811764314,0.0050894338458165045
2019-01-04,0.017163074060437822,0.016585146724816147,-0.0007556593257347366,0.011855613189689418,-0.0007556593257347366
2019-01-07,0.005872102178436256,0.003652707591751625,0.0008223251209402704,0.004389997240151544,0.0008223251209402704
2019-01-08,0.006750623444760517,0.004705112522927379,0.000370638870437201,0.002158129957292365,0.000370638870437201
2019-01-09,0.007449172757714173,0.003069936417423369,0.0037493997682553903,0.00483184099692302,0.0037493997682553903
2019-01-10,0.002131781101793351,0.001961823919321981,-0.0018937928253868197,-0.0001751912419986068,-0.0018937928253868197
2019-01-11,-0.0007039765378310525,0.0013985994806131608,0.0015284176968142216,-1.4620326987957455e-06,0.0015284176968142216
2019-01-14,-0.005231849465998639,-0.003944698310003547,-0.0022839645421166566,-0.0033877930692384206,-0.0022839645421166566
2019-01-15,0.006376929334860781,0.006596956459150816,0.00044020235711239586,0.007259629906732679,0.00044020235711239586
2019-01-16,0.004104366295158535,0.0012553817827969382,0.0015625622240695858,0.0003259613014763296,0.0015625622240695858
2019-01-17,0.0035931719442896526,0.0039348154627956156,0.0002232321736315157,0.002288685549854508,0.0002232321736315157
2019-01-18,0.0046825682576003835,0.006950055914532571,-0.0011937056316770889,0.0011305138285535588,-0.0011937056316770889
2019-01-22,-0.008138993574717923,-0.007023287467054828,0.00019969718181456209,-0.006363015387237381,0.00019969718181456209
2019-01-23,0.001199793004754035,0.0010991502878245907,-0.0002897086033469831,7.370474606505084e-05,-0.0002897086033469831
2019-01-24,0.0038228812657659095,0.0015523375894466174,0.0029342858649434866,0.003616324686365635,0.0029342858649434866
2019-01-25,0.008412164321607962,0.00430650172805036,0.002765601986947086,0.006906032125951533,0.002765601986947086
2019-01-28,-0.004306895108618702,-0.004576112690937495,-0.0014285900875770086,-0.004356061442061021,-0.0014285900875770086
2019-01-29,0.0021549946704197964,0.0002966762425442582,0.0037524526039038886,-0.0016800191660659713,0.0037524526039038886
2019-01-30,0.010855509741403813,0.010607087578115681,0.0042639190029001295,0.01248698756669575,0.0042639190029001295
2019-01-31,0.005984075667607058,0.007074357126282349,0.004225913887426991,0.006489297713676345,0.004225913887426991
2019-02-01,-0.0022047596734402486,-0.0018454244053999203,-0.0032903354821669506,-0.005891010445046696,-0.0032903354821669506
2019-02-04,0.0034016156293723565,0.0033595999132691734,-0.0013379832910095368,0.0012238521546601433,-0.0013379832910095368
2019-02-05,0.004587144298227042,0.003219569564878011,0.0027900277788353023,0.003916983417089126,0.0027900277788353023
2019-02-06,-0.0035058595585528707,-0.0004941688203767836,-0.00120076453757334,-0.0022428201856105057,-0.00120076453757334
2019-02-07,-0.0043989648323402575,-0.004473729704864815,0.0006763521895816194,0.005946853658607809,0.0006763521895816194
2019-02-08,0.0006180754452840276,0.0012687792204220116,0.0019352632521232316,0.0013846513203095157,0.0019352632521232316
2019-02-11,-0.0009527583972663844,-0.0002758429179972044,-0.002232413060663907,-0.0002917351943337865,-0.002232413060663907
2019-02-12,0.0057822566505307815,0.007209420044812065,0.0016451855793295778,-0.0035773910528736907,0.0016451855793295778
2019-02-13,8.318915603910959e-05,0.0009824935341498087,-0.0018464285327709495,0.0003199502745354632,-0.0018464285327709495
2019-02-14,0.0025101524673496467,0.0005054210060126962,0.004137884473341735,0.004297178350060937,0.004137884473341735
2019-02-15,0.007635113489635081,0.006217185098317923,0.004295861618130559,0.0026589153302241098,0.004295861618130559
2019-02-19,0.0039389186693357114,0.0017277848713159738,0.0043286294997328945,0.001091075811411324,0.0043286294997328945
2019-02-20,0.0007164907166328227,0.001150381871587447,-0.00027979124046650927,-0.003172555346464101,-0.00027979124046650927
2019-02-21,-0.0034211202564833343,-0.0033240873693700657,-0.005233691250137618,-0.0025747617752212015,-0.005233691250137618
2019-02-22,0.0057611953146079475,0.004935930899125696,0.0041038716696457644,0.004755211479345878,0.0041038716696457644
2019-02-25,-0.0009062168977096441,0.00023179019041474902,-0.0018386494030298017,-0.004389095602828852,-0.0018386494030298017
2019-02-26,0.0005235925669271335,0.0007213994140871094,0.002796822910487551,0.0009146320556694398,0.002796822910487551
2019-02-27,-0.0033629273350982425,-0.0016428559679100285,-0.005005351970606697,-0.005674867317124077,-0.005005351970606697
2019-02-28,-0.0033682269118862074,-0.0021714685715050752,-0.0030328361923241953,-0.0006717471503054906,-0.0030328361923241953
2019-03-01,-0.0014782983960760498,0.0024353852944409837,-0.0051138996832874595,-0.004395808712899019,-0.0051138996832874595
2019-03-04,0.00010050987899079544,-0.000963286598522628,0.001957937565122858,0.004613961413920675,0.001957937565122858
2019-03-05,0.001721512955133342,-0.0005864161253951172,0.0011024900296019435,0.001745823674552005,0.0011024900296019435
2019-03-06,-0.004412609864560713,-0.00252173129400457,0.0005157278995964187,-1.6858016890441974e-05,0.0005157278995964187
2019-03-07,-0.005622769027275876,-0.0036555128818844818,0.0003695539402599479,0.001780228410558804,0.0003695539402599479
2019-03-08,0.000633822906779935,-0.0006109253110020418,0.002833452240500245,0.001848816409038001,0.002833452240500245
2019-03-11,0.008672333574530233,0.008312964526093092,0.0007909285649452258,0.004942780183901485,0.0007909285649452258
2019-03-12,0.004114743982334801,0.003369070613108205,0.0039977580288010905,0.00434739155322128,0.0039977580288010905
2019-03-13,0.004366643056959774,0.0038084564436611235,0.002241781023671452,0.0014485574466969187,0.002241781023671452
2019-03-14,-0.003477317353521303,-0.0009556017087092306,-0.003963873322349487,-0.001397791069806087,-0.003963873322349487
2019-03-15,0.005335205380641916,0.004224733375406853,0.00474086333136392,0.0012904359298477885,0.00474086333136392
2019-03-18,0.002548264941221623,0.0016466351204902363,0.00027400281678069405,-0.0026653583787529245,0.00027400281678069405
2019-03-19,3.793319568790032e-05,-0.0001160743653826346,-8.156963752381508e-05,-0.001934573384204552,-8.156963752381508e-05
2019-03-20,0.0029251719719520786,0.0009561716909980422,0.006019653652402646,0.006091018221124234,0.006019653652402646
2019-03-21,0.005152220449575973,0.0065852415178100365,0.0006197534589242881,0.00738915099306392,0.0006197534589242881
2019-03-22,-0.011675745323915354,-0.008661402808496699,0.002174372011647163,0.0030891070236835905,0.002174372011647163
2019-03-25,0.002203086807863963,0.0005770010137278181,0.002756888932278212,0.0018435444366846632,0.002756888932278212
2019-03-26,0.0033609005069854536,0.004096240241456606,0.00017977115876788297,0.0027186541610129122,0.00017977115876788297
2019-03-27,-0.0026898036236728817,-0.0019516421809485651,0.0016883507678242538,0.0018502113572003154,0.0016883507678242538
2019-03-28,0.001533070044428042,0.002294710814245704,-0.0010823239783049887,0.004631848392013582,-0.0010823239783049887
2019-03-29,0.0029339057352251174,0.0031390249485658828,0.00019730487489222348,-0.0007938388076949021,0.00019730487489222348
2019-04-01,0.00495133994425867,0.0044005235916264596,-0.00315021905968893,-0.004742295844947453,0.0044005235916264596
2019-04-02,0.001537054241361302,0.000967388832640248,0.0018583539312047037,0.003740377630902847,0.000967388832640248
2019-04-03,0.0014538626034699131,-0.00027416454709572324,-0.0019489583137290989,-0.002862228157613056,-0.00027416454709572324
2019-04-04,0.001666722109646468,0.002020543343007164,0.0013009490574156235,0.0003389950704291156,0.002020543343007164
2019-04-05,0.004079519743178883,0.003126478020528234,0.0014110391038688608,0.0032353399225797386,0.003126478020528234
2019-04-08,-2.481710888502242e-05,-0.00016512952678782167,-0.0005952723335259646,-0.0030990561345614065,-0.00016512952678782167
2019-04-09,-0.0026727426610912985,-0.002418469569950843,0.00048500423370789747,-0.0008042624451031211,-0.002418469569950843
2019-04-10,0.0056732260079639385,0.0029999536910985114,0.003388580789184914,0.004983419038770309,0.0029999536910985114
2019-04-11,-0.004339027070675572,-0.00105681967706861,-0.00432413984947666,-0.0023715977372074093,-0.00105681967706861
2019-04-12,0.00248677363467098,0.0023004887381909978,-0.0017060033567463107,-0.0011556855992433945,0.0023004887381909978
2019-04-15,-0.0013734573504595726,0.00011735420899605664,0.00046620283559106745,-0.0008277655135177087,0.00011735420899605664
2019-04-16,-0.002923911904749499,-0.0009302891418084824,-0.004360069811044309,-0.010292397787051377,-0.0009302891418084824
2019-04-17,-0.0016143878084809993,-0.001422062724317219,-0.0005131841174728091,-0.002810387796986724,-0.001422062724317219
2019-04-18,0.0017596710653409176,0.0021284311194664784,0.0023743983670061475,0.004668136413567225,0.0021284311194664784
2019-04-22,-0.0018943873253262078,-2.78364497370287e-05,-0.001716942235298169,-0.005101476078274714,-2.78364497370287e-05
2019-04-23,0.005764772397981455,0.006198546089464907,0.0023505994774160044,0.006579743240822111,0.006198546089464907
2019-04-24,-0.0005609010926115321,0.00010923051234001946,0.002536372601466663,0.005361782035744556,0.00010923051234001946
2019-04-25,-0.001266042557550473,-0.0008544557614491577,-0.0010769974515463243,-0.0012134874402983664,-0.0008544557614491577
2019-04-26,0.003181523089704985,0.00387766923216204,0.003253259357399285,0.004505448209413787,0.00387766923216204
2019-04-29,-0.0006770692645995391,0.00015434307521711155,-0.0021879145373275843,-0.005301311829993938,0.00015434307521711155
2019-04-30,0.0010357158448155435,0.0010748204441670683,0.00250105311410298,0.0024796044177020082,0.0010748204441670683
2019-05-01,-0.003853711990668085,-0.004689012084621136,-0.0017131291910903457,0.00041634022784009517,-0.004689012084621136
2019-05-02,-0.002276689995788561,-0.0024327024347851056,-0.003438874990558949,-0.0026783325584688322,-0.0024327024347851056
2019-05-03,0.008652477257312885,0.00638849463699831,0.004224784699441209,0.005529671200824371,0.00638849463699831
2019-05-06,-0.003456177285958373,-0.0014460412751982066,6.68990388263957e-05,-2.8223480521116784e-05,-0.0014460412751982066
2019-05-07,-0.01091059810563244,-0.00862850470724863,-0.0011838336722092002,-0.0038986187727889643,-0.00862850470724863
2019-05-08,-0.0017597468518637527,-0.0015906444018368715,-0.001885099918535249,-0.0023653290287437567,-0.0015906444018368715
2019-05-09,-0.0025046777494656114,-0.0007225329413340642,0.0011654935935516697,0.00171019034077724,-0.0007225329413340642
2019-05-10,0.0034637829232637696,0.0027071574482602223,0.0012638244563625278,0.0019018752895054725,0.0027071574482602223
2019-05-13,-0.012850550487411683,-0.012892702666232214,-0.00043258269387291826,-0.001787761351499384,-0.012892702666232214
2019-05-14,0.006619675269551095,0.004915261507311586,0.0014474361831502414,0.0013777833243406867,0.004915261507311586
2019-05-15,0.005286304438110623,0.0047610991247477585,0.0038873427323793397,0.006294590184216853,0.0047610991247477585
2019-05-16,0.002520538280316398,0.004652513396051106,-0.0003053248380083806,0.0008369350163337508,0.004652513396051106
2019-05-17,-0.00694813610602818,-0.0036372710760890214,-0.0021007859194602796,-0.0012899159047208286,-0.0036372710760890214
2019-05-20,-0.005224760213779711,-0.004594709929286678,-0.00216910331604514,-0.006853175926367805,-0.004594709929286678
2019-05-21,0.005479113456991813,0.0048500505217536904,0.0006739733285732186,0.002590559577671625,0.0048500505217536904
2019-05-22,-0.0027666953519228654,-0.0005898508698071181,0.0008541668312622708,0.0024954336249678466,-0.0005898508698071181
2019-05-23,-0.006080127559032755,-0.004717187192559091,0.0026056681780517454,0.0032309693681302765,-0.004717187192559091
2019-05-24,0.004072200751168431,0.0012129887484795265,0.0023498156658718905,0.0006782964883080833,0.0012129887484795265
2019-05-28,-0.0020663214657880014,-0.0036435650987571844,0.001037964013214765,0.0007398526049617882,-0.0036435650987571844
2019-05-29,-0.003711651499395674,-0.004067525341215017,-0.0011720534399440874,-0.003504770295825299,-0.004067525341215017
2019-05-30,0.002695489197404033,0.0031019443358981658,0.004356309272451009,0.004997479126034987,0.0031019443358981658
2019-05-31,-0.003738257302111081,-0.005460191830343741,0.003709516296855453,0.005547651700769984,-0.005460191830343741
2019-06-03,0.001970486171344543,0.00043448636488974124,0.00549306871432842,0.004110542575392673,0.00549306871432842
2019-06-04,0.007411327423173741,0.011390860486560017,-0.000321308136728482,-0.003280050230204279,-0.000321308136728482
2019-06-05,0.0005725168187988849,0.005192288938047573,-0.0004497723306808865,0.0030223840518139866,-0.0004497723306808865
2019-06-06,0.004129176725456762,0.003838040521826347,0.0028289921743995805,0.002013672615280848,0.0028289921743995805
2019-06-07,0.008218335524199372,0.007603769385418513,0.006613547087590543,0.006044461170242821,0.006613547087590543
2019-06-10,0.000517007812784076,0.0008189100020961071,-0.004673698223393807,-0.004857170868784122,-0.004673698223393807
2019-06-11,0.002301789414986821,-0.0001469929266484371,0.0007324216742852219,0.0006464613574523881,0.0007324216742852219
2019-06-12,-0.0026197248872068535,-5.792630306700186e-05,0.00046875204706608997,0.0016553534986207818,0.00046875204706608997
2019-06-13,0.004840519183323622,0.0034764249382899237,0.003623406551303221,0.0032894598245598594,0.003623406551303221
2019-06-14,-0.0025459991749877675,-0.00038117153628236533,9.41184216629587e-05,0.0010177568907727697,9.41184216629587e-05
2019-06-17,0.0025421378310275244,0.000158050887823169,0.00029055630303997937,0.002450498207410279,0.00029055630303997937
2019-06-18,0.009665390035612287,0.00710072983188037,0.005359854052449764,0.0033340546773654722,0.005359854052449764
2019-06-19,0.0038158508526453527,0.002446113886187984,0.0030661362861856833,0.0027768222334003667,0.0030661362861856833
2019-06-20,0.010159941554299667,0.006449422723570075,0.0074219545991462965,0.0035152096377359943,0.0074219545991462965
2019-06-21,-0.0038901805308768633,-0.0024831592599861008,-0.0036191040955696474,-0.007686272342028344,-0.0036191040955696474
2019-06-24,0.0014253329549571703,0.0006048496820347804,0.005192203468460832,0.0028351950818714666,0.005192203468460832
2019-06-25,-0.005495452075711116,-0.005369482430128358,-0.00020942227939124702,-0.0023217575536658153,-0.00020942227939124702
2019-06-26,-0.0022587683792332225,-0.0022137405928752685,-0.004304376276305311,-0.00726481133524659,-0.004304376276305311
2019-06-27,0.00568880673321237,0.003335612288686951,0.0032870973497780565,0.006043408438909825,0.0032870973497780565
2019-06-28,0.0017931891276834477,0.003254676368422693,0.0007516799539730723,0.0010341027020519533,0.0007516799539730723
2019-07-01,0.0019015293414477163,0.004955959352753059,-0.001766578004665842,-0.002117352230579961,0.004955959352753059
2019-07-02,0.00340432947661351,0.002981490896875494,0.005264317867359036,0.007147390218569694,0.002981490896875494
2019-07-03,0.005995454833559677,0.005580588094689531,0.004648927894184807,0.00449336329687644,0.005580588094689531
2019-07-05,-0.004748231840168704,-0.003196298523398644,-0.007429841826900985,-0.007623892275881783,-0.003196298523398644
2019-07-08,-0.0037687538679836985,-0.003725724639400796,-0.00205905349601887,-0.0020624271026465912,-0.003725724639400796
2019-07-09,0.0009414885410701235,0.000501437107440994,5.6662037318577774e-05,0.00046614878061168596,0.000501437107440994
2019-07-10,0.006640267227904895,0.00310898816038363,0.002881997493795474,0.002246134297271274,0.00310898816038363
2019-07-11,-0.004453462490580318,-0.0005194865220347067,-0.005607532961681705,-0.006113916333551739,-0.0005194865220347067
2019-07-12,0.002966363451293308,0.0031543233800308546,0.0022189465114068607,0.00251855675995305,0.0031543233800308546
2019-07-15,-7.654516696453673e-05,0.0010274027868333313,0.0016209597932670405,0.00225096968568117,0.0010274027868333313
2019-07-16,-0.004084735423463659,-0.0028226494709455707,-0.0038441724105191533,-0.0035154729465021184,-0.0028226494709455707
2019-07-17,-0.00042538118250301515,-0.0023076414290986724,0.004638055353250348,0.005390870924301572,-0.0023076414290986724
2019-07-18,0.0027557713047787757,0.003189167652912772,0.002972109929733291,0.0038236101301003522,0.003189167652912772
2019-07-19,-0.005685093055049828,-0.00408311350548074,-0.003655050388200465,-0.004852942071392974,-0.00408311350548074
2019-07-22,0.0009145401001506848,0.0016661362992069773,0.0008054204365122164,0.0010895327419051526,0.0016661362992069773
2019-07-23,0.0032874130335114327,0.003681450024900945,-0.0007185143947041617,-0.001175701627189052,0.003681450024900945
2019-07-24,0.0038184168388648576,0.0034283739003670988,0.0025482864063250954,0.003323738515415897,0.0034283739003670988
2019-07-25,-0.006893032468836768,-0.0035847135485241877,-0.004220395358629392,-0.003925154030390732,-0.0035847135485241877
2019-07-26,0.004310863899390727,0.003999173234249254,0.0017416062253663434,0.0021589450921557507,0.003999173234249254
2019-07-29,0.00023872180505613017,-0.000752212534230412,0.0013525326307162189,0.001085111831301555,-0.000752212534230412
2019-07-30,0.00046769193725504365,-0.0013151563760709362,0.00019060291343775404,0.0008779489349064473,-0.0013151563760709362
2019-07-31,-0.0064815912036797485,-0.005557816499561885,-0.0005408150706515125,-0.0023789051897139535,-0.005557816499561885
2019-08-01,-0.0022583964195177497,-0.000622441241750038,0.0074593762940322605,0.011550506211118972,0.0074593762940322605
2019-08-02,-0.0037387967320700044,-0.003610824923890088,0.0012952889752091412,0.0008390733125234195,0.0012952889752091412
2019-08-05,-0.014141321490179215,-0.01418571139445235,0.0024890904292349525,0.003659735185834956,0.0024890904292349525
2019-08-06,0.008089316378168121,0.008808329459562225,0.0048123352771547445,0.006516886927440124,0.0048123352771547445
2019-08-07,0.0027391622959556106,0.0003443791964072851,0.0006561177454131872,0.0037926689834917315,0.0006561177454131872
2019-08-08,0.011299464719120689,0.01148029129887762,0.0042845516068228395,0.005423632277921087,0.0042845516068228395
2019-08-09,-0.004472645605277492,-0.004628586857598482,-0.0019746643291842503,-0.002768611279218458,-0.0019746643291842503
2019-08-12,-0.002537537854354177,-0.004523752185806695,0.005841427940846078,0.006380800996262037,0.005841427940846078
2019-08-13,0.007785033322872836,0.007571790465471073,0.001520615135750747,-0.0008792001071943334,0.001520615135750747
2019-08-14,-0.013052329574145372,-0.01459204617155574,0.0020137935571700183,0.0029235183997142755,0.0020137935571700183
2019-08-15,0.003596924945530544,0.004212170247396285,0.005839334178091571,0.006984218198159642,0.005839334178091571
2019-08-16,0.0065287743802120435,0.007398500345926484,-0.0011024802488445173,-0.0011702755101481443,-0.0011024802488445173
2019-08-19,0.0024787012472571313,0.005010018759378676,-0.004269177079264441,-0.004817686660266607,-0.004269177079264441
2019-08-20,-0.0003234733497168296,-0.0026498537183820003,0.00405546824575409,0.0037394166058286604,0.00405546824575409
2019-08-21,0.003414450794568147,0.003633544464823446,-0.0012573509543550854,-0.0015140403813540537,-0.0012573509543550854
2019-08-22,-0.0031872294982112637,-0.0010962609320576133,-0.003283327130277236,-0.0024403887080235442,-0.003283327130277236
2019-08-23,-0.008727769714645506,-0.012247293252090063,0.003937251696136901,0.005078152635920263,0.003937251696136901
2019-08-26,0.00501605015006934,0.005976015829875614,0.00038323040979171275,0.000930899172622901,0.00038323040979171275
2019-08-27,0.0016647643872407247,-0.0004674683796822565,0.006390600379804434,0.005876015523646139,0.006390600379804434
2019-08-28,0.0034100820723308445,0.004219767744562786,0.001625833501508911,0.0010203714758456606,0.001625833501508911
2019-08-29,0.005861951187963621,0.006597641539405341,-2.247058997706386e-05,-0.0006480489170914705,-2.247058997706386e-05
2019-08-30,-0.0010604693864840753,-0.0001942880495428012,-0.001539505674246544,-0.000470034655207896,-0.001539505674246544
2019-09-03,-0.0016298045542291195,-0.0026282280005605063,0.0010405731886922176,0.003422364195734273,0.0010405731886922176
2019-09-04,0.010575114629362004,0.0074206500289863975,0.006629009520539242,0.004167019369675229,0.006629009520539242
2019-09-05,0.0007218963995239136,0.00449732766945421,-0.0072370761073387024,-0.010401652071026946,-0.0072370761073387024
2019-09-06,0.0007025514190270865,0.0007111035591365056,0.0017104728265739944,0.00019881001988175662,0.0017104728265739944
2019-09-09,-0.00048557568296370146,-0.0021319221424482837,-0.004949434700910027,-0.007115877564394135,-0.004949434700910027
2019-09-10,-0.00291689055154587,-0.0030034148171583785,-0.006823982245180993,-0.008724536802144356,-0.006823982245180993
2019-09-11,0.004762149567396401,0.003942670359544431,0.00022556908235316087,0.0016059274793673861,0.00022556908235316087
2019-09-12,0.0016354252115959866,0.0012431023498700178,-0.0014013968164388046,-0.0011620272373914498,-0.0014013968164388046
2019-09-13,-0.003827722221551255,-0.0039566939076511876,-0.007980823959825578,-0.01023769053894319,-0.007980823959825578
2019-09-16,0.005540171516161818,-0.0002183176373967699,0.00863679371250381,0.005855675992131548,0.00863679371250381
2019-09-17,0.0008655897739062723,0.00256335518884665,0.0007445946851423191,0.0032868032096360356,0.0007445946851423191
2019-09-18,-0.002341741780211737,0.000505786085425175,-0.00040495340781032674,-0.00027210186815118664,-0.00040495340781032674
2019-09-19,0.001176217831828641,0.00013353876679245147,0.002070706595969085,0.0017329595647366247,0.002070706595969085
2019-09-20,0.001165550773398527,-0.0006614890388695338,0.005182290906105225,0.006761603326311372,0.005182290906105225
2019-09-23,0.0008611481830074208,0.0004143148670765484,0.0009832378469953884,0.001691116756874278,0.0009832378469953884
2019-09-24,-0.004392387731762981,-0.0028275933912613738,0.002207361540915498,0.004355339931732205,0.002207361540915498
2019-09-25,-0.0018451074818822688,0.000998271129117212,-0.0073273775777906724,-0.008626384810482723,-0.0073273775777906724
2019-09-26,0.00026538738340109447,-0.0004308339841756492,0.002376944442621598,0.002072191105465082,0.002376944442621598
2019-09-27,-0.0053445734492789665,-0.002716525367723599,-0.0007606755439202306,-0.0009563627333727398,-0.0007606755439202306
2019-09-30,0.00041066157646074686,0.0030902037683795403,-0.0004062860040145999,-0.0016260727176417022,-0.0004062860040145999
2019-10-01,-0.005572798172864379,-0.006042488567449933,-0.0007113266148932595,0.00019441503475903232,-0.0007113266148932595
2019-10-02,-0.006570601249304531,-0.009158139856952907,-0.002630511484661646,0.0015923119514746897,-0.002630511484661646
2019-10-03,0.006933440184836659,0.006980849473581685,0.005776505445015401,0.006661912081240784,0.005776505445015401
2019-10-04,0.007308054232924466,0.008812679229439624,0.0052142650791393574,0.004288020865644171,0.0052142650791393574
2019-10-07,-0.004248300842612185,-0.003920112362070793,-0.004193794688669539,-0.005162386541802233,-0.004193794688669539
2019-10-08,-0.005528826244404095,-0.00838932826338723,-0.000826713569180848,0.0006650482221330911,-0.000826713569180848
2019-10-09,0.0035503126113112238,0.004571609505739538,-1.2042166238623864e-06,-0.0006558606712058213,-1.2042166238623864e-06
2019-10-10,0.0013625552327867219,0.0014765863475281193,-0.0038026054026365497,-0.005940924383329493,-0.0038026054026365497
2019-10-11,0.006058731465460099,0.003439213481314818,-0.0007226543487423021,-0.0049544156842362685,-0.0007226543487423021
2019-10-14,-0.0003721146973363343,0.0004343023972899207,0.0015607537049191489,0.003086642575629739,0.0015607537049191489
2019-10-15,0.002989003884001029,0.004021951234213228,-0.002263887447137236,-0.004169153844154616,-0.002263887447137236
2019-10-16,0.0011536777850496005,-0.00018955895599348516,0.0016812301091886361,0.001911669568544605,0.0016812301091886361
2019-10-17,0.003288226686833484,0.00163646057768152,0.000674774099328701,0.0008375419967106001,0.000674774099328701
2019-10-18,-0.0017987916508850343,-0.0022891527998548655,-0.00013005093655626965,0.0006537405037390087,-0.00013005093655626965
2019-10-21,0.0030652221600151464,0.0026301586835675295,-0.0017764030181419699,-0.0019799070866136637,-0.0017764030181419699
2019-10-22,-0.0002899632602448854,-0.0010564086456024135,0.0017037958827399446,0.001769940408448134,0.0017037958827399446
2019-10-23,0.0030059355242884056,0.0018986210698601624,0.002741855125205639,0.0013601274697498944,0.002741855125205639
2019-10-24,0.0019397489203647478,0.0009167413205750652,0.0008883597602515891,0.0007577572334891425,0.0008883597602515891
2019-10-25,0.0018675679384489996,0.0016286113502528288,-0.0006307276647099513,-0.0019226150941137332,-0.0006307276647099513
2019-10-28,0.0004319486976518405,0.0019357918272269181,-0.002976165753050486,-0.004872319090913568,-0.002976165753050486
2019-10-29,-0.0007777483288298193,0.00017135826633718487,0.00014277792657546584,0.0006927177853863764,0.00014277792657546584
2019-10-30,0.0034588772048789185,0.0037670454296081513,0.005283712362789128,0.006325977123205817,0.005283712362789128
2019-10-31,0.0003873728657606268,0.0009264158259760791,0.004215479982987436,0.005197439984571561,0.004215479982987436
2019-11-01,0.007288758120215899,0.004779577539980595,0.0029754216673791856,0.0009144806297032293,0.0029754216673791856
2019-11-04,0.0009040599811789285,0.00038186153580155313,-0.0028891021137601447,-0.00446471688722605,-0.0028891021137601447
2019-11-05,-0.004215086604990592,-0.0028034780070471665,-0.005186433300882087,-0.006907794951911961,-0.005186433300882087
2019-11-06,-0.0007433696162554293,0.0012802226965993313,0.0012114712329494015,0.0029286767088982923,0.0012114712329494015
2019-11-07,-0.0031472304411879204,-0.0010534302352392944,-0.006686989875715366,-0.007956825306774218,-0.006686989875715366
2019-11-08,-0.001201122434522528,0.0009585318979694613,-0.001320434671780335,-0.0016310604881643043,-0.001320434671780335
2019-11-11,-0.0018784064573684756,-0.0007306113403998671,-0.0005251315047616334,6.391643048142548e-05,-0.0005251315047616334
2019-11-12,1.9480624343426456e-05,0.0014560558520904099,0.001420240869116851,0.0015115514924941564,0.001420240869116851
2019-11-13,0.000865902256604878,0.0012655243793686655,0.0018547408150495492,0.0029812745153845466,0.0018547408150495492
2019-11-14,0.00218114690606086,0.002875593766825668,0.0034323221094763046,0.005028331975738709,0.0034323221094763046
2019-11-15,0.004050341990909034,0.004058444800516536,0.001514440057806432,0.0013050103116687417,0.001514440057806432
2019-11-18,-6.401448300275003e-05,0.0011194712082522873,0.000371423739359944,0.0017275239150300603,0.000371423739359944
2019-11-19,0.0008985003080692611,0.0005666232434580198,0.0014923471745333927,0.0026180039487033735,0.0014923471745333927
2019-11-20,0.0002313062439887048,-0.0008070816184456708,0.003249825305908116,0.002688163016945966,0.003249825305908116
2019-11-21,-0.0031183313834557413,-0.0019614079811124396,-0.0021720763347320426,-0.00380077292560721,-0.0021720763347320426
2019-11-22,0.0003889040662146126,0.0012735446788283422,0.0007936759918896197,0.0005800162326845548,0.0007936759918896197
2019-11-25,0.006117142810357246,0.004867491614185537,0.0032191003126971207,0.0027214434745919114,0.0032191003126971207
2019-11-26,0.003231410460325712,0.0021136161968917655,0.0026402182594711388,0.0033319162636005206,0.0026402182594711388
2019-11-27,0.00115899047497936,0.0016880502392222496,-0.0013550431725082301,-0.0008368600720062291,-0.0013550431725082301
2019-11-29,-0.0058856849276572865,-0.002565318204405309,-0.0045343572500471385,-0.002129477008618985,-0.0045343572500471385
2019-12-02,-0.006784849179486074,-0.00652941884021907,-0.00565936176937365,-0.0076209946136786,-0.00652941884021907
2019-12-03,0.0020155131336847543,-0.00042727723915825244,0.006662852946692555,0.007616691818131738,-0.00042727723915825244
2019-12-04,0.003875540139844702,0.002109867011817146,0.0006128472357938008,-0.002605346330760927,0.002109867011817146
2019-12-05,0.00030896600679763964,0.0001334412309108579,-0.0019160760999307191,-0.0017605019856766768,0.0001334412309108579
2019-12-06,0.0035991437480287214,0.004231492535899051,0.0007224046261633532,-0.00034277779646596507,0.004231492535899051
2019-12-09,-0.001548229214604624,-0.0015650243089394555,-0.0007358225905244042,-0.00018032621139962846,-0.0015650243089394555
2019-12-10,0.00030581800119677816,-0.0011373502097214994,0.00021713416880309033,-0.0006109275828064531,-0.0011373502097214994
2019-12-11,0.003199239499535711,0.003362551585208262,0.0040359657047810416,0.005131987949730021,0.003362551585208262
2019-12-12,0.0016772441768511115,0.0020016122632078304,-0.003289001505851208,-0.005379528637175168,0.0020016122632078304
2019-12-13,0.0033546063995990583,0.002694112093191592,0.0065104321085909245,0.006139450677159264,0.002694112093191592
2019-12-16,0.004381779222779825,0.002275863361461239,7.623804130307832e-05,-0.0019247814667640029,0.002275863361461239
2019-12-17,0.00031951609532221426,0.00016815912233614227,-0.0008448748098442982,-0.0003485517432534335,0.00016815912233614227
2019-12-18,0.0008809258562518796,-0.0010334012665907943,-0.002664679461707342,-0.0032053566463186023,-0.0010334012665907943
2019-12-19,0.003312325579448938,0.0027903339764725477,0.001415776106819866,0.0021762315331885773,0.0027903339764725477
2019-12-20,0.0019108470838242742,0.0026586871582132687,0.00045304861107808847,0.0015967360272586273,0.0026586871582132687
2019-12-23,0.0005367846610957461,0.0005716038795295919,-1.2567543968500239e-05,-6.74418967305801e-05,0.0005716038795295919
2019-12-24,0.0020466675895458586,0.0006948503135564277,0.001864614060432368,0.0018522808903786991,0.0006948503135564277
2019-12-26,0.004967066389886865,0.003803535019692772,0.003216409188852909,0.0034175243170786462,0.003803535019692772
2019-12-27,0.000690764442057068,0.00041579927326185206,0.0011644804690702504,0.0007545956114249908,0.00041579927326185206
2019-12-30,-0.0032050491295206873,-0.003600544396931693,-0.00290751046652038,-0.0029039820095335678,-0.003600544396931693
2019-12-31,0.00017924344392450386,-2.904525266411717e-06,-0.0025906071409373954,-0.0019169661364389912,-2.904525266411717e-06
2020-01-02,0.006977698112551334,0.0074688169090515455,0.006684154611465543,0.007074635787673422,0.0074688169090515455
2020-01-03,0.00010268584545447546,-0.0019065373005032749,0.003880348113934229,0.0028032005120588455,-0.0019065373005032749
2020-01-06,0.0019899588856404637,0.0018542256635274423,0.0007439129034716441,0.0014406011165006838,0.0018542256635274423
2020-01-07,-0.0023651832620219526,-0.00226248825812958,-0.0018968463964987858,-0.0019091638275834377,-0.00226248825812958
2020-01-08,-0.0003897160923603815,0.002262444392309604,-0.002628876354068943,-0.0005236263305278266,0.002262444392309604
2020-01-09,0.001913078087185216,0.004367900297991056,0.0012813370415079017,0.0026055320127997827,0.004367900297991056
2020-01-10,0.0016996105267959027,-0.0008782011119206068,0.0014144392745949474,0.001280465676407161,-0.0008782011119206068
2020-01-13,0.003867862730024152,0.003675710948042976,-0.0002822886173247108,0.0011639447030447059,0.003675710948042976
2020-01-14,6.2960497151376416e-06,-0.00013701369998853075,0.001860588041246114,0.0006744103149931568,-0.00013701369998853075
2020-01-15,0.0018609016534247846,0.0023611059127466305,0.002148619678845609,0.0030636193966426806,0.0023611059127466305
2020-01-16,0.004150164192004979,0.004199026382921689,0.0005592575474169248,0.00196359806364943,0.004199026382921689
2020-01-17,0.0010714062702055216,0.001566015729827619,-0.00021210227614110178,0.00025634831816834236,0.001566015729827619
2020-01-21,-0.002480783755617666,0.0003681031907942778,0.0009211909859501155,0.0019545933236011503,0.0003681031907942778
2020-01-22,-0.0003325995657260661,0.0001436404871850705,-0.0005289165578254984,0.00017200050996013516,0.0001436404871850705
2020-01-23,0.00034811039790905163,0.0016833376019216306,0.00106617245299101,0.0022831475070572704,0.0016833376019216306
2020-01-24,-0.0042073166987359745,-0.003966801666808961,-0.0007525049266552397,-0.0009577266013377495,-0.003966801666808961
2020-01-27,-0.009563680545024877,-0.006954306046422554,-0.0019288778783862481,-0.0015815874103278782,-0.006954306046422554
2020-01-28,0.003914632754675962,0.004893022198254382,0.0003738555440486735,0.0010747911191033577,0.004893022198254382
2020-01-29,0.0012463200046004541,0.0014213224244807865,0.0029547689509505926,0.002969134632132553,0.0014213224244807865
2020-01-30,-0.0014348842096608694,0.002331454967761104,-6.956216165665552e-05,0.0014858109396025387,0.002331454967761104
2020-01-31,-0.009265747195638996,-0.008887994724420367,-0.003159079197877057,-0.0028889148917167207,-0.008887994724420367
2020-02-03,0.00232499723025259,0.004070078170819169,-0.0011228554737000573,0.0032154144942035945,0.004070078170819169
2020-02-04,0.0074618441236231625,0.006748372790524648,0.0004334845635800555,0.00167141035471019,0.006748372790524648
2020-02-05,0.004747726188064405,0.005218577744425579,0.002138464950240948,-0.0006398813398813541,0.005218577744425579
2020-02-06,0.0031392616214847013,0.0023168653310710052,0.0023884967620009245,0.0036901301587459745,0.0023168653310710052
2020-02-07,-0.0031853841535323113,-0.0013406377101072842,0.0003819553307577994,0.002184494163159467,-0.0013406377101072842
2020-02-10,0.004276830006834542,0.005275096060805007,0.001858998189107508,0.005108302096350048,0.005275096060805007
2020-02-11,0.0029002787307526035,0.00010740472100589926,0.00010200314957886647,-0.00163203420527136,0.00010740472100589926
2020-02-12,0.005185232272556073,0.002892296406327155,0.0014179268050971139,0.00125028492875634,0.002892296406327155
2020-02-13,-0.0003332862239135981,-0.00030134629418510084,8.715508444301356e-05,0.0009071190063680845,-0.00030134629418510084
2020-02-14,0.002011926492928584,0.0019460649681872777,0.0015663593412160726,0.002817850416628298,0.0019460649681872777
2020-02-18,0.0009843151542388018,-0.0009405038298572199,0.0016084730381638046,0.0022563377626136916,-0.0009405038298572199
2020-02-19,0.0031534362431395735,0.0028286457786046437,0.0025363364294135327,0.003142198265306373,0.0028286457786046437
2020-02-20,-0.0010202402254942955,-0.0013530540956775416,0.0005311599968857994,3.291023783313918e-05,-0.0013530540956775416
2020-02-21,-0.0023290924440674265,-0.0046432819371359235,0.0008072647049661708,-0.001502637032813725,-0.0046432819371359235
2020-02-24,-0.017900841338705176,-0.016875230617963366,-0.007917035021392738,-0.00729862381234514,-0.016875230617963366
2020-02-25,-0.01718495568983025,-0.016813837155358113,-0.008810634111047877,-0.009793023334606965,-0.016813837155358113
2020-02-26,-0.0022988613767915833,-0.002364632426899216,-0.002229620074967409,-0.00035791253017636304,-0.002364632426899216
2020-02-27,-0.02325458645014966,-0.024178188484180407,-0.009638005393500348,-0.013172558206370866,-0.024178188484180407
2020-02-28,-0.007614433526472619,0.0019050104740658824,0.0017455614427734911,0.006079806862020476,0.0019050104740658824
2020-03-02,0.02235773967332433,0.025548151675354847,0.007026562456472485,0.012282561360128952,0.007026562456472485
2020-03-03,-0.004081451728770169,-0.012798146247214204,0.004867603902119155,0.0022333680267896394,0.004867603902119155
2020-03-04,0.018663298711042442,0.024204284079852645,0.0066482643178849,0.007966706104961974,0.0066482643178849
2020-03-05,-0.012235075745116286,-0.016697155320528734,-0.0011585005114780333,0.0029182678997081712,-0.0011585005114780333
2020-03-06,-0.007321709559540368,-0.005779924897827637,0.0043878374571819645,0.011896340871605293,0.0043878374571819645
2020-03-09,-0.04941895844081756,-0.04245192586933866,-0.02246702579021531,-0.007677064980702419,-0.02246702579021531
2020-03-10,0.018281920782528882,0.0215054239070136,-0.004708773228188745,-0.009237747930575968,-0.004708773228188745
2020-03-11,-0.03780665456450838,-0.03267721193607098,-0.026877943576729346,-0.02464004170069789,-0.026877943576729346
2020-03-12,-0.06606459941633425,-0.054869665528684775,-0.03387334984011525,-0.025528388088037812,-0.03387334984011525
2020-03-13,0.03695653731720938,0.044164961424236315,0.009044021422577764,0.008843708487188628,0.009044021422577764
2020-03-16,-0.07085470413117156,-0.051376578742652224,-0.013100921469564764,-0.005139426782850953,-0.013100921469564764
2020-03-17,0.0203599650674553,0.01743545846608696,-0.012260984468022373,-0.009492932626953055,-0.012260984468022373
2020-03-18,-0.05028377150194996,-0.034349869458026094,-0.03475417258764979,-0.028847944059893327,-0.03475417258764979
2020-03-19,0.00995476499364445,0.0026482447457993885,0.011392314379971458,0.007515292464226331,0.011392314379971458
2020-03-20,-0.0024658829953656536,-0.01205041496640935,0.019139420544480368,0.020682786923340135,0.019139420544480368
2020-03-23,0.0021088677095097985,-0.007991749305818474,0.01240385977606917,0.019685790377986123,0.01240385977606917
2020-03-24,0.04918725024613324,0.043915605563858984,0.017987271776817693,0.014343722617223387,0.017987271776817693
2020-03-25,0.012132837547076836,0.008410256617751521,0.007293919201565302,-0.003428594080706726,0.007293919201565302
2020-03-26,0.031850738524235034,0.03306478375391553,0.014740984462386919,0.01605381571129505,0.014740984462386919
2020-03-27,-0.014706901250669535,-0.013454029318758387,-0.0007177508809267374,0.00052302791684955,-0.0007177508809267374
2020-03-30,0.01351128360491094,0.01895293183268243,0.005130165626473726,0.007966016035933166,0.005130165626473726
2020-03-31,-0.010601054014658162,-0.00829876431284593,-0.009341981127297005,-0.008772725283645366,-0.009341981127297005
2020-04-01,-0.03096168348303674,-0.025175834982197887,-0.005653099995310051,-0.0013613553729190375,-0.0013613553729190375
2020-04-02,0.01510390293634245,0.013540398589267255,0.00940365173281732,0.008154613377791886,0.008154613377791886
2020-04-03,-0.007782279834039341,-0.00821477281904981,0.004597773592069698,-0.0008114940817343097,-0.0008114940817343097
2020-04-06,0.04116720852561828,0.0374644948414935,0.011196265612083867,0.015441592648476776,0.015441592648476776
2020-04-07,0.0009372653982377965,-0.0011546868081830919,-0.0026670756190503297,-0.005236648045312653,-0.005236648045312653
2020-04-08,0.01646006742449746,0.01977322622549904,-0.0008090912590678068,0.0002063885059733206,0.0002063885059733206
2020-04-09,0.017308851517314983,0.010146975538742886,0.005833484033454406,0.006372800587696403,0.006372800587696403
2020-04-13,-0.005587879163096998,-0.0064423085124023505,0.005403045487507585,0.002405885931399121,0.002405885931399121
2020-04-14,0.01647944644090238,0.018599881370527704,0.005377268280122749,0.01040473917126472,0.01040473917126472
2020-04-15,-0.016503265039013226,-0.009772821085077155,0.000522236506831586,0.006037060264216132,0.006037060264216132
2020-04-16,0.0019898060329242018,0.0033682850931857633,0.0035387177651851065,0.006394270570321492,0.006394270570321492
2020-04-17,0.012949941813781063,0.01556173263975591,-0.0038141733236731756,-0.005776695442899271,-0.005776695442899271
2020-04-20,-0.010676419250394975,-0.009933453198200715,-0.0015331032265422095,0.0017472154740754142,0.0017472154740754142
2020-04-21,-0.019659528985429886,-0.017622119437803452,-0.011968814010200779,-0.004702907992930716,-0.004702907992930716
2020-04-22,0.014474078854484151,0.012268589235270522,0.006759710902110916,0.005811317286406048,0.005811317286406048
2020-04-23,0.0006015705248521019,0.000209286202517589,0.0017801028222064197,0.002902685606528177,0.002902685606528177
2020-04-24,0.004882223483669401,0.008645450108362152,-0.000653920470087832,0.002915503378021711,0.002915503378021711
2020-04-27,0.008387395949472909,0.006851261318063573,-0.00799510528497649,-0.005915316031443463,-0.005915316031443463
2020-04-28,0.001964048688977593,-0.0012049729738004,0.00022692697403403628,-0.00038009467220700976,-0.00038009467220700976
2020-04-29,0.020281723696635945,0.016022180959897048,0.007798618048819428,0.006697763070905971,0.006697763070905971
2020-04-30,-0.011514382935236323,-0.0065881005140108195,-0.0018435814635207048,-0.0071144413292646425,-0.0071144413292646425
2020-05-01,-0.018176669925854982,-0.015284427314643745,-0.003046605900579258,-0.0016597645031531938,-0.0016597645031531938
2020-05-04,0.003522550921083001,0.0016983767319849186,0.003432534232865825,0.0017942073379355605,0.0017942073379355605
2020-05-05,0.0063934659242506076,0.005169611882043679,0.005595413067359001,0.001159259081253028,0.001159259081253028
2020-05-06,-0.008838402330025752,-0.005529861321373342,-0.008957253940158338,-0.006367969963384512,-0.006367969963384512
2020-05-07,0.012008603105790217,0.00964541852917411,0.009805698416236908,0.011459501216387169,0.011459501216387169
2020-05-08,0.012731421019595457,0.008520893123812767,0.001585839200884065,-0.0027428805279708923,-0.0027428805279708923
2020-05-11,-0.004771535738589017,-0.000996031794476382,-0.004780143763832734,-0.0022909988308613682,-0.0022909988308613682
2020-05-12,-0.012887709777694933,-0.010654626763007657,-0.000718694463560321,0.0002253673023508984,0.0002253673023508984
2020-05-13,-0.008665040148925218,-0.009691503863044848,-0.00025324756089573075,0.0018023742403514564,0.0018023742403514564
2020-05-14,0.0063185100049061305,0.0077027354409333615,0.008043242970720454,0.006598343472292045,0.006598343472292045
2020-05-15,0.0022823541371790323,0.0024576680234689174,0.002819660515551492,0.0014628913809220379,0.0014628913809220379
2020-05-18,0.023344631337744115,0.015596760050696545,0.001048820685293661,-0.0052284961448062495,-0.0052284961448062495
2020-05-19,-0.00533315613155072,-0.005076051678752802,0.002125917423844159,0.00328640786607326,0.00328640786607326
2020-05-20,0.013336174543667534,0.010284089460756984,0.006732840212857916,0.0050480902480050105,0.0050480902480050105
2020-05-21,-0.0054967751610203175,-0.0039057883250341874,-0.0035316453534535164,-0.0041157405471954345,-0.0041157405471954345
2020-05-22,0.0004972895426711421,0.0018957868527138544,0.0012602847662352978,0.003857314011216806,0.003857314011216806
2020-05-26,0.010427351522469541,0.006367938357187741,-0.0031374151343960266,-0.007200550636460634,-0.007200550636460634
2020-05-27,0.0073700109917009815,0.009330534867435958,-0.0016720482766889866,0.0013317094225655524,0.0013317094225655524
2020-05-28,-0.0015924037533286972,-0.0014766992106096666,0.000454466251307295,-0.0007814332228235354,-0.0007814332228235354
2020-05-29,0.005187483621485578,0.003940233278626248,0.008347061284381896,0.007180109866451234,0.007180109866451234
2020-06-01,0.008823558837099732,0.0022685289244421813,0.000855087147040523,0.0001969610847842862,0.0001969610847842862
2020-06-02,0.006447094018223298,0.004324549442386916,0.0008069230833536167,-0.0011355171212857895,-0.0011355171212857895
2020-06-03,0.008516048746532556,0.005687773128266516,-0.006331704919612879,-0.007443040521287858,-0.007443040521287858
2020-06-04,-0.0039793489023767226,-0.003153534361559962,-0.0017403590652328438,-0.0036729852612030767,-0.0036729852612030767
2020-06-05,0.01571743206606957,0.013647500938385182,0.0005598282256620291,-0.002875237042062717,-0.002875237042062717
2020-06-08,0.009368074630340395,0.007861082441958711,0.0020897166765774244,0.005017832668168687,0.005017832668168687
2020-06-09,-0.003149903390312181,-0.003242721418318828,0.005969190496155852,0.0069961170652104165,0.0069961170652104165
2020-06-10,-0.00012638962410793653,-0.0005623126115227306,0.009890797450618383,0.011178486829986678,0.011178486829986678
2020-06-11,-0.03783134843293101,-0.03394771989025136,-0.00918687483234093,-0.008068922119407462,-0.008068922119407462
2020-06-12,0.011147414622370677,0.006264533254096483,-0.00048117459148211417,-0.0006108459230829144,-0.0006108459230829144
2020-06-15,0.006003494438769907,0.005282755481170076,0.0027712659642371573,0.0021189168492175003,0.0021189168492175003
2020-06-16,0.009019996951088016,0.010797999879732512,0.00039794400081505366,0.0001672955268365861,0.0001672955268365861
2020-06-17,-0.0017966960490672923,-0.0019128708769299285,0.0009508530286890249,0.0024577670238254967,0.0024577670238254967
2020-06-18,0.0003020343205692999,0.0011086766241419355,0.0037330509867710138,0.0029925664076722036,0.0029925664076722036
2020-06-19,-0.0010556816241429345,-0.0033380181719416813,0.003257083289505136,0.00241855986671613,0.00241855986671613
2020-06-22,0.00688580852848153,0.0035256935859206973,0.004065016572938784,0.0036844533864193174,0.0036844533864193174
2020-06-23,0.0025557639851594427,0.002665117256751559,3.03101884524537e-05,0.0022880847150092976,0.0022880847150092976
2020-06-24,-0.01636380273038196,-0.014771420028866111,-0.005554300547469304,-0.00282337150631351,-0.00282337150631351
2020-06-25,0.007777082691651671,0.006514259786535748,0.0033731104306031767,0.002619218747899943,0.002619218747899943
2020-06-26,-0.01153707380610125,-0.013273574619941608,-0.0019934513554227262,-0.0015152728132991067,-0.0015152728132991067
2020-06-29,0.010376126792001727,0.0091799243761288,0.0044615277195880765,0.00236024992197037,0.00236024992197037
2020-06-30,0.005613826005346656,0.006963220643983581,0.0021303501771718913,0.0033523969081321603,0.0033523969081321603
2020-07-01,0.004757342382080365,0.0036086282974130413,0.0012833102849507672,0.0013010456924951175,0.0036086282974130413
2020-07-02,0.005560534595934419,0.0038210511946983328,0.0024974560773174392,0.002703021686101259,0.0038210511946983328
2020-07-06,0.01158338426660177,0.008781648612010251,0.0038873035000790424,0.005431677813255931,0.008781648612010251
2020-07-07,-0.006352662347052229,-0.005047409684197923,0.003591655883735445,0.003439953727844669,-0.005047409684197923
2020-07-08,0.007594735459017565,0.004033279799025902,0.0035183039752260115,0.0025926433899297052,0.004033279799025902
2020-07-09,-0.0030194300763792814,-0.0022189984805043306,0.0019197546978135804,0.00672972274362138,-0.0022189984805043306
2020-07-10,0.0036590518682257933,0.005430163358437712,0.00016100297622201332,-0.00047009659058105946,0.005430163358437712
2020-07-13,-0.007263363506398446,-0.0048684815585496866,-0.0031747347541709603,-0.0040383957749901,-0.0048684815585496866
2020-07-14,0.007152430036418522,0.007846144308971681,0.00268787322767694,0.0026792543162339477,0.007846144308971681
2020-07-15,0.00790676681311786,0.005485959426005271,0.0018692744548389761,-0.0005721930698082689,0.005485959426005271
2020-07-16,-0.0061004290719610665,-0.0017343197435092383,-0.0025275791817953586,-0.0015331873327798506,-0.0017343197435092383
2020-07-17,0.0038786775560291087,0.0016798755260607479,0.0011594396266230156,0.0007121994104200002,0.0016798755260607479
2020-07-20,0.004666875579728336,0.005208146275454073,0.004257799968747866,0.008695425479763319,0.005208146275454073
2020-07-21,0.00468818874281296,0.0017181502789409553,0.0037796260231020007,-0.0007180896815662807,0.0017181502789409553
2020-07-22,0.004740391162040725,0.003626992223105585,0.0043604818093720965,0.0035911257957041975,0.003626992223105585
2020-07-23,-0.003984121738071944,-0.00697760056328578,6.188369546933359e-05,-0.0026217314375377443,-0.00697760056328578
2020-07-24,-0.0034782901950777267,-0.00413913518577802,0.00022647949348830743,-0.0015314594706885565,-0.00413913518577802
2020-07-27,0.009852079608427156,0.003858986455361091,0.005327242975623703,0.005519329221610247,0.003858986455361091
2020-07-28,-0.001268480524996618,-0.0029769757020385867,0.0007657390084852,0.00035038872818793365,-0.0029769757020385867
2020-07-29,0.010470709771436715,0.008032020608916168,0.0037257103107506406,0.003976963276775658,0.008032020608916168
2020-07-30,-0.0048037861504154344,-0.001657391110817863,-0.0012289219517593875,0.002416291247491209,-0.001657391110817863
2020-07-31,2.584548681161536e-05,0.004812401829077828,0.00408811997901104,0.005500788350846886,0.004812401829077828
2020-08-03,0.0055330691498503,0.003989017925363658,0.002415077627955453,0.0020572915027639027,0.003989017925363658
2020-08-04,0.008756488265606377,0.0036892181824559334,0.007363049485720641,0.008412573027370973,0.0036892181824559334
2020-08-05,0.004373425500164174,0.002429141532293233,0.0005576344701014868,-0.00023387398447782815,0.002429141532293233
2020-08-06,0.005339400493430624,0.004500602706054568,0.006086881988458082,0.007189512180116875,0.004500602706054568
2020-08-07,-0.004443569982704787,-0.0003955379340769838,-0.007805930229864644,-0.008001692696100182,-0.0003955379340769838
2020-08-10,0.001304888027216844,0.0014012838755470547,-0.0010041906311046844,-0.0028619653479813323,0.0014012838755470547
2020-08-11,-0.013227258789341945,-0.0063683959668991985,-0.016039513293986007,-0.019341989126134274,-0.0063683959668991985
2020-08-12,0.008400268984235737,0.007316457173811575,0.0014160136795970946,0.0016720443109308203,0.007316457173811575
2020-08-13,-0.0005517498450033909,-0.0019039982467783378,0.0020181355443948945,0.0029038947131700965,-0.0019039982467783378
2020-08-14,-0.0017177536424822781,0.00021012817228682756,-0.0011376923701530428,-0.001646962047368472,0.00021012817228682756
2020-08-17,0.009094583920977506,0.0025824505585867463,0.00844686066274547,0.008321758307310523,0.0025824505585867463
2020-08-18,0.0015369259856101714,0.0019922083471535235,0.004486801969765253,0.005961254127877513,0.0019922083471535235
2020-08-19,-0.008681335036731519,-0.003058286270047783,-0.007396104247550217,-0.009984806734987806,-0.003058286270047783
2020-08-20,0.0032707717855140483,0.0030213866465802486,0.004659415157634239,0.007209342217155523,0.0030213866465802486
2020-08-21,-0.0006610857455879859,0.002455981641891869,-0.0009724444062843007,0.0011118210805765028,0.002455981641891869
2020-08-24,0.005513606302010476,0.0056639936359190735,0.00023021022732594432,-0.0006236079069912304,0.0056639936359190735
2020-08-25,0.0026240986938070865,0.0012364903126409477,0.00045673725909534113,-0.00017633236803460406,0.0012364903126409477
2020-08-26,0.003590097284702276,0.0060216501614973605,0.0037381017018232043,0.006584573838672725,0.0060216501614973605
2020-08-27,-0.003739603305788486,5.331138246855716e-06,-0.006571858436273836,-0.007359041155108659,5.331138246855716e-06
2020-08-28,0.007206235750472523,0.004632674738856535,0.004935401252720739,0.005406090512661388,0.004632674738856535
2020-08-31,-0.0037325912570651543,-0.001787508844305452,0.001764459334259394,0.003998151551848794,-0.001787508844305452
2020-09-01,0.007416099528079423,0.0069552879453189664,0.005461390686007039,0.008141740009141918,0.0069552879453189664
2020-09-02,0.004573081293571146,0.009240964959905895,0.0001878421579268874,0.002645056419787517,0.009240964959905895
2020-09-03,-0.018224984890863882,-0.02024715292692647,-0.006701713259063102,-0.015023284278730564,-0.02024715292692647
2020-09-04,-0.006272367734166395,-0.007111663658501133,-0.008483571746715768,-0.008537215014849497,-0.007111663658501133
2020-09-08,-0.015272832152647409,-0.015363421171222358,-0.006898544900667436,-0.011851995094686929,-0.015363421171222358
2020-09-09,0.012143136166084645,0.011385517039131487,0.004790943164059591,0.008819114384366333,0.011385517039131487
2020-09-10,-0.009594785295044428,-0.009771141031596375,-0.0028720787440130735,-0.004673076809696752,-0.009771141031596375
2020-09-11,0.0011878855936331423,0.0009430992807240024,0.0019290571730556927,-0.0009005125487530075,0.0009430992807240024
2020-09-14,0.010893641991569725,0.007358028018236373,0.0024038493023497143,0.005568464512536675,0.007358028018236373
2020-09-15,0.004942590993245899,0.0027806778095509355,0.0010811392490286398,0.002860162178916603,0.0027806778095509355
2020-09-16,0.001122596000733056,-0.0025826652372439307,0.0015757740294515266,-0.004610919199643737,-0.0025826652372439307
2020-09-17,-0.004413825551270456,-0.0050620681972614046,0.000696440731713377,-0.004510457269302215,-0.0050620681972614046
2020-09-18,-0.006287514926258897,-0.007148069507134314,-0.001478273553103926,-0.004067331903007565,-0.007148069507134314
2020-09-21,-0.014644440461269559,-0.005773883921047163,-0.0054863632280678365,-0.0011159722989184662,-0.005773883921047163
2020-09-22,0.0028571462857951424,0.005936156178866447,0.00016500584514833605,0.004038270045709114,0.005936156178866447
2020-09-23,-0.01665597365309668,-0.01357442097312167,-0.00718009561506161,-0.01149082823037817,-0.01357442097312167
2020-09-24,0.001966066849640846,0.0017518439001995567,0.002552725756116425,0.002647122900702792,0.0017518439001995567
2020-09-25,0.007599241752801911,0.0097235273529801,0.002306875166030231,0.0060593795715506715,0.0097235273529801
2020-09-28,0.012192931545998986,0.00962960289338155,0.004096505747441581,0.006661809052319834,0.00962960289338155
2020-09-29,-0.0024276237901367237,-0.0028980806863476705,-0.0012152413923944838,0.0005801386541908204,-0.0028980806863476705
2020-09-30,0.0024898070093291036,0.003441375435066174,-0.0006344905463843142,-0.0022851028200224777,0.003441375435066174
2020-10-01,0.0072248958973271105,0.0040931927177629834,-0.00010551802261227206,0.005957637821882633,0.0040931927177629834
2020-10-02,-0.004755932145600328,-0.006123772062008759,-0.004718832454279842,-0.008218195038647957,-0.006123772062008759
2020-10-05,0.010630127576683801,0.008152321758803538,0.0012864664664835601,-8.576837027451933e-05,0.008152321758803538
2020-10-06,-0.0051121423284516965,-0.007727815837082153,-0.00027731525940188906,-0.004585905981328908,-0.007727815837082153
2020-10-07,0.007180959397885767,0.00936110122213818,7.618395902575514e-05,0.0016854053516257572,0.00936110122213818
2020-10-08,0.007887309164153589,0.006104671978012455,0.005003986628081991,0.0036357446935939564,0.006104671978012455
2020-10-09,0.006036788620431555,0.005254289004907209,0.003460783899877029,0.006701433617551933,0.005254289004907209
2020-10-12,0.0064505886680270574,0.010266525213799671,0.0004359278401109279,0.008270300920709461,0.010266525213799671
2020-10-13,-0.005082801194038256,-0.0031622751842834695,0.00011674346950352188,-0.0005578768520223543,-0.0031622751842834695
2020-10-14,-0.0034114081016776154,-0.0037291659416816003,0.0015312893664083393,-0.0010876526574739032,-0.0037291659416816003
2020-10-15,-0.0007388648228691119,-0.001171609828713338,0.00010190746450722266,-0.0018301806850673508,-0.001171609828713338
2020-10-16,-0.002120346213496993,-0.0005936026545448891,-0.002567050773056634,-0.0027149892571687317,-0.0005936026545448891
2020-10-19,-0.007086213512697559,-0.009945859151665792,-0.0028116572107192983,-0.005390038595476376,-0.009945859151665792
2020-10-20,0.003674989397471018,0.0015986806183920788,0.0006388465999032089,-0.0012036739345274716,0.0015986806183920788
2020-10-21,-0.002197665659366188,-0.0016714568794147233,-0.0021196954508377885,-3.814649601063813e-05,-0.0016714568794147233
2020-10-22,0.00040775502815093567,0.0019899569528285532,-0.0032243530364202133,-0.004947376476498344,0.0019899569528285532
2020-10-23,0.002852850756491998,0.002626942330202775,0.0003877156920411018,0.0019596879439904846,0.002626942330202775
2020-10-26,-0.010608651434893424,-0.010294595996644285,-0.0022037906584967404,-0.0011674686335112483,-0.010294595996644285
2020-10-27,-0.000570358881377464,-0.0012174612029115517,0.0034635909484732608,0.004499679583726879,-0.0012174612029115517
2020-10-28,-0.022657762850381458,-0.02075678578735718,-0.010690031085195173,-0.012400859123277375,-0.02075678578735718
2020-10-29,0.003755372495337639,0.00438342206429998,-0.005270736118538455,7.524921304025156e-05,0.00438342206429998
2020-10-30,-0.008082440185260276,-0.007552924214190515,-0.003825088607210758,-0.008777856215544944,-0.007552924214190515
2020-11-02,0.011817446112274421,0.007395260811455362,0.007796046584078287,0.004258266680277734,0.011817446112274421
2020-11-03,0.011710009129755727,0.009705511872162509,0.0017274585694573297,0.002961430016110489,0.011710009129755727
2020-11-04,0.01511305912162042,0.01685144361686164,0.011840512529142089,0.018412574425232142,0.01511305912162042
2020-11-05,0.014922708291751352,0.011803263884964332,0.005980737924413226,0.01034773227625796,0.014922708291751352
2020-11-06,-0.002476205258398645,-0.0014517131860949384,-0.004192570463348755,-0.003312450133130862,-0.002476205258398645
2020-11-09,0.004120543016056688,0.00486252917999086,-0.008513674718880093,-0.01923187804979154,0.004120543016056688
2020-11-10,0.002749761868774625,-0.001991402367123918,0.0017224702230949074,-0.006277380863571214,0.002749761868774625
2020-11-11,0.004838498118959755,0.005204862444347702,0.0015024018727540778,0.006258880869539407,0.004838498118959755
2020-11-12,-0.004869800263678337,-0.00385623935124646,0.003403337575492049,0.005330941431051395,-0.004869800263678337
2020-11-13,0.010158772648631631,0.008027031961746367,0.0007478886762455339,0.0024719572587139638,0.010158772648631631
2020-11-16,0.008673789564862311,0.007457172938810874,0.0023883761201441978,0.0011958345083995514,0.008673789564862311
2020-11-17,0.00031613004775477016,-0.0023785846027873925,0.001739403781965132,0.0009240617230463766,0.00031613004775477016
2020-11-18,-0.006559333356161656,-0.007604976084094273,-0.0013607276416423009,-0.0023170386549307143,-0.006559333356161656
2020-11-19,0.0037417790744493917,0.003017405668691797,0.001661076657858862,0.0031369396520224413,0.0037417790744493917
2020-11-20,0.0008619019827991181,-0.0035771752351851926,0.0029045496990582897,0.001184743957386658,0.0008619019827991181
2020-11-23,0.0007643780557855528,0.0029387381582377525,-0.0026604414825641687,-0.004719412905036191,0.0007643780557855528
2020-11-24,0.008209704755006264,0.009376950055489885,0.001698308066888643,-0.00139020183684746,0.008209704755006264
2020-11-25,6.478069781934437e-06,-0.0008355297264251993,0.00100525659370998,0.0010258154629407823,6.478069781934437e-06
2020-11-27,0.0029554472029356127,0.002864800171180626,0.0017631090508318792,0.00397515988352537,0.0029554472029356127
2020-11-30,-0.009377934386366249,-0.00296751350236768,-0.002978556219688233,-0.0008904544242684942,-0.009377934386366249
2020-12-01,0.00865909919055885,0.004419940526381838,-0.0018053550661971673,0.000736785402433382,0.004419940526381838
2020-12-02,5.356489275731846e-05,0.0006050571565059393,-0.00025605755312185785,-0.00101772504695552,0.0006050571565059393
2020-12-03,0.004821376383413067,0.0008963433512323427,0.003776324319072044,0.004142633300550536,0.0008963433512323427
2020-12-04,0.005306653472283207,0.003641031416541596,-0.0029504119117844674,-0.0039187737883754625,0.003641031416541596
2020-12-07,0.0014608932153359344,-2.4238368087736717e-05,0.004451808961773329,0.0065513782547623745,-2.4238368087736717e-05
2020-12-08,0.0030276794585608613,0.0021658247818636678,0.002289166326994163,0.002734248390332761,0.0021658247818636678
2020-12-09,-0.007443902880003295,-0.005989255049359765,-0.004030482253304046,-0.009515672957614685,-0.005989255049359765
2020-12-10,0.004730191485794011,0.0006971696227400237,0.005103402450897354,0.0035513484697502484,0.0006971696227400237
2020-12-11,-0.0015012152340072582,8.737161477379018e-05,0.001016308092318674,0.0012006189071371853,8.737161477379018e-05
2020-12-14,-0.0011019558681822916,-0.00292785572801757,-0.0013251631681929776,0.0003614729661547411,-0.00292785572801757
2020-12-15,0.010862358754423873,0.007730359140673881,0.0035029091716507477,0.003526287740149625,0.007730359140673881
2020-12-16,0.002096805935883017,0.0006193797611062646,0.0010757890640784584,0.0012956929779659454,0.0006193797611062646
2020-12-17,0.006695363174189506,0.0030981559331422215,0.003341390492587637,0.0022873589639333947,0.0030981559331422215
2020-12-18,-0.004030228367150834,-0.002751219609760547,-0.00086701752964502,-0.001980613433699041,-0.002751219609760547
2020-12-21,-0.0048337321627,-0.00190330904785585,-0.0018041411629894366,0.00016168841221242403,-0.00190330904785585
2020-12-22,-0.0003382181871334211,-0.0003595797337782036,-0.0016367364429861198,0.001406620070956599,-0.0003595797337782036
2020-12-23,0.002977453603001612,-0.0002825435408658761,0.0012198939337677572,-0.002730715173365983,-0.0002825435408658761
2020-12-24,0.002427100487670364,0.0029147845058956623,0.0026983584464104204,0.0030810527974562962,0.0029147845058956623
2020-12-28,0.00220458743705243,0.005234904235109417,-0.0005997048213162159,0.0023296264567638225,0.005234904235109417
2020-12-29,-0.00034300531810160795,-0.0012244879424317956,0.0005146912607494336,0.0003912680226556553,-0.0012244879424317956
2020-12-30,0.004887602683253611,0.0011286545221202982,0.0029331684192384078,0.0017285972025622431,0.0011286545221202982
2020-12-31,0.001691581792698349,0.003300819025619406,0.002085495763616052,0.001624930147837489,0.003300819025619406
2021-01-04,-0.0046131113071639085,-0.008083262123914525,2.375987052039008e-05,-0.0009877284954250554,-0.008083262123914525
2021-01-05,0.008767603923004463,0.0031778403507618513,0.003836672041259037,-0.00016044754455546428,0.0031778403507618513
2021-01-06,-0.00039242295591990217,0.0012469550619316205,-0.007214151114663503,-0.012441917438047345,0.0012469550619316205
2021-01-07,0.0056120375313266635,0.0075533896521218225,-0.0010152731870550769,0.002428984410244306,0.0075533896521218225
2021-01-08,0.0030122389619262613,0.0023326769903659894,-0.0033751020355772265,-0.0028531644472965523,0.0023326769903659894
2021-01-11,-0.007528023045053844,-0.004866545298501945,-0.0035089389798161896,-0.005146705951231234,-0.004866545298501945
2021-01-12,0.005948863453868691,6.189559891445207e-05,0.0042200947242931885,0.00013981021639097868,6.189559891445207e-05
2021-01-13,0.0021667564823526497,0.0029996715363784787,0.0028131300860747555,0.005061394993879809,0.0029996715363784787
2021-01-14,0.0033441967356280244,-0.003023262609387567,-0.0012679864568980737,-0.004414023709561343,-0.003023262609387567
2021-01-15,-0.007071059932095336,-0.0033681005062372593,-0.003167400858777869,-0.001612515533811698,-0.0033681005062372593
2021-01-19,0.007259504867882516,0.0049854301716232285,0.0032460245122190035,0.005716879514881867,0.0049854301716232285
2021-01-20,0.010321414965359876,0.00856523662781461,0.0036768029901925736,0.008384948364684064,0.00856523662781461
2021-01-21,-0.0011559095703056466,-2.5816649653620516e-06,-0.0020076757547041746,-7.127215436830703e-05,-2.5816649653620516e-06
2021-01-22,-0.0026269678216119807,-0.0015694952096543258,-0.0033100682416494775,-0.0004237788659102737,-0.0015694952096543258
2021-01-25,0.005206143791901319,0.003984335973093112,0.006372817274782339,0.006452519197156725,0.003984335973093112
2021-01-26,-0.0009119255104476087,-0.0010826571102210414,-0.0005289199949054524,-0.0004557020793344302,-0.0010826571102210414
2021-01-27,-0.014705463289098053,-0.014428496383495304,-0.002929181939143932,-0.007135707011119874,-0.014428496383495304
2021-01-28,0.0018372492835756482,0.0041528721560453175,-0.0019763390602001163,-0.0006071139308263529,0.0041528721560453175
2021-01-29,-0.012040465464851269,-0.012729903706541146,-0.0039056397551268107,-0.00842619990021265,-0.012729903706541146
2021-02-01,0.015831337797403977,0.010418327953201523,0.006974009927300351,0.009193210556994291,0.010418327953201523
2021-02-02,0.006035266416899443,0.00746076415649366,-0.0006947653768790696,0.0015268565283248492,0.00746076415649366
2021-02-03,-6.515627616698882e-05,-0.0004976300789469867,-0.0014637773872173687,-0.004045386704248588,-0.0004976300789469867
2021-02-04,0.0033441426930009843,0.00673050444072687,-0.0008761396366483432,0.000981658908002725,0.00673050444072687
2021-02-05,0.00446556784003449,0.0015556234603846253,-3.3116229188667745e-05,-0.00040126475690471786,0.0015556234603846253
2021-02-08,0.008545228649294412,0.004558837451303921,0.005908943539593592,0.004181990798585389,0.004558837451303921
2021-02-09,0.003218042237947971,-0.0001082569785736398,0.001515688125924175,0.0007165940916533664,-0.0001082569785736398
2021-02-10,0.0006218416773260405,0.0007276363797481533,0.00224089271342498,0.0018889931743537591,0.0007276363797481533
2021-02-11,0.0009314024295181689,0.0006852954272054124,-0.0024113419764192345,-0.0004938149295424799,0.0006852954272054124
2021-02-12,0.0015133126316138057,0.0017210153093838443,-0.0010880174734780867,-0.0022135275366890195,0.0017210153093838443
2021-02-16,-0.0029165486466109503,-0.0033343984541976956,-0.004636512576511098,-0.007992817932209628,-0.0033343984541976956
2021-02-17,-0.002070855373400682,0.0004054173719911791,0.0008525493571052145,-0.0011749148422840472,0.0004054173719911791
2021-02-18,-0.005619851355455174,-0.002640797531765049,-0.0020254016668608266,-0.0022599638397706734,-0.002640797531765049
2021-02-19,0.0017734237932323094,-0.0026400446042624814,-0.003959746266929964,-0.00498073805501964,-0.0026400446042624814
2021-02-22,-0.0035545352541747066,-0.005341311917214764,0.003177987651606262,-0.008828387001941995,-0.005341311917214764
2021-02-23,0.00019042910749456077,0.0010429513875853669,0.0006207143635630352,-0.0014202941912800915,0.0010429513875853669
2021-02-24,0.005720755325557159,0.0061969787521671815,0.002428193378816168,0.000814287893271759,0.0061969787521671815
2021-02-25,-0.021168223648988627,-0.019938354612068054,-0.014484109232240305,-0.02123764980328169,-0.019938354612068054
2021-02-26,-0.004808412601790768,0.00047711988822496387,0.0027594598769475898,0.000806602414495039,0.00047711988822496387
2021-03-01,0.011504183846484217,0.014008698935085828,-0.0025927804508359964,0.00920285673718757,0.011504183846484217
2021-03-02,-0.005329143706400918,-0.003980250667476426,0.0014016185580567608,-0.004812221999682342,-0.005329143706400918
2021-03-03,-0.008895159590743607,-0.010092195036726537,-0.005613600449406175,-0.010866675799126035,-0.008895159590743607
2021-03-04,-0.010704328471551783,-0.009393107974249637,-0.0025365340622712784,-0.006181083134620846,-0.010704328471551783
2021-03-05,0.010457037925162282,0.010412157713631354,0.005600948737727318,0.009539213015170578,0.010457037925162282
2021-03-08,-0.008630916177254866,-0.0045617246137028555,-0.007413367892585732,-0.012502021219680803,-0.008630916177254866
2021-03-09,0.015533338206116465,0.010471672384600783,0.008264348757080597,0.015357428567931208,0.015533338206116465
2021-03-10,0.004648776199638549,0.004587020608830095,0.0036310639477785678,0.002698258736045789,0.004648776199638549
2021-03-11,0.01102756347118472,0.005989402049472625,0.002259193887375721,0.011129944224758104,0.01102756347118472
2021-03-12,-0.003207901551136705,-0.002027836253963522,-0.007852699778358674,-0.006246135527828378,-0.003207901551136705
2021-03-15,0.004640605352224547,0.004111714277909018,0.0019653392667098313,0.003418957263045197,0.004640605352224547
2021-03-16,-0.0018989835118031761,-0.0008377643967469872,-0.0016561049028918085,-0.0006896006610932481,-0.0018989835118031761
2021-03-17,0.002186768307393505,0.0014284446171632936,-0.0009936519031910063,0.0010461927808806948,0.002186768307393505
2021-03-18,-0.01840260408883554,-0.011315801950261939,-0.01590282999591175,-0.023700082259699884,-0.01840260408883554
2021-03-19,0.004095130438659833,-0.001368843401651887,0.005460310325958062,0.005777140655689239,0.004095130438659833
2021-03-22,0.0035163252693684033,0.006141042865993818,0.0037345295898243425,0.006213442040898576,0.0035163252693684033
2021-03-23,-0.01047901393944195,-0.0028721140642582466,-0.0033295582070768104,-0.007429182551458524,-0.01047901393944195
2021-03-24,-0.004332249287096079,-0.0025661930511811093,0.006425595022049979,-0.001205311834971523,-0.004332249287096079
2021-03-25,0.001434944388173598,0.002885162052176593,-0.006260541395499586,-0.003898314595978891,0.001434944388173598
2021-03-26,0.012936807739343248,0.008467729585831085,0.004396797127293128,0.008996313581788762,0.012936807739343248
2021-03-29,-0.006809987225478098,-0.0016429931216254134,-0.0041685579550687635,-0.003691176856076561,-0.006809987225478098
2021-03-30,-0.00162588423225829,-0.0019666132148399296,-0.004511623172002155,-0.0036589724137423563,-0.00162588423225829
2021-03-31,0.004087696026590093,0.0018427581028679363,-0.002339431704793893,0.008673448391558924,0.004087696026590093
2021-04-01,0.013200797843784251,0.008259811534705674,0.011104290816838391,0.014937001225641566,0.008259811534705674
2021-04-05,0.003992473119855511,0.007531033107126328,-0.001733932758491874,0.0002446242616278571,0.007531033107126328
2021-04-06,0.0016229454985408065,0.0015545006045674103,0.002850145031873863,0.001019497931205704,0.0015545006045674103
2021-04-07,-0.0031918725599150433,0.0004577971126193958,-0.0016323162216118625,-0.004505319124584406,0.0004577971126193958
2021-04-08,0.006183980845871462,0.004230154672558939,0.005493254234648415,0.007634050843389195,0.004230154672558939
2021-04-09,-0.0010155295367342276,0.0033714470557033582,-0.0022439005974179693,-0.0009799677921406014,0.0033714470557033582
2021-04-12,-0.0017043162506003018,-1.9390057822810114e-05,-0.0012746087127759598,-0.001784656872775292,-1.9390057822810114e-05
2021-04-13,0.005667248605379038,0.003423749078230065,0.006211671325516255,0.006462271695307109,0.003423749078230065
2021-04-14,0.0008267317102039762,-0.0025593686265446003,0.0011690112394371344,0.009825623625299817,-0.0025593686265446003
2021-04-15,0.011095274986177905,0.009045065648574102,0.01008631391912962,0.007942123470815687,0.009045065648574102
2021-04-16,0.001210942301528073,0.000978814060908828,-0.0021157311220694197,0.000277875442058928,0.000978814060908828
2021-04-19,-0.0036259330174284177,-0.003408711976599199,-0.001428357851476325,-0.005519820978538759,-0.003408711976599199
2021-04-20,-0.004343103445327068,-0.0033012151018042557,-0.00035282433392425094,-0.008784781045536927,-0.0033012151018042557
2021-04-21,0.007334253039430472,0.005951185256008129,0.0023249787666626,0.007545194969341917,0.005951185256008129
2021-04-22,-0.003142920837562513,-0.005258059462326381,0.0016822078218496905,-0.0008554125766915277,-0.005258059462326381
2021-04-23,0.0073117303146701396,0.006066480891454562,0.0013340272814672538,0.01266856741548672,0.006066480891454562
2021-04-26,0.0031332652790199145,0.0008643553657057268,0.00023474260357492227,0.007171368167939729,0.0008643553657057268
2021-04-27,-0.0013337815696076172,-0.0016636082041970868,-0.0036096403772341024,0.0028571358403974845,-0.0016636082041970868
2021-04-28,0.0012229887512626991,0.00033578169966586024,0.0013615304437146758,0.0012274472782560775,0.00033578169966586024
2021-04-29,0.0011296581526654137,0.0032124813938196883,-0.000647681588114235,0.0021823491552090957,0.0032124813938196883
2021-04-30,-0.006162833719686955,-0.003616995387620281,-0.002107703149973439,-0.008767145024991652,-0.003616995387620281
2021-05-03,0.0037166457234878436,0.0019745724666506703,0.004268100093636207,0.00528484541891161,0.0019745724666506703
2021-05-04,-0.005204429153671475,-0.0031632178001221867,0.000996267618663671,-0.000610040476773599,-0.0031632178001221867
2021-05-05,0.0005541717065331575,0.0006809444219961769,0.0033063273693390016,0.002118403041184269,0.0006809444219961769
2021-05-06,0.006331913654774368,0.004938197382239329,0.0032653833598064175,0.00488370360886603,0.004938197382239329
2021-05-07,0.007657612628959587,0.004493531177449217,0.0024422404898445382,0.008712425023359227,0.004493531177449217
2021-05-10,-0.009908603017464213,-0.006743162702761651,-0.004998521237009279,-0.012462978590675688,-0.006743162702761651
2021-05-11,-0.0038022972421427603,-0.006004361163950089,-0.003538538270962399,0.002157852148348516,-0.006004361163950089
2021-05-12,-0.017251956213974795,-0.014611651423076522,-0.008489445449185284,-0.012746893496664136,-0.014611651423076522
2021-05-13,0.0035555960626210137,0.008477909678052287,0.00045373838008266887,-0.006997553928665412,0.008477909678052287
2021-05-14,0.013593283767439068,0.01001403241284926,0.007648580101274671,0.013289382533880678,0.01001403241284926
2021-05-17,0.0013036312156553542,-0.001907795701362236,0.0005419330376854603,0.0037696052638060973,-0.001907795701362236
2021-05-18,-0.0012602792321541045,-0.005142834730807788,-0.0007415412848950087,-0.003280541332232545,-0.005142834730807788
2021-05-19,-0.004985482845940026,-0.002767469573237258,-0.005554031217863686,-0.010554121013116036,-0.002767469573237258
2021-05-20,0.007247063016227573,0.008074637401925155,0.0053919065370999775,0.0023310214191507583,0.008074637401925155
2021-05-21,-0.00011380821076123482,-0.00034701319347363313,0.002182580000477996,0.002625492215810654,-0.00034701319347363313
2021-05-24,0.007984827216476642,0.006466919098149448,0.004223132893712789,0.010759921517975224,0.006466919098149448
2021-05-25,0.0018555075872819238,0.00014767636420232044,0.003926269076134581,-0.0011975118846822008,0.00014767636420232044
2021-05-26,0.0031200289437021134,0.0007280931936868296,-0.0007897012970252693,0.0037307799585071244,0.0007280931936868296
2021-05-27,0.001721877692806295,-0.0003881022111407173,0.00017723823668314154,0.006881955052023603,-0.0003881022111407173
2021-05-28,0.0017793107356320892,0.0010349913037648317,-9.760738810671299e-05,-0.00022569067058941794,0.0010349913037648317
2021-06-01,0.0064041955362383884,-0.0006024671098967538,0.003035234658278263,0.012853909630475835,-0.0006024671098967538
2021-06-02,0.003512354870503165,0.00139878092829826,0.0028278876551268706,0.0031955763511977153,0.00139878092829826
2021-06-03,-0.0076070407340509405,-0.0032411373966794166,-0.004555861309316844,-0.008401033547833392,-0.0032411373966794166
2021-06-04,0.008921963313641479,0.007695855256177886,0.00868322099150931,0.009344974101009429,0.007695855256177886
2021-06-07,0.0027297860553954223,-0.0008961242004151826,0.000225570207497805,0.0013063062537927994,-0.0008961242004151826
2021-06-08,0.00312798456262664,0.0012764417299053754,0.004237556928563979,0.004204943719721355,0.0012764417299053754
2021-06-09,-0.0006884820230069755,0.00035568482206760343,0.002567969029662498,-0.003792728076535301,0.00035568482206760343
2021-06-10,0.004305164463056288,0.004209611957112669,0.004259326751681947,0.0033491817951809555,0.004209611957112669
2021-06-11,-0.0007701100590364884,0.0004025332586190533,-0.0015769612885281337,-0.0007362883549451027,0.0004025332586190533
2021-06-14,-0.00048814945815878197,9.880245745041982e-05,-0.0036482629050855753,-0.0018699379080751033,9.880245745041982e-05
2021-06-15,-0.00369398338561,-0.001034205534969579,-0.0011247684496757948,-0.0040006615787331334,-0.001034205534969579
2021-06-16,-0.006756085741872253,-0.006090038713627455,-0.005418198933195728,-0.007422324252259749,-0.006090038713627455
2021-06-17,-0.0038222710048514408,0.0012285541352006213,0.00021688028272848214,-0.012123985849824104,0.0012285541352006213
2021-06-18,-0.005968762033466302,-0.005838125655646564,0.00426807113114136,-0.0037022946822823366,-0.005838125655646564
2021-06-21,0.008279456406589114,0.007233989023560872,-0.0011791689753295476,0.01211042472471524,0.007233989023560872
2021-06-22,0.0011618213985600256,0.003936811199844126,0.001196849100782993,0.001071547646914528,0.003936811199844126
2021-06-23,0.000158678833470427,-0.001519955408680329,-0.0018280665657822714,0.0038796223886419234,-0.001519955408680329
2021-06-24,0.004748394234581399,0.003485611562972002,0.0020906434643255256,0.0066291302317738054,0.003485611562972002
2021-06-25,0.0007494572064132843,0.0013111503255236467,-0.003312769773993196,0.001190102035750984,0.0013111503255236467
2021-06-28,0.00110646454909058,0.00245880597552417,0.0027840497525366548,-0.0008342496357992557,0.00245880597552417
2021-06-29,-0.0006462552088625229,0.0005311931657978608,0.0007373901904175195,0.0008359074707027236,0.0005311931657978608
2021-06-30,3.9917717264970065e-06,0.0011222612310777258,0.001199329595550136,0.0030151682955710246,0.0011222612310777258
2021-07-01,0.002231297212333727,0.003033205399901151,0.0008640061734757065,0.005017464554949225,0.003033205399901151
2021-07-02,0.004057682188604028,0.006048273679202243,0.004854816291341324,0.005989616144408627,0.006048273679202243
2021-07-06,-0.003391205618573867,0.0009988499934425743,0.0012890781170402654,-0.01256702187125025,0.0009988499934425743
2021-07-07,0.0008214996943964881,0.003289736912253982,0.003199818247782371,-0.004080150992882725,0.003289736912253982
2021-07-08,-0.00447085923064372,-0.003868554231092447,0.0005610558398734256,-0.0011735227189958453,-0.003868554231092447
2021-07-09,0.008252406355294895,0.004358629521465041,-0.000394485708321235,0.012730687749647362,0.004358629521465041
2021-07-12,0.0020720078811642395,0.0019509676368014706,0.0008062613137096442,0.0029679379535643147,0.0019509676368014706
2021-07-13,-0.0041750940246158,-0.003283944975061792,-0.003773909319090274,-0.0014286917945030009,-0.003283944975061792
2021-07-14,0.001874905081907574,0.0026117110400634136,0.0044153743441261994,-0.004310690087715563,0.0026117110400634136
2021-07-15,-0.001107272587078989,-0.0003828994686082554,0.0022428148505120316,-0.0038856794603318034,-0.0003828994686082554
2021-07-16,-0.005528779153482266,-0.0047772010479276705,-0.002065971452934079,-0.004489227956338104,-0.0047772010479276705
2021-07-19,-0.009728831753454403,-0.005404875291492139,0.0004449990024104622,-0.025197154344153483,-0.005404875291492139
2021-07-20,0.009062291712684578,0.007977523232717054,0.0010500092983576348,0.01717177484705279,0.007977523232717054
2021-07-21,0.004967984943984316,0.0025014535598784082,-0.0009434726918435832,0.01291394472983387,0.0025014535598784082
2021-07-22,0.0009358541576218737,0.0021784431988511876,0.003746940024380807,0.0015048309613054922,0.0021784431988511876
2021-07-23,0.002145993711762051,0.005557681629313027,-0.00015594493006487742,0.007500126942544538,0.005557681629313027
2021-07-26,-0.0008786507235336583,0.0012083451831157443,-5.5025658436402836e-06,0.004238644897154309,0.0012083451831157443
2021-07-27,-0.003273315634802265,-0.0010573751847765545,0.003336308318422576,-0.004766147109373509,-0.0010573751847765545
2021-07-28,0.0053434261705647135,9.231432543210794e-05,0.0015307515835527585,0.0028856801559871137,9.231432543210794e-05
2021-07-29,0.004521595612401841,0.001272801769222065,0.0008307655077075538,0.009515387768511907,0.001272801769222065
2021-07-30,-0.0036315455575461897,-0.0017949219556991913,0.0004627100063638867,-0.004286582108433135,-0.0017949219556991913
2021-08-02,0.0004433209823024864,0.0005078251526766664,0.0032820413756602385,-0.005620586538779282,0.0005078251526766664
2021-08-03,0.002636745562098808,0.004956195419268061,0.0009847090534111924,0.0017390202396259102,0.004956195419268061
2021-08-04,-0.0030528933029498884,-0.0030459261571003093,-0.0021137066498913004,-0.00915395228113014,-0.0030459261571003093
2021-08-05,0.004699720227253401,0.0023176115103074046,0.00036271446785773875,0.010851250122519085,0.0023176115103074046
2021-08-06,-0.00661517250872623,-0.0013550538046930294,-0.008581051139710416,-0.002829330895257054,-0.0013550538046930294
2021-08-09,-0.0043862845193974875,-0.0013403415040891264,-0.004151544520160422,-0.00694037703797068,-0.0013403415040891264
2021-08-10,0.0003363615234091011,-1.3060719081803285e-06,7.750171207221435e-05,0.005880367349100801,-1.3060719081803285e-06
2021-08-11,0.004370344763232614,0.0019405597819690534,0.0032381748556014056,0.0056367511991641805,0.0019405597819690534
2021-08-12,-0.0009321430960345101,0.0013988352920746294,-0.0012183640075890123,0.0001281036180220685,0.0013988352920746294
2021-08-13,0.003492385206547599,0.0033753903618647385,0.0069995245205265455,-0.0007245262694831611,0.0033753903618647385
2021-08-16,-0.0015043788003860081,0.0023003438152293665,0.00030697035941296136,-0.00046932472985850016,0.0023003438152293665
2021-08-17,-0.006948174302512156,-0.004155717323902519,-0.003279800445818215,-0.0074538528987477815,-0.004155717323902519
2021-08-18,-0.004875828805608218,-0.006787516289170625,-0.0018845980555703967,-0.010859248408091604,-0.006787516289170625
2021-08-19,-0.0033865400068925355,0.0018154396896992164,-0.0005006959421890445,-0.004156855082511068,0.0018154396896992164
2021-08-20,0.0021164857721813757,0.004390412196599858,-0.0017762047523527391,-0.004469618269803188,0.004390412196599858
2021-08-23,0.011054450665594073,0.0053885866958685025,0.005651244756013529,0.017480517127610895,0.0053885866958685025
2021-08-24,0.00431038703074238,-0.00012295826007635569,-0.000487726606022143,0.008163225974558541,-0.00012295826007635569
2021-08-25,-0.00027563779187644855,-0.0002860747388923057,-0.0026516421250681876,0.004314055321297916,-0.0002860747388923057
2021-08-26,-0.004127447354164371,-0.0035743676779923517,-0.0011172225832734028,-0.005663243971444132,-0.0035743676779923517
2021-08-27,0.011626810245378483,0.006689391107120857,0.006885864329963409,0.011056656414973665,0.006689391107120857
2021-08-30,0.002687926999114465,0.0034371445579124416,0.002146758272915772,0.004947638353294481,0.0034371445579124416
2021-08-31,0.0006135956926802688,-0.0016506731197010183,-0.002503401967000052,-0.0008408540272657472,-0.0016506731197010183
2021-09-01,0.004448754817862222,0.0004899161839024835,0.002525816076342169,0.004522221860820963,0.0004899161839024835
2021-09-02,0.0028572879460408984,0.0023240275270055566,0.003492439528315572,0.007286598731587324,0.0023240275270055566
2021-09-03,0.0008503612717212228,-0.001099284678591217,-0.0015261807531098404,0.0003593669307599967,-0.001099284678591217
2021-09-07,-0.005692195999727034,-0.003717562202596003,-0.00599797559893156,-0.009745563358714793,-0.003717562202596003
2021-09-08,-0.0019468364171828512,0.0003625937179023708,0.002063151558842291,0.004667470246179528,0.0003625937179023708
2021-09-09,-0.0020696394632673254,-0.0014402175517465032,0.0017949919305662032,-0.011662259174559653,-0.0014402175517465032
2021-09-10,-0.004719061473036468,-0.005986387631909507,-0.0032896522692686947,-0.0021692497516655473,-0.005986387631909507
2021-09-13,0.00432714887522323,0.0020112086859858103,0.004527936255473541,0.006312398064120872,0.0020112086859858103
2021-09-14,-0.0013536363243161764,-0.0017119221924078998,0.0035725617868971327,-0.0018948384353558723,-0.0017119221924078998
2021-09-15,0.003590492721869065,0.004284768577633935,0.0006610356742466905,0.009537284238795074,0.004284768577633935
2021-09-16,-0.004979227014968113,-0.002217270668305016,-0.004295939673919391,-0.0029147629690068344,-0.002217270668305016
2021-09-17,-0.006434104202401536,-0.006997015670697104,-0.005949531685454756,-0.008727611919445488,-0.006997015670697104
2021-09-20,-0.009996650280108987,-0.007905240922831958,0.0002650457985118315,-0.01040426275372286,-0.007905240922831958
2021-09-21,0.0025616687849292497,-0.0008029960121208601,0.0017130495043060634,0.00041238159933598695,-0.0008029960121208601
2021-09-22,0.007612296878232616,0.006152015803025046,0.004101226261561619,0.010391240560770454,0.006152015803025046
2021-09-23,0.002731763424634215,0.0035295739204510568,-0.0057979100577888465,0.007744059245947454,0.0035295739204510568
2021-09-24,-0.004361385712155386,-0.0002248231299045722,-0.005154840210512379,-0.0019792217803227263,-0.0002248231299045722
2021-09-27,0.0006903041844392721,-0.002788286447142463,-0.0011466557858731408,-8.017206620669626e-05,-0.002788286447142463
2021-09-28,-0.0149642205049354,-0.013609032891836459,-0.010428699136446284,-0.009994317411826104,-0.013609032891836459
2021-09-29,-0.0006937918974718738,0.001424617227677727,0.0006922553078005933,0.0035735768328462036,0.001424617227677727
2021-09-30,-0.0012383697706074281,-0.006855343179618445,4.23540963407909e-05,-0.006359108469144448,-0.006855343179618445
2021-10-01,0.007760063208979817,0.00873792100394799,0.006342467449286682,0.013280959626698063,0.00873792100394799
2021-10-04,-0.00503857839457289,-0.008205772582284387,-0.0007302015591417188,0.0034434069371473974,-0.008205772582284387
2021-10-05,0.002917573522731809,0.004938979159393675,-0.0012432218233079384,0.0052470674061044775,0.004938979159393675
2021-10-06,-0.0006284787623065391,0.0025941003830547427,-0.001078937267253055,-0.0025761549032856657,0.0025941003830547427
2021-10-07,0.005585599267098784,0.003588780204188069,-0.0009168008132265371,0.008173016820525403,0.003588780204188069
2021-10-08,-0.0025232645179101842,-0.0019653329889727233,-0.002533594863914357,-0.0023505002212658166,-0.0019653329889727233
2021-10-11,-0.002315161772683094,-0.005337220827132061,-0.0011370137966100202,0.0018422407626235149,-0.005337220827132061
2021-10-12,0.003363603887258426,0.0003317996545395552,0.006368037610911204,0.003914126338190993,0.0003317996545395552
2021-10-13,0.008261109955640888,0.002926506381982774,0.006364575081949209,0.005730707765467802,0.002926506381982774
2021-10-14,0.009386389343118529,0.01104150511617319,0.005588260575217996,0.012532039050792143,0.01104150511617319
2021-10-15,0.0012288086873757376,0.002640840772492492,-0.0014422393430849612,0.0050156242718613075,0.002640840772492492
2021-10-18,0.0002670106102915515,0.0012482419867856365,-0.001014124784387671,-0.0008791776339180934,0.0012482419867856365
2021-10-19,0.002753261895918513,0.0032875656796937935,-0.002607495580984165,0.0029866216859106842,0.0032875656796937935
2021-10-20,0.0041653014663387555,0.0022281147042775284,0.002029057822780178,0.010964269294678086,0.0022281147042775284
2021-10-21,-0.0019012011632326686,0.0005740707157593228,-0.0038434909074452905,-0.0050827928325373195,0.0005740707157593228
2021-10-22,0.00205620404858875,0.00035181392480931883,0.0053608964338285325,0.003279522092783038,0.00035181392480931883
2021-10-25,0.004363878485482475,0.0037595779647172645,0.000999798181794409,0.00449723022098758,0.0037595779647172645
2021-10-26,-7.887208849211014e-05,0.0010265854593620727,0.0024603063261616764,0.0017407932435584694,0.0010265854593620727
2021-10-27,-0.003464458345192045,-0.0005487477423685716,0.0023021132042770898,-0.011524891635769419,-0.0005487477423685716
2021-10-28,0.00645502931772457,0.004876334844945429,0.0016460716116808438,0.009354712638490748,0.004876334844945429
2021-10-29,-0.0035196111374692363,0.001364744689037245,-0.0019227440647576755,-0.005786522147238293,0.001364744689037245
2021-11-01,0.005887721543996527,0.0010012560132983683,0.0017443071311418201,0.0053595649259468026,0.0010012560132983683
2021-11-02,0.0011627530084246107,0.0034050653260007113,0.0020601530430943704,0.00381209040820063,0.0034050653260007113
2021-11-03,0.00040292699297483914,0.002420169768678093,-0.004423024862980407,-0.007251118960255765,0.002420169768678093
2021-11-04,0.0025883941754401008,0.0049916419205118245,0.00337026576561561,-0.004330295155925867,0.0049916419205118245
2021-11-05,0.007075811249307451,0.00426510615769593,0.007596746473519156,0.007985174714836507,0.00426510615769593
2021-11-08,0.001413491102373765,-0.0012019319928224803,-0.0012705425465111553,0.0021494465332863033,-0.0012019319928224803
2021-11-09,0.0009530858977797596,-0.00017470412335462981,0.004814214010319562,0.0027766894874006187,-0.00017470412335462981
2021-11-10,-0.00884115025337584,-0.008247264044705438,-0.010138509585627786,-0.009069225359117583,-0.008247264044705438
2021-11-11,0.004149581308819483,-0.001087849803754648,0.0001902241248767922,0.003676595030966956,-0.001087849803754648
2021-11-12,0.0024767435117620806,0.005384133474935604,0.0011837207284917106,0.0011099100988614108,0.005384133474935604
2021-11-15,-0.001959191688993611,-0.0013460298234717616,-0.0036544719710258633,0.002839050534808152,-0.0013460298234717616
2021-11-16,-0.0006417348269522893,0.002050374901874985,-0.0018977073066267502,-0.0018889713948833098,0.002050374901874985
2021-11-17,-0.0007013902691099805,-5.921091348093377e-05,0.0021520426646677304,-0.0027228626663721167,-5.921091348093377e-05
2021-11-18,0.0003034157096271084,0.002296440895108276,0.001419539826734706,0.002681180108737191,0.002296440895108276
2021-11-19,-0.00315185636394244,-1.6231663070853664e-05,-0.0010327463939362458,-0.008394572250751131,-1.6231663070853664e-05
2021-11-22,-0.0072720461637576506,-0.00459335811766759,-0.006698215118033368,-0.00036426861699356827,-0.00459335811766759
2021-11-23,-0.0008612485400162351,-0.0008215885166880099,-0.002270411943114725,0.010013229090189535,-0.0008215885166880099
2021-11-24,0.0025483840238200717,0.0028318553986981243,0.0033074064139526627,0.0036780122761190803,0.0028318553986981243
2021-11-26,-0.019018639260652614,-0.008465595543347804,-0.004067148534325549,-0.03884827496521448,-0.008465595543347804
2021-11-29,0.003830580794548011,0.006437066467081198,-0.0006615091736101864,0.006404142454617734,0.006437066467081198
2021-11-30,-0.009650957451256548,-0.0092809366812735,-0.001960795142809557,-0.02134872206998384,-0.0092809366812735
2021-12-01,-0.006486410830747524,-0.005830657466393774,-0.0014726944610615744,-0.013473466514258403,-0.005830657466393774
2021-12-02,0.01057919581072797,0.008164408485257235,0.00466331515381424,0.01678367921356405,0.008164408485257235
2021-12-03,-0.004026046609862832,-0.002794618476056665,0.003281045984147024,-0.00507478583391785,-0.002794618476056665
2021-12-06,0.006920506555933681,0.004966606509408944,0.0005388013964711114,0.015159942558761852,0.004966606509408944
2021-12-07,0.013077608891523873,0.010777912880099105,0.004596394315405483,0.018255853989146864,0.010777912880099105
2021-12-08,0.002046477598018681,0.000313064311012079,-0.00196917950161013,0.008467591146416709,0.000313064311012079
2021-12-09,-0.008525413705136486,-0.00306663197846202,-0.0025060965661005685,-0.014175352391002538,-0.00306663197846202
2021-12-10,0.0037382580689047096,0.005929361648738585,0.002351984434719512,0.008058439465377765,0.005929361648738585
2021-12-13,-0.003669813894567442,-0.0034415584224417595,0.002115350342998479,-0.0018320672895267842,-0.0034415584224417595
2021-12-14,-0.0068495293543294755,-0.004813995469689747,-0.004392678364096181,-0.01048823463902171,-0.004813995469689747
2021-12-15,0.00763204319886035,0.008752249230521647,0.0026964133287179504,0.01271441961012365,0.008752249230521647
2021-12-16,-0.003177425781416443,-0.004150321458575301,0.001607469748573065,-0.003875284773772081,-0.004150321458575301
2021-12-17,-0.0026316815963872697,-0.005477416181829731,-0.0015289712910803166,-0.0064333167641160705,-0.005477416181829731
2021-12-20,-0.007848257862199559,-0.006686657019746911,-0.003976571874646506,-0.008099691578668966,-0.006686657019746911
2021-12-21,0.011914533298193364,0.00893190412911582,0.003539615332523116,0.017390573945388788,0.00893190412911582
2021-12-22,0.008290006136621786,0.0063706449258813524,0.005545831453779071,0.011163355630326333,0.0063706449258813524
2021-12-23,0.00284195307509294,0.002911452817919935,-0.00020344700941044014,0.003444270464847854,0.002911452817919935
2021-12-27,0.00873532985351222,0.008672603058689221,0.005156136014274892,0.01512214820390323,0.008672603058689221
2021-12-28,-0.002076902908965561,-0.0005638236691529741,-0.0008655204706596864,-0.0002735277872276676,-0.0005638236691529741
2021-12-29,-0.0006743519483209948,-0.0012388501850615352,-0.0029570853492565385,0.004278025823241549,-0.0012388501850615352
2021-12-30,0.0020750638347912798,-0.00038115230593605,0.00202644948896169,-0.0008379578609690741,-0.00038115230593605
2021-12-31,-0.0011235380729770483,-0.0019761294521458694,-0.0004720046437959313,-0.0012809706874392646,-0.0019761294521458694
2022-01-03,-0.001331136870395877,-0.0002528488952139307,-0.007367753982889802,-0.00238430123731026,-0.0002528488952139307
2022-01-04,8.662231498357542e-05,-0.0004110449998573351,0.0016488935148808448,0.0027615210618758823,-0.0004110449998573351
2022-01-05,-0.015460589890165632,-0.013257366871160636,-0.007084544565267525,-0.017539398456206556,-0.013257366871160636
2022-01-06,7.431465645524327e-05,-0.0015518242680928607,-0.0014332045967215823,0.002927059436625523,-0.0015518242680928607
2022-01-07,-0.002435562578931849,-0.0036805633411907124,-0.0019512300336469446,-0.0034082527087506698,-0.0036805633411907124
2022-01-10,-0.0018329344177827611,-0.0008531741916534274,-0.0022725255817557244,-0.00370057762160636,-0.0008531741916534274
2022-01-11,0.011152253417017643,0.006421066814878085,0.007110044305374874,0.009181158589168348,0.006421066814878085
2022-01-12,0.0034658477471369853,0.001696112156400753,0.0025341844035740024,0.0033098556228030596,0.001696112156400753
2022-01-13,-0.0073924147033838095,-0.007024656356468317,-0.0005500706364365282,-0.0067543895594969205,-0.007024656356468317
2022-01-14,-0.0013646396488721235,-0.002523059569174202,-0.004840287923313702,-0.000329524134984549,-0.002523059569174202
2022-01-18,-0.012929270141522675,-0.013641139217458575,-0.008952724060884543,-0.006598825933136432,-0.013641139217458575
2022-01-19,-0.001443920281348321,-0.005226097508082228,0.0021747843985908677,-0.005354905301146462,-0.005226097508082228
2022-01-20,-0.004965153707245817,-0.005703977826693074,-0.000608020254922903,-0.008192385373607114,-0.005703977826693074
2022-01-21,-0.007861708240209486,-0.009227027644189034,0.0005670712259262523,-0.004336728955892877,-0.009227027644189034
2022-01-24,6.3639196016263e-05,0.002114336845749243,-0.003570113046733825,0.000379471029529066,0.002114336845749243
2022-01-25,-0.004716023714701478,-0.007702895527266329,-0.0016412515375152648,-0.001389851551348964,-0.007702895527266329
2022-01-26,-0.008334632826126454,-0.00442376618353868,-0.007044120881144367,-0.006531131146610747,-0.00442376618353868
2022-01-27,-0.005255270823107283,-0.0011377611409781885,0.0027243649613175602,-0.004450653137978988,-0.0011377611409781885
2022-01-28,0.010943706093430094,0.015422940854661782,0.0038858535004102635,0.017894596035908483,0.015422940854661782
2022-01-31,0.01442046364640226,0.01078108343267381,0.004149481997264282,0.007462220093667371,0.01078108343267381
2022-02-01,0.003679604357183175,0.0035481820513802997,0.0016808594550903333,0.0005499127012242866,0.003679604357183175
2022-02-02,0.003922050925611487,0.006695271951875581,0.0044103819575278536,0.008043330881228883,0.003922050925611487
2022-02-03,-0.013277424602839427,-0.01596337469968767,-0.007702681512536058,-0.006604651630356284,-0.013277424602839427
2022-02-04,0.0004102132103325218,-0.00020677661422363602,-0.00410579393663657,-0.0016797370264340916,0.0004102132103325218
2022-02-07,0.00023642132897738755,-0.001839753665875521,0.001017689567225144,4.7519422314179494e-05,0.00023642132897738755
2022-02-08,0.003172784661942485,0.00370506972520257,-0.0016437276182985627,-0.00517648035700613,0.003172784661942485
2022-02-09,0.012698137338851945,0.009432031722746093,0.007032715407934376,0.01478977299006834,0.012698137338851945
2022-02-10,-0.013301936508835044,-0.014554003852948805,-0.011199502314237941,-0.014900176806879384,-0.013301936508835044
2022-02-11,-0.004389989291098684,-0.007963916474486687,0.004158266919569664,0.0017593607354597918,-0.004389989291098684
2022-02-14,-0.003600686364814365,-0.0047254849083411266,-0.0057654967016105285,-0.002922247068527728,-0.003600686364814365
2022-02-15,0.007657009010481053,0.008535864487851041,8.27194651860097e-05,-0.002688556174738399,0.007657009010481053
2022-02-16,0.003834878915147444,0.0015013493199209638,0.0034641744208288028,0.0030290492712119477,0.003834878915147444
2022-02-17,-0.008175992623009387,-0.010869356849095513,-0.00018478859506898537,-0.002332536542981156,-0.008175992623009387
2022-02-18,-0.0030279568085547215,-0.0025936234551156012,0.0018188336775615266,-0.0004385688351288275,-0.0030279568085547215
2022-02-22,-0.004498902616262179,-0.006458184545626744,-0.0013215292285998492,0.003657447777035694,-0.004498902616262179
2022-02-23,-0.010067193377588879,-0.012677708873634952,-0.006062757525800322,-0.005523339069120281,-0.010067193377588879
2022-02-24,0.005491316994235884,0.009878251085187362,-0.0008336822808253652,0.009767946895001156,0.005491316994235884
2022-02-25,0.010646931617559474,0.013037266832458538,0.005450851708388882,0.005133276742547821,0.010646931617559474
2022-02-28,0.0017898119475265872,0.003008912715663392,0.0064970543524416335,0.003205884546502391,0.0017898119475265872
2022-03-01,-0.0008244221224260606,-0.0051591162861962525,0.006315944317400568,0.016446123184717498,-0.0008244221224260606
2022-03-02,0.006325454285682985,0.004712420830608854,-0.004909082804786302,0.018237105213871674,0.006325454285682985
2022-03-03,-0.002333148632161719,-0.001251472428161149,0.0011873814742504596,0.008477644812341367,-0.002333148632161719
2022-03-04,0.0009686035142766336,-0.0008420623309127739,0.007097356091136486,0.021728067114146654,0.0009686035142766336
2022-03-07,-0.014476822695685732,-0.01918721057552042,-0.006576657231235905,0.0024769520061755923,-0.014476822695685732
2022-03-08,0.0031930981618524257,-0.007128828704571433,0.0011570672211909105,0.008406466539640167,0.0031930981618524257
2022-03-09,0.0021763664997189736,0.013143036178021372,-0.007460406647433526,-0.03285431373766201,0.0021763664997189736
2022-03-10,-0.007233497872063954,-0.0045459404016851,-0.007349048187201723,-0.004623260750862279,-0.007233497872063954
2022-03-11,-0.0071625190310790066,-0.007657134030605861,-0.0011631054004453967,0.002958134634554188,-0.0071625190310790066
2022-03-14,-0.015252748640903091,-0.009500788727504927,-0.012256837730121206,-0.01849026527852926,-0.015252748640903091
2022-03-15,0.0034983714032157387,0.012827167371530335,-0.0015421568075988379,-0.009280739154028494,0.0034983714032157387
2022-03-16,0.021515828216255306,0.01268791223652177,0.008444816623518925,0.0031712116382462963,0.021515828216255306
2022-03-17,0.010547001586962645,0.006775517705772893,0.006351737374622468,0.026209524752975888,0.010547001586962645
2022-03-18,0.007573131355948393,0.0077982252532526886,0.005235640254475982,0.0019472670670104275,0.007573131355948393
2022-03-21,-0.002586361424871453,-0.005280181500481929,-0.004765331268501205,0.013305692177322248,-0.002586361424871453
2022-03-22,0.004312657423159338,0.00501983180027854,-0.0022184321131035745,-0.0008837674062612821,0.004312657423159338
2022-03-23,-0.0007310924421195519,-0.005334755225269383,0.006300664662128863,0.008490875349446148,-0.0007310924421195519
2022-03-24,0.005256194531519265,0.007035073630065503,-0.000942854956700101,-0.0007621096065900668,0.005256194531519265
2022-03-25,-0.000763174435332914,-0.0009413870850538686,-0.004816931666465907,0.006776758707467412,-0.000763174435332914
2022-03-28,-0.00238108605311127,0.005264858941210981,-0.0046603725478510105,-0.016405285096991018,-0.00238108605311127
2022-03-29,0.014179359520547052,0.009565220434042176,0.0087109039615072,0.01336522931724149,0.014179359520547052
2022-03-30,-0.0014234560216993541,-0.0023536268014667794,0.004053499557618689,0.005746055365265734,-0.0014234560216993541
2022-03-31,-0.009634343362547648,-0.008527502479967919,-0.005400556840864712,-0.013232774815640558,-0.009634343362547648
2022-04-01,0.005466139763633304,-0.0009432469683612332,-0.00044220507890246896,0.007764772278236576,0.005466139763633304
2022-04-04,0.0063417927724422896,0.004859660321463011,0.002880246668924391,0.0074658468014492385,0.0063417927724422896
2022-04-05,-0.014447456115817991,-0.01234541563032343,-0.01249618278252862,-0.009819214478016591,-0.014447456115817991
2022-04-06,-0.007594957723218609,-0.007405716659111383,-0.005963549526508349,-0.0030115747518478786,-0.007594957723218609
2022-04-07,-0.0014537392254108106,0.002021530476251643,-9.537592796748928e-05,-0.0007210700872903875,-0.0014537392254108106
2022-04-08,-0.0017904518239902911,-0.0036286906860408807,-0.0016257800781216414,0.004081488859867699,-0.0017904518239902911
2022-04-11,-0.010427007687235035,-0.012187007320333176,-0.007640101816013045,-0.010485633620587409,-0.010427007687235035
2022-04-12,0.0025514251364717744,-0.0002759820418172243,0.003636192478962297,0.011421808784400023,0.0025514251364717744
2022-04-13,0.011276122448182546,0.007717451224315219,0.006844495827885266,0.013337584129005098,0.011276122448182546
2022-04-14,-0.008913697966428713,-0.011066730505467137,-0.00762689734949662,-0.002473610122639691,-0.008913697966428713
2022-04-18,-0.0010710256701836895,-0.0009224927522616388,-0.0011521019565970958,0.0035942734449698754,-0.0010710256701836895
2022-04-19,0.002076273244239868,0.007004102624189379,-0.004894300381439343,-0.00477045826437128,0.002076273244239868
2022-04-20,0.003960853108023965,0.002648426611631116,0.006863120157167613,0.006681314490821988,0.003960853108023965
2022-04-21,-0.011132983683830977,-0.011193619002156208,-0.00714036269538576,-0.005940216108433205,-0.011132983683830977
2022-04-22,-0.01570142352407622,-0.016245058122761336,-0.009451404539042252,-0.018279748864032608,-0.01570142352407622
2022-04-25,-0.00017268514272206215,0.006052978177037538,0.0007268133528510745,-0.0026813288818404724,-0.00017268514272206215
2022-04-26,-0.012832128012481459,-0.014428876921727563,-0.0028928435764385974,-0.002190760727906249,-0.012832128012481459
2022-04-27,-0.0012489461448642603,-0.0006805246447016966,-0.0027892661250352724,-3.708600633633985e-05,-0.0012489461448642603
2022-04-28,0.013701567109790869,0.014188651540167685,0.006234077382922365,0.012702252383876012,0.013701567109790869
2022-04-29,-0.019119871737515504,-0.024317798313967298,-0.010203534651608726,-0.022004747253574264,-0.019119871737515504
2022-05-02,-0.002334332808181183,0.0005269739177315991,-0.0066721752168557025,-0.007017802172572529,-0.002334332808181183
2022-05-03,0.0037165906126397363,0.0032057547678268072,0.0024053542243447357,-0.0004911419038986509,0.0037165906126397363
2022-05-04,0.018376132579805082,0.020770093400427347,0.012838778233344339,0.019219104452226743,0.018376132579805082
2022-05-05,-0.02690796087041436,-0.025387048102443743,-0.016876757618094373,-0.01322440635636346,-0.02690796087041436
2022-05-06,-0.008672301614264577,-0.005862194212559513,-0.005738745837732928,-0.0037321993361649763,-0.008672301614264577
2022-05-09,-0.025961462143563763,-0.016069399456743683,-0.010752570194637712,-0.03851724736893847,-0.025961462143563763
2022-05-10,0.0007323775423595524,0.0027362308726559537,0.0016637009965070337,-0.011057425693124068,0.0007323775423595524
2022-05-11,-0.0024101525000629342,-0.006750031798460676,0.00487644888212202,0.011201471949298103,-0.0024101525000629342
2022-05-12,-0.0003346443397744814,0.0007817178917766121,-0.0011727247872227453,0.001666493820522863,-0.0003346443397744814
2022-05-13,0.01540893410790889,0.011646471565772032,0.003501873102939257,0.01393637080379273,0.01540893410790889
2022-05-16,0.00014558734403191664,-0.0006452100773163272,0.003959285497748821,0.006537838700872545,0.00014558734403191664
2022-05-17,0.009275920352997291,0.008872088663523625,-0.0006954555800608997,-0.000909041715067449,0.009275920352997291
2022-05-18,-0.01924261144575734,-0.020907140764545806,-0.004978874257860588,-0.01997053856296449,-0.01924261144575734
2022-05-19,0.004694325619317707,-0.002037008682287067,0.005926371905009331,0.006747372959585274,0.004694325619317707
2022-05-20,0.0030849206850176447,0.0022164537401265783,0.004503607809750454,0.0030919332705039437,0.0030849206850176447
2022-05-23,0.007019301757622998,0.008203145970421266,0.0019719070124000204,0.008428012224151127,0.007019301757622998
2022-05-24,-0.0017640478354599143,-0.0008374015115837352,0.005583419472994011,0.0043564388953434285,-0.0017640478354599143
2022-05-25,0.005938972012651256,0.005957761352034074,0.0017196224925364323,0.004914500811648237,0.005938972012651256
2022-05-26,0.009961533850512128,0.0113804212550499,0.0035583803459398045,0.004725474017487796,0.009961533850512128
2022-05-27,0.014735137513105068,0.014948311191220753,0.006441512497905588,0.015120203498297569,0.014735137513105068
2022-05-31,-0.007352754198380107,-0.007561914459285557,-0.009972056736135548,-0.009947397719614282,-0.007352754198380107
2022-06-01,-0.004270181957110597,-0.007108249425569091,-0.0035685368621948266,-0.002130119874308778,-0.004270181957110597
2022-06-02,0.01599591635264641,0.01202102131974847,0.009750523337214378,0.013626623545761163,0.01599591635264641
2022-06-03,-0.010044643254836894,-0.010694120149825626,-0.00635175049688641,-0.0005109687516857697,-0.010044643254836894
2022-06-06,-0.0008368909471169195,-0.0011630860227757056,-0.004103076558814145,-0.0011843302815079948,-0.0008368909471169195
2022-06-07,0.008196956256437016,0.007387630646931154,0.005329734345317805,0.007506500044967446,0.008196956256437016
2022-06-08,-0.006883752136830235,-0.008047303561021457,-0.005452775119915043,-0.003066257443940401,-0.006883752136830235
2022-06-09,-0.013859276699260126,-0.014700602255777961,-0.006383771405572336,-0.005802666053191019,-0.013859276699260126
2022-06-10,-0.015960356743840665,-0.02128733761089674,-0.009088840650056662,-0.013311796140138221,-0.015960356743840665
2022-06-13,-0.03328730037587446,-0.029749919132484925,-0.024483455779707564,-0.022662484654393578,-0.03328730037587446
2022-06-14,-0.004935958659818218,-0.0050609987076503105,-0.008577586746080557,-0.008996399779674924,-0.004935958659818218
2022-06-15,0.015315939574971127,0.014133741930759225,0.01433752570105562,0.01028468348073619,0.015315939574971127
2022-06-16,-0.016339872462505345,-0.01682348034231118,-0.0005412858159622447,-0.002921371551385832,-0.016339872462505345
2022-06-17,-0.0016697406718373387,0.0013752928041950163,-0.0040884550631891114,-0.013481958567391095,-0.0016697406718373387
2022-06-21,0.008041154362956604,0.012422880579291862,-6.470536115388281e-05,0.001226384605889086,0.008041154362956604
2022-06-22,0.0007652803018523002,0.0041510751995612605,0.005688513221640212,-0.0006495806754087674,0.0007652803018523002
2022-06-23,0.004023813341731186,0.00807343310311115,0.0008223476222428694,-0.002801713426683783,0.004023813341731186
2022-06-24,0.01588205687956523,0.017123232215668027,0.005390085636765463,0.008633359765871429,0.01588205687956523
2022-06-27,-0.0029361540785806106,-0.0045578812895850085,-0.004415295701707178,-0.003259059148621235,-0.0029361540785806106
2022-06-28,-0.007782692178575079,-0.011607084760190567,-0.0012864778680838906,0.0015979084405242094,-0.007782692178575079
2022-06-29,-0.0018159212595620922,0.0028307343718287914,0.002637914402066288,-0.005639046511959567,-0.0018159212595620922
2022-06-30,-0.006110195891317782,-0.0018285634754381386,-0.0013003037363802372,-0.015295872317619752,-0.006110195891317782
2022-07-01,0.006864799549742173,0.010634234978370127,0.005909686192790753,0.0042871753787836475,0.006864799549742173
2022-07-05,-0.007936441662727556,0.002612591850479129,-0.0112219067222461,-0.034763642547160356,-0.007936441662727556
2022-07-06,-0.005986575201266331,-0.0014213254597754688,-0.008711158581815481,-0.012940917488899917,-0.005986575201266331
2022-07-07,0.012193865785943503,0.006503964016435271,0.003130391029310786,0.016128733645939697,0.012193865785943503
2022-07-08,-0.00043347112684088973,-0.002903180600907329,-0.001809137187284371,0.0059805439694866624,-0.00043347112684088973
2022-07-11,-0.008152728278508437,-0.003795717181660385,-0.0009838385010049189,-0.0027172617651576303,-0.008152728278508437
2022-07-12,-0.006886932788040867,-0.004374006050991697,-0.002654756578181039,-0.019730208365853708,-0.006886932788040867
2022-07-13,0.001000883179348211,-0.0014110529712885178,0.0035370387948907567,0.003952909823177864,0.001000883179348211
2022-07-14,-0.007743773450730629,-0.0036860725050760212,-0.009405855352493608,-0.010524330166880036,-0.007743773450730629
2022-07-15,0.011661532551064058,0.01276775659503171,0.005983430314227212,0.006513473357054433,0.011661532551064058
2022-07-18,-0.0012142784631968828,-0.006120742572262028,-5.1033345809470276e-05,0.0064859906601015815,-0.0012142784631968828
2022-07-19,0.01605167618336245,0.014327857570579416,0.005193601163882899,0.0049972330280048105,0.01605167618336245
2022-07-20,0.001835223628653182,0.0034753659843380635,-0.0034965019507450235,-0.004053265500865932,0.001835223628653182
2022-07-21,0.008693766804756198,0.010655246543978425,0.010419926225288645,0.001079150641952742,0.008693766804756198
2022-07-22,-0.0032108447083956104,-0.0011400904889207197,0.004613822362619091,-0.0024207666359536972,-0.0032108447083956104
2022-07-25,0.0013454828340380143,-0.0006793671528831924,-1.9788229713157968e-05,0.005634904366602411,0.0013454828340380143
2022-07-26,-0.005780793081303415,-0.00698862592196503,-0.0033173217932581656,-4.336655778403031e-05,-0.005780793081303415
2022-07-27,0.01685177346147837,0.016404471849011504,0.010012488526511598,0.014553283591478117,0.01685177346147837
2022-07-28,0.01100821116707107,0.011499927014249955,0.008873949603472875,0.009081148673681705,0.01100821116707107
2022-07-29,0.005916043561418505,0.008885442803893584,0.0036516027377824223,0.003802001858391968,0.005916043561418505
2022-08-01,-0.00040188639415938976,0.000532730728672659,0.003949528571347116,-0.007869763538402297,-0.00040188639415938976
2022-08-02,-0.009041819972240073,-0.009479533289554642,-0.01152054874297126,-0.007175702960738106,-0.009041819972240073
2022-08-03,0.008902160221720967,0.011082243477080755,0.005046554123878444,-0.0017719138820410096,0.008902160221720967
2022-08-04,0.002339273755143534,0.00158888754047104,0.00627542693699179,0.0016910274074872778,0.002339273755143534
2022-08-05,-0.005898146360953316,-0.006743162471708364,-0.011334638601368296,-0.005082643593179781,-0.005898146360953316
2022-08-08,0.006052529973058496,0.0016066661829521323,0.006324031905064809,0.009970651940550912,0.006052529973058496
2022-08-09,-0.002899584722666826,-0.00357852953746407,-0.0014429642914248753,0.005674726850345202,-0.002899584722666826
2022-08-10,0.01335332067316064,0.01294666197671579,0.00499790533726463,0.00792481951360613,0.01335332067316064
2022-08-11,-0.001380575335200085,-0.0025866431662654454,-0.003717225073603281,0.006095632526054606,-0.001380575335200085
2022-08-12,0.011135389723032407,0.011900350050963349,0.006851633248231126,0.005242021187984669,0.011135389723032407
2022-08-15,-0.001282321777121176,0.003759862118050128,-0.0032452149577135714,-0.008711019382080742,-0.001282321777121176
2022-08-16,-0.0013799459400842817,0.0007609924819702574,-0.001082878566411205,-0.00569004364047021,-0.0013799459400842817
2022-08-17,-0.00742943562994014,-0.006960245435845613,-0.0065099731652321635,-0.0022971663501831774,-0.00742943562994014
2022-08-18,0.0012231772701203347,0.002534646008144792,0.0005982135961466462,0.0034681540639360797,0.0012231772701203347
2022-08-19,-0.01257361081248165,-0.011584258379985557,-0.009609163329255765,-0.005312478160604317,-0.01257361081248165
2022-08-22,-0.0122881857365853,-0.01449522004191428,-0.007371211579179082,-0.003951208720525123,-0.0122881857365853
2022-08-23,0.0007196699829117303,-0.0024313813934667694,0.0012561888017983414,0.006308613800773077,0.0007196699829117303
2022-08-24,0.00242327292664557,0.000656279994392106,-9.084977986362208e-05,0.006659674781253955,0.00242327292664557
2022-08-25,0.010341043484145995,0.011130167714267003,0.006614462221840478,-0.0013569414578137318,0.010341043484145995
2022-08-26,-0.017854678121991485,-0.02124819713192505,-0.009454338612031932,-0.008499827054484932,-0.017854678121991485
2022-08-29,-0.004120709644528819,-0.0062484786351875155,-0.0028335779782096004,0.004236668058469117,-0.004120709644528819
2022-08-30,-0.01044222912831927,-0.006771461149941094,-0.0056651841911173895,-0.017590344214981846,-0.01044222912831927
2022-08-31,-0.006990088459333799,-0.00622993385461712,-0.006637527655699471,-0.013419562340427627,-0.006990088459333799
2022-09-01,-0.008300785872370042,-0.001306630503724815,-0.009620780381643823,-0.011455760767062007,-0.008300785872370042
2022-09-02,-0.0036082359497719985,-0.004115339329181733,0.0033182503180422263,0.004150523642758364,-0.0036082359497719985
2022-09-06,-0.007381912909809829,-0.006735702872132099,-0.008798282842729765,-0.005500503967685866,-0.007381912909809829
2022-09-07,0.010632783974755755,0.013391442433143164,0.00698277316810092,-0.0017093260489647877,0.010632783974755755
2022-09-08,0.00022614692278710713,0.002467536308947249,-0.0031381065302870104,0.00038509560108090923,0.00022614692278710713
2022-09-09,0.014424799414844536,0.00943656782514024,0.00800570943141965,0.01621851134315433,0.014424799414844536
2022-09-12,0.008231788546233298,0.005597940192564099,0.003906050261151872,0.00956855507480614,0.008231788546233298
2022-09-13,-0.026715357823818175,-0.028782872867315956,-0.01417738149777592,-0.01595199238855749,-0.026715357823818175
2022-09-14,0.0016559506332580742,0.002499776420281874,0.0005638897467032944,0.0009041983164430611,0.0016559506332580742
2022-09-15,-0.012535537856412704,-0.008211887332771783,-0.010331786016380518,-0.02133000579510158,-0.012535537856412704
2022-09-16,-0.004921175934650579,-0.004263589514859056,-0.0006178145803424906,-0.0006984304837899247,-0.004921175934650579
2022-09-19,0.003275706353972563,0.0035099952554873415,0.0004017501094055742,0.003081082306693572,0.003275706353972563
2022-09-20,-0.010318354505896021,-0.009376175058987468,-0.007489730265095251,-0.005071939331930175,-0.010318354505896021
2022-09-21,-0.007713219361411783,-0.008881744717615936,-0.00018722001837623292,-0.003900390174123247,-0.007713219361411783
2022-09-22,-0.010216643260076985,-0.011101040553112673,-0.008449917481891611,-0.0008338902596031206,-0.010216643260076985
2022-09-23,-0.01724677901356253,-0.009501466628678346,-0.011923285175932774,-0.023611394991610468,-0.01724677901356253
2022-09-26,-0.015322252990697782,-0.012636983088414877,-0.015110381822352692,-0.015910843799353036,-0.015322252990697782
2022-09-27,-0.004058232962741326,-0.004287182232621145,-0.003923528099179396,0.004451489181290569,-0.004058232962741326
2022-09-28,0.022916813552061654,0.020829510316653366,0.022275627110698526,0.023347359835241832,0.022916813552061654
2022-09-29,-0.015027054623772629,-0.014307076517748318,-0.0062823896922402644,-0.006541357404981629,-0.015027054623772629
2022-09-30,-0.0063810206349874665,-0.010335592861388077,-0.003967373984550715,-0.008057846522748768,-0.0063810206349874665
2022-10-03,0.020486518510496765,0.020542459908953425,0.018178447128802233,0.024037914964391227,0.020486518510496765
2022-10-04,0.023593951991659923,0.019426053293631673,0.013719317460733294,0.02267932762971725,0.023593951991659923
2022-10-05,-0.004654043217903969,-0.005134329662516923,-0.00568611993212953,0.004474090542431863,-0.004654043217903969
2022-10-06,-0.008092809496754394,-0.008435323914430137,-0.004779045290496664,3.209988789532048e-05,-0.008092809496754394
2022-10-07,-0.017121293216757927,-0.018877278033222478,-0.009927167976466755,-0.00556176225771543,-0.017121293216757927
2022-10-10,-0.010014030054811607,-0.006937149372495788,-0.010090289924257867,-0.012070116613265958,-0.010014030054811607
2022-10-11,-0.004737417028201185,-0.002800471305708818,-0.0026217073137630997,-0.007996159200408526,-0.004737417028201185
2022-10-12,-0.0005343524780382358,-0.0006694404356228922,0.002730037439409694,0.0014710887815274631,-0.0005343524780382358
2022-10-13,0.010942009818511123,0.014091641518307663,4.323086341662119e-05,0.008028532140440525,0.010942009818511123
2022-10-14,-0.018127475018532624,-0.01599873676450214,-0.011113442093504955,-0.017547240990904545,-0.018127475018532624
2022-10-17,0.017612297050517034,0.01586782272828624,0.0066566185436305325,0.005168141478218535,0.017612297050517034
2022-10-18,0.004603756145134197,0.008130031495316103,0.0025874001335564056,-0.0012146734445839247,0.004603756145134197
2022-10-19,-0.012523722378038782,-0.008406667021908287,-0.011602570593535422,-0.006856114785514733,-0.012523722378038782
2022-10-20,-0.005129658597026188,-0.008030715308622094,-0.004290368048395998,-0.001982452042242122,-0.005129658597026188
2022-10-21,0.01166127680117679,0.01569697935613079,0.00992026744906771,0.01232827930640723,0.01166127680117679
2022-10-24,-0.001902174555980296,0.007026373718461487,-0.0037528234269709193,0.0023504437315693405,-0.001902174555980296
2022-10-25,0.0182221857376621,0.014632153619478672,0.010195614044194778,0.006434708059287031,0.0182221857376621
2022-10-26,0.004280022520282367,-0.0027188794114559878,0.006601172299848024,0.008488742310315711,0.004280022520282367
2022-10-27,-0.0022846570002396094,-0.000568941879229401,0.0011130014296929502,-0.0010490479531675145,-0.0022846570002396094
2022-10-28,0.007169137402103232,0.012589810918166355,-0.003833024415165087,-0.00393112226262371,0.007169137402103232
2022-10-31,-0.005862392071153688,-0.006186362821169578,-0.006230980472428205,-0.007584599994773122,-0.005862392071153688
2022-11-01,0.004729823628516039,-0.002694908923393524,0.005730341543519035,0.009257075158626504,0.004729823628516039
2022-11-02,-0.014612258069149342,-0.015698245867445726,-0.005675003777092735,-0.004112598778368337,-0.014612258069149342
2022-11-03,-0.005385854019076652,-0.007878390132875834,-0.0038359695609712086,-0.0038249766793602147,-0.005385854019076652
2022-11-04,0.01867678600820777,0.007635434856643419,0.01576729596329174,0.028852484216488783,0.01867678600820777
2022-11-07,0.0001423726048752627,0.004262870127135443,-0.002657782909443296,-0.0033302787249369636,0.0001423726048752627
2022-11-08,0.006283662244370047,0.005903328305329136,0.011046634739938499,0.005296076540587169,0.006283662244370047
2022-11-09,-0.013396772778068056,-0.01094676665584271,-0.0048742152634271285,-0.015250004882514046,-0.013396772778068056
2022-11-10,0.045192124773332454,0.041692803969621606,0.029850694784915754,0.026588438249222746,0.045192124773332454
2022-11-11,0.01042893785073562,0.00497167077556826,0.005921624427225325,0.012101240135980351,0.01042893785073562
2022-11-14,-0.00868449593808096,-0.006078374727308877,-0.0027421133378554563,-0.006648936189395438,-0.00868449593808096
2022-11-15,0.011653114473257675,0.00808586308157877,0.008141721773743837,0.007674772276125008,0.011653114473257675
2022-11-16,-0.005131951960919867,-0.0016512770671716082,0.000496818264378529,-0.006806054783497273,-0.005131951960919867
2022-11-17,-0.006039410057559813,-0.004562492594340828,-0.006343792643363599,-0.010129331993939061,-0.006039410057559813
2022-11-18,-0.0005318304310808486,0.0013030252015255872,-0.004263210458484101,-0.0047282365474001775,-0.0005318304310808486
2022-11-21,-0.004043274218015425,-0.002432799681746811,-0.0036485555757648225,-0.004422396360950209,-0.004043274218015425
2022-11-22,0.009113466851946583,0.010362722140302871,0.005583388873765749,0.007178899233300173,0.009113466851946583
2022-11-23,0.005548194531778128,0.005935270656257208,0.0057726629549406105,-0.0015546775615179476,0.005548194531778128
2022-11-25,-0.000909805065270608,-0.0002574857024351118,-0.0006303335054141934,-0.0030736092501683077,-0.000909805065270608
2022-11-28,-0.010528511646893168,-0.009440303305728537,-0.004605296889482968,-0.008824313128830696,-0.010528511646893168
2022-11-29,0.003688182762845882,-0.0027239467040773846,0.001767231668522884,0.0066949567179703795,0.003688182762845882
2022-11-30,0.022525248675794307,0.022494595523954608,0.01448164501757776,0.017209614133040008,0.022525248675794307
2022-12-01,0.005784236166210155,0.0038658496913259732,0.011044376759010932,0.0072060916810141595,0.005784236166210155
2022-12-02,0.00014541587565264358,0.00011205605820441278,3.912335627598296e-05,-0.005765389750881922,0.00014541587565264358
2022-12-05,-0.017210126900946254,-0.014860843343779462,-0.014313935090068508,-0.01980516252881026,-0.017210126900946254
2022-12-06,-0.0059077567204589565,-0.006188186099191917,0.0016841448408910775,-0.006067943064550163,-0.0059077567204589565
2022-12-07,0.002518099047372102,0.002532985764064799,0.00670930407781456,0.0017496247575734536,0.002518099047372102
2022-12-08,0.004131166737207703,0.002337717090941549,-0.000606027594765024,0.0007374814510530125,0.004131166737207703
2022-12-09,-0.006403491336635536,-0.0074437703552510115,-0.004651115101138137,0.0020626507393253224,-0.006403491336635536
2022-12-12,0.004963495057034084,0.00800804592874571,-0.0012622669208474102,0.0013897019671234023,0.004963495057034084
2022-12-13,0.01185173198146705,0.00814524371786951,0.011692594639607146,0.01628127830467796,0.01185173198146705
2022-12-14,-0.001527892141587217,-0.0027316645085297964,0.000629269405149957,0.0018306627979867152,-0.001527892141587217
2022-12-15,-0.016666517890688515,-0.013815099284511856,-0.008775448011129727,-0.01656146918231116,-0.016666517890688515
2022-12-16,-0.007790971617682829,-0.008006050583113877,-0.0006530315227698535,-0.003200267281577407,-0.007790971617682829
2022-12-19,-0.008015019830073244,-0.00832860157010673,-0.005904245653065909,-0.0023763769890380315,-0.008015019830073244
2022-12-20,0.0002476183322042136,-0.0021857380990722985,0.0014293993144143258,0.009403745076158154,0.0002476183322042136
2022-12-21,0.00880853992753483,0.009330393019488348,0.0029591115362106457,0.006361958851269334,0.00880853992753483
2022-12-22,-0.009773572771856531,-0.008591220416974577,-0.006629418151146593,-0.011544991295801332,-0.009773572771856531
2022-12-23,0.0024443344620470597,0.0015379353361610892,-0.00023057061895581654,0.009045053941624914,0.0024443344620470597
2022-12-27,-0.001878252337731534,-0.00574788291942685,-0.00036842283941240783,0.007266652323268508,-0.001878252337731534
2022-12-28,-0.010686744708444662,-0.008351403467995788,-0.005744881177115135,-0.008394281740539689,-0.010686744708444662
2022-12-29,0.014079785636018416,0.012648344507571796,0.007171744298490879,0.004931085134790347,0.014079785636018416
2022-12-30,-0.0039102692822182705,-0.0032553723767938525,-0.001662584286579727,0.003402107174700797,-0.0039102692822182705
2023-01-03,0.0012567638664573444,0.0006016952591019198,0.005342278650032117,-0.004531716884141335,0.0012567638664573444
2023-01-04,0.010416048652858834,0.007698472740510498,0.008694204032973607,-0.0005733585370133465,0.010416048652858834
2023-01-05,-0.009244963540861684,-0.007398734556664843,-0.0056950884064771445,-0.009093962744943895,-0.009244963540861684
2023-01-06,0.020206301932707227,0.018857569292116905,0.01596183755196412,0.014973509310820754,0.020206301932707227
2023-01-09,0.00413752267799028,0.0006842070550066026,0.003450425463660034,0.006357334513319657,0.00413752267799028
2023-01-10,0.002301455271542352,0.0016492209577374517,-0.0010948754732538202,0.0020974085221681094,0.002301455271542352
2023-01-11,0.012917714064038632,0.010159554704147977,0.005882316805741583,0.008221286369170189,0.012917714064038632
2023-01-12,0.010674662567491167,0.005745802520857879,0.009471406351450717,0.01090837400188538,0.010674662567491167
2023-01-13,0.0029557659085632793,0.000198519250369511,0.00261811545548718,0.009755499262116496,0.0029557659085632793
2023-01-17,-0.0010246091391201695,-0.002348737025203107,-0.003775895879988167,0.0006479449774603463,-0.0010246091391201695
2023-01-18,-0.004620234491577335,-0.004118683057409145,0.003136799635659493,-0.006121250072549711,-0.004620234491577335
2023-01-19,-0.0008568712164865877,-0.0051039411821648395,0.0045594511083333344,0.010052889515420382,-0.0008568712164865877
2023-01-20,0.007724689220909298,0.008388301026762912,-0.0012645729534449535,0.0027745246205850282,0.007724689220909298
2023-01-23,0.005904499691444354,0.005913310895762081,0.0008470637511297507,0.0025363844945525127,0.005904499691444354
2023-01-24,0.001470779384507459,0.0016356259082903613,0.003738137432593991,-0.0009728995443676336,0.001470779384507459
2023-01-25,0.0014457095842435042,0.0006656450426931748,0.0019042650788454463,0.00212825496839697,0.0014457095842435042
2023-01-26,0.004532629679846467,0.0051787304919848065,-0.0023957015982246643,-0.0018063636130807303,0.004532629679846467
2023-01-27,0.0006325647337916962,0.0007948775085979687,-0.0022118482769520886,-0.005323967284302844,0.0006325647337916962
2023-01-30,-0.010917410403777361,-0.008841720967039834,-0.00603699567987237,-0.007376642142467582,-0.010917410403777361
2023-01-31,0.01122158190132394,0.010839420894484197,0.00576516269975591,0.012748223923815027,0.01122158190132394
2023-02-01,0.008794681840371465,0.009261544726391291,0.007861200454845285,0.0005805549534350085,0.007861200454845285
2023-02-02,0.0059764608039627465,0.008620091090210336,-0.0064062549053834905,-0.007184225528951038,-0.0064062549053834905
2023-02-03,-0.015609440327885693,-0.010670934970097745,-0.016948465127476053,-0.021199972669712186,-0.016948465127476053
2023-02-06,-0.007316249300481581,-0.0070982607886769244,-0.004822442409303851,-0.001114925810941636,-0.004822442409303851
2023-02-07,0.006147902445784892,0.006978259202849779,0.0017292085399382984,0.00941061969555701,0.0017292085399382984
2023-02-08,-0.00446062302235517,-0.0052446451862594445,0.001584626285081825,-0.00128823673745726,0.001584626285081825
2023-02-09,-0.0066855038349025175,-0.007030953812443452,-0.005557807915826829,-0.009254963167668828,-0.005557807915826829
2023-02-10,-0.0012789245161693996,-0.0004830202248919946,-0.0015115778417608139,0.006824305704719702,-0.0015115778417608139
2023-02-13,0.00714768369943064,0.0080687425120185,0.001351530123133049,-0.0003406437525543815,0.001351530123133049
2023-02-14,-0.00038551024387178945,-0.002044675219066483,-0.00164480191424754,0.0015197628865979418,-0.00164480191424754
2023-02-15,-0.001907692254566662,0.0008203612563366658,-0.005948297786637302,-0.006072373324673475,-0.005948297786637302
2023-02-16,-0.007926403172689778,-0.009722410120113767,-0.0036164291196731924,-0.0035019826782271,-0.0036164291196731924
2023-02-17,-0.0013500896160898446,-0.0004304809362351003,0.0006470318939297837,-0.0012601513412341392,0.0006470318939297837
2023-02-21,-0.015153035104971457,-0.016476259112318425,-0.009136382787206743,-0.007183032341978368,-0.009136382787206743
2023-02-22,-0.0025034098402204608,-0.00013528650912852935,-0.002090161387855005,-0.006859343248056593,-0.002090161387855005
2023-02-23,0.00597156977030755,0.004749721595714629,0.0032999675157765473,0.00432264774089508,0.0032999675157765473
2023-02-24,-0.012304628282196362,-0.008858521142994569,-0.008352627171907101,-0.0061127217620683405,-0.008352627171907101
2023-02-27,0.004337835851050187,0.0032623978735952797,0.0033497040226821984,0.0026022812706396614,0.0033497040226821984
2023-02-28,-0.0007237619589934852,-0.0016006320019474884,0.0015570618765341493,-0.002526150133557392,0.0015570618765341493
2023-03-01,0.0007750141509133002,-0.005504825658290025,0.0008278665467102986,0.009312434416122395,0.0007750141509133002
2023-03-02,0.0018191638443108005,0.00301763885151618,-0.0015896488483598814,-0.00023787613749537417,0.0018191638443108005
2023-03-03,0.014791878936998959,0.012863323868287146,0.011018615407102805,0.014942190074043182,0.014791878936998959
2023-03-06,-0.004230302880913528,-0.00028764642331902124,-0.0032705729031448083,-0.005900738761523305,-0.004230302880913528
2023-03-07,-0.012833245543593219,-0.009233461543764032,-0.009362641012962247,-0.01724449862375721,-0.012833245543593219
2023-03-08,0.0022771075941494523,0.0008556430011101845,-0.00015751927193663473,7.64589252379988e-05,0.0022771075941494523
2023-03-09,-0.010968713908736105,-0.00862993813426971,0.0012160920852177792,-0.013347645926176654,-0.010968713908736105
2023-03-10,-0.0018648442945228272,-0.0011550953089536353,0.014918506315162006,-0.0056563764516565085,-0.0018648442945228272
2023-03-13,0.00301819826007943,0.004158139579286013,0.011614629204582672,-0.008443121206035964,0.00301819826007943
2023-03-14,0.0033086019810852907,0.0057433084069389295,-0.0060407735884564495,0.0036602669704624002,0.0033086019810852907
2023-03-15,-0.0044700799809070935,0.002215037792607344,0.0055838641209486894,-0.025084011545923657,-0.0044700799809070935
2023-03-16,0.007238528589233795,0.006557779798419094,-0.00056119640561203,0.010155203789764533,0.007238528589233795
2023-03-17,-0.0025616174420003412,-0.0021055732924569748,0.01298038721583672,-0.011315781827847649,-0.0025616174420003412
2023-03-20,0.0045259500545677955,0.003975002630003388,-0.0005974940063953049,0.010416307804461455,0.0045259500545677955
2023-03-21,0.0029154411484355602,0.004179249492412884,-0.00791049930569776,0.011099090643867937,0.0029154411484355602
2023-03-22,-0.004480326527025791,-0.004817504418050733,0.010402513017873538,-0.005861093137428441,-0.004480326527025791
2023-03-23,0.0036311226995542345,0.0039550924161189105,0.007420668083391702,-0.0018305743470626856,0.0036311226995542345
2023-03-24,0.0033171743223132655,0.003976975883140721,-0.002607684544635336,0.002386737564371133,0.0033171743223132655
2023-03-27,-0.0021948287233719554,-0.003964517644779675,-0.007996941025275484,0.013492255723410729,-0.0021948287233719554
2023-03-28,0.001797039200770012,-0.0015770918706732306,0.003758361087008666,0.0018020627091415165,0.001797039200770012
2023-03-29,0.00635766504601043,0.007896638428788627,-0.0014268324435211532,0.0044690122955235445,0.00635766504601043
2023-03-30,0.007142561044410689,0.004103621325372231,0.005524502121960317,0.00742715707559416,0.007142561044410689
2023-03-31,0.00985626368487047,0.010641161505204222,0.003934805013403153,-0.00016697410753807596,0.00985626368487047
2023-04-03,0.003666261764785572,0.004168801590739957,0.006749612962024809,0.007010770688208323,0.004168801590739957
2023-04-04,8.176631678580293e-05,-0.0007751033392408013,0.00673155078570753,0.00875775813865265,-0.0007751033392408013
2023-04-05,-0.0024403350778531285,0.00011559853935350084,0.0019449269685372084,-0.0022446712441486216,0.00011559853935350084
2023-04-06,0.002038869085730699,0.0024503265188706713,-0.0012288834307333518,-0.0009245101820274382,0.0024503265188706713
2023-04-10,-0.0017985647349071376,-0.0033450318796903744,-0.006663643003688047,-0.005219319852928117,-0.0033450318796903744
2023-04-11,0.0028746514715649596,9.846426991533264e-07,0.002803036046598484,0.003777177700734935,9.846426991533264e-07
2023-04-12,-0.0010868367590186612,-0.0012859876013481264,0.002561346388032959,0.005089538827104612,-0.0012859876013481264
2023-04-13,0.007120990379743786,0.0066344314822157635,0.0032863859815110974,0.009880193575263041,0.0066344314822157635
2023-04-14,-0.006896985858193316,-0.0034293730672481093,-0.007196680725392479,-0.009713695162508973,-0.0034293730672481093
2023-04-17,0.0013443378080280066,-0.00035609644923473294,-0.0044178727682800956,-0.0037486700589213218,-0.00035609644923473294
2023-04-18,0.0009472296563828309,0.0010362844237783442,0.0020422833480000513,0.004081849645080515,0.0010362844237783442
2023-04-19,-0.0028592872148998083,-0.0009427112932447468,-0.00502807635409197,-0.0035890279014556548,-0.0009427112932447468
2023-04-20,-0.0020546919973493116,-0.0010263049060414975,0.002024511961479014,0.0027059910458127057,-0.0010263049060414975
2023-04-21,-0.0020865201625579477,-0.0004931627652871029,-0.004750829276959578,-0.002364334668542578,-0.0004931627652871029
2023-04-24,0.002035163173906618,0.0025563064990403728,0.004384372926381497,0.003213765397549695,0.0025563064990403728
2023-04-25,-0.008665755965154509,-0.005660259607399687,0.0014570708744268135,-0.001725660408276486,-0.005660259607399687
2023-04-26,-0.0048133061279991285,-0.0041000261414266825,-0.0056256765843866186,-0.003216306081374687,-0.0041000261414266825
2023-04-27,0.009315858571212532,0.00926545717922278,-0.0007644114203662067,0.00376802273301724,0.00926545717922278
2023-04-28,0.007437590173726916,0.008103893411435248,0.006767130380391562,0.0009140249649182142,0.008103893411435248
2023-05-01,-0.006767936634392457,-0.005311116131428872,-0.00971562758666622,-0.00262191492467434,-0.005311116131428872
2023-05-02,-0.004355732678272939,-0.0016051230496105795,0.00554995518588175,0.001915117772432584,-0.0016051230496105795
2023-05-03,-0.0004191444316501425,-0.0014682794655096476,0.0022000307413274633,0.0031676277000456388,-0.0014682794655096476
2023-05-04,-0.0006770797347654955,-0.004286979581669348,0.00166443295306129,0.0013605838524322067,-0.004286979581669348
2023-05-05,0.010430057854385888,0.008764596137615488,0.00035385821349165347,0.003536483454992023,0.008764596137615488
2023-05-08,-0.0018767402759725105,-0.002301112236885894,-0.002480948492730839,0.0010965362958288427,-0.002301112236885894
2023-05-09,-0.0022748073344395214,-0.003113996569291122,0.0002496816957204828,-2.931481071399844e-05,-0.003113996569291122
2023-05-10,0.0040244029958032,0.0057984075756298825,0.0031441434015784253,0.0007782304253409755,0.0057984075756298825
2023-05-11,-0.0034697699034607066,0.0004491641641326538,-0.002671256926289778,-0.0037832266747234167,0.0004491641641326538
2023-05-12,-0.0044533857089588125,-0.0032001290426798557,-0.006025471107723557,-0.002115069687605331,-0.0032001290426798557
2023-05-15,0.004608545675924169,0.0011728056031166112,0.002699057347763212,0.0049831871712362474,0.0011728056031166112
2023-05-16,-0.009122385278669376,-0.005296333873444636,-0.0068936737591269726,-0.008554799210399144,-0.005296333873444636
2023-05-17,0.0071409856114779124,0.005963714409977339,0.0008246471703092784,0.0029303764233137297,0.005963714409977339
2023-05-18,-0.00119530873583229,0.0033367000160011706,-0.007193488936092951,-0.001924909827822896,0.0033367000160011706
2023-05-19,-0.0007227798728350887,-0.0023699043790046392,-0.0003417117980741846,0.005746672193393421,-0.0023699043790046392
2023-05-22,0.002407271088742169,-0.00047951395271739194,-0.0004145544499326581,-0.00011597247009342837,-0.00047951395271739194
2023-05-23,-0.0059690429840765225,-0.0061649859876471425,-0.0005420039997467985,-0.008000451944533027,-0.0061649859876471425
2023-05-24,-0.008152424299728955,-0.005389028574351751,-0.004124391035235653,-0.010033209961988754,-0.005389028574351751
2023-05-25,-0.0011216874169284186,0.0027291912718498956,-0.006965540332598663,0.0007136808056156241,0.0027291912718498956
2023-05-26,0.012008319337927897,0.00858322464311656,0.007382891372317069,0.010885962326975918,0.00858322464311656
2023-05-30,-0.001557746339041599,0.003298999413629655,6.216269225900461e-05,-0.0005528146131159595,0.003298999413629655
2023-05-31,-0.0033203064110141067,-0.0018262545171251476,-0.0009590844044163882,-0.004105560831268562,-0.0018262545171251476
2023-06-01,0.00952311455274768,0.006797601477815496,0.008035322504232445,0.010739508971683964,0.006797601477815496
2023-06-02,0.009170745787875356,0.005481993523759998,-0.0015877274141601339,-0.0003304526174707778,0.005481993523759998
2023-06-05,-0.002690401693959954,-0.0012805783020495287,0.0001611269045749264,0.0014946072297319368,-0.0012805783020495287
2023-06-06,0.006440865820386499,0.0015599697341817098,0.002081908154299983,0.002034705186425123,0.0015599697341817098
2023-06-07,-0.002524016914273508,-0.004974074799113715,-0.0060705563341167945,-0.013350366967750826,-0.004974074799113715
2023-06-08,0.00581533020845626,0.006315833562609008,0.0073136208991360085,0.012358252202642417,0.006315833562609008
2023-06-09,-0.0019470127842562412,-0.0003330845736461141,-0.0025224645365494736,0.00012293740764990346,-0.0003330845736461141
2023-06-12,0.0026815967811897323,0.006153451323404724,-0.000757930182804345,0.007311826313650904,0.006153451323404724
2023-06-13,0.0041823916297427655,0.0012300825285822548,-0.0009784142907294235,0.0021257012162099187,0.0012300825285822548
2023-06-14,0.0024238178478044325,0.0012519721805526185,0.002380968222968294,0.003933700846494359,0.0012519721805526185
2023-06-15,0.010325708269101064,0.010600383687037418,0.0106946817535023,0.00974851920564701,0.010600383687037418
2023-06-16,-0.002141136308504099,-0.003758837878467869,-0.0006133446871692261,-0.003616438601965033,-0.003758837878467869
2023-06-20,-0.0066020372843147435,-0.0020221697765027136,-0.0040879459232787685,-0.007288625366963952,-0.0020221697765027136
2023-06-21,-0.001414900465263269,-0.002770768175574756,0.0020401051329423936,-0.005854507765448158,-0.002770768175574756
2023-06-22,-0.006230979985370033,-6.950665330851535e-06,-0.008232397438790784,-0.0003030625061386516,-6.950665330851535e-06
2023-06-23,-0.007193445743059357,-0.0030201236001793363,-0.0011491877735001488,-0.00617856796818661,-0.0030201236001793363
2023-06-26,0.0017128066367224637,-0.001522400587278594,0.0015408291620742087,-0.004583803016015797,-0.001522400587278594
2023-06-27,0.00476949448257713,0.005289457106767204,-0.0033925553132223563,0.006975499016156572,0.005289457106767204
2023-06-28,0.0006429958215590226,0.0018726407236140385,0.0004317027104649984,5.372813133064369e-05,0.0018726407236140385
2023-06-29,-0.0010102425911155954,-0.0015990545071699058,-0.005627697326268111,-0.001521037139482262,-0.0015990545071699058
2023-06-30,0.008655564428776685,0.00792470673573864,0.006167713870817826,0.012400304664708761,0.00792470673573864
2023-07-03,0.0016457950662953635,-0.001032192476940308,-0.001060758762059244,0.0007302854446797902,-0.001032192476940308
2023-07-05,-0.0037993746418429897,-0.0027977761007174085,-0.002753056496632711,-0.004924554171089501,-0.0027977761007174085
2023-07-06,-0.010428141777090505,-0.007964464187439235,-0.007416076273105032,-0.011136552223109164,-0.007964464187439235
2023-07-07,0.0029700132037042692,-0.0020272585359986106,0.0021521170762732744,0.0018818896506216376,-0.0020272585359986106
2023-07-10,0.0037134501962150512,0.0035796945942081493,0.003015797033892653,0.001623718610123781,0.0035796945942081493
2023-07-11,0.007796421768644146,0.004677548937206399,0.0052572000092623306,0.006636984280535163,0.004677548937206399
2023-07-12,0.01199801303380199,0.008724035035981403,0.010679622667595146,0.014702277092800697,0.008724035035981403
2023-07-13,0.010210524140202182,0.008086585748300346,0.00831447207366609,0.014229834725918877,0.008086585748300346
2023-07-14,-0.004458367229756899,-0.0023352164814471887,-0.004457144731322749,-0.0026635280869967692,-0.0023352164814471887
2023-07-17,0.0011686614511108306,0.0027556188992718944,2.515517956114266e-05,0.0037573555759398136,0.0027556188992718944
2023-07-18,0.005212408315519834,0.004948193694745084,0.005466711096193455,0.00767075870647993,0.004948193694745084
2023-07-19,0.0034953659418341942,0.00268969208852865,0.003194433095913274,-2.3031534923001473e-05,0.00268969208852865
2023-07-20,-0.007639296326058975,-0.007142970500387147,-0.005691530133627221,-0.012570116434880818,-0.007142970500387147
2023-07-21,0.00026069745725387783,0.0003261638828409019,0.0006173563332985132,-0.000625016146780677,0.0003261638828409019
2023-07-24,0.0036410341827410875,0.0017733900108354295,0.0025358057636901687,-0.00010708328031683312,0.0017733900108354295
2023-07-25,0.0017403605304049385,0.0009287927862453582,0.001646646557913689,0.003909540239441123,0.0009287927862453582
2023-07-26,0.0021872996897573938,0.0014353551899553008,0.0018173024324721343,0.00012966384245460816,0.0014353551899553008
2023-07-27,-0.010613271263786195,-0.008299092101158756,-0.010384179427310736,-0.003890014717049861,-0.008299092101158756
2023-07-28,0.009463388931007621,0.007239638590566644,0.006930160385158368,0.011985931078575485,0.007239638590566644
2023-07-31,0.003145022874549319,0.0016215448772345376,0.002093727437710635,0.0006890987687659944,0.0016215448772345376
2023-08-01,-0.007432910848012453,-0.004053600537489266,-0.006695503399887559,-0.007573947826568395,-0.004053600537489266
2023-08-02,-0.013017596431178613,-0.009157405106072214,-0.007655859577545776,-0.014424240076454264,-0.009157405106072214
2023-08-03,-0.0038398816094897814,-0.004683904688680851,-0.002396641159687629,-0.0013224039655095332,-0.004683904688680851
2023-08-04,0.00153624093587168,0.001553278078648912,0.005329467323282877,0.0001447606780142774,0.001553278078648912
2023-08-07,0.0023098907044787342,0.004218552464440473,-0.0004905433109257951,0.0041120888147900825,0.004218552464440473
2023-08-08,-0.003469269244046891,-0.0005665704740436261,0.00023157927249073396,-0.007143401850450926,-0.0005665704740436261
2023-08-09,-0.0015343079619972722,-0.003729093134612227,6.9021916848655e-05,-0.006346507829249393,-0.003729093134612227
2023-08-10,-0.003113790452975884,-0.00289416690434785,-0.004997799622206589,0.0011602540610151646,-0.00289416690434785
2023-08-11,-0.003438806855531107,-0.002482000868496037,-0.0028561329886234166,-0.003883467798154072,-0.002482000868496037
2023-08-14,-0.0012801825942719836,0.002654419075220682,-0.0015995779415329814,0.0023173251540040685,0.002654419075220682
2023-08-15,-0.00930381332991137,-0.007744498432566305,-0.005860120434245442,-0.007767566976750184,-0.007744498432566305
2023-08-16,-0.008103412256048603,-0.005925702870374083,-0.00501665507756377,-0.008166060358901439,-0.005925702870374083
2023-08-17,-0.004759008067269588,-0.005058344069483578,-0.0015366442782288603,-0.006365081857003574,-0.005058344069483578
2023-08-18,0.0015239621960618788,0.0015037800935664425,0.0028325586207507136,-0.00042585386704463435,0.0015037800935664425
2023-08-21,-0.00017365575713768067,0.0013428906354340242,-0.0020741464363158713,0.00820932960570242,0.0013428906354340242
2023-08-22,0.00019520263928018977,-0.0014423767123799003,0.00046047859784215106,-0.00026589460194281767,-0.0014423767123799003
2023-08-23,0.01272286508275311,0.011022741042067352,0.00956688860189936,0.012527637053703078,0.011022741042067352
2023-08-24,-0.00797687697498417,-0.009762082283646611,-0.0036971583323015533,-0.01130485118768787,-0.009762082283646611
2023-08-25,0.003905699816530772,0.004053420908424643,0.002840572320333079,0.0038492018936839845,0.004053420908424643
2023-08-28,0.005684554325763536,0.004897844238481275,0.002410389029161797,0.006222843156062474,0.004897844238481275
2023-08-29,0.011797190893844345,0.011496518783401743,0.008187020272704126,0.015073428398023836,0.011496518783401743
2023-08-30,0.0015998751071326645,0.0024196196539807424,0.0011996904917035422,0.0031262309064035154,0.0024196196539807424
2023-08-31,-0.0015058657134456865,-7.702707434420475e-05,0.0009977501882902917,-0.0002532552067535665,-7.702707434420475e-05
2023-09-01,0.0015976427134469784,-0.0013326493075108692,-0.00019711210090755937,-0.00033650467760493186,-0.0013326493075108692
2023-09-05,-0.007574705394130854,-0.005017320185034646,-0.004331365634947848,-0.004480798075668813,-0.005017320185034646
2023-09-06,-0.0031342751576305394,-0.005067453257197374,-0.0025963865327759406,-0.005778125097543274,-0.005067453257197374
2023-09-07,-0.0023466599931232235,-0.0004715714204752697,0.0007565417143970965,-0.0030971708601034154,-0.0004715714204752697
2023-09-08,0.00038528326116304967,0.0009879420353109403,0.0008994545946399146,0.00041221157594883984,0.0009879420353109403
2023-09-11,0.004256670211793434,0.0032553943305972943,0.001796641447805003,0.007526070520142536,0.0032553943305972943
2023-09-12,-0.0019627726534937606,-0.002742719758379364,-0.0006227995430435618,-0.007329451613290128,-0.002742719758379364
2023-09-13,-0.0014733537925804008,0.00117010440929044,0.0007906953474039469,-1.5235706424698847e-05,0.00117010440929044
2023-09-14,0.0067967406931692675,0.004271375938363242,0.002107154862569516,0.006119414985918281,0.004271375938363242
2023-09-15,-0.005443565853600396,-0.008490670197005334,-0.002501783519087475,-0.004741555149156862,-0.008490670197005334
2023-09-18,-0.0006565283650543652,0.0007386640833200175,0.0018019075888078273,0.00206802125997263,0.0007386640833200175
2023-09-19,-0.0028565299299755376,-0.00270400845868235,-0.0020285024544467456,-0.0010602385353692956,-0.00270400845868235
2023-09-20,-0.004460365410109524,-0.005820274322925201,-0.0032333339160223185,-0.0059157816174135736,-0.005820274322925201
2023-09-21,-0.016075696257092376,-0.012876364674368035,-0.008539242331096264,-0.01349833584944049,-0.012876364674368035
2023-09-22,0.0016909562486835394,0.0002389912036671049,0.00222690930690006,0.0015308217342877573,0.0002389912036671049
2023-09-25,-0.0038638719475257988,-0.00048200777127849204,-0.0049055032617608685,-0.0011296013068464728,-0.00048200777127849204
2023-09-26,-0.009996012808231147,-0.008907574107015481,-0.00460902145668407,-0.011745920184081271,-0.008907574107015481
2023-09-27,-0.0011219167301125266,-0.0015784244915379997,-0.0033825288187617764,-0.004500882918397453,-0.0015784244915379997
2023-09-28,0.004228357218631018,0.004558584661261911,0.0008209469102902212,0.00291941922559813,0.004558584661261911
2023-09-29,-0.0026461274975563276,-0.0013772969726859596,-0.00485286226979087,-0.004686830091367611,-0.0013772969726859596
2023-10-02,-0.008813671331595163,-0.0034880331657943797,-0.0072867183234434085,-0.006943772939538961,-0.008813671331595163
2023-10-03,-0.013030287146196806,-0.011348875770873623,-0.007282518981576169,-0.010838593675212005,-0.013030287146196806
2023-10-04,0.002469080990625594,0.006906481195783742,-0.002392797575283434,0.004473143811909441,0.002469080990625594
2023-10-05,0.00048245983352668276,0.0005254606583333654,-0.0009810695156829974,0.0020538315854141675,0.00048245983352668276
2023-10-06,0.005784269135888254,0.00477773589695496,0.0013715190712926262,0.010763113204827368,0.005784269135888254
2023-10-09,0.009623528977527274,0.008923643298300865,0.014691103592453736,0.006729178534118807,0.009623528977527274
2023-10-10,0.004754551835919774,0.002350747364944228,-0.0008166227539079252,0.006448050096407698,0.004754551835919774
2023-10-11,0.006547607303556635,0.004648848270155437,0.0033104717956797813,0.006012895258385775,0.006547607303556635
2023-10-12,-0.010645479654910028,-0.007489851130306979,-0.00582787100686033,-0.005266850430367009,-0.010645479654910028
2023-10-13,0.00399688781041263,-0.0004822984402791386,0.014242712481100206,0.00311991322261318,0.00399688781041263
2023-10-16,0.0034168705721302484,0.003977019064118847,-0.0024788988621801122,0.004390440140244811,0.0034168705721302484
2023-10-17,-0.001186688237524769,-0.0038957536349011335,-0.002976889279835415,-8.06963505511904e-05,-0.001186688237524769
2023-10-18,-0.009087943822385869,-0.009936274928790456,0.0008667852851349522,-0.005736599239680951,-0.009087943822385869
2023-10-19,-0.007353676462418135,-0.0072643585699854185,0.0013965224234366858,-0.0019117842544355002,-0.007353676462418135
2023-10-20,-0.006115330298070765,-0.0051279405534944145,-0.0007756926388595708,-0.0066121477146549035,-0.006115330298070765
2023-10-23,-0.0010371278924857785,0.0008327059621888733,-0.0004989803631701983,-4.7865612065267626e-05,-0.0010371278924857785
2023-10-24,0.006012893748359893,0.005231376481589667,-0.00039785318437057793,0.004815495451140128,0.006012893748359893
2023-10-25,-0.011530329307479215,-0.01212389464375574,-0.0034586904510639505,-0.008047508263646752,-0.011530329307479215
2023-10-26,-0.0006535053114766765,-0.0041234297262954245,-0.00033796126103158297,-0.007386594353230969,-0.0006535053114766765
2023-10-27,-0.0006993835383126701,-0.002063909468019598,0.0053395397308779735,0.00415645335703374,-0.0006993835383126701
2023-10-30,0.0026828809123691233,0.005735574534415866,-0.004244595345746949,0.005916275576293373,0.0026828809123691233
2023-10-31,0.0018291110314112569,0.002915207630229233,-0.0012068416405459637,7.92656666519509e-05,0.0018291110314112569
2023-11-01,0.009026520060467558,0.011004112096845153,0.006857896725054102,0.007608768829006518,0.009026520060467558
2023-11-02,0.017835637265316118,0.014000816931091675,0.009582682718647373,0.012777079765107224,0.017835637265316118
2023-11-03,0.011688417087183156,0.008560304267395846,0.0048585718233922215,0.00835363091343777,0.011688417087183156
2023-11-06,-0.0037392913741832734,-0.0008913369362378853,-0.002339862866536757,-0.002373473434707174,-0.0037392913741832734
2023-11-07,-0.0011854547609343458,0.003970357293226812,-0.0018302495404246555,0.0010667991297632629,-0.0011854547609343458
2023-11-08,-0.0012959675757431288,0.002033468646833736,-0.0019769501064316186,-0.0038205656687728684,-0.0012959675757431288
2023-11-09,-0.008942816055719005,-0.008624326208276023,-0.005677729491486816,-0.0017200797037865145,-0.008942816055719005
2023-11-10,0.0072627253648354095,0.009891895494795522,0.0032652145242575425,0.0060458394517770575,0.0072627253648354095
2023-11-13,0.0006102706530872748,-0.0007954300152013261,0.0031974448863663074,0.0013116368785641708,0.0006102706530872748
2023-11-14,0.02507522403994744,0.017695475860425303,0.011916996043603856,0.017563133197482372,0.02507522403994744
2023-11-15,-0.001574405906710541,-0.0017389072859078647,-0.004280902726189417,-0.0009874898753895467,-0.001574405906710541
2023-11-16,-0.0019402670323186433,0.003659899013777501,0.0007600379105043853,0.0044488637389403785,-0.0019402670323186433
2023-11-17,0.004803000324057116,0.0010123743599850243,0.003155856422747405,0.0027948656750929057,0.004803000324057116
2023-11-20,0.00680728082615123,0.005253325867234482,0.004468466275751037,0.005258109894917151,0.00680728082615123
2023-11-21,-0.002301629588717824,-0.0008348978670920104,0.002866150330458117,0.0007911046934081511,-0.002301629588717824
2023-11-22,0.0011333464431895202,0.0022382731940324696,-0.0015017989613448357,0.0005881517162542593,0.0011333464431895202
2023-11-24,-9.454981027889886e-05,-0.0016244311607825912,-0.0022620129528116983,0.0029145670628274445,-9.454981027889886e-05
2023-11-27,0.001436864671286342,0.001817131903361524,0.0025204574193198326,0.0014670218142671665,0.001436864671286342
2023-11-28,0.004529763530070285,0.002315721956997585,0.006500591237765585,0.006198433905871603,0.004529763530070285
2023-11-29,0.00329675274488328,0.0016082088572384468,0.0034723575232917803,0.0005775300524959448,0.00329675274488328
2023-11-30,-0.002410873115231471,0.0003821597606823435,-0.0044674936189778025,-0.0024476544717885185,-0.002410873115231471
2023-12-01,0.011864719019391679,0.007316178691252562,0.007759361404418463,0.009434031556041944,0.007316178691252562
2023-12-04,-0.0051430366139293415,-0.004809993641774146,-0.007996514492327855,-0.013550827507698204,-0.004809993641774146
2023-12-05,-0.0011973803355321833,0.0026933758460478963,0.0006779442397206736,-0.0007017600609386943,0.0026933758460478963
2023-12-06,-0.0014889715281751759,-0.0007577979821344893,-0.002368355185772275,-0.001338037475988041,-0.0007577979821344893
2023-12-07,0.0037234613795646965,0.003962458649256817,0.0019348136407117966,0.007637386383551492,0.003962458649256817
2023-12-08,-0.0010359568678709463,-6.145412832725405e-06,-0.0031791782143466563,-0.0027062427657160715,-6.145412832725405e-06
2023-12-11,0.0009648758207030372,0.002384207673812533,-0.0013814755208423346,-0.00016825896509820026,0.002384207673812533
2023-12-12,0.00033235073202297905,0.003599063597292007,-0.0003492817212010779,0.003833714288789203,0.003599063597292007
2023-12-13,0.019708701833060394,0.014217572854117178,0.015416574353321666,0.016783647921317923,0.014217572854117178
2023-12-14,0.01393546225627107,0.005233627286214126,0.007808717473160254,0.0027743470885852606,0.005233627286214126
2023-12-15,-0.004315081093831052,-0.0013227202105496882,-0.002262671844315056,-0.002327622919206518,-0.0013227202105496882
2023-12-18,0.0012359560233783373,0.0025148380227049127,0.0024365247266908696,0.0053343475337861435,0.0025148380227049127
2023-12-19,0.007753678932590491,0.004416059718288956,0.0047811146579250785,0.006076427717728983,0.004416059718288956
2023-12-20,-0.009440540804943387,-0.006444635570799329,-0.004417967851502169,-0.01083140840594965,-0.006444635570799329
2023-12-21,0.008305193891057883,0.005069830493562577,0.0035369647568410656,0.00972738551559904,0.005069830493562577
2023-12-22,0.0010798600227972521,0.0008404097444572045,0.0006460023472172338,0.0026936299088120563,0.0008404097444572045
2023-12-26,0.006436610691736844,0.0027959347446266936,0.004211287902874172,0.006335514736766967,0.0027959347446266936
2023-12-27,0.004975830030043538,0.004175133329632041,0.0038202672421394634,0.003128234554040654,0.004175133329632041
2023-12-28,-0.0016496201339165628,-0.0012865573651670292,-0.0037804981901939927,-0.0025333010245846,-0.0012865573651670292
2023-12-29,-0.005366242453842762,-0.002738433935215112,-0.003072584273092427,-0.003046715628692964,-0.002738433935215112
2024-01-02,-0.006285097669682105,-0.0048515597113315545,-0.0048181757061454,-0.00882700664114544,-0.0048515597113315545
2024-01-03,-0.007126145142551166,-0.003936201322181421,-0.00043877581217577344,-0.009191623133144367,-0.003936201322181421
2024-01-04,-0.003896094133307715,-0.004351455664774795,-0.004117494186334114,-0.0022847032986311744,-0.004351455664774795
2024-01-05,-0.0008882791576135807,-0.0006536027219024021,-0.00020465638244260287,0.000808889567618154,-0.0006536027219024021
2024-01-08,0.007040652685875726,0.009895081247284443,0.001829274229367961,0.007897023223692123,0.009895081247284443
2024-01-09,-0.0037317504893153997,-0.0010787965474191585,0.0006715068189446782,0.0006071738530568638,-0.0010787965474191585
2024-01-10,0.00030902179732050783,0.0027736599923449123,-0.00047442010066289786,0.002954682923947516,0.0027736599923449123
2024-01-11,0.0008933312232419777,0.0018562580660888006,0.0035180862290986603,0.0015244344566029966,0.0018562580660888006
2024-01-12,0.002757686144184701,0.0014962230296555745,0.003287611546632929,0.004212142213601888,0.0014962230296555745
2024-01-16,-0.010782771142394454,-0.005440636067323812,-0.007108691919070598,-0.004548491005106681,-0.005440636067323812
2024-01-17,-0.007792505499931046,-0.00463897763777632,-0.004707551895997919,-0.007746566318909687,-0.00463897763777632
2024-01-18,0.004439378204585731,0.004469461348865833,0.003939455329537989,0.010770119165127268,0.004469461348865833
2024-01-19,0.00712143048815661,0.007573093876213299,0.0037838014326414537,0.011724435580390269,0.007573093876213299
2024-01-22,0.0033676050960305126,0.00248382408177239,0.001984826804147799,-0.0005084675131561411,0.00248382408177239
2024-01-23,0.00025123050709918715,0.0007790994225862491,0.0013266895800922995,0.0038013503045042363,0.0007790994225862491
2024-01-24,-0.0004496607401344166,-0.00044897869209614694,-0.0005149044837136074,-0.0007095475187505196,-0.00044897869209614694
2024-01-25,0.0053779426309013,0.005004812984206852,0.0051662934721390386,0.0031392557275591315,0.005004812984206852
2024-01-26,-0.00047822891509896603,-0.001472230472289393,-0.00041326820976861356,-0.0029719542108648245,-0.001472230472289393
2024-01-29,0.006409047421947811,0.007170832581963715,0.004231793444552601,0.008536466126656483,0.007170832581963715
2024-01-30,-0.0016092688717123105,5.9106391235852485e-05,0.001640500243427434,-0.0023537735684552308,5.9106391235852485e-05
2024-01-31,-0.007382443038155273,-0.006463970399726571,-0.003416985125290206,-0.014010653113848526,-0.006463970399726571
2024-02-01,0.009993372284107238,0.010289284156550282,0.0058619252468550265,0.011884368445834292,0.010289284156550282
2024-02-02,-0.005769732981663611,0.0010092936690049292,-0.005221196987179932,0.007999998469773839,0.0010092936690049292
2024-02-05,-0.0074228639725736345,-0.006069268470286104,-0.005119446046787157,-0.003170438307716017,-0.006069268470286104
2024-02-06,0.007618264285401022,0.0038907973771924453,0.004334640897212694,0.0015064836254059522,0.0038907973771924453
2024-02-07,0.0013414634620803056,0.004311996279289687,0.00250442841922327,0.006976193917252349,0.004311996279289687
2024-02-08,0.0013178513260021507,-0.0010234938777289315,-0.0004230812903475156,0.0006757379712607481,-0.0010234938777289315
2024-02-09,0.0036436027227351175,0.002791023531004244,0.0009563477104919116,0.005028219523499411,0.002791023531004244
2024-02-12,0.0023697052706455057,0.00010737921443948473,-4.040511478375919e-05,-0.0023749664213549293,0.00010737921443948473
2024-02-13,-0.017385537739902812,-0.012681365561130753,-0.011398300187178134,-0.014512859487137542,-0.012681365561130753
2024-02-14,0.007578745983833457,0.006982872779452753,0.002654846655817389,0.007444468530489523,0.006982872779452753
2024-02-15,0.009295560627854194,0.00527909020768047,0.004497777410227943,0.005270710569572401,0.00527909020768047
2024-02-16,-0.0036253545074463878,-0.00473542686850692,-0.002408581686883293,-0.004525954033168911,-0.00473542686850692
2024-02-20,-0.0020194041799946882,-0.002681149982690423,-0.0010678739899193657,-0.003486664132024697,-0.002681149982690423
2024-02-21,-0.0005725958362792216,-0.0007070896269575355,-0.00032863602288291105,-0.0012688001127912907,-0.0007070896269575355
2024-02-22,0.008979230699462715,0.012618199985611422,0.006894562205828292,0.019090351206292544,0.012618199985611422
2024-02-23,0.0009167047317015786,0.002202290576420962,0.0004783131006314001,0.000433568577293153,0.002202290576420962
2024-02-26,-0.0012718032650171907,-0.0028180537555538843,-0.0005888859437582772,-0.0020515979192639033,-0.0028180537555538843
2024-02-27,0.002203143982944633,0.00026527995623659706,0.0007776760537725469,0.0013630367920500763,0.00026527995623659706
2024-02-28,-0.0017279335168084442,0.0005988423438842982,0.0006129083667372193,-0.0021689544591211307,0.0005988423438842982
2024-02-29,0.0043389614562507894,0.0029434831141106343,0.002269122058939921,0.005930611101655714,0.0029434831141106343
2024-03-01,0.010370224810337225,0.0074609271201222516,0.007907819282215511,0.014730515133840605,0.0074609271201222516
2024-03-04,0.0012270207226245944,-0.0015316692426866618,0.0013921803755339024,0.003508372055863518,-0.0015316692426866618
2024-03-05,-0.004170854991587425,-0.003562374179410077,-0.0011096574106802537,-0.007914498372168843,-0.003562374179410077
2024-03-06,0.007475929840148332,0.004005726176585123,0.004951626025334166,0.0065930924035932925,0.004005726176585123
2024-03-07,0.006013892624360473,0.006617568726751122,0.004849748702072665,0.010584120380284112,0.006617568726751122
2024-03-08,-0.0009155483126398467,-0.0033105756498467143,-0.0009449093479340087,-0.004552900006984384,-0.0033105756498467143
2024-03-11,-0.0012183348843195496,-0.0010204049339948007,0.0009402828791600371,-0.0010738609588097914,-0.0010204049339948007
2024-03-12,0.001356527402577301,0.00479925930407421,-0.00032006635259029803,0.004853669173343622,0.00479925930407421
2024-03-13,5.352166529259961e-05,-0.0018257411958400027,0.0019410087206754856,-0.0011416963511275968,-0.0018257411958400027
2024-03-14,-0.007334512482617184,-0.0041341870105791045,-0.0035296745223901693,-0.00292440913307368,-0.0041341870105791045
2024-03-15,-0.002653929391697063,-0.004822673430321278,-0.002546514847021286,-0.007610840315259715,-0.004822673430321278
2024-03-18,0.001853175248751171,0.0031158087516951483,0.0031502356469350623,0.005892484419233401,0.0031158087516951483
2024-03-19,0.0012600985791828556,0.004500619076456047,0.002576189657729877,0.0021181276724224762,0.004500619076456047
2024-03-20,0.00807048998407689,0.006522681752012538,0.004808241009051306,0.011156946255547417,0.006522681752012538
2024-03-21,0.0027058516688494016,0.002047153058517326,0.0006793508284479444,0.0024195802611375328,0.002047153058517326
2024-03-22,-0.0037624926464232544,0.0007682506619488549,-0.0009376885020642156,-0.0027315611213732938,0.0007682506619488549
2024-03-25,-0.0007386863260334664,-0.0027166084077582253,-1.454071834816606e-05,-0.0011398700244105164,-0.0027166084077582253
2024-03-26,-0.001085292999011389,-0.0005334715602849371,-0.0009267381276804043,-0.0007114123299306607,-0.0005334715602849371
2024-03-27,0.008659591419271306,0.006590914130700121,0.00484010651944744,0.006053679478704055,0.006590914130700121
2024-03-28,0.0032505647411198435,-0.0005068009793612882,0.003481504562192761,0.002511216686025053,-0.0005068009793612882
2024-04-01,-0.004084076424540228,-0.004661775033617532,-0.0017575428223526313,0.0027652106473234905,-0.004661775033617532
2024-04-02,-0.003270965235757206,-0.004678556300935721,0.0011880612644552535,-0.0013577268736814085,-0.004678556300935721
2024-04-03,0.003954314463519015,0.0011305298904344951,0.004263376316275602,0.00359744912089055,0.0011305298904344951
2024-04-04,-0.004858201292726516,-0.005967949920419935,-0.0023816575509797433,-0.01141823284932919,-0.005967949920419935
2024-04-05,0.003842372495098001,0.00357422539062191,0.003688847479506041,0.01274797654814841,0.00357422539062191
2024-04-08,0.0032005998294994953,-0.0005628386180258627,0.0001209903517380706,0.002065269956951221,-0.0005628386180258627
2024-04-09,0.004152227526574848,0.0022813367452143574,0.0016745698423701327,0.0032090296443270105,0.0022813367452143574
2024-04-10,-0.01514610269727823,-0.01132012746016875,-0.008421848199133497,-0.009439256802474705,-0.01132012746016875
2024-04-11,0.0055283119315834295,0.003981542281351169,0.00411837323193831,0.013652875414577714,0.003981542281351169
2024-04-12,-0.010155524423226425,-0.006703181410258052,-0.003970341816086687,-0.014341875737799992,-0.006703181410258052
2024-04-15,-0.006844032347680051,-0.010072466979261896,-0.002827850398514853,-0.004916201787221186,-0.010072466979261896
2024-04-16,-0.005227052137694588,-0.002667704761124101,-0.0021438227084560335,-0.0003182159358271486,-0.002667704761124101
2024-04-17,-0.004311682785647086,-0.0009974587679568714,-0.0032056971407727897,-0.00836881636285458,-0.0009974587679568714
2024-04-18,-0.0012054226954227865,-0.0026327449868351893,-0.001467831229653438,-0.0016319700792303271,-0.0026327449868351893
2024-04-19,-0.0013210423911246272,-0.004675608884314397,-0.000465487578097723,-0.009075928441541037,-0.004675608884314397
2024-04-22,0.003079757769461011,0.005512921633241463,-0.0013535314621727634,-0.0006002165367791079,0.005512921633241463
2024-04-23,0.007357835316462058,0.007601102252654757,0.0041259099514723285,0.00868961319992545,0.007601102252654757
2024-04-24,-0.0011354220638115642,-0.0015077031961922005,-0.0018398631813871802,0.0003705809836866969,-0.0015077031961922005
2024-04-25,-0.002039930756310593,-0.003807933564621724,-0.0005864294424864358,-0.001338040938416274,-0.003807933564621724
2024-04-26,0.00660180136429922,0.0067747135465461295,0.004279149208582966,0.009593428680432003,0.0067747135465461295
2024-04-29,0.004768155570789245,0.0037422141014247234,0.0020669798629135983,0.0021130772603417114,0.0037422141014247234
2024-04-30,-0.014469865819406236,-0.011378548712434045,-0.011374288324494941,-0.018992596174813525,-0.011378548712434045
2024-05-01,-0.00033796270974773,-0.00034468457394398744,-0.0008487646698468465,0.00013087604767725303,-0.00034468457394398744
2024-05-02,0.010311505110794483,0.007470794123762836,0.004575334289110389,0.005647351099025144,0.007470794123762836
2024-05-03,0.00843680021637172,0.009632884153441879,0.005627701818820219,0.010099767470982846,0.009632884153441879
2024-05-06,0.00690727705697225,0.00652611028750516,0.006702953446017679,0.010646885815429386,0.00652611028750516
2024-05-07,0.0013254447560291371,0.0016987292238830332,0.0005267416355123622,-0.0015190428430587044,0.0016987292238830332
2024-05-08,-0.003252465895447587,-0.001062470813207761,-0.0025067596964961636,-0.0013687244755502537,-0.001062470813207761
2024-05-09,0.007674998105545949,0.004670164316904257,0.005687143186116073,0.008301274913378398,0.004670164316904257
2024-05-10,-0.0005283997233475057,-0.0005131489788825494,-0.0001495064181218364,0.004408422297975223,-0.0005131489788825494
2024-05-13,0.0014256123765019613,0.000553567070045391,0.0001657303494388973,-0.003531245096970448,0.000553567070045391
2024-05-14,0.005495370414090317,0.003922989839375113,0.0027461714284024996,0.006836738111919205,0.003922989839375113
2024-05-15,0.011344568829581902,0.010457936910852172,0.008783190966739518,0.01383005010472571,0.010457936910852172
2024-05-16,-0.001974964215776698,-0.0020043838324692587,-0.0013804041696215963,-0.0027722903793494513,-0.0020043838324692587
2024-05-17,0.0025704297593522885,-0.00036179790971035963,0.0034255779350271798,0.00662559760282333,-0.00036179790971035963
2024-05-20,0.0009651515383948261,0.00010310985644390591,0.0019931399148729323,0.004556528154951778,0.00010310985644390591
2024-05-21,-0.0002660732375245889,0.002503395626863414,0.0006532044910441126,0.0006979585070163719,0.002503395626863414
2024-05-22,-0.006574749727667806,-0.0022514583109322084,-0.006662616104208596,-0.007989393648405563,-0.0022514583109322084
2024-05-23,-0.00972483778451605,-0.005820162523910599,-0.0071642627802898096,-0.01117095771527954,-0.005820162523910599
2024-05-24,0.005111981660258724,0.0045102874503615276,0.003735640978610233,0.005523000155986724,0.0045102874503615276
2024-05-28,0.00025804253822481193,-0.001784963589319677,0.002854337512651295,0.0057275997950378965,-0.001784963589319677
2024-05-29,-0.010598501833869567,-0.006165605057992796,-0.007153698684255638,-0.007917535448125568,-0.006165605057992796
2024-05-30,0.0015004480440512502,-0.0020546701494174036,-0.0020772146942819036,-0.004932245446799932,-0.0020546701494174036
2024-05-31,0.003502967804714263,0.007319306254983449,0.0025196769397251018,0.0003888963350406893,0.007319306254983449
2024-06-03,0.00289725098418403,0.003102930303290119,0.0006351389749650327,0.0036264663412637343,0.003102930303290119
2024-06-04,-0.0017694310649869482,0.00286256405828067,-0.0006795778429576904,-0.002968023742406123,0.00286256405828067
2024-06-05,0.009522851941540678,0.008572412536939744,0.0067071567911682894,0.012800970267171863,0.008572412536939744
2024-06-06,0.0020810625020986073,-0.0001813629140082762,0.003489168846339208,0.00339700072386373,-0.0001813629140082762
2024-06-07,-0.012406870031950401,-0.004938240106258429,-0.011600228164988624,-0.014512438650815418,-0.004938240106258429
2024-06-10,0.0033248824842111446,0.0010087419130035968,0.004121748737283548,0.006108339469551138,0.0010087419130035968
2024-06-11,0.0004981243875847863,0.0035460249351664253,0.0027876334282179727,0.0031267389382108046,0.0035460249351664253
2024-06-12,0.008674719749246718,0.0071679764722343275,0.005515070894853702,0.006801463218145232,0.0071679764722343275
2024-06-13,0.00010597764346020888,0.0038341130311703164,0.002525587666535767,-0.0010743636235264198,0.0038341130311703164
2024-06-14,3.67284252282829e-05,0.001292289624109877,0.0016185040908456294,0.005525846698324122,0.001292289624109877
2024-06-17,0.001846879344631569,0.0029480464595101896,0.0004848002792223749,0.003768418379510141,0.0029480464595101896
2024-06-18,0.004726785887726237,0.003255806181856391,0.004665895168480816,0.002994132004272565,0.003255806181856391
2024-06-20,-0.0014043408459232243,-0.002645804515144845,3.393655332817325e-05,0.002055220258467605,-0.002645804515144845
2024-06-21,-0.0032821534203820724,-0.0007277031708124992,-0.0037311163047670792,-0.007041117186065593,-0.0007277031708124992
2024-06-24,0.0021343796797341774,-0.0016310595669359884,0.0016704992818377118,-0.0014650925748328492,-0.0016310595669359884
2024-06-25,-0.0011379837543115112,0.0026610099497914597,-0.0012185713070873572,0.0012523231294845338,0.0026610099497914597
2024-06-26,-0.003970271862435815,-0.0016305616970051506,-0.0026865041465506945,-0.0022869762801542848,-0.0016305616970051506
2024-06-27,0.0047708797652794566,0.0018359568302297458,0.003657466846312074,0.005403131156264562,0.0018359568302297458
2024-06-28,-0.002233724534178916,-0.004497458059409043,-0.004362683099764841,-0.0028690895300849117,-0.004497458059409043
2024-07-01,-0.0014805127617516511,-0.0017397939234363724,0.0010743397742609684,0.003134567885488382,-0.0017397939234363724
2024-07-02,0.0043455034232182665,0.0055563814898895725,0.0036684283319563527,0.005085214414924488,0.0055563814898895725
2024-07-03,0.007422486550269003,0.005336417960489115,0.006089106486554474,0.007871246333717163,0.005336417960489115
2024-07-05,0.005624821189108564,0.005681774950544893,0.005723375179157442,0.009702678144134724,0.005681774950544893
2024-07-08,-0.0014820719866229792,0.0008222599216445303,-0.003907861936791934,-0.003598307401124212,0.0008222599216445303
2024-07-09,-0.001332829913240352,3.8367069955302924e-05,-0.0018990539821416297,0.0012136149985420008,3.8367069955302924e-05
2024-07-10,0.006532964629370586,0.006352303090092493,0.003381453165751891,0.007722245482865819,0.006352303090092493
2024-07-11,0.007878689688598062,-0.0027104226972122225,0.002261370452127043,-0.002061435088587249,-0.0027104226972122225
2024-07-12,0.0048444812409165205,0.004637869822797125,0.0015610165150594657,0.003613731233085282,0.004637869822797125
2024-07-15,-0.0006068880428796719,0.0004048082409298104,-0.002103740242900276,0.0029135452909587745,0.0004048082409298104
2024-07-16,0.010071750761590614,0.005339807100267491,0.004216541190077194,0.009873776327028017,0.005339807100267491
2024-07-17,-0.007242177374811032,-0.008149104312889843,-0.003915096170640564,-0.013975866630335121,-0.008149104312889843
2024-07-18,-0.008507487589981766,-0.0057524208999385484,-0.005568237972955248,-0.0065289858315166205,-0.0057524208999385484
2024-07-19,-0.007844994679628736,-0.005249650603467715,-0.007794613419172647,-0.011432265314104795,-0.005249650603467715
2024-07-22,0.007033695972449294,0.005797815207913448,0.003139139718988826,0.007567720292502633,0.005797815207913448
2024-07-23,-0.0014757270883071216,-0.0006496018457994301,-0.002179185968475661,-0.00010533333876794337,-0.0006496018457994301
2024-07-24,-0.0139815735522687,-0.014515581678335665,-0.007556585476385824,-0.018434807454464464,-0.014515581678335665
2024-07-25,-0.001976149006134631,-0.0022098144327887814,-0.0011187724476401373,-0.010484200369002217,-0.0022098144327887814
2024-07-26,0.009315809791265783,0.008589190689376691,0.0032054660703599858,0.010737982574561267,0.008589190689376691
2024-07-29,-0.0010544263331100368,0.0010302198757634606,-0.0003573319007037501,0.00014532531786204395,0.0010302198757634606
2024-07-30,0.0005288553898834536,-0.002170002384155101,-0.0005796573615343137,-0.0012794206306024902,-0.002170002384155101
2024-07-31,0.014255192759442536,0.012676825811221759,0.014606822995437696,0.01840472364310375,0.012676825811221759
2024-08-01,-0.010791548779578997,-0.006827437055009211,-0.0055876444331870445,-0.01048158033613733,-0.006827437055009211
2024-08-02,-0.00800833886922614,-0.004895426299787453,-0.003857871067482588,-0.010930313843632855,-0.004895426299787453
2024-08-05,-0.017498884283756344,-0.01674581612220427,-0.008469201242988555,-0.020986498726514258,-0.01674581612220427
2024-08-06,0.0005364937509093615,0.0016466285304119754,-0.004019633391581623,0.0012519144907872093,0.0016466285304119754
2024-08-07,-0.0027207808046457727,-0.005413323693137073,-0.0007779918115395912,-0.004695320790785162,-0.005413323693137073
2024-08-08,0.013974658114978444,0.012294513601694534,0.00817151317227971,0.019810711162196792,0.012294513601694534
2024-08-09,0.004437057264757849,0.004263301820455423,0.004547596485318772,0.0037179310209045635,0.004263301820455423
2024-08-12,0.002744297572330856,0.0014506863503815914,0.0061121049974126596,0.007621742686745758,0.0014506863503815914
2024-08-13,0.009339833692045385,0.01153930505732692,0.003420681639674905,0.009705312755390993,0.01153930505732692
2024-08-14,-0.0008246400467613046,0.0024164985061516653,-0.0008273394535823764,-0.0019388280142500491,0.0024164985061516653
2024-08-15,0.008541376380773347,0.007658765615789154,0.004388583460968487,0.011531768958274569,0.007658765615789154
2024-08-16,0.004454918465941926,0.002129860921677551,0.0010478436215775044,0.010118952885114219,0.002129860921677551
2024-08-19,0.006371652272774142,0.006275985956367025,0.0015530360419302447,0.005169022552658165,0.006275985956367025
2024-08-20,-0.0015067735050708908,0.0006158892289422901,0.000307090373689034,0.0007051873186108004,0.0006158892289422901
2024-08-21,0.0035347726786427724,0.002883128483377684,0.00034286640281266934,0.0016347405161087902,0.002883128483377684
2024-08-22,-0.007589181411069901,-0.006554303306241183,-0.004963148523475125,-0.01055664792551303,-0.006554303306241183
2024-08-23,0.01495556820243138,0.008227938885198682,0.010174550265616533,0.010730097013084361,0.008227938885198682
2024-08-26,-0.0015902196410042535,-0.0019234159739529577,0.0018205858916926498,-0.0011982563905948984,-0.0019234159739529577
2024-08-27,2.100119317116622e-05,0.0006630680698966884,-0.0009457481004121471,0.002062859709977438,0.0006630680698966884
2024-08-28,-0.005817423800338339,-0.0036994701007565522,-0.005444476660091513,-0.006865049191950634,-0.0036994701007565522
2024-08-29,0.0017781016900206836,-0.000641326241665019,0.002658613095169793,0.001815825106474822,-0.000641326241665019
2024-08-30,0.0007990553400227807,0.0043287229107475955,-0.0022417303290845902,0.0007431199247260878,0.0043287229107475955
2024-09-03,-0.011959191244273581,-0.00979520151752733,-0.008534842140832888,-0.010371716896251382,-0.00979520151752733
2024-09-04,0.000439523310615586,0.0011395669555001042,-7.218491903104862e-05,0.00023024891180267737,0.0011395669555001042
2024-09-05,0.0010728486553255312,-0.0004949118608734704,0.0014234711011378298,0.0027709147604266793,-0.0004949118608734704
2024-09-06,-0.011883092697746789,-0.009409034031915398,-0.007905022071917345,-0.010598347146786424,-0.009409034031915398
2024-09-09,0.006892735272280515,0.007179763339472789,0.004565870615208523,0.00688880711294626,0.007179763339472789
2024-09-10,0.0020985318561415056,0.004318339545285488,-0.0005463725810630482,0.004573879032381267,0.004318339545285488
2024-09-11,0.0050981184987743955,0.005778284662779631,0.004672176726997046,0.0042569076385492455,0.005778284662779631
2024-09-12,0.008081752862876046,0.0043468344465233955,0.007656749769238136,0.010548059046736391,0.0043468344465233955
2024-09-13,0.006791103742263438,0.003892021052221084,0.0033096648589354682,0.006572561362778506,0.003892021052221084
2024-09-16,0.003425589656020245,0.001941095497119294,0.003369013231469431,0.0007643582739285115,0.001941095497119294
2024-09-17,-0.0008314047793942514,-0.0004878203861319319,0.0008008743334773083,-0.0023274416882698157,-0.0004878203861319319
2024-09-18,-0.004599158165692341,-0.0035211107081031257,-0.0047113248290378,-0.00514828583574678,-0.0035211107081031257
2024-09-19,0.013206067546248201,0.00987546443718701,0.00993427191588192,0.014027766209130155,0.00987546443718701
2024-09-20,-0.0021576129446616577,-0.0011620969115863078,0.00020993841471494967,0.004278848440749661,-0.0011620969115863078
2024-09-23,0.002277518080626484,0.0012611358869527578,0.0006812656555812424,0.0018036194926662752,0.0012611358869527578
2024-09-24,0.008213438930208206,0.0021682848198782967,0.006486454807438591,0.007179557821527238,0.0021682848198782967
2024-09-25,-0.0058103645873957,-0.0029426428907581847,-0.004531284362166321,-0.0020120693553810076,-0.0029426428907581847
2024-09-26,0.006450346987897593,0.00210908451448355,-0.0012211408605212748,0.0038719714790067528,0.00210908451448355
2024-09-27,-0.00015988500625829793,0.0006971499008041615,0.0019629120075363993,-0.0034637299943079958,0.0006971499008041615
2024-09-30,-0.0020348339144097283,0.0013004086528642933,-0.0011829212814714607,-0.0021501542857035316,0.0013004086528642933
2024-10-01,-0.00047209999909814115,-0.003940025821788873,0.004022734385914495,0.001105840968706584,-0.003940025821788873
2024-10-02,0.0011880570970972393,-0.0008919463902252733,0.0008626657448520536,-0.0004007184309882117,-0.0008919463902252733
2024-10-03,-0.003990117992736186,-0.0031416375311498212,0.0007970082176056437,-0.002145706224332633,-0.0031416375311498212
2024-10-04,0.0023814794755967483,0.0015954318406967705,-0.0010881909955299252,0.0007101895363672561,0.0015954318406967705
2024-10-07,-0.0033442574139029846,-0.006900570016323493,-0.0008012381030295668,-0.00572133204734393,-0.006900570016323493
2024-10-08,-0.0029545036159124294,0.006036289605301004,-0.0034784776161469466,0.0012039463071435996,0.006036289605301004
2024-10-09,-0.001066735266581631,0.0027165505703909965,-0.002188582682437934,-6.01706549232528e-05,0.0027165505703909965
2024-10-10,0.0007231644483831623,-0.0011046967977693667,0.004738693229862756,0.001977566565368516,-0.0011046967977693667
2024-10-11,0.005940082763009391,0.003760842855056623,0.002568368691010958,0.006582453747595807,0.003760842855056623
2024-10-14,0.0010133739386655183,0.004286387242156353,-0.002404340940560523,0.002323213511938871,0.004286387242156353
2024-10-15,-0.004601088325230762,-0.002758756268449347,-0.004486368707151245,-0.0007402391126311025,-0.002758756268449347
2024-10-16,0.005046405777128893,0.0032545185777064223,0.0015699674640574646,0.0039898562791413905,0.0032545185777064223
2024-10-17,-0.002451186033390562,-0.0019779824362110565,-0.0016579063601354083,0.0011350395704832206,-0.0019779824362110565
2024-10-18,0.003947514760832327,0.002794388954208138,0.0008976612507740622,0.0058172238910372265,0.002794388954208138
2024-10-21,-0.0075382320898080835,-0.004005555482792467,-0.0031022352762335448,-0.00243317483363803,-0.004005555482792467
2024-10-22,0.0019267339781030568,-0.0006915838056776868,0.004441865915050469,0.003678578800783594,-0.0006915838056776868
2024-10-23,-0.006583041323271255,-0.006491645935248869,-0.0056913498681498975,-0.008767639179291353,-0.006491645935248869
2024-10-24,0.0034554985731511945,0.0021824527614446865,0.0019742189926250653,0.00428074095380504,0.0021824527614446865
2024-10-25,-0.0009678402259558627,-0.0010708152289847783,0.0008034169946546932,0.00016002925910929555,-0.0010708152289847783
2024-10-28,0.00024702064659454237,0.0009875008028690235,-0.006742998382636034,0.0007614171248473411,0.0009875008028690235
2024-10-29,0.0005923986886946508,0.0011548642527285935,0.0009101431231324231,0.0049012450100502924,0.0011548642527285935
2024-10-30,-0.00039155344740238185,-0.002426055419323614,0.0020591048433480363,0.0005986165327356296,-0.002426055419323614
2024-10-31,-0.009901719057787806,-0.011997591246255435,-0.004793147724462488,-0.015965381519055022,-0.011997591246255435
2024-11-01,-0.002613070851034238,0.00011659282207920896,-0.004612513793379791,-0.0012673410775599914,0.00011659282207920896
2024-11-04,0.005669240988611879,0.0008590992627184324,0.006293415150870674,0.0011200481023934117,0.0008590992627184324
2024-11-05,0.009462162537211771,0.007421525875826118,0.00523193519949694,0.0071703168301562314,0.007421525875826118
2024-11-06,-0.0016847592457563954,0.010758205541359755,-0.002916052582611739,-0.0034926751879219564,0.010758205541359755
2024-11-07,0.011473032875483957,0.007854064280459205,0.009070018614757203,0.011338814226026228,0.007854064280459205
2024-11-08,-0.0018150043205319433,0.003465674577280309,-0.0012795756373913392,0.0008406895534289749,0.003465674577280309
2024-11-11,-0.004167199213263584,-0.0005042014392140359,-0.005925901296103819,-0.008768824597826907,-0.0005042014392140359
2024-11-12,-0.010926541634986076,-0.004349040088542644,-0.005733626582316131,-0.006287261151297963,-0.004349040088542644
2024-11-13,-0.00407369602659069,4.465362586270061e-05,-0.0017914081366910972,-0.0030027591482159055,4.465362586270061e-05
2024-11-14,-0.003842924373542833,-0.003960840087600892,-0.001906143239707947,-0.0045678958603032616,-0.003960840087600892
2024-11-15,-0.0065679788848407306,-0.00761946349633702,-0.004737175636444602,-0.006569257702627174,-0.00761946349633702
2024-11-18,0.008172389532277391,0.003367422773997708,0.008250206485224343,0.009467467901473237,0.003367422773997708
2024-11-19,0.004026655537820334,0.003056483939756438,0.0032669785620529357,0.005548591175197126,0.003056483939756438
2024-11-20,-0.00036783204879209386,-0.00038377337868311656,-0.0004664830348969362,0.001847495377218511,-0.00038377337868311656
2024-11-21,0.0044603856271290265,0.0030429401758538255,0.0032946359156438287,0.0058459814065574545,0.0030429401758538255
2024-11-22,0.005043488795249074,0.002134472387655295,0.0020020151249016127,0.006646825224706943,0.002134472387655295
2024-11-25,0.003440621966723123,0.006292101604262745,0.0016084353109522276,-0.006767064677511536,0.006292101604262745
2024-11-26,-0.0006947536157313472,0.0023333945251999832,0.0005121807883210483,0.0030868084666471063,0.0023333945251999832
2024-11-27,0.0011146369413939095,-0.00026469985216526215,-1.9228495038103866e-05,0.0003259746288348797,-0.00026469985216526215
2024-11-29,0.005309164542274258,0.005402445544149481,0.004387997024148493,0.005322256577789286,0.005402445544149481
2024-12-02,-0.0009126271734737346,0.0010427260649137349,-0.001020232986128522,-0.003781569828352871,0.0010427260649137349
2024-12-03,0.00010579254292530926,-0.0008569573118550888,0.0009941002900999418,-0.00011245786844993333,-0.0008569573118550888
2024-12-04,0.003521087767425435,0.005251716773702064,0.0028775198941608515,0.0039013659820501534,0.005251716773702064
2024-12-05,-0.0013552045693161485,-0.0010329430583035926,-0.0007204485540002192,-0.0035741047047491703,-0.0010329430583035926
2024-12-06,0.0008831513419891301,0.0023984858176464563,0.00016836817134002757,0.0013038223786996372,0.0023984858176464563
2024-12-09,0.0011042805434666736,-0.0044781081867624195,-0.0013737267469394743,0.0008707620383869852,-0.0044781081867624195
2024-12-10,-0.0041601830660309425,-0.0025832730034789364,-0.001416321203994042,0.0009200740722623557,-0.0025832730034789364
2024-12-11,0.004873428401228841,0.003466284514187956,0.003387178737780605,0.006123776110272594,0.003466284514187956
2024-12-12,-0.007478917297172427,-0.004620373693637991,-0.004865750172124317,-0.007843744357310056,-0.004620373693637991
2024-12-13,-0.0030906352110762203,-0.0019748003016487603,-0.0027585826403048186,-0.004822897579004337,-0.0019748003016487603
2024-12-16,0.0013118637452256277,0.002706714738569538,0.000359829073504514,0.002531221955528684,0.002706714738569538
2024-12-17,-0.0036858463763768112,-0.002493254935518774,-0.0026454082049301997,-0.003740896709189201,-0.002493254935518774
2024-12-18,-0.02471661061182784,-0.021065508891438878,-0.015004675782863908,-0.025604271631137765,-0.021065508891438878
2024-12-19,-0.004161323279033513,-0.0020019421630221856,-0.0029491085240364034,-0.002181826153800581,-0.0020019421630221856
2024-12-20,0.007349301567185718,0.008678681584341819,0.006935043136948593,0.011033419875162265,0.008678681584341819
2024-12-23,0.0012648173301332832,0.0018405510554582172,-0.0004462248005647762,0.001059260970903031,0.0018405510554582172
2024-12-24,0.005963772767421105,0.0069308459342924955,0.0051696190775194495,0.0064502592627864175,0.0069308459342924955
2024-12-26,0.0016838152823874797,0.0003387793873377287,-0.0003662914053785826,0.002726046929738768,0.0003387793873377287
2024-12-27,-0.006692135189251047,-0.007408087213344294,-0.0036583458164952676,-0.008506979592438069,-0.007408087213344294
2024-12-30,-0.0032842131979651246,-0.004582181976065192,0.001562977928932563,-0.006041974443718456,-0.004582181976065192
2024-12-31,-0.00015672989133674875,-0.0029182160655903955,-0.0008991117099300672,-0.0008994572534346545,-0.0029182160655903955
2025-01-02,0.0009433696469012265,-0.0012565381108465834,0.0023411426392843104,0.004175427306291946,-0.0012565381108465834
2025-01-03,0.005228125069941747,0.006836939887384208,0.0009620165653345669,0.004470266941496881,0.006836939887384208
2025-01-06,0.0012980827158031172,0.0030816093705750003,0.0011979792143566037,0.003739257207435731,0.0030816093705750003
2025-01-07,-0.00600661247211931,-0.008629337624493139,-0.004521774303708925,-0.005470870226188751,-0.008629337624493139
2025-01-08,-1.8636807521232868e-05,0.0015729784880491593,0.000698448057433465,0.002807557110730663,0.0015729784880491593
2025-01-10,-0.008616113091094668,-0.012090486623486218,-0.0004539945746393492,-0.005057314487217579,-0.012090486623486218
2025-01-13,-0.00021158036697943583,0.00023007249970730115,0.0015930820529435064,-0.004067817577113164,0.00023007249970730115
2025-01-14,0.003901635361524658,0.0009582809871067077,0.00022192497364925678,0.0025382591718103864,0.0009582809871067077
2025-01-15,0.0143593733407823,0.015134088126799616,0.01454611788998883,0.014394877956294794,0.015134088126799616
2025-01-16,0.002539630572049756,-0.00021229249260468208,-0.0004643779693258576,0.000935312775313113,-0.00021229249260468208
2025-01-17,0.003435662993242161,0.006345700461643622,0.0018302691312417352,0.004640607030249377,0.006345700461643622
2025-01-21,0.010642974279196249,0.00685791041513073,0.003138716272132358,0.010998612497406413,0.00685791041513073
2025-01-22,-0.0010763347434790127,0.0023839446927191865,-0.00023951241993158678,0.0064008140724705065,0.0023839446927191865
2025-01-23,0.0014867282150783367,0.002298118809897165,-0.0011925239038313995,0.0018764306029792621,0.002298118809897165
2025-01-24,0.001728569509184652,-0.0009751551180029461,0.00053547969791512,0.00045690431707878787,-0.0009751551180029461
2025-01-27,-0.0066202500042777945,-0.006062813404410061,-0.004157211452582521,-0.014573143380406495,-0.006062813404410061
2025-01-28,0.0026972834910548027,0.0052267610330480885,0.002445951054695028,0.009406223487906429,0.0052267610330480885
2025-01-29,-0.00270815968743654,-0.003180163711954953,-0.0013391317553193005,-0.0036930768940200975,-0.003180163711954953
2025-01-30,0.008275915273926682,0.004095418702763309,0.0028017073258539416,0.009089539192562501,0.004095418702763309
2025-01-31,-0.00468274680158054,-0.0038477762241511115,-0.0030796480516842584,-0.0020149501743575993,-0.0038477762241511115
2025-02-03,-0.002542327814660683,-0.003746350043661195,0.0014236988793434602,-0.0003969024999833648,-0.003746350043661195
2025-02-04,0.00808609920146175,0.005004969362025324,0.003621210429546551,0.007129189603241937,0.005004969362025324
2025-02-05,0.006277011441740754,0.004757827329859854,0.0032520241777089787,0.005275965498667601,0.004757827329859854
2025-02-06,0.0012908750106677136,0.0016053877103656689,0.0004488123738304317,6.574507977896715e-05,0.0016053877103656689
2025-02-07,-0.005446597344504145,-0.006813407961489437,-0.004075054553508317,-0.0035710065358575127,-0.006813407961489437
2025-02-10,0.007002732427501712,0.003972152084758873,0.00502922946816553,0.009518262948225553,0.003972152084758873
2025-02-11,-0.0007261736908802385,-0.000576985821136411,0.0005279446837416213,-0.001703823543542149,-0.000576985821136411
2025-02-12,-0.004220190122444012,-0.0046887544727901576,-0.007739875012961472,-0.002201050023269535,-0.0046887544727901576
2025-02-13,0.010346276169953983,0.009329778926540744,0.00843226940583608,0.009669179363884783,0.009329778926540744
2025-02-14,0.00026228819957641036,0.001641771319008667,0.0022795318349806415,-0.005293735755335094,0.001641771319008667
2025-02-18,0.004318742616804094,-0.00037582190576501695,0.001296654803751407,0.006827781319358461,-0.00037582190576501695
2025-02-19,-5.854335399335664e-05,0.0020614012236519486,0.0034278602535817715,0.0014725868358227423,0.0020614012236519486
2025-02-20,0.000852971739254027,-0.001696493348961825,0.0004904773685936448,-0.0010336045509057312,-0.001696493348961825
2025-02-21,-0.00819762951959635,-0.007932494237982923,-0.0043919972086895465,-0.005960887199402798,-0.007932494237982923
2025-02-24,-0.0028359490544087596,-0.0018485273548571879,-0.000892692655229621,0.0008884252729322029,-0.0018485273548571879
2025-02-25,0.00016671818425684215,0.00024264148288444254,0.0007247213501007099,-0.0058240841915762065,0.00024264148288444254
2025-02-26,0.0013071597189295847,0.0014217371566009884,-0.00040103153967718796,0.001375852402296207,0.0014217371566009884
2025-02-27,-0.010699598358810736,-0.009900979160254675,-0.004626291782414582,-0.012682789611090817,-0.009900979160254675
2025-02-28,0.004243546607402893,0.011530881533815096,0.005248829153590595,0.003527992671531477,0.011530881533815096
2025-03-03,-0.004520185817536548,-0.009110644123856537,-0.0037366891867677277,0.0011790770799249284,-0.009110644123856537
2025-03-04,-0.0033448924625558707,-0.008336764328480961,-0.004655944844952131,-0.0009280728875660227,-0.008336764328480961
2025-03-05,0.008406010253947382,0.004140720399826492,-0.001151470623934725,0.0022224931542660364,0.004140720399826492
2025-03-06,-0.011678489653696889,-0.010846688835039364,-0.00625439972797126,-0.007383720596113474,-0.010846688835039364
2025-03-07,0.004237097073499063,0.0028201613875158404,0.0026971488166940283,0.0014321920915663089,0.0028201613875158404
2025-03-10,-0.014518361464873952,-0.013069149936313473,-0.004006066036793876,-0.00905871087965704,-0.013069149936313473
2025-03-11,-0.0010765996498603991,-0.006363475536211416,-0.0028392534238306233,0.001277575439018852,-0.006363475536211416
2025-03-12,0.0022984656477809118,0.0018957614271524204,-0.0006591101486158601,0.0023389691622397457,0.0018957614271524204
2025-03-13,-0.004754524599009491,-0.006201376223285537,-0.0016193271554770794,0.004763295197844908,-0.006201376223285537
2025-03-14,0.012001776595001123,0.010638747343964194,0.004259811775171096,0.004801722187345536,0.010638747343964194
2025-03-17,0.00901102903350326,0.00490236821493828,0.004526956025191264,0.004679152540696618,0.00490236821493828
2025-03-18,-0.003376855299664916,-0.005929196447113094,-0.002530888402295761,0.0021530162179852486,-0.005929196447113094
2025-03-19,0.006391600663418373,0.007677796874872023,0.005870937012839805,0.005659525852161229,0.007677796874872023
2025-03-20,-0.0028525458935736436,-0.0011078048912878113,0.00045308002316857277,-0.0008916950917320365,-0.0011078048912878113
2025-03-21,-0.004594131104628918,-0.00014996569900938006,-0.0024814857468725693,-0.003541230740652712,-0.00014996569900938006
2025-03-24,0.006488758594746624,0.008207895554318334,0.0017558819879175402,0.0013951956723852188,0.008207895554318334
2025-03-25,0.00016726419468415799,0.0021172892664438336,0.0014471802389119937,0.0029907273043039417,0.0021172892664438336
2025-03-26,-0.006655567389806882,-0.008059209609702078,-0.004675479047596354,-0.004412451752749291,-0.008059209609702078
2025-03-27,0.0005105159354563682,-0.0019218207643645346,-0.0005911998236454163,0.00455721357534733,-0.0019218207643645346
2025-03-28,-0.006792016374742804,-0.008683128132851436,-0.0007894335139730924,-8.175482177807947e-05,-0.008683128132851436
2025-03-31,0.004153583815309059,0.005179031764840358,0.007224802956615983,0.008095607460415932,0.005179031764840358
2025-04-01,0.002671061590433954,0.003099466043406496,0.003020890750299765,0.0010704521820426027,0.003020890750299765
2025-04-02,0.004572076751754306,0.003424967217487085,0.0024630532245994985,0.0017023343953064263,0.0024630532245994985
2025-04-03,-0.02750651597035947,-0.025602844728145335,-0.01590523406561184,-0.007625310926610118,-0.01590523406561184
2025-04-04,-0.03711728993693053,-0.033257852928961995,-0.019462052227691595,-0.01897895088386492,-0.019462052227691595
2025-04-07,-0.017742501122932963,-0.006111505947901663,-0.013456941332006034,-0.01479333174127806,-0.013456941332006034
2025-04-08,-0.014369245747028137,-0.011143635296756549,-0.012518916730081098,-0.003283024161420456,-0.012518916730081098
2025-04-09,0.05759867192315804,0.05875366333036358,0.02982922000630195,0.031242531544104946,0.02982922000630195
2025-04-10,-0.020881433856707043,-0.0286851767358548,-0.01721996611523824,-0.00045709407485172715,-0.01721996611523824
2025-04-11,0.015173578476848748,0.00817024495256291,0.006138278547920928,0.00879742130967176,0.006138278547920928
2025-04-14,0.007705011125845207,0.009018386403552014,0.006129601365944648,0.003019391119887249,0.006129601365944648
2025-04-15,0.002042665772392205,-0.0004580734756147731,0.0007286323235495828,0.003021074608031249,0.0007286323235495828
2025-04-16,-0.0020442338823960515,-0.011407639240618717,0.001677643381899907,0.011776968776725738,0.001677643381899907
2025-04-17,0.003548710678966227,-0.00034040435318360984,0.0006793397242041976,-0.0022015374435478963,0.0006793397242041976
2025-04-21,-0.008983625170745468,-0.016201059427637943,-0.010129587475446455,0.0066295602503760875,-0.010129587475446455
2025-04-22,0.01239697888405411,0.015470594430092133,0.007021849852495654,-0.001389614228850311,0.007021849852495654
2025-04-23,0.004497045528920607,0.0095591936932371,0.0021397750821310346,-0.007464279982686617,0.0021397750821310346
2025-04-24,0.013704903142156999,0.014669781129833082,0.010320342119910508,0.011547832997774732,0.010320342119910508
2025-04-25,0.002009577213935243,0.005839497571278329,0.003929064015939732,-0.0020520777985342242,0.003929064015939732
2025-04-28,0.0038983793485452,0.0018369395307311631,0.0015102565255351585,0.007796535022876805,0.0015102565255351585
2025-04-29,0.0017713745496248379,0.005148763885128416,0.00035377377347356465,-0.0015800199315945118,0.00035377377347356465
2025-04-30,-0.003399326624942689,0.0008567703102793089,-0.0061497948447307715,-0.0024072834315898017,-0.0061497948447307715
2025-05-01,9.697485762982794e-05,0.0025071821717519427,-0.0028123629825762553,-0.009162229842285985,-0.0028123629825762553
2025-05-02,0.010154326567600735,0.006274250260242864,-0.0021519948591327553,0.00018137701730580602,-0.0021519948591327553
2025-05-05,0.00035691343727606295,-0.004188505685124855,-0.0009382756656430846,0.010127093697776424,-0.0009382756656430846
2025-05-06,0.0006253706593173369,-0.004071900960803676,0.006952596212899342,0.010892857967890857,0.006952596212899342
2025-05-07,-0.0023608514295690997,0.0035847654078995372,-0.002148687409916361,-0.004468472898535025,-0.002148687409916361
2025-05-08,0.0002749257793126514,0.0011306768615684248,-0.0032941903637153658,-0.010853830297620659,-0.0032941903637153658
2025-05-09,0.0031519529140295877,-0.0004834478801238884,0.002923134565533836,0.003578455038463879,0.002923134565533836
2025-05-12,0.010604598869399462,0.01757835508548755,-0.0021704797781497698,-0.01019497412871817,-0.0021704797781497698
2025-05-13,0.0031916989506965976,0.0037863480897279977,0.003725216509114393,0.0010881826303217323,0.003725216509114393
2025-05-14,-0.004324681029328925,-0.0006352673185466839,-0.00565464400861182,-0.010534705124458865,-0.00565464400861182
2025-05-15,0.006093362293578819,0.005512583795836301,0.0036411450290987357,0.010943891605543099,0.0036411450290987357
2025-05-16,0.0021320453766298098,0.004043700448920218,-0.0007729364073868483,-0.0029487387311605273,-0.0007729364073868483
2025-05-19,0.0017221904527002785,0.0004770993813709712,0.00018208590676449532,0.004882208293082835,0.00018208590676449532
2025-05-20,0.001355031265525497,-0.002572249985565045,0.002605940891706293,0.005830372550300389,0.002605940891706293
2025-05-21,-0.01129618283178857,-0.01308577891218754,-0.007038348179311038,-0.004015085325184908,-0.007038348179311038
2025-05-22,-0.0011522198628460822,0.0016785980264732991,0.00036622282486042934,-0.0022534615965352778,0.00036622282486042934
2025-05-23,0.0017832008076434924,-0.0031089785758987576,0.004147606906707679,0.00925851665186106,0.004147606906707679
2025-05-27,0.00922003098051083,0.014388515225228105,0.0023271206795492105,-0.0014140454029255567,0.0023271206795492105
2025-05-28,-0.005114771182771816,-0.0046331348676417194,-0.0034110560724458505,-0.002812237805991047,-0.0034110560724458505
2025-05-29,0.0039608506721124925,0.004026118167470338,0.002959410150080055,0.005307719723008475,0.002959410150080055
2025-05-30,-0.0028517517301971385,0.0004803453365400667,-0.0010144584802997958,-0.0017199855391583085,-0.0010144584802997958
2025-06-02,0.00706271445244222,0.002012965120835153,0.004686529109227733,0.010152935298338495,0.00706271445244222
2025-06-03,0.0017250503061509992,0.0030461314750056534,0.0006517403456722803,-0.0031652436919212823,0.0017250503061509992
2025-06-04,0.004523326433149899,0.0027587493623475456,0.005393308581104428,0.005593147823192757,0.004523326433149899
2025-06-05,-0.0010902056504885627,-0.004086186610398501,-0.0008791586342576929,-0.00399796448387546,-0.0010902056504885627
2025-06-06,0.0021715403006226097,0.0029878460398844453,-0.0036130837332946086,-0.006756447305860891,0.0021715403006226097
2025-06-09,0.002761010087222182,0.001263543723620808,0.0016201645157691846,0.002810001457043132,0.002761010087222182
2025-06-10,0.003812389208080136,0.004103436941623073,0.00167502267832087,0.0020715213333408755,0.003812389208080136
2025-06-11,0.0015479684967323326,-8.795590202848036e-05,0.006148210768303297,0.0031204444081707194,0.0015479684967323326
2025-06-12,0.004478034146596865,0.004123396026428416,0.005272756001081014,0.007545321178751507,0.004478034146596865
2025-06-13,-0.004923089351965504,-0.0082159071795872,0.004166491050518806,0.0016203953646607427,-0.004923089351965504
2025-06-16,0.0022191200313905757,0.004588134931338583,-0.0036769516010143333,-0.0054234960154117,0.0022191200313905757
2025-06-17,-0.0018360373006439668,-0.00323681103629736,0.0083805948111364,0.0006415254749347898,-0.0018360373006439668
2025-06-18,0.0009549960735522056,0.00016223712859053663,0.0007490671301635388,-0.0017914275266684987,0.0009549960735522056
2025-06-20,-0.0019747086168773187,-0.0011599332878746704,0.0009514951594375987,-0.00031165916329922716,-0.0019747086168773187
2025-06-23,0.003215449936547543,0.007327320604853194,-0.006003276644824029,0.004820538311960387,0.003215449936547543
2025-06-24,0.004951586959305754,0.008036640477885104,-0.00341768206987092,-0.0030744359402662402,0.004951586959305754
2025-06-25,-0.0033945365721863574,0.000504866607958121,0.00020194913776783174,0.00038419919387755463,-0.0033945365721863574
2025-06-26,0.006185625917332738,0.006139219828671161,0.0038553734018189623,0.0021915508300227593,0.006185625917332738
2025-06-27,-0.0015531562517531183,0.001974931408680325,-0.004325839003645027,-0.00731845775026263,-0.0015531562517531183
2025-06-30,0.004889489127239299,0.004448136823048232,0.0051222984003920224,0.007248996102890759,0.004889489127239299
2025-07-01,0.0024089995636813466,-0.0009356300104276238,0.0017246452051191685,0.0027818505318872866,-0.0009356300104276238
2025-07-02,0.004843736148361755,0.0018841031874632375,0.002432526366396459,0.002303485214752321,0.0018841031874632375
2025-07-03,0.0015158469878153724,0.003365144189863001,-0.002504544544803644,-0.0025674980418153304,0.003365144189863001
2025-07-07,-0.007646778928121933,-0.005758443708221428,-0.003986112310453538,-0.002448179740893508,-0.005758443708221428
2025-07-08,0.0008877363297119523,-0.0009178407997485483,-0.001242615999421992,-0.004925632750847009,-0.0009178407997485483
2025-07-09,0.004878237422095477,0.005679229608034575,0.004638546020166556,0.0050647416361064845,0.005679229608034575
2025-07-10,0.0014142524148268443,0.0014954645598730387,-0.00014931551295382928,0.0012557635928793776,0.0014954645598730387
2025-07-11,-0.0028060879059723653,-0.0039609639186451995,-0.0010573993036305795,0.0013259734219064345,-0.0039609639186451995
2025-07-14,0.0005514675781217449,0.0009876046566099639,-0.002389498336474838,-0.0012690086787808808,0.0009876046566099639
2025-07-15,-0.005808440119743574,-0.004135721149501115,-0.004203215678912797,-0.004088430815569866,-0.004135721149501115
2025-07-16,0.004328557757544482,0.0031166645318039254,0.0025844088250650543,0.0037840758376967987,0.0031166645318039254
2025-07-17,0.004027400564362793,0.0035825599172154554,0.0019758035454535694,0.00022470418080344778,0.0035825599172154554
2025-07-18,-0.0003288053972981819,0.0006392648294186731,0.0019229419291857397,0.001989078377216069,0.0006392648294186731
2025-07-21,0.004422440998882449,0.0025254340912428397,0.004228253750708344,0.007983844633245418,0.0025254340912428397
2025-07-22,0.004306033993156211,0.001209059503904042,0.002951231330226012,0.0050146228790568514,0.001209059503904042
2025-07-23,0.004072530039705313,0.0037405951328992604,-0.00319159949916048,-0.004781189497034433,0.0037405951328992604
2025-07-24,-0.0036499830002985068,-0.000377739060251403,-0.0013134309893865215,-0.003000006107769071,-0.000377739060251403
2025-07-25,-0.0004996642154883046,0.0034825155251212436,-0.0005540740781376785,-0.0019823563860980054,0.0034825155251212436
2025-07-28,-0.004183285732507813,-0.0010189218234021302,-0.0007228027572050433,-0.0035287149941768403,-0.0010189218234021302
2025-07-29,0.004233193468236696,0.0009506410619759542,0.008398397214059772,0.0031444826788076252,0.0009506410619759542
2025-07-30,-0.006164013676127067,-0.0021260433710542648,-0.004697321144202293,-0.00855714952400266,-0.0021260433710542648
2025-07-31,-0.0049843850364115205,-0.0019294945598404833,-0.0010917429657246736,0.0015243157185214073,-0.0019294945598404833
2025-08-01,-0.0038412831984152573,-0.0051983170444050986,0.004307161384919711,0.008846799212997247,-0.0051983170444050986
2025-08-04,0.009544617875248962,0.009554708396577238,0.002751828042635518,0.006471073586254317,0.009554708396577238
2025-08-05,-0.0004621932720445532,-0.0033145039304138812,-0.0017902556844957562,-0.0012901314845873424,-0.0033145039304138812
2025-08-06,0.0011168791573441528,0.004256512254104061,-0.0011205302508312531,0.0012882089093366744,0.004256512254104061
2025-08-07,0.0028893043871818236,-0.000794910656636727,0.0008343763338201082,0.0037960973722803715,-0.000794910656636727
2025-08-08,0.0009506719861553936,0.0037218474944678004,-0.0008737295628190589,0.0008280347997053905,0.0037218474944678004
2025-08-11,-0.0030886350138746854,-0.0010579864730697608,-0.0011235321926473807,-0.006313340954128388,-0.0010579864730697608
2025-08-12,0.007276092593556438,0.006285062782892092,-0.0005578097680899452,0.0020463882375489906,0.006285062782892092
2025-08-13,0.00646751651159394,0.003479542086432863,0.0035268388361842096,0.002742046301252632,0.003479542086432863
2025-08-14,-0.004639930025308381,-0.0012367985639510914,-0.0026335201267091435,-0.003993750307470845,-0.0012367985639510914
2025-08-15,-0.0010457682882870634,-0.002201844299795308,-0.002894914725076969,-0.001439203258966626,-0.002201844299795308
2025-08-18,-0.0004980240594242291,-0.0005074255941159844,-0.000897629778604081,-0.001083621488779496,-0.0005074255941159844
2025-08-19,-0.002309458920447316,-0.0022597265758689256,-0.0005725158757144966,-0.003919846594334753,-0.0022597265758689256
2025-08-20,0.0017350010454628695,-0.0010064425882463368,0.0037737077833388533,0.0034749972966752196,-0.0010064425882463368
2025-08-21,-0.0023447371433842346,-0.0035783518662080294,-0.0018425785720005416,-0.003483121413900614,-0.0035783518662080294
2025-08-22,0.015278846562466697,0.011426040257261683,0.007380353552558949,0.009581344818630377,0.011426040257261683
2025-08-25,-0.00457562827883673,-0.003436381297748148,-0.0012459005169568327,-0.002336327499328883,-0.003436381297748148
2025-08-26,0.001231167391611887,0.0035590138651278025,0.0006775498243722922,0.0047731405110365,0.0035590138651278025
2025-08-27,0.001252618399087524,0.0021187083887694858,0.0011219634977346349,0.0018679156527732221,0.0021187083887694858
2025-08-28,0.0038316521018040284,0.003042356726011608,0.0045171205686471705,0.005155477193780733,0.003042356726011608
2025-08-29,-0.00242930437988087,-0.003912944190982426,-0.001231006322563899,0.001016614560320983,-0.003912944190982426
2025-09-02,-0.0018595946392160334,-0.005634393359764012,0.0020718104690720107,0.006622088387376879,-0.005634393359764012
2025-09-03,0.0031414194347505475,0.004628735776732507,0.0030446497890881385,0.006169429934896442,0.004628735776732507
2025-09-04,0.0041293872396082065,0.006801120919817549,0.002211300660006188,0.0017629220728525574,0.006801120919817549
2025-09-05,0.005695732882703641,0.00022146329848471424,0.004408632387600919,0.007629763208057527,0.00022146329848471424
2025-09-08,0.0057581764893119836,0.0027156461438595514,0.006599714986918581,0.006886930617008291,0.0027156461438595514
2025-09-09,-0.0008690522789950306,0.0004258224250852649,-0.001428474038764338,-0.0012287839654234745,0.0004258224250852649
2025-09-10,0.0025388026825305943,0.0028078576093280017,0.00421674090419244,0.0025738221002424844,0.0028078576093280017
2025-09-11,0.007454286089098927,0.005592170707728439,0.001335085004168679,0.0012106299965752854,0.005592170707728439
2025-09-12,-0.0014691224924743285,-0.0013526424299441508,-0.0006986039371031927,0.0006511645886095874,-0.0013526424299441508
2025-09-15,0.005403265441940919,0.00385597574139096,0.004525493218094034,0.006721591352853773,0.00385597574139096
2025-09-16,0.0010723001075161331,-0.0005817873159070786,0.0027840776424585822,0.0008973147734043785,-0.0005817873159070786
2025-09-17,-0.0024504888346124076,-0.0016088469521212678,-0.004245905977634856,-0.004411963152517906,-0.0016088469521212678
2025-09-18,0.0019377813487286843,0.0014924486532996717,-0.004086776883507004,-0.0009907208586216187,0.0014924486532996717
2025-09-19,-0.000767688819890977,0.0028222930301737836,-0.0005352889201178934,0.005646198926592572,0.0028222930301737836
2025-09-22,0.0037891983667304174,0.002203650588992412,0.0009738537088337385,0.007811709657025823,0.002203650588992412
2025-09-23,0.0013577705208434043,-0.0021943628667220327,0.004263349348632595,0.0013212288308006581,-0.0021943628667220327
2025-09-24,-0.004413377338071123,-0.002985917246082881,-0.0017986065999098244,-0.005530274448777295,-0.002985917246082881
2025-09-25,-0.002503780350326834,-0.003647832091441705,0.000381111989537386,7.963286042356188e-06,-0.003647832091441705
2025-09-26,0.0038607675102282357,0.0032492325949937673,0.0008801109082863245,0.00308762275426111,0.0032492325949937673
2025-09-29,0.0042328944615079855,0.002849794445134002,0.0031641069215979645,0.008988636821626539,0.002849794445134002
2025-09-30,0.002103041079710044,0.0020851026723871513,-0.00031888317720141224,0.0038743712040083533,0.0020851026723871513
2025-10-01,0.0033829822805255816,0.0033922638892067702,0.002098871655065837,0.0030855535864300343,0.0033922638892067702
2025-10-02,0.0006440988974771855,0.001105653167374765,-0.000552489500019071,-4.165519086030134e-05,0.001105653167374765
2025-10-03,0.0025599935663391804,-0.0007935818446818121,0.0003164615719779551,0.0017539987625427855,-0.0007935818446818121
2025-10-06,0.0031018753911336017,0.0009996764778381628,0.0017538335157720741,0.008173019652362834,0.0009996764778381628
2025-10-07,-0.0022723083890764384,-0.0012446961788554756,0.0027509491933432884,0.001688651124948537,-0.0012446961788554756
2025-10-08,0.005306163647721629,0.0036698318843995104,0.00282246875819836,0.009332336772738481,0.0036698318843995104
2025-10-09,-0.006437866139783144,-0.0020350899573394754,-0.0046128376719603015,-0.008431534067315338,-0.0020350899573394754
2025-10-10,-0.014880039738612738,-0.01380546981053088,-0.0017409733265016936,-0.0018024639107190321,-0.01380546981053088
2025-10-13,0.014463209832346724,0.009329018266564182,0.007126482650993138,0.015223357594533748,0.009329018266564182
2025-10-14,0.0014355358366791027,0.0003064009437170334,-0.0003036758748813373,0.002302253167230983,0.0003064009437170334
2025-10-15,0.007519636886222036,0.002194242613724473,0.002355778995042135,0.008720060437696464,0.002194242613724473
2025-10-16,0.0011999340935644476,-0.002213151731084717,0.004549696023937955,0.01099374101802053,-0.002213151731084717
2025-10-17,-0.001154982622492029,0.002717285404431502,-0.0024195810283843544,-0.007362647606194095,0.002717285404431502
2025-10-20,0.012819772753365877,0.0067499203145546804,0.008151198798057813,0.0186649938723793,0.0067499203145546804
2025-10-21,-0.010073753109475225,0.0007303120083448356,-0.007218390262421881,-0.027308997201994867,0.0007303120083448356
2025-10-22,-0.0011671300634211734,-0.0030323128256222187,0.002829104464122212,-0.0017953837838405873,-0.0030323128256222187
2025-10-23,0.0050099295567223034,0.0022273161003656394,0.0020839054227230758,0.002401889310345018,0.0022273161003656394
2025-10-24,0.004024622701551239,0.005272737571619945,0.0011925739574130123,0.0012480595394388505,0.005272737571619945
2025-10-27,0.002613856755978139,0.007098405550333364,-0.0010388208969888124,-0.007580106977169154,0.007098405550333364
2025-10-28,-0.0027814735381224143,0.001970593431115608,-0.0014568671177465076,-0.0010181056706713987,0.001970593431115608
2025-10-29,-0.00433920915530106,-0.002260341018625711,-0.003468799144860313,-0.0027318806817147046,-0.002260341018625711
2025-10-30,-0.0032640109338376577,-0.007239097413004214,-0.0010956279677755143,0.0038477803359717733,-0.007239097413004214
2025-10-31,0.001064155316238491,0.0021248103394844176,0.0009631155774392219,-0.001126761610534155,0.0021248103394844176
2025-11-03,0.0015018559071633408,0.000936997910115478,0.0014895040801718995,0.0014857063820099548,0.000936997910115478
2025-11-04,-0.009746687112979546,-0.006631080758195407,-0.00309145162978941,-0.010577951999930946,-0.006631080758195407
2025-11-05,0.0033016714218800924,0.00015921228177684377,-0.003675011457187072,0.003949034846294941,0.00015921228177684377
2025-11-06,-0.0047482232180556805,-0.004400393449640272,0.0030807688136975653,-0.0021670352961229433,-0.004400393449640272
2025-11-07,0.0026145118475517926,0.0007541407471889361,0.0006195865576053006,0.001986642894398205,0.0007541407471889361
2025-11-10,0.011135821388934986,0.00876354608394525,0.005128772212386945,0.01474799638307367,0.00876354608394525
2025-11-11,0.003841697008310385,0.0026160211171550873,0.004196163977871814,0.0023043854515627515,0.0026160211171550873
2025-11-12,0.00029257799895932024,0.0004164922778753244,-0.0013080722985979731,0.006471873370118564,0.0004164922778753244
2025-11-13,-0.012367098386485864,-0.01111684312841632,-0.006085960341519647,-0.008438752011872053,-0.01111684312841632
2025-11-14,-0.0020629608703295332,-0.000765314528846206,-0.0022582399729234037,-0.007916465067385636,-0.000765314528846206
2025-11-17,-0.007974536084029316,-0.005105911105794503,-0.0011009425373034176,-0.0058599411950486235,-0.005105911105794503
2025-11-18,-0.00139728713583398,-0.0043237161795549595,0.0020910135081075865,0.0012395569248433436,-0.0043237161795549595
2025-11-19,-0.0016416043518057144,0.0019935444878143027,-0.0028725340763999796,0.001512632555054516,0.0019935444878143027
2025-11-20,-0.00914152524695,-0.008078841185702124,-0.0021825773685728578,-0.003711597065501282,-0.008078841185702124
2025-11-21,0.007388739669157651,0.007226221044459358,0.0011415112942900763,0.002118467853492234,0.007226221044459358
2025-11-24,0.009944649847946074,0.00932751766274964,0.005048824119084472,0.011900863111329318,0.00932751766274964
2025-11-25,0.006109160671716518,0.006629679355618201,0.001168022007114411,0.0020821078905348678,0.006629679355618201
2025-11-26,0.007091864583075536,0.004443177253274921,0.00495533431754569,0.005284004348429683,0.004443177253274921
2025-11-28,0.004657029077833608,0.002573033458344698,0.002148256832643858,0.004474525084916081,0.002573033458344698
2025-12-01,-0.004786768085381254,-0.004885759032357551,-0.004097582707329073,-0.0006817975966698642,-0.004885759032357551
2025-12-02,-0.0001557069869414507,0.001444176622979354,-0.0008232988166181343,-0.0016011550115524464,0.001444176622979354
2025-12-03,0.004134867779159279,0.002907465329916148,0.0028155684605994935,0.0008289822846412331,0.002907465329916148
2025-12-04,0.00036662105560725244,-0.000789397318628815,-0.0015937568962648418,-0.000991184626702335,-0.000789397318628815
2025-12-05,0.0005993776623323122,0.0003257302833117315,0.00020852394807868713,-0.0002448130859796782,0.0003257302833117315
2025-12-08,-0.0038019663211589227,-0.002635922348236952,-0.0050878457312037995,-0.0023247931005345723,-0.002635922348236952
2025-12-09,-0.00017439967770449538,-0.0010970061898564198,-0.0008787680265995856,0.0012149018296288006,-0.0010970061898564198
2025-12-10,0.006794656557393974,0.005283784196787877,0.004906951563118156,0.004959501974780345,0.005283784196787877
2025-12-11,0.0025277857271517323,0.0014489431426809585,-0.00018061016199699687,0.0035127601513063045,0.0014489431426809585
2025-12-12,-0.007861640818491833,-0.0075747476000478375,-0.00591341832398129,-0.0016884648360693255,-0.0075747476000478375
2025-12-15,-0.0010333076078840042,-0.0005824258431791351,-0.0007383784468739663,0.00015256134361396612,-0.0005824258431791351
2025-12-16,-0.00256350164310315,-0.0005348265143333419,-0.0008877505660177532,0.00033055024043737724,-0.0005348265143333419
2025-12-17,-0.003238702364171564,-0.0067044972859804375,0.0023969217868793358,0.0011006231100321173,-0.0067044972859804375
2025-12-18,0.003932484912280154,0.00556289521656228,0.0011140789820245356,0.0027837552984533165,0.00556289521656228
2025-12-19,0.004559828381056841,0.004542406719233449,0.001015661762865827,0.0017550871733233997,0.004542406719233449
2025-12-22,0.006891913347839118,0.003344666340035163,0.003797250455487733,0.009733156524915021,0.003344666340035163
2025-12-23,0.004071686153878318,0.002599780484196401,0.0041577790536206916,0.0062790835454022975,0.002599780484196401
2025-12-24,0.00220880571499138,0.003156718345941556,0.002159652311710669,-0.0001944883738486114,0.003156718345941556
2025-12-26,0.0017664224085462976,0.0003063581111391045,0.0014907593403439279,0.006008483950359356,0.0003063581111391045
2025-12-29,-0.006900487745555184,-0.0015874570990326298,-0.0031366990251899818,-0.01762771189521506,-0.0015874570990326298
2025-12-30,9.274039105977572e-05,-0.0011477067638321348,0.001172019390607737,0.0003441072549665858,-0.0011477067638321348
2025-12-31,-0.006903007861744914,-0.0057814567251806,-0.006701205795254572,-0.004709436371994724,-0.0057814567251806
2026-01-02,0.0053472803086438425,0.0007643545170430421,0.0019717368046865413,0.00626352656250595,0.0007643545170430421
2026-01-05,0.01083540738772526,0.005202162033255853,0.008857120145738584,0.013430213309519434,0.005202162033255853
2026-01-06,0.0052102887900984385,0.003281260395656682,0.00011514852529881381,0.004841026261629189,0.003281260395656682
2026-01-07,-0.0037089160527375986,-0.0011971551472280684,-0.001131862224762581,-0.004206592179986424,-0.0011971551472280684
2026-01-08,0.002493162015497541,-0.0012606366139263914,0.0009111883001402532,0.0009042712961051524,-0.0012606366139263914
2026-01-09,0.005583071128097972,0.004434161114516888,0.0030885378565361776,0.004684959775309361,0.004434161114516888
2026-01-12,0.005667785186626695,0.0004519521280035299,0.00370110820968117,0.008961643218237336,0.0004519521280035299
2026-01-13,-0.0002804095497447312,-0.0007122112793336299,0.0019513910965160974,-0.0016486749765791675,-0.0007122112793336299
2026-01-14,0.002841287768890366,-0.002137940632618074,0.003164993334388244,0.005671156786302145,-0.002137940632618074
2026-01-15,0.0010995760565564172,0.0008103046910246103,-0.002685023519391927,-0.002354201784260934,0.0008103046910246103
2026-01-16,-0.0005690367022955778,-0.002032796972110895,-0.0035475569238090365,-0.003519186182467937,-0.002032796972110895
2026-01-20,-0.006099850987985933,-0.013847552217669978,-0.0009261823054326213,0.009712956857157895,-0.013847552217669978
2026-01-21,0.011303483428381389,0.007962410964271083,0.007562414241122362,0.009842381907511077,0.007962410964271083
2026-01-22,0.00452920489950559,0.0030982017846108434,0.0022462592343210908,0.008494590959390091,0.0030982017846108434
2026-01-23,0.0035945695988486293,0.0008826171175191355,0.006937296203611387,0.00738566912745009,0.0008826171175191355
2026-01-26,0.003813574311082313,0.0036380830911935114,0.003671435724683203,0.007013272848824137,0.0036380830911935114
2026-01-27,0.008582452301155508,0.0019478330759179485,0.004485278628001632,0.013518999524751996,0.0019478330759179485
2026-01-28,0.003856096915583862,-0.0003907332756252213,0.004145316075277572,0.01501590481524162,-0.0003907332756252213
2026-01-29,0.002653835036907415,-0.0007867076909904291,0.004081266009583917,0.0014725449246355549,-0.0007867076909904291
2026-01-30,-0.020349999323217682,-0.0020468128069475178,-0.014243967954716497,-0.04378101748924523,-0.0020468128069475178
2026-02-02,-0.005661489901773398,0.0021925772974173974,-0.010250447331750956,-0.01408487302676742,0.0021925772974173974
2026-02-03,0.006603654876547349,-0.004706430939328432,0.00849520151703409,0.023280915743890906,-0.004706430939328432
2026-02-04,-0.0028623473367886954,-0.002984607202226597,-0.0011122608932838673,-0.0034636917004157164,-0.002984607202226597
2026-02-05,-0.009094378557191418,-0.005106320329769765,-0.0004622154335834905,-0.008054717095911212,-0.005106320329769765
2026-02-06,0.018092196027972962,0.011381924468670812,0.005691833779823519,0.016769825501055324,0.011381924468670812
2026-02-09,0.007829021860566776,0.002966439388978559,0.0037970560841877887,0.010745328457073322,0.002966439388978559
2026-02-10,0.0010053816950494898,0.00017336234622788993,0.003449554100694474,-0.001404930748452382,0.00017336234622788993
2026-02-11,0.0026375091730184153,-0.0012647095250514218,0.001023922291615742,0.006554637174444711,-0.0012647095250514218
2026-02-12,-0.011227779640128777,-0.006771728560868495,-0.0014687646208130234,-0.012539239888016418,-0.006771728560868495
2026-02-13,0.007203023436345379,0.0020160282011945085,0.004679826514055074,0.011297535410026427,0.0020160282011945085
2026-02-17,-0.0032641037680359863,0.0009130342566441296,-0.0033291740028082994,-0.011992637665900863,0.0009130342566441296
2026-02-18,0.004914210397484187,0.002145040338265014,0.004795698612293009,0.008158676831893974,0.002145040338265014
2026-02-19,0.0001740670173366876,-0.0011900018126548284,0.002407498006027131,0.0007858784275167618,-0.0011900018126548284
2026-02-20,0.007627817156247607,0.004289702810754026,0.0030415257126992223,0.011928820755045866,0.004289702810754026
2026-02-23,-0.0014138644774808196,-0.0046144018635105866,0.0035790172506207085,0.008417122547119238,-0.0046144018635105866
2026-02-24,0.003568578551121915,0.0042158864732881884,0.0007374635448975653,-0.0014246253458416458,0.0042158864732881884
2026-02-25,0.004332263723464402,0.004672940184509589,0.0009198316733760592,0.0013774406475479672,0.004672940184509589
2026-02-26,-2.344121688624412e-05,-0.002227825225808888,0.0017476710293906628,0.0018662559074578144,-0.002227825225808888
2026-02-27,0.0009368947941390537,-0.001295629824847433,0.005682692844937165,0.004154875559617244,-0.001295629824847433
2026-03-02,0.00021175833014064338,-0.002075813051520936,-0.001411275183046623,-0.00476180918861957,-0.002075813051520936
2026-03-03,-0.01661830463568026,-0.005737586008140783,-0.0044322908646377,-0.028952278118689723,-0.005737586008140783
2026-03-04,0.006784710230835378,0.0033867365693498463,0.001424519362229315,0.004730032986976607,0.0033867365693498463
2026-03-05,-0.008544433906209514,-0.0045843595550513205,-0.0016281950668316503,-0.012280550010520974,-0.0045843595550513205
2026-03-06,-0.002336863476982698,-0.00810302631531834,0.005865444092065797,0.0022185892800936635,-0.00810302631531834
2026-03-09,0.0054612069962143295,0.00647858108520083,0.0020308188697415464,0.0069398091698607,0.00647858108520083
2026-03-10,0.0018091822063024399,-0.00224982339293589,-0.00023555250530249427,0.00297368641663609,-0.00224982339293589
2026-03-11,-0.0012366774912645484,-0.0025849919171534452,-0.001071678752141647,-0.001969384545160935,-0.0025849919171534452
2026-03-12,-0.010039568999673065,-0.010387226924707504,0.0015756214662216994,-0.01690126453651175,-0.010387226924707504
2026-03-13,-0.005190888486390932,-0.0037947920276476532,-0.0037215806437516097,-0.004801929224808932,-0.0037947920276476532
2026-03-16,0.007682549704785435,0.007875388811855455,0.002939617584229337,0.010485805456947661,0.007875388811855455
2026-03-17,0.004718994946752542,0.002283145895956018,0.005528051123723898,0.0021082667927372345,0.002283145895956018
2026-03-18,-0.011357454395744981,-0.01016686766477315,-0.0011990928287965996,-0.01679588857935832,-0.01016686766477315
2026-03-19,-0.00554165216955349,-0.0015061481567044677,-0.001914750599150139,-0.010377385102955494,-0.0015061481567044677
2026-03-20,-0.019824236303765508,-0.012159238987472731,-0.011086786833868434,-0.02274012354849797,-0.012159238987472731
2026-03-23,0.00394851040314137,0.007506773419974522,-0.004031249453038788,0.005482312609292439,0.007506773419974522
2026-03-24,-0.0017348908652277117,-0.0033589130559452673,0.0004927536360399554,-0.005933489322367147,-0.0033589130559452673
2026-03-25,0.009142130728087672,0.005450140175947249,0.005618023790686655,0.014826917915627291,0.005450140175947249
2026-03-26,-0.015213438223451448,-0.01388581772079156,-0.006092576306301556,-0.023872563597210017,-0.01388581772079156
2026-03-27,-0.0021038600849903055,-0.01004366943393864,0.003058267113267732,0.006962213640724135,-0.01004366943393864
2026-03-30,0.00014271177290337,0.0009588041854835527,0.007357649515771003,0.0003553572396910454,0.0009588041854835527
2026-03-31,0.021081218371911348,0.018123614811778044,0.0012467906236623971,0.005887563419219477,0.018123614811778044
2026-04-01,0.006027261502237646,0.0042257067471038745,-0.0014500837538483635,-0.0005944451772256221,0.006027261502237646
2026-04-02,0.0015003373678970089,0.0014543157118855898,0.007030549437004652,0.004842462003741277,0.0015003373678970089
2026-04-06,0.0027700884295518424,0.0018458088065269607,6.0057645753675004e-05,0.0018960144657602651,0.0027700884295518424
2026-04-07,0.001478666059047562,0.0012538923301852467,0.00021093932803761817,0.0011907328738105516,0.001478666059047562
2026-04-08,0.018432623993685615,0.016381107986726873,-0.00041587066419390695,0.001350879043171549,0.018432623993685615
2026-04-09,0.0030634190101472836,0.0034256762795601414,0.00046932175153413525,0.0018554188284447548,0.0030634190101472836
2026-04-10,-0.0004939889251351914,-0.0010512541994474045,-0.002764540121287129,-0.002432340618690687,-0.0004939889251351914
2026-04-13,0.007038406078460957,0.00686986272505874,0.005896815890846341,0.007375573133798996,0.007038406078460957
2026-04-14,0.011001666567717727,0.008772722562194746,0.0032631670884337716,0.00538913206153091,0.011001666567717727
2026-04-15,0.000719327884541654,0.004062772058557096,-0.0013624788879040839,-0.0013666678998489612,0.000719327884541654
2026-04-16,0.0018928776536546454,0.0008591266431974276,-0.0009381664370520237,0.0024927284313263076,0.0018928776536546454
2026-04-17,0.009892276033854674,0.009588728245564448,0.0005999061754917712,-0.0025707461500459328,0.009892276033854674
2026-04-20,-0.0005141540353740259,-0.0016019289290004624,0.001840951372291899,0.0018486922034866016,-0.0005141540353740259
2026-04-21,-0.009773939064194881,-0.005735135595337448,-0.0009904906154155624,-0.0008562580805926423,-0.009773939064194881
2026-04-22,0.007527087728129045,0.006717477491105184,0.004002125205061269,0.008373325733729287,0.007527087728129045
2026-04-23,-0.0028971999668864212,-0.003018016033393467,0.0007140345548493077,-0.0001562546222734218,-0.0028971999668864212
2026-04-24,0.0067256682810201696,0.005596425909869085,0.001990509869126189,0.004948500126942035,0.0067256682810201696
2026-04-27,-0.0013636223455812946,0.00022307448102076854,-0.0007866661444886347,0.0007394900260744297,-0.0013636223455812946
2026-04-28,-0.004409687842077625,-0.003408312126793822,0.001075553178525146,-0.0010546085050947562,-0.004409687842077625
2026-04-29,-0.002188126462283946,-0.001857157015171973,0.0005744427337635027,0.004783246489876936,-0.002188126462283946
2026-04-30,0.01167066042533249,0.006671894525133837,0.002722798916859892,0.005251578265151657,0.01167066042533249
2026-05-01,0.0008243760251125387,0.001969546886684048,-0.00022336060030125893,-0.0016458890006841864,0.0008243760251125387
2026-05-04,-0.00458875992474117,-0.0036757038589446678,-0.0007379068560370294,0.002897296140242256,-0.00458875992474117
2026-05-05,0.008644752707519743,0.005422372536854292,0.0025831135040290665,0.0036524302588372137,0.008644752707519743
2026-05-06,0.013508683336123761,0.010363805340460441,0.0007466905276516389,-0.0005777049167097204,0.013508683336123761
2026-05-07,-0.0065163631344493655,-0.0030607656510821535,-0.002736723055933754,-0.0031393367550235363,-0.0065163631344493655
2026-05-08,0.008703693039933569,0.00604362504630096,0.004085776815587527,0.005984677386693393,0.008703693039933569
2026-05-11,0.002378665643700817,6.045515806207824e-05,0.002471150696170321,0.006636838331975925,0.002378665643700817
2026-05-12,-0.005197956147554361,-0.002245140561468184,0.000780308180807765,0.0005244868546363524,-0.005197956147554361
2026-05-13,0.001919884394982363,0.003408375313775247,-0.001304071099280657,0.0009458472861512135,0.001919884394982363
2026-05-14,0.00012298602444293927,0.004571939606168529,0.0002586392429440032,-0.0001335600234936285,0.00012298602444293927
2026-05-15,-0.016334703216828395,-0.010451366366138415,-0.008567509545338914,-0.00961326014066577,-0.016334703216828395
2026-05-18,0.0015095712288200058,-0.0005964222410425046,0.0008306492124858789,0.001332514992619549,0.0015095712288200058
2026-05-19,-0.005866449212590719,-0.005569396706567642,-0.002711797261696791,-0.002025966921478939,-0.005866449212590719
2026-05-20,0.010888640421714335,0.00889360932048322,0.002754696182998728,-5.020441768510686e-05,0.010888640421714335
2026-05-21,0.002734916131200471,0.0014615318433399693,0.000339735851580647,6.235629642059592e-05,0.002734916131200471
2026-05-22,0.0008202182804926128,0.0027369195032724836,0.001273863918420659,-0.0006231780948281473,0.0008202182804926128
2026-05-26,0.00933054882086859,0.005717715883543528,0.001122607255778174,0.003030284151737339,0.00933054882086859
2026-05-27,-0.0035455964790299666,5.782740483484261e-05,-0.002679845070371556,-0.005133589100654534,-0.0035455964790299666
2026-05-28,0.004380349006250839,0.004284710808788894,0.004375275387984434,0.00478343804940673,0.004380349006250839
2026-05-29,-0.00037481527874494436,0.0019324661746744631,-0.0006697749308428591,-0.002011771162129916,-0.00037481527874494436
2026-06-01,0.0007018746948290744,0.000944106718465676,0.002709057220353861,0.008008172459697871,0.000944106718465676
2026-06-02,0.004455905937175597,0.0011129484391345645,0.0018710097210659082,0.003858843167937609,0.0011129484391345645
2026-06-03,-0.005636012018280678,-0.005235825760353974,-0.0022009200466129863,-0.0018632792589085012,-0.005235825760353974
2026-06-04,0.0025185765230177903,0.0027789999035623403,-0.0004039892177410964,-0.005221307177651235,0.0027789999035623403
2026-06-05,-0.026228212177341614,-0.01763216545574886,-0.012175652553008898,-0.025366467110225055,-0.01763216545574886
2026-06-08,0.004010554836710867,0.0009180569656566107,0.00019421102640171384,0.006703422285430305,0.0009180569656566107
2026-06-09,-0.0007690843130305769,-0.0006312071872200953,-0.0002878441493584516,-0.0044746321342578055,-0.0006312071872200953
2026-06-10,-0.011644277148675886,-0.009776215821650336,-0.003480681343297154,-0.005054383885288893,-0.009776215821650336
2026-06-11,0.019140851138749415,0.012891453341841608,0.006689063105878246,0.010663988546308234,0.012891453341841608
2026-06-12,0.0023977328996367397,0.002525883499940651,-0.0017134355829868664,-0.0017488134930634391,0.002525883499940651
2026-06-15,0.010332963620021562,0.010938502656190563,0.001677455105768777,0.006360516745711475,0.010938502656190563
2026-06-16,-0.004569807036673645,-0.0025580986780184833,-0.0010412846712879453,-0.007517575936054621,-0.0025580986780184833
2026-06-17,-0.009418135621732993,-0.009593430584246776,-0.006118081901072103,-0.00615917008680944,-0.009593430584246776
2026-06-18,0.009645427040034571,0.007658502806439982,0.004027061098146545,0.009225215744990578,0.007658502806439982
2026-06-22,-0.00033898480940131037,-0.003415761099481829,-0.004808385586832831,-0.003080316001998984,-0.003415761099481829
2026-06-23,-0.014963884056341192,-0.008169596349811181,-0.0036979349988676136,-0.015553553834537825,-0.008169596349811181
2026-06-24,-0.0031125842882089305,0.002355394960853907,0.001088343153152982,-0.004775604289620539,0.002355394960853907
2026-06-25,0.006437034591778579,0.00111456184314207,0.003511952382830197,0.008050161041524895,0.00111456184314207
2026-06-26,-0.0005309921163081377,0.0010300746016638218,-0.0011782607458316052,-0.007525986264561246,0.0010300746016638218
