Date,DBC,EEM,EFA,GLD,IEF,IWM,QQQ,SPY,TLT,VNQ
2007-03-01,0.0,0.0,0.0,0.0,0.4009329813025515,0.0,0.0,0.5990670186974485,0.0,0.0
2007-03-02,0.0,0.0,0.0,0.0,0.40488286880349666,0.0,0.0,0.5951171311965033,0.0,0.0
2007-03-05,0.0,0.0,0.0,0.0,0.4073339048539109,0.0,0.0,0.592666095146089,0.0,0.0
2007-03-06,0.0,0.0,0.0,0.0,0.4029280457445948,0.0,0.0,0.5970719542554052,0.0,0.0
2007-03-07,0.0,0.0,0.0,0.0,0.40360128992607897,0.0,0.0,0.5963987100739209,0.0,0.0
2007-03-08,0.0,0.0,0.0,0.0,0.4015476545558161,0.0,0.0,0.5984523454441838,0.0,0.0
2007-03-09,0.0,0.0,0.0,0.0,0.40012566846046904,0.0,0.0,0.5998743315395311,0.0,0.0
2007-03-12,0.0,0.0,0.0,0.0,0.40043092699091914,0.0,0.0,0.5995690730090808,0.0,0.0
2007-03-13,0.0,0.0,0.0,0.0,0.4062191117238529,0.0,0.0,0.5937808882761472,0.0,0.0
2007-03-14,0.0,0.0,0.0,0.0,0.4041136895622306,0.0,0.0,0.5958863104377694,0.0,0.0
2007-03-15,0.0,0.0,0.0,0.0,0.40352631336580697,0.0,0.0,0.596473686634193,0.0,0.0
2007-03-16,0.0,0.0,0.0,0.0,0.4041725103128441,0.0,0.0,0.5958274896871559,0.0,0.0
2007-03-19,0.0,0.0,0.0,0.0,0.40097352461108954,0.0,0.0,0.5990264753889104,0.0,0.0
2007-03-20,0.0,0.0,0.0,0.0,0.40000377605563575,0.0,0.0,0.5999962239443642,0.0,0.0
2007-03-21,0.0,0.0,0.0,0.0,0.3964359448914702,0.0,0.0,0.6035640551085298,0.0,0.0
2007-03-22,0.0,0.0,0.0,0.0,0.3958178482122706,0.0,0.0,0.6041821517877294,0.0,0.0
2007-03-23,0.0,0.0,0.0,0.0,0.3950944987206066,0.0,0.0,0.6049055012793934,0.0,0.0
2007-03-26,0.0,0.0,0.0,0.0,0.39561219053953145,0.0,0.0,0.6043878094604687,0.0,0.0
2007-03-27,0.0,0.0,0.0,0.0,0.3961235120869781,0.0,0.0,0.6038764879130218,0.0,0.0
2007-03-28,0.0,0.0,0.0,0.0,0.39784361920519307,0.0,0.0,0.6021563807948068,0.0,0.0
2007-03-29,0.0,0.0,0.0,0.0,0.39724536768300944,0.0,0.0,0.6027546323169907,0.0,0.0
2007-03-30,0.0,0.0,0.0,0.0,0.3969068553386941,0.0,0.0,0.6030931446613059,0.0,0.0
2007-04-02,0.0,0.0,0.0,0.0,0.3999964263268194,0.0,0.0,0.6000035736731807,0.0,0.0
2007-04-03,0.0,0.0,0.0,0.0,0.39722746558145483,0.0,0.0,0.6027725344185451,0.0,0.0
2007-04-04,0.0,0.0,0.0,0.0,0.39733663301111904,0.0,0.0,0.6026633669888811,0.0,0.0
2007-04-05,0.0,0.0,0.0,0.0,0.3960818451062816,0.0,0.0,0.6039181548937184,0.0,0.0
2007-04-09,0.0,0.0,0.0,0.0,0.3946498104789628,0.0,0.0,0.6053501895210371,0.0,0.0
2007-04-10,0.0,0.0,0.0,0.0,0.3948615731995552,0.0,0.0,0.6051384268004447,0.0,0.0
2007-04-11,0.0,0.0,0.0,0.0,0.39554890622972094,0.0,0.0,0.6044510937702791,0.0,0.0
2007-04-12,0.0,0.0,0.0,0.0,0.39472118546927387,0.0,0.0,0.6052788145307261,0.0,0.0
2007-04-13,0.0,0.0,0.0,0.0,0.39322863520720613,0.0,0.0,0.6067713647927939,0.0,0.0
2007-04-16,0.0,0.0,0.0,0.0,0.39123595009771045,0.0,0.0,0.6087640499022895,0.0,0.0
2007-04-17,0.0,0.0,0.0,0.0,0.39161293551867254,0.0,0.0,0.6083870644813273,0.0,0.0
2007-04-18,0.0,0.0,0.0,0.0,0.39186778903144137,0.0,0.0,0.6081322109685587,0.0,0.0
2007-04-19,0.0,0.0,0.0,0.0,0.3919036219602813,0.0,0.0,0.6080963780397186,0.0,0.0
2007-04-20,0.0,0.0,0.0,0.0,0.3894085224458582,0.0,0.0,0.6105914775541417,0.0,0.0
2007-04-23,0.0,0.0,0.0,0.0,0.3907940236996481,0.0,0.0,0.6092059763003519,0.0,0.0
2007-04-24,0.0,0.0,0.0,0.0,0.3911560920645782,0.0,0.0,0.6088439079354218,0.0,0.0
2007-04-25,0.0,0.0,0.0,0.0,0.3888387512394301,0.0,0.0,0.6111612487605698,0.0,0.0
2007-04-26,0.0,0.0,0.0,0.0,0.38788207408237607,0.0,0.0,0.6121179259176239,0.0,0.0
2007-04-27,0.0,0.0,0.0,0.0,0.3880724912952464,0.0,0.0,0.6119275087047535,0.0,0.0
2007-04-30,0.0,0.0,0.0,0.0,0.39108322520773664,0.0,0.0,0.6089167747922635,0.0,0.0
2007-05-01,0.0,0.0,0.0,0.0,0.3993974663713524,0.0,0.0,0.6006025336286476,0.0,0.0
2007-05-02,0.0,0.0,0.0,0.0,0.3977097874078549,0.0,0.0,0.6022902125921451,0.0,0.0
2007-05-03,0.0,0.0,0.0,0.0,0.396156519623777,0.0,0.0,0.6038434803762229,0.0,0.0
2007-05-04,0.0,0.0,0.0,0.0,0.39585742268563207,0.0,0.0,0.6041425773143679,0.0,0.0
2007-05-07,0.0,0.0,0.0,0.0,0.39601172339357654,0.0,0.0,0.6039882766064234,0.0,0.0
2007-05-08,0.0,0.0,0.0,0.0,0.3963287957043248,0.0,0.0,0.6036712042956753,0.0,0.0
2007-05-09,0.0,0.0,0.0,0.0,0.39490085168994266,0.0,0.0,0.6050991483100574,0.0,0.0
2007-05-10,0.0,0.0,0.0,0.0,0.39802113977914355,0.0,0.0,0.6019788602208563,0.0,0.0
2007-05-11,0.0,0.0,0.0,0.0,0.39549102710887096,0.0,0.0,0.6045089728911289,0.0,0.0
2007-05-14,0.0,0.0,0.0,0.0,0.3956680325115247,0.0,0.0,0.6043319674884753,0.0,0.0
2007-05-15,0.0,0.0,0.0,0.0,0.39557554906684983,0.0,0.0,0.6044244509331502,0.0,0.0
2007-05-16,0.0,0.0,0.0,0.0,0.39380218312871945,0.0,0.0,0.6061978168712806,0.0,0.0
2007-05-17,0.0,0.0,0.0,0.0,0.39363881995414113,0.0,0.0,0.6063611800458588,0.0,0.0
2007-05-18,0.0,0.0,0.0,0.0,0.3908728650493421,0.0,0.0,0.609127134950658,0.0,0.0
2007-05-21,0.0,0.0,0.0,0.0,0.3913159102566974,0.0,0.0,0.6086840897433026,0.0,0.0
2007-05-22,0.0,0.0,0.0,0.0,0.3908369934727775,0.0,0.0,0.6091630065272224,0.0,0.0
2007-05-23,0.0,0.0,0.0,0.0,0.3903411047420619,0.0,0.0,0.609658895257938,0.0,0.0
2007-05-24,0.0,0.0,0.0,0.0,0.39282773376143265,0.0,0.0,0.6071722662385675,0.0,0.0
2007-05-25,0.0,0.0,0.0,0.0,0.3915739334021684,0.0,0.0,0.6084260665978315,0.0,0.0
2007-05-29,0.0,0.0,0.0,0.0,0.39021760502513747,0.0,0.0,0.6097823949748625,0.0,0.0
2007-05-30,0.0,0.0,0.0,0.0,0.3885212652503822,0.0,0.0,0.6114787347496178,0.0,0.0
2007-05-31,0.0,0.0,0.0,0.0,0.3886820596819666,0.0,0.0,0.6113179403180333,0.0,0.0
2007-06-01,0.0,0.0,0.0,0.0,0.3977789613597258,0.0,0.0,0.6022210386402742,0.0,0.0
2007-06-04,0.0,0.0,0.0,0.0,0.3981316419663105,0.0,0.0,0.6018683580336895,0.0,0.0
2007-06-05,0.0,0.0,0.0,0.0,0.3983140741555101,0.0,0.0,0.6016859258444898,0.0,0.0
2007-06-06,0.0,0.0,0.0,0.0,0.40102563022210413,0.0,0.0,0.598974369777896,0.0,0.0
2007-06-07,0.0,0.0,0.0,0.0,0.40298849193533115,0.0,0.0,0.5970115080646688,0.0,0.0
2007-06-08,0.0,0.0,0.0,0.0,0.4003304105022386,0.0,0.0,0.5996695894977614,0.0,0.0
2007-06-11,0.0,0.0,0.0,0.0,0.3992897880270221,0.0,0.0,0.6007102119729779,0.0,0.0
2007-06-12,0.0,0.0,0.0,0.0,0.4002084783207805,0.0,0.0,0.5997915216792196,0.0,0.0
2007-06-13,0.0,0.0,0.0,0.0,0.3974282507889416,0.0,0.0,0.6025717492110584,0.0,0.0
2007-06-14,0.0,0.0,0.0,0.0,0.3959648586533237,0.0,0.0,0.6040351413466762,0.0,0.0
2007-06-15,0.0,0.0,0.0,0.0,0.3956537863999696,0.0,0.0,0.6043462136000305,0.0,0.0
2007-06-18,0.0,0.0,0.0,0.0,0.3958157904122405,0.0,0.0,0.6041842095877595,0.0,0.0
2007-06-19,0.0,0.0,0.0,0.0,0.3963825574589127,0.0,0.0,0.6036174425410873,0.0,0.0
2007-06-20,0.0,0.0,0.0,0.0,0.3989606060119067,0.0,0.0,0.6010393939880933,0.0,0.0
2007-06-21,0.0,0.0,0.0,0.0,0.3973338554796466,0.0,0.0,0.6026661445203533,0.0,0.0
2007-06-22,0.0,0.0,0.0,0.0,0.40031679407287263,0.0,0.0,0.5996832059271274,0.0,0.0
2007-06-25,0.0,0.0,0.0,0.0,0.4022437791034627,0.0,0.0,0.5977562208965372,0.0,0.0
2007-06-26,0.0,0.0,0.0,0.0,0.404790173754627,0.0,0.0,0.595209826245373,0.0,0.0
2007-06-27,0.0,0.0,0.0,0.0,0.40136091465709395,0.0,0.0,0.598639085342906,0.0,0.0
2007-06-28,0.0,0.0,0.0,0.0,0.4012441497413426,0.0,0.0,0.5987558502586574,0.0,0.0
2007-06-29,0.0,0.0,0.0,0.0,0.4024121203246748,0.0,0.0,0.5975878796753252,0.0,0.0
2007-07-02,0.0,0.0,0.0,0.0,0.39820665125142873,0.0,0.0,0.6017933487485713,0.0,0.0
2007-07-03,0.0,0.0,0.0,0.0,0.39662883133041665,0.0,0.0,0.6033711686695833,0.0,0.0
2007-07-05,0.0,0.0,0.0,0.0,0.3955420855478367,0.0,0.0,0.6044579144521633,0.0,0.0
2007-07-06,0.0,0.0,0.0,0.0,0.39372294044305095,0.0,0.0,0.606277059556949,0.0,0.0
2007-07-09,0.0,0.0,0.0,0.0,0.39439962787862615,0.0,0.0,0.6056003721213739,0.0,0.0
2007-07-10,0.0,0.0,0.0,0.0,0.39946643452206326,0.0,0.0,0.6005335654779368,0.0,0.0
2007-07-11,0.0,0.0,0.0,0.0,0.3969419478447733,0.0,0.0,0.6030580521552266,0.0,0.0
2007-07-12,0.0,0.0,0.0,0.0,0.3925161209042719,0.0,0.0,0.607483879095728,0.0,0.0
2007-07-13,0.0,0.0,0.0,0.0,0.392340003388152,0.0,0.0,0.6076599966118481,0.0,0.0
2007-07-16,0.0,0.0,0.0,0.0,0.3933169084524303,0.0,0.0,0.6066830915475698,0.0,0.0
2007-07-17,0.0,0.0,0.0,0.0,0.392937793724694,0.0,0.0,0.607062206275306,0.0,0.0
2007-07-18,0.0,0.0,0.0,0.0,0.3942266034736663,0.0,0.0,0.6057733965263337,0.0,0.0
2007-07-19,0.0,0.0,0.0,0.0,0.39327171419490875,0.0,0.0,0.6067282858050913,0.0,0.0
2007-07-20,0.0,0.0,0.0,0.0,0.39688151324795945,0.0,0.0,0.6031184867520405,0.0,0.0
2007-07-23,0.0,0.0,0.0,0.0,0.39606177295106926,0.0,0.0,0.6039382270489309,0.0,0.0
2007-07-24,0.0,0.0,0.0,0.0,0.40090233584757967,0.0,0.0,0.5990976641524203,0.0,0.0
2007-07-25,0.0,0.0,0.0,0.0,0.40073433612961723,0.0,0.0,0.5992656638703827,0.0,0.0
2007-07-26,0.0,0.0,0.0,0.0,0.40841685835685754,0.0,0.0,0.5915831416431424,0.0,0.0
2007-07-27,0.0,0.0,0.0,0.0,0.4136937111960181,0.0,0.0,0.5863062888039818,0.0,0.0
2007-07-30,0.0,0.0,0.0,0.0,0.4093173024241194,0.0,0.0,0.5906826975758807,0.0,0.0
2007-07-31,0.0,0.0,0.0,0.0,0.4130583666222143,0.0,0.0,0.5869416333777857,0.0,0.0
2007-08-01,0.0,0.0,0.0,0.0,0.39816890089829277,0.0,0.0,0.6018310991017073,0.0,0.0
2007-08-02,0.0,0.0,0.0,0.0,0.39643846988113657,0.0,0.0,0.6035615301188635,0.0,0.0
2007-08-03,0.0,0.0,0.0,0.0,0.4042443289352268,0.0,0.0,0.5957556710647731,0.0,0.0
2007-08-06,0.0,0.0,0.0,0.0,0.3992877954932827,0.0,0.0,0.6007122045067173,0.0,0.0
2007-08-07,0.0,0.0,0.0,0.0,0.3967160984756677,0.0,0.0,0.6032839015243324,0.0,0.0
2007-08-08,0.0,0.0,0.0,0.0,0.39175003333354547,0.0,0.0,0.6082499666664545,0.0,0.0
2007-08-09,0.0,0.0,0.0,0.0,0.40028759770840383,0.0,0.0,0.5997124022915961,0.0,0.0
2007-08-10,0.0,0.0,0.0,0.0,0.40106245770611215,0.0,0.0,0.5989375422938878,0.0,0.0
2007-08-13,0.0,0.0,0.0,0.0,0.40058098757096783,0.0,0.0,0.5994190124290323,0.0,0.0
2007-08-14,0.0,0.0,0.0,0.0,0.4051629424966899,0.0,0.0,0.5948370575033101,0.0,0.0
2007-08-15,0.0,0.0,0.0,0.0,0.4089493521193745,0.0,0.0,0.5910506478806254,0.0,0.0
2007-08-16,0.0,0.0,0.0,0.0,0.4080740342828164,0.0,0.0,0.5919259657171836,0.0,0.0
2007-08-17,0.0,0.0,0.0,0.0,0.4038589053490178,0.0,0.0,0.5961410946509823,0.0,0.0
2007-08-20,0.0,0.0,0.0,0.0,0.40449681040499547,0.0,0.0,0.5955031895950045,0.0,0.0
2007-08-21,0.0,0.0,0.0,0.0,0.40505446761193203,0.0,0.0,0.5949455323880679,0.0,0.0
2007-08-22,0.0,0.0,0.0,0.0,0.4014369083214817,0.0,0.0,0.5985630916785184,0.0,0.0
2007-08-23,0.0,0.0,0.0,0.0,0.401736492203208,0.0,0.0,0.598263507796792,0.0,0.0
2007-08-24,0.0,0.0,0.0,0.0,0.3988754258570865,0.0,0.0,0.6011245741429135,0.0,0.0
2007-08-27,0.0,0.0,0.0,0.0,0.40178090929520116,0.0,0.0,0.5982190907047987,0.0,0.0
2007-08-28,0.0,0.0,0.0,0.0,0.40837339723732674,0.0,0.0,0.5916266027626733,0.0,0.0
2007-08-29,0.0,0.0,0.0,0.0,0.40276885226319115,0.0,0.0,0.597231147736809,0.0,0.0
2007-08-30,0.0,0.0,0.0,0.0,0.4046153646640607,0.0,0.0,0.5953846353359392,0.0,0.0
2007-08-31,0.0,0.0,0.0,0.0,0.40231275103934827,0.0,0.0,0.5976872489606517,0.0,0.0
2007-09-04,0.0861768915600876,0.0,2.76623181119526e-18,0.009799267004972342,0.3981772723031656,1.677586660874018e-18,3.036419894983884e-19,0.2213938926025879,0.28445267652918654,0.0
2007-09-05,0.0860824711882294,0.0,2.7178174006437596e-18,0.009787111087676216,0.39944471121160074,1.657009741358842e-18,2.9967982043961044e-19,0.21881658339679252,0.28586912311570106,0.0
2007-09-06,0.0858573743353373,0.0,2.731282530493149e-18,0.009987721989621728,0.3990810758742218,1.659470419960293e-18,2.998049248100138e-19,0.21959014772860577,0.2854836800722134,0.0
2007-09-07,0.08591317059516092,0.0,2.682303885798636e-18,0.010005537708410318,0.40099087819854246,1.6225958134743198e-18,2.925263713851849e-19,0.21526574175450372,0.2878246717433826,0.0
2007-09-10,0.08621753701131414,0.0,2.6623075719214474e-18,0.010005265487880055,0.4005500222816747,1.5947213079988294e-18,2.9137066951710076e-19,0.21413739796281014,0.289089777256321,0.0
2007-09-11,0.08626315559907885,0.0,2.7035469740492554e-18,0.010116870471038498,0.39900285619983983,1.6197608432165092e-18,2.952658572394336e-19,0.21625534305101524,0.2883617746790276,0.0
2007-09-12,0.08723245310325772,0.0,2.7079319753373745e-18,0.010114327719568543,0.3982546852781126,1.6105496428627971e-18,2.955034753886239e-19,0.21694253640785832,0.28745599749120276,0.0
2007-09-13,0.08693399212814136,0.0,2.7305374845134737e-18,0.010101252654583287,0.3975355139826424,1.6211538806748341e-18,2.981767224287801e-19,0.2193690467086538,0.28606019452597925,0.0
2007-09-14,0.08691529793742038,0.0,2.711951093500392e-18,0.010078481127482226,0.3976688743674148,1.627918030696215e-18,2.9812945802119927e-19,0.21914113952459796,0.2861962070430846,0.0
2007-09-17,0.08779500703563008,0.0,2.6696101312238964e-18,0.010203405389814194,0.3972738768579508,1.6074389755205915e-18,2.9517744247413775e-19,0.21761842385291005,0.28710928686369486,0.0
2007-09-18,0.08774988149955373,0.0,2.7447407030493284e-18,0.010264687200621521,0.3951684366460252,1.6688153872784123e-18,3.0133390181197134e-19,0.2230759353447875,0.28374105930901217,0.0
2007-09-19,0.08867921907959399,0.0,2.7750963402367245e-18,0.01024656274379407,0.3945521675676313,1.6945944698573267e-18,3.0272327717361475e-19,0.2248433111224458,0.2816787394865349,0.0
2007-09-20,0.09094720722542692,0.0,2.800162020209051e-18,0.010535008060984558,0.393954645295662,1.6944019772222409e-18,3.048707170892371e-19,0.22547274707592282,0.27909039234200367,0.0
2007-09-21,0.0910706084721842,0.0,2.796851907052882e-18,0.010422169019590383,0.3937642803207874,1.6886054096114595e-18,3.053481663332178e-19,0.22483461621194187,0.2799083259754961,0.0
2007-09-24,0.09084004790925997,0.0,2.8010515483062005e-18,0.010405950689246586,0.3939966049315997,1.6744559122504428e-18,3.065195555284453e-19,0.22425707598408512,0.28050032048580864,0.0
2007-09-25,0.09036646345803946,0.0,2.8102298317079962e-18,0.010434363693660235,0.39484638803715866,1.6710621896971376e-18,3.1005817862873256e-19,0.2242696003476131,0.2800831844635286,0.0
2007-09-26,0.09034763342671995,0.0,2.8194113888201488e-18,0.010369477961523526,0.3943312796377649,1.6829120478581304e-18,3.1105773221503724e-19,0.2250796717976495,0.27987193717634223,0.0
2007-09-27,0.0920689794631202,0.0,2.836927445500726e-18,0.010397356181014984,0.39284935789228803,1.6811519331696896e-18,3.1045576026855015e-19,0.22483352279815613,0.2798507836654206,0.0
2007-09-28,0.09178927615780239,0.0,2.841837308667802e-18,0.010514820227972411,0.39305057715674957,1.6614830383338367e-18,3.0948021012619825e-19,0.22411904460592752,0.280526281851548,0.0
2007-10-01,0.07951459293767633,1.1915589009576202e-17,2.203682457712769e-18,0.027786899926280282,0.3989521276514317,0.0,0.0,0.22171266585464516,0.27203371362996664,0.0
2007-10-02,0.07797403681386772,1.2005998711997752e-17,2.1998438689977226e-18,0.027225046626517427,0.4001183057176916,0.0,0.0,0.22158150926676431,0.2731011015751589,0.0
2007-10-03,0.07818586386922609,1.1661209028652865e-17,2.1933601283478053e-18,0.027099390681461437,0.40047748476964673,0.0,0.0,0.22149274939603586,0.27274451128362986,0.0
2007-10-04,0.07899335672479806,1.1735653618630328e-17,2.1932097421990414e-18,0.02736756346757098,0.39977134214121074,0.0,0.0,0.22105150272630236,0.27281623494011786,0.0
2007-10-05,0.07949240816189111,1.2168540515250095e-17,2.2231458371848666e-18,0.0276607996291466,0.3976008073510183,0.0,0.0,0.22444217679781914,0.27080380806012494,0.0
2007-10-08,0.07798425817628178,1.2062871086482808e-17,2.2068907961933913e-18,0.0273867769633694,0.39982058196284515,0.0,0.0,0.22368673433083497,0.27112164856666865,0.0
2007-10-09,0.07842921520370255,1.2235060799625296e-17,2.2286415468288834e-18,0.027562944828848496,0.39806591332693786,0.0,0.0,0.22550460104973086,0.27043732559078026,0.0
2007-10-10,0.07925296580273068,1.223689425605188e-17,2.2217908275185503e-18,0.027632149652543393,0.3979785556004338,0.0,0.0,0.22486450611607364,0.27027182282821843,0.0
2007-10-11,0.08015758419857984,1.2131842220384449e-17,2.232557295111958e-18,0.027845232945730526,0.39811124853453417,0.0,0.0,0.22383253217303475,0.2700534021481207,0.0
2007-10-12,0.08059352120953013,1.2363115447559748e-17,2.2440967226107054e-18,0.02812362704908775,0.3970870741053035,0.0,0.0,0.2252486378197918,0.2689471398162869,0.0
2007-10-15,0.08195900719363952,1.2210442759122648e-17,2.2255914710150616e-18,0.028327469805980995,0.3974198910708612,0.0,0.0,0.22331880983961017,0.26897482208990825,0.0
2007-10-16,0.08208617738163623,1.1990152657631545e-17,2.1923540391886354e-18,0.028334151150186313,0.39871956210890297,0.0,0.0,0.22165804518038443,0.26920206417889003,0.0
2007-10-17,0.08121750316679362,1.2201081638763238e-17,2.203708653445738e-18,0.027949356692289783,0.3990042155808362,0.0,0.0,0.22114127299941036,0.27068765156066993,0.0
2007-10-18,0.08232340311017783,1.221109301563616e-17,2.199654708515936e-18,0.02839191068219411,0.3988383449818672,0.0,0.0,0.21940955990723238,0.27103678131852843,0.0
2007-10-19,0.08198334898284378,1.1672787088769034e-17,2.14827465683497e-18,0.028240952069293286,0.4016960411423037,0.0,0.0,0.2133767673599337,0.2747028904456255,0.0
2007-10-22,0.08176656368849947,1.1758600150276754e-17,2.1459253746257807e-18,0.027834014336447534,0.4009886481106709,0.0,0.0,0.2146436025253716,0.2747671713390105,0.0
2007-10-23,0.08112240735771899,1.2073139632866239e-17,2.1741872840179945e-18,0.028042484647840243,0.40051416402134216,0.0,0.0,0.21617810994878922,0.27414283402430933,0.0
2007-10-24,0.08107673863890606,1.1945735061321878e-17,2.1607183657740322e-18,0.02803680572312239,0.400919696131179,0.0,0.0,0.21490719874890946,0.27505956075788296,0.0
2007-10-25,0.08285774582236599,1.2081611942272422e-17,2.167731025511007e-18,0.028188809163761066,0.4000604678560928,0.0,0.0,0.21513302014810384,0.27375995700967637,0.0
2007-10-26,0.08389238802819647,1.2389344022244982e-17,2.2008271776385858e-18,0.028724290522439484,0.39796493241586167,0.0,0.0,0.21705064282899847,0.272367746204504,0.0
2007-10-29,0.08496040876033721,1.2628427778771697e-17,2.208852293351212e-18,0.028778569668232553,0.39684937973296375,0.0,0.0,0.21698166571462485,0.2724299761238416,0.0
2007-10-30,0.08334154909421451,1.2432435228139207e-17,2.19882883187306e-18,0.028592800610531557,0.39863427615675073,0.0,0.0,0.21621564459769965,0.2732157295408036,0.0
2007-10-31,0.08570725837292259,1.2706047969963823e-17,2.2300474577886573e-18,0.02906409207508817,0.3959878125267833,0.0,0.0,0.21847549690401374,0.2707653401211922,0.0
2007-11-01,0.0,0.0,0.0,0.0,0.407659138740645,0.0,0.0,0.592340861259355,0.0,0.0
2007-11-02,0.0,0.0,0.0,0.0,0.4080409969526152,0.0,0.0,0.5919590030473847,0.0,0.0
2007-11-05,0.0,0.0,0.0,0.0,0.4096022214611269,0.0,0.0,0.590397778538873,0.0,0.0
2007-11-06,0.0,0.0,0.0,0.0,0.4059462170731488,0.0,0.0,0.5940537829268512,0.0,0.0
2007-11-07,0.0,0.0,0.0,0.0,0.41353653600953255,0.0,0.0,0.5864634639904674,0.0,0.0
2007-11-08,0.0,0.0,0.0,0.0,0.415311162319811,0.0,0.0,0.584688837680189,0.0,0.0
2007-11-09,0.0,0.0,0.0,0.0,0.4201221421341628,0.0,0.0,0.5798778578658371,0.0,0.0
2007-11-12,0.0,0.0,0.0,0.0,0.422978994714317,0.0,0.0,0.5770210052856829,0.0,0.0
2007-11-13,0.0,0.0,0.0,0.0,0.41442305066859747,0.0,0.0,0.5855769493314025,0.0,0.0
2007-11-14,0.0,0.0,0.0,0.0,0.41526651928172714,0.0,0.0,0.5847334807182728,0.0,0.0
2007-11-15,0.0,0.0,0.0,0.0,0.42015998075440764,0.0,0.0,0.5798400192455924,0.0,0.0
2007-11-16,0.0,0.0,0.0,0.0,0.4197418852120466,0.0,0.0,0.5802581147879534,0.0,0.0
2007-11-19,0.0,0.0,0.0,0.0,0.4249133611719478,0.0,0.0,0.5750866388280521,0.0,0.0
2007-11-20,0.0,0.0,0.0,0.0,0.42277446563699805,0.0,0.0,0.5772255343630021,0.0,0.0
2007-11-21,0.0,0.0,0.0,0.0,0.4297465578777389,0.0,0.0,0.570253442122261,0.0,0.0
2007-11-23,0.0,0.0,0.0,0.0,0.42481986412439376,0.0,0.0,0.5751801358756063,0.0,0.0
2007-11-26,0.0,0.0,0.0,0.0,0.433617161058366,0.0,0.0,0.5663828389416339,0.0,0.0
2007-11-27,0.0,0.0,0.0,0.0,0.4285211014491184,0.0,0.0,0.5714788985508816,0.0,0.0
2007-11-28,0.0,0.0,0.0,0.0,0.41996223521007836,0.0,0.0,0.5800377647899216,0.0,0.0
2007-11-29,0.0,0.0,0.0,0.0,0.42124852553101644,0.0,0.0,0.5787514744689835,0.0,0.0
2007-11-30,0.0,0.0,0.0,0.0,0.4191449599427097,0.0,0.0,0.5808550400572903,0.0,0.0
2007-12-03,0.09982982343051863,4.8396746742722776e-18,0.0,0.0,0.40037435125069065,2.12283829788312e-18,0.01588610814017346,0.20228591224468348,0.2799604327748936,0.001663372159040383
2007-12-04,0.10040057073430302,4.832461809885361e-18,0.0,0.0,0.40119082124016375,2.1027858161318153e-18,0.015838359498098257,0.20070374921623124,0.2802461081630421,0.0016203911481616029
2007-12-05,0.09983796170558715,5.056723198377222e-18,0.0,0.0,0.40044509215689617,2.1486837203175875e-18,0.01615359784189513,0.2044530598460993,0.27743215914876573,0.0016781293007565165
2007-12-06,0.10159337877034208,5.13388030126641e-18,0.0,0.0,0.39814667017474487,2.198512357420741e-18,0.016377536356993735,0.20728060897263376,0.2748711348097991,0.0017306709154865994
2007-12-07,0.10187862990262068,5.103727061209842e-18,0.0,0.0,0.39797678732281283,2.218605785363614e-18,0.016479836781800622,0.2084940555758942,0.27343570443832044,0.0017349859785512772
2007-12-10,0.10190508908308601,5.109957689573618e-18,0.0,0.0,0.39741546629586727,2.238160679749841e-18,0.016560990180106296,0.21030136995919502,0.2720432583203271,0.0017738261614183458
2007-12-11,0.10224137489467751,4.867108853093517e-18,0.0,0.0,0.40068293665171045,2.148414039642924e-18,0.01608909742645223,0.20343053853244927,0.2758848469530391,0.0016712055416715397
2007-12-12,0.10516464041722119,5.0194767120880016e-18,0.0,0.0,0.397835170759602,2.1669005091690414e-18,0.01625378099469987,0.20569769312332437,0.2733810315629393,0.0016676831422132363
2007-12-13,0.10483965819564668,4.918707545871495e-18,0.0,0.0,0.3979041115215723,2.1714868838307567e-18,0.016289057298479074,0.2068347789049139,0.2724710886880386,0.0016613053913495848
2007-12-14,0.10473670664767804,4.830331065383136e-18,0.0,0.0,0.3991319370327693,2.1419862328897595e-18,0.016218335171877367,0.2054397191086672,0.27284403905839155,0.0016292629806164906
2007-12-17,0.1041281652865205,4.6201492151294614e-18,0.0,0.0,0.4011352515589832,2.1071933387701976e-18,0.015809151919953038,0.20232110709465576,0.27502885126473514,0.001577472875152165
2007-12-18,0.10334077266531953,4.731250960005239e-18,0.0,0.0,0.4005934268931738,2.1377442091112906e-18,0.015807418033464745,0.20277611057675488,0.2758857470070442,0.0015965248242429337
2007-12-19,0.10351366239159392,4.724934177847321e-18,0.0,0.0,0.40064477048395497,2.1360351722359884e-18,0.01568105016622229,0.20119540589953172,0.27736488262088443,0.001600228437812776
2007-12-20,0.10308480982183467,4.751171767512307e-18,0.0,0.0,0.40003895090044045,2.1684076792140924e-18,0.016003231035314768,0.20248338955974918,0.2767959098747992,0.001593708807861776
2007-12-21,0.10455724578243555,4.906546248366738e-18,0.0,0.0,0.39812142789999944,2.2235548255628437e-18,0.016359221056927126,0.2059097496966321,0.2734233619722763,0.0016289935917296284
2007-12-24,0.105330278705246,4.989295908865608e-18,0.0,0.0,0.3969495936997094,2.2395735073013613e-18,0.01648149560867992,0.2074289852715836,0.27212796535167977,0.0016816813631013014
2007-12-26,0.10685172971010475,5.027858482561805e-18,0.0,0.0,0.39605957861093444,2.255739789714153e-18,0.01660546787860844,0.2084003541665076,0.2704249499160557,0.0016579197177890596
2007-12-27,0.10689036087461987,4.896518116420565e-18,0.0,0.0,0.3974752923537721,2.1952906257158342e-18,0.016355041902999117,0.20513868909961444,0.27252075904724365,0.0016198567217507406
2007-12-28,0.10585947033779756,4.882974473991083e-18,0.0,0.0,0.3980615609695708,2.157624233142064e-18,0.01623303615957979,0.2032943212356316,0.2749705578751309,0.001581053422289274
2007-12-31,0.10578659863866562,4.814805095711233e-18,0.0,0.0,0.39911844785655354,2.134843162739481e-18,0.016013710996481696,0.20139544314669053,0.2760948942978668,0.0015909050637417917
2008-01-02,0.10507149095363842,0.0,0.0,1.3504177636851968e-17,0.39998636468314835,9.009776052070917e-18,0.026587311024091047,0.20677351566573202,0.26158131767339005,0.0
2008-01-03,0.10574592163160727,0.0,0.0,1.3599729451055478e-17,0.40029452312469366,8.898871238314416e-18,0.026663889087273122,0.20640910933698214,0.2608865568194437,0.0
2008-01-04,0.10573793060652098,0.0,0.0,1.3607891162921734e-17,0.4036594935580325,8.680511341373391e-18,0.02564166297958418,0.20251291588686643,0.26244799696899596,0.0
2008-01-07,0.10385294732207004,0.0,0.0,1.3554935363783364e-17,0.4045302086616342,8.702723660520997e-18,0.0255284540633449,0.20240951050042033,0.26367887945253043,0.0
2008-01-08,0.10505148842447909,0.0,0.0,1.391002999261862e-17,0.40638594483538454,8.454592281647821e-18,0.024926365282975413,0.19962431864292213,0.26401188281423876,0.0
2008-01-09,0.10385725950815632,0.0,0.0,1.3853164428082677e-17,0.4051570879999294,8.528010400721578e-18,0.025420927755674103,0.20143175603767205,0.2641329686985681,0.0
2008-01-10,0.10376287839830388,0.0,0.0,1.4179166210220372e-17,0.4055973854349417,8.677949473410764e-18,0.025555207055030442,0.2035255796342509,0.26155894947747316,0.0
2008-01-11,0.10435363906019203,0.0,0.0,1.418354557019426e-17,0.406782943620164,8.469777016381715e-18,0.024969006483954153,0.20119347696455217,0.2627009338711377,0.0
2008-01-14,0.10518211050685558,0.0,0.0,1.4272731522393464e-17,0.4051348865077138,8.501297676116963e-18,0.025289834680377536,0.20190287405085097,0.262490294254202,0.0
2008-01-15,0.1039718416330126,0.0,0.0,1.4037525838087765e-17,0.4081318741076314,8.352263672097337e-18,0.024613282742754455,0.19762534924205727,0.2656576522745443,0.0
2008-01-16,0.10358120164995227,0.0,0.0,1.3910123084950512e-17,0.4096628482808704,8.408060986360689e-18,0.02448691761183928,0.1970337962645835,0.2652352361927546,0.0
2008-01-17,0.10224557572445371,0.0,0.0,1.3878530244519853e-17,0.41299095580770256,8.20410423496654e-18,0.024147468938501938,0.19193429365349218,0.26868170587584955,0.0
2008-01-18,0.10305526081311452,0.0,0.0,1.408321943661157e-17,0.4140710156624832,8.157398713539559e-18,0.02421369255052069,0.1907365944875472,0.2679234364863343,0.0
2008-01-22,0.10222814338552816,0.0,0.0,1.413954523985851e-17,0.41679060169467896,8.062375043837151e-18,0.02348187748951927,0.18794388212080024,0.2695554953094735,0.0
2008-01-23,0.10030665292280934,0.0,0.0,1.4095326114620792e-17,0.4148786811444178,8.338209650749598e-18,0.023392658360778668,0.19246788233039444,0.26895412524159984,0.0
2008-01-24,0.10326090761460688,0.0,0.0,1.4512986003902683e-17,0.41299751065833523,8.370489190822226e-18,0.023980819573701354,0.1949851653953756,0.264775596757981,0.0
2008-01-25,0.10479366104142851,0.0,0.0,1.4443215081640513e-17,0.413818027140116,8.24971049524505e-18,0.023319682553476093,0.1907786603128805,0.26728996895209894,0.0
2008-01-28,0.105144704566264,0.0,0.0,1.465598136627839e-17,0.4117662343569273,8.413415435714107e-18,0.02346924482746753,0.19368042229751703,0.2659393939518242,0.0
2008-01-29,0.10619033389532068,0.0,0.0,1.458314638450703e-17,0.4107648573802509,8.448401837866071e-18,0.023548747795928294,0.1949474731642843,0.26454858776421586,0.0
2008-01-30,0.10573069561809167,0.0,0.0,1.479203299406419e-17,0.412345635725605,8.378194908380654e-18,0.023628642485368404,0.1943447580133952,0.26395026815753964,0.0
2008-01-31,0.10536205395385022,0.0,0.0,1.456268858965325e-17,0.4109857853143776,8.514293018640674e-18,0.02383160384270822,0.1962270289242124,0.2635935279648515,0.0
2008-02-01,0.10702926353199542,0.0,8.120497906278078e-18,0.008481212193724703,0.3995947738184843,0.0,0.030985094671904904,0.20637604443138674,0.2475336113525039,8.854177397258505e-19
2008-02-04,0.10955965033136578,0.0,8.08581430492424e-18,0.008508121010605498,0.3997522925507065,0.0,0.030733041076238272,0.20499393585513223,0.24645295917595172,8.814656150438625e-19
2008-02-05,0.10894399940727816,0.0,7.735821830518151e-18,0.008395287836176985,0.4036628858317219,0.0,0.029939054351701185,0.200047716906528,0.24901105566659373,8.526517163331149e-19
2008-02-06,0.1088789688218596,0.0,7.760677471903234e-18,0.008551642730249028,0.40458989663849665,0.0,0.029469236241754185,0.19924668587056704,0.24926356969707356,8.421562411816971e-19
2008-02-07,0.1109784811619292,0.0,7.775812042992904e-18,0.008698886717679308,0.4028567051694239,0.0,0.029884326101992358,0.201974354350742,0.24560724649823318,8.68119837175367e-19
2008-02-08,0.11331316397794333,0.0,7.629621738542513e-18,0.008734396947665065,0.40275902151540155,0.0,0.02996385865377532,0.19895017925054742,0.24627937965466717,8.331665623514872e-19
2008-02-11,0.11360019580863905,0.0,7.63893696745876e-18,0.008730785359758096,0.4020327867546854,0.0,0.03016496409945821,0.19916192334736982,0.24630934463008952,8.129694201237402e-19
2008-02-12,0.11165259281838848,0.0,7.827999423770526e-18,0.00856640012374391,0.40244203925301714,0.0,0.03008800038017883,0.20163933021204983,0.2456116372126219,8.387537878115619e-19
2008-02-13,0.11264182976692173,0.0,7.886746147936376e-18,0.008582612347039149,0.4010005403396906,0.0,0.03076747368253781,0.20383513951471763,0.24317240434909307,8.45929883476919e-19
2008-02-14,0.11558714867659996,0.0,7.897043963273147e-18,0.00865897550933346,0.40113713903651627,0.0,0.030387994091091313,0.20322574541265645,0.24100299727380248,8.350151816674309e-19
2008-02-15,0.11481640078408194,0.0,7.910727471838526e-18,0.008588089833800517,0.40120935888580006,0.0,0.030225085405344684,0.20278319039331422,0.24237787469765867,8.401707862799003e-19
2008-02-19,0.11866109580690457,0.0,7.994801384090184e-18,0.008829643032581873,0.3986607461700261,0.0,0.030195425109438588,0.20352538585151791,0.24012770402953096,8.387583535190444e-19
2008-02-20,0.11893959967283968,0.0,7.930987158193603e-18,0.008964463742375304,0.39718179942834825,0.0,0.03024837170549038,0.20355329418951754,0.24111247126142893,8.416277764118704e-19
2008-02-21,0.11782012258593026,0.0,7.884729160843217e-18,0.00892950058953333,0.3996690135242034,0.0,0.02983919084101217,0.20105215644031116,0.24269001601900972,8.154783891902594e-19
2008-02-22,0.11938758886694498,0.0,7.981181437548368e-18,0.00893866186012322,0.3983594935939833,0.0,0.029934675348990775,0.20219411290964548,0.24118546742031235,8.381385379798665e-19
2008-02-25,0.12069672044954724,0.0,8.11880686393539e-18,0.008888173468313554,0.3962386312653504,0.0,0.030125192934402596,0.20501402069354427,0.23903726118884194,8.648561887846533e-19
2008-02-26,0.12261004227345293,0.0,8.195057385336065e-18,0.008933018518257275,0.39509741951782135,0.0,0.03007982243709903,0.2054449942995022,0.23783470295386733,8.600827324032779e-19
2008-02-27,0.12231662586375174,0.0,8.21327383381121e-18,0.00902579540738468,0.3956302875519609,0.0,0.030199114623404858,0.20502763098665233,0.23780054556684546,8.551497033373118e-19
2008-02-28,0.12251001554681472,0.0,8.069793756351003e-18,0.00906815980467513,0.39707537530729387,0.0,0.029843415163747156,0.20140679728361469,0.2400962368938543,8.30856301651786e-19
2008-02-29,0.12042841646668652,0.0,7.862469669075086e-18,0.009080174189722467,0.4010580206810269,0.0,0.02903303025474123,0.196790034852915,0.2436103235549079,8.18392734245892e-19
2008-03-03,0.12116425832262707,5.758930737744425e-18,0.0,0.016922847394081744,0.39907858611002717,0.0,0.0020584076271571135,0.23900011227592322,0.22177578827018374,0.0
2008-03-04,0.12138345991713673,5.6554406991285e-18,0.0,0.016653411108985435,0.3997132064041861,0.0,0.00208111664808317,0.23936746011041812,0.2208013458111904,0.0
2008-03-05,0.12401289659712439,5.772782363772836e-18,0.0,0.017093555967163866,0.39787981881663337,0.0,0.0020907791859103254,0.24081910174360993,0.21810384768955818,0.0
2008-03-06,0.12493714984993559,5.5745589498216444e-18,0.0,0.016879246877234695,0.40105845482802815,0.0,0.0020446060461009065,0.23582202236080643,0.21925852003789434,0.0
2008-03-07,0.12393480866405665,5.509056517657994e-18,0.0,0.016842998717778505,0.40328502877867595,0.0,0.0020440624820665825,0.23388546684450684,0.22000763451291552,0.0
2008-03-10,0.1255999677525654,5.383781897027577e-18,0.0,0.016715678592978594,0.40403477577777575,0.0,0.001994116691099545,0.2295829304665764,0.22207253071900432,0.0
2008-03-11,0.12704464857425302,5.722880319843834e-18,0.0,0.016669608563464285,0.39804962339592603,0.0,0.002061710993742269,0.23688161662556886,0.21929279184704553,0.0
2008-03-12,0.12739119438864777,5.571379525789624e-18,0.0,0.01671035183458504,0.39937872335611363,0.0,0.0020392900315443006,0.23276660610311842,0.22171383428599079,0.0
2008-03-13,0.1278989177698588,5.53693913320065e-18,0.0,0.01698949889206461,0.3984517583840841,0.0,0.002061117578704056,0.2339697800012444,0.22062892737404416,0.0
2008-03-14,0.12734129619041729,5.324193844314157e-18,0.0,0.017000892501492632,0.40133773544959206,0.0,0.0020170547712198357,0.22963477403583604,0.2226682470514423,0.0
2008-03-17,0.12268375217680486,5.211734356272822e-18,0.0,0.017142884238854107,0.4048328777261655,0.0,0.0019875703230018507,0.22814911547572012,0.22520380005945348,0.0
2008-03-18,0.12439141408760815,5.438144939068455e-18,0.0,0.016545749324534103,0.3987980139541825,0.0,0.00205934003920411,0.23569562348815717,0.22250985910631388,0.0
2008-03-19,0.11957998190259464,5.135872929597967e-18,0.0,0.016028331380173986,0.4041516011797778,0.0,0.002018033653851731,0.23095015194974824,0.22727189993385363,0.0
2008-03-20,0.11472026601227685,5.220259193885671e-18,0.0,0.01548285567287736,0.4048631870156294,0.0,0.0020584440475565416,0.23513287969041538,0.22774236756124447,0.0
2008-03-24,0.11735943321908446,5.4456463110485356e-18,0.0,0.015587884625996258,0.3995850988851688,0.0,0.002139548595641517,0.2409504039659047,0.2243776307082042,0.0
2008-03-25,0.11804369899206592,5.505948908841529e-18,0.0,0.01597528997994028,0.39930207015472424,0.0,0.0021424805243452135,0.24016658628928653,0.22436987405963782,0.0
2008-03-26,0.12156255142086639,5.460489299622793e-18,0.0,0.01615729253943617,0.3995506928915997,0.0,0.0021359595521849026,0.23719364467983214,0.22339985891608075,0.0
2008-03-27,0.12310273582783399,5.442845328988171e-18,0.0,0.016124644416842672,0.3996676907414461,0.0,0.0020920151354862173,0.2368265568350756,0.22218635704331552,0.0
2008-03-28,0.12039230037347227,5.442490036536522e-18,0.0,0.015879491078317202,0.40194084335607533,0.0,0.0020850887910152257,0.2349674150099559,0.22473486139116405,0.0
2008-03-31,0.11759680544328013,5.479114379570913e-18,0.0,0.015638100722122916,0.4029695010492496,0.0,0.0020978158436581887,0.23598051260766512,0.22571726433402398,0.0
2008-04-01,0.09731410175734334,0.0,0.0,0.035448676478035866,0.3966732271064681,1.2956082171242833e-17,0.011858353447991701,0.24088393920727402,0.21782170200288697,1.7081167945539032e-17
2008-04-02,0.09989779104777545,0.0,0.0,0.03631723098548629,0.3941116516653281,1.2946192380944737e-17,0.011794991670682702,0.24028171033394868,0.2175966242967788,1.6944623330128876e-17
2008-04-03,0.1002712103788728,0.0,0.0,0.036315953000701805,0.3934366863431594,1.2964097009353271e-17,0.011800678611915397,0.24046678019548343,0.21770869146986704,1.730227031308053e-17
2008-04-04,0.10039242353503941,0.0,0.0,0.03644010168765241,0.3941407344609201,1.2885159900901194e-17,0.011801603103080142,0.23880819044659782,0.21841694676671017,1.6930084892365438e-17
2008-04-07,0.10169849553259466,0.0,0.0,0.036892601876530755,0.39240284327976055,1.2891750932268009e-17,0.011801785155029564,0.2394562039009178,0.21774807025516676,1.6810678198311134e-17
2008-04-08,0.10220508311384868,0.0,0.0,0.03659648095847784,0.39282929589300036,1.2891616713326882e-17,0.011722962146581514,0.23944503515902027,0.21720114272907132,1.6803958330816922e-17
2008-04-09,0.10337458343195506,0.0,0.0,0.037187608763945855,0.3931185668886823,1.2614869479872155e-17,0.011530930919048808,0.23647455170909035,0.2183137582872776,1.629700120407457e-17
2008-04-10,0.1031694819808168,0.0,0.0,0.037069383068882626,0.39252863608547084,1.278006810575809e-17,0.011724170646229264,0.23739003534420808,0.2181182928743924,1.6496203930358495e-17
2008-04-11,0.10300723872332482,0.0,0.0,0.03696707216376022,0.39515532139506204,1.2481745075033443e-17,0.011426851269704765,0.23333504877846067,0.22010846766968742,1.6332326987291957e-17
2008-04-14,0.10397266284417976,0.0,0.0,0.03698251910822996,0.3951428506260415,1.2474772991981093e-17,0.011403715357075987,0.23313014358203288,0.21936810848243993,1.6277901615703792e-17
2008-04-15,0.10548524995528989,0.0,0.0,0.037298023400157684,0.3943323366058404,1.2586000816694184e-17,0.011447559127432338,0.23425329613969895,0.2171835347715808,1.6483565066848357e-17
2008-04-16,0.10611894340288318,0.0,0.0,0.037819286629021925,0.39028723988084923,1.2947109812086642e-17,0.0117250509784413,0.23975145913036047,0.21429801997844372,1.709200981824309e-17
2008-04-17,0.10581325985214206,0.0,0.0,0.03759663063902854,0.3900504276553359,1.2918607834408071e-17,0.011719542259147585,0.24051910195197396,0.214301037642372,1.718359609426116e-17
2008-04-18,0.10570156750590252,0.0,0.0,0.03675086124932643,0.389046543283006,1.3034740845862163e-17,0.012073352000571658,0.24264734202692084,0.21378033393427262,1.7058801015257496e-17
2008-04-21,0.10572227497854243,0.0,0.0,0.03656096076429706,0.38866634245382237,1.3022364776056517e-17,0.0121454072632726,0.24250561732088183,0.21439939721918375,1.691424711223384e-17
2008-04-22,0.10632595219271108,0.0,0.0,0.036552526908137734,0.38879471616695965,1.2778595726429535e-17,0.011959265403027308,0.24132885321432204,0.21503868611484225,1.686547932383494e-17
2008-04-23,0.10561594885022108,0.0,0.0,0.03622832796942791,0.38948922735395924,1.2847084823195143e-17,0.012124675307988213,0.2416173687531063,0.2149244517652972,1.712395121032645e-17
2008-04-24,0.10450422267836024,0.0,0.0,0.035640491937694294,0.3888864924273496,1.3053051502346926e-17,0.01231084098998627,0.24420672992516673,0.21445122204144293,1.7574753366838055e-17
2008-04-25,0.10616837468093461,0.0,0.0,0.035576023696790124,0.38743561024447265,1.3144459697258819e-17,0.012250356126518716,0.24587983149740997,0.212689803753874,1.763124104100038e-17
2008-04-28,0.10621868813152477,0.0,0.0,0.03568152060094867,0.38742199486652423,1.3207887917427105e-17,0.012251172969917483,0.2454805366090759,0.21294608682200894,1.757558366132993e-17
2008-04-29,0.10393473664428664,0.0,0.0,0.03501089564678182,0.38916919554478446,1.3126479133926478e-17,0.012377894035944003,0.24517436334027923,0.21433291478792374,1.7431442381480622e-17
2008-04-30,0.10360228235924371,0.0,0.0,0.035305579310760705,0.38986494559898965,1.30465144393189e-17,0.012259797930122425,0.24339760945283734,0.21556978534804608,1.716464888583349e-17
2008-05-01,0.09715744154452423,0.10052308017253675,0.10006864111266077,0.09641169786737909,0.09945388855167259,0.10117856456194028,0.10260434925778376,0.10152261533633906,0.09947157369315461,0.10160814790200881
2008-05-02,0.0993693334768796,0.10122825321677693,0.10008920478746039,0.09684227205378222,0.09839757188212243,0.10081030561771635,0.10249070084936064,0.10154449226617764,0.0979675778066406,0.10126028804308308
2008-05-05,0.10115378855399698,0.10087273035424531,0.09998068880470348,0.09850275116416703,0.09826878709363082,0.10014216499591867,0.10191248734839409,0.10077570193872978,0.09769529980031241,0.10069559994590145
2008-05-06,0.10191169900552162,0.10142966745880623,0.10016205904529317,0.09836137219381699,0.09741005073345578,0.10039583570000787,0.10196847400747855,0.10108104529933704,0.09644983151926201,0.10082996503702074
2008-05-07,0.10342712176974456,0.09969665351899709,0.09969579078302415,0.0987147780040288,0.09907519352456091,0.09989279223810188,0.10142177221805929,0.10057779988254974,0.09812892934932153,0.09936916871161217
2008-05-08,0.1043950034888418,0.10003876555136709,0.09988049615939264,0.09966659530303862,0.099037071288201,0.09942235621898252,0.10148781808375858,0.09963692517154735,0.09833739626098957,0.09809757247388085
2008-05-09,0.10609034251346022,0.09929433927497024,0.09915612837166382,0.0999449797588573,0.09922068773082314,0.0992034116460149,0.1011630361672549,0.09952321734675473,0.09877210399486817,0.09763175319533253
2008-05-12,0.10354831790145493,0.09985745703540305,0.09943874743705154,0.09874777372473638,0.09835073286289561,0.1006624188347321,0.10227876823937604,0.09992700936815477,0.09792290515699809,0.09926586943919748
2008-05-13,0.10429955703591867,0.10050779737514191,0.09927341845882734,0.09709977447025239,0.09770113735675506,0.10141678083154182,0.10272767789992406,0.10011464958452712,0.09702021334150107,0.09983899364561058
2008-05-14,0.10273193297633536,0.10086841187786649,0.09939040144824518,0.09699788343408951,0.09778302551832105,0.10141194273171801,0.10261880752170253,0.10043959136093954,0.09717705668020572,0.10058094645057665
2008-05-15,0.10257275623203141,0.10169591089783254,0.09978857983150245,0.09777970780119637,0.09706852246092598,0.10031884240966073,0.10307978399719282,0.10039398133840943,0.09680489186677789,0.10049702316447054
2008-05-16,0.10345653972355265,0.10239157280224367,0.1002808748461581,0.09955735819460035,0.09634047535301052,0.10027765905857476,0.10256214217523485,0.0999010153428491,0.09584510258132445,0.09938725992245155
2008-05-19,0.10359375195864794,0.10239567154932436,0.09985680394509176,0.0998660162086264,0.09654354769251994,0.10028936068635329,0.10180817178924863,0.10015871059405568,0.09595554852774577,0.09953241704838636
2008-05-20,0.10524226171207683,0.10083014516716246,0.09914393616184636,0.10176500366061388,0.09703971576239936,0.10013184493478473,0.10123988206956508,0.09955392995902673,0.09665774427543831,0.09839553629708625
2008-05-21,0.10894550806314078,0.10038930160063489,0.09859187857514118,0.10355454957546384,0.0973775003791015,0.09928331430020045,0.0995798772475426,0.09844313139271925,0.09724485527204182,0.09659008359401365
2008-05-22,0.10767399335537611,0.10096124369992221,0.10001389308908815,0.10273504740706142,0.09700900511149545,0.10027116564233257,0.10020830617280913,0.09873023891685677,0.0963648669275451,0.0960322396775131
2008-05-23,0.1084185794224638,0.09969485118753098,0.09937141546539811,0.10353128913633067,0.09792437092769117,0.0994492497229902,0.10039581718038763,0.09789276330246637,0.09726960477021504,0.09605205888452611
2008-05-27,0.10668205968531727,0.0995343243330082,0.09917727436809806,0.10140957072260079,0.09744911773359811,0.10097841684978995,0.10216671836378273,0.09861866449259196,0.09661276793507126,0.09737108551614172
2008-05-28,0.10717745628167613,0.10070743879604309,0.09899925468248931,0.10099157178193363,0.09655809189227357,0.101277878630545,0.10241259209502604,0.09890893882697296,0.09559500702221237,0.09737176999082776
2008-05-29,0.10462428180130419,0.10128802729680818,0.09913114750648508,0.098361173801855,0.09644771374447893,0.10267366430099491,0.10369575561341013,0.09976021497301402,0.09524530189567601,0.0987727190659735
2008-05-30,0.10485980562855102,0.10118784108123145,0.09924912392846956,0.09899022165647735,0.09634116587854927,0.10257675446017742,0.10390200159526555,0.09956736800807002,0.09544792708588709,0.09787779067732123
2008-06-02,0.1017567721370024,0.09922476932507618,0.09937218615850851,0.10100511578514516,0.10101623879655686,0.09950504239131819,0.09919461609208476,0.09938197892697022,0.10080684379030096,0.09873643659703674
2008-06-03,0.09985977728962446,0.09792815762372142,0.09966692544230293,0.1002721869699574,0.10206351295913711,0.09980813065625194,0.09915403388833481,0.09930482818682866,0.10204870455690801,0.09989374242693326
2008-06-04,0.09857443474847954,0.09727962129874404,0.09929759977134263,0.10021827779949237,0.10190730171892842,0.10064235362435402,0.10063791226540418,0.09946443329234667,0.10135381644362215,0.10062424903728606
2008-06-05,0.10074646872268865,0.0988351094446436,0.0993973115950535,0.09845326719234844,0.0998176932278165,0.10163274806177923,0.1006674775892233,0.09989720968631223,0.09920127247026927,0.10135144200986533
2008-06-06,0.10460420300579021,0.09643329788539254,0.09773604544103934,0.10268104317047365,0.10193390609155585,0.09981210769851676,0.09884907146215409,0.09790815520336556,0.10172925672498051,0.09831291331673157
2008-06-09,0.10607990207000187,0.09655679056990289,0.09798009119217428,0.10183767986440359,0.10159317394562284,0.09987078535760342,0.09870309138869796,0.09852281705934747,0.10212062575229508,0.09673504279995059
2008-06-10,0.10672811623875113,0.09528672730394201,0.0972953643057764,0.10001879893295942,0.10201333508640183,0.10014521370015339,0.0992348669274363,0.09902758048600084,0.10248670660985242,0.09776329040872617
2008-06-11,0.11112993541207992,0.0942582917804497,0.09646253865028326,0.10216815556947612,0.10255141647389042,0.09882298109571427,0.09725296962897172,0.09798375093949341,0.10268092625391138,0.09668903419572986
2008-06-12,0.1112968863217827,0.09497200380689542,0.09629427946390255,0.10067488069456307,0.10183048580517656,0.09920055003240696,0.09752405743292562,0.09852704443483724,0.10182962047143514,0.09785019153607459
2008-06-13,0.10974832425900265,0.0952707300543985,0.09644246899004658,0.1001801200715917,0.10082385024837673,0.10022557240323501,0.09872372789134637,0.09901645814654687,0.10084210385698954,0.09872664407846611
2008-06-16,0.10910194422573648,0.09511878642006122,0.09645237077917537,0.1010519727615179,0.10033371750675171,0.10035248030729718,0.0991056410029387,0.09858157844246986,0.10036275647331244,0.09953875208073917
2008-06-17,0.11034657565820784,0.0956451200718411,0.09686882027954327,0.10146182001158639,0.10080259206616805,0.10040057293170523,0.09870516951759674,0.09823092571081529,0.10069614748811541,0.09684225626442063
2008-06-18,0.11200864484099543,0.09531529485817375,0.09620855404245841,0.10280400827060858,0.10149454389263496,0.09973715022356366,0.097785152001608,0.09741128658597728,0.1016868551465955,0.0955485101373844
2008-06-19,0.10928479537762534,0.0953656025573763,0.09592440112712505,0.10286162290311757,0.10080592098805928,0.10046616508680943,0.09921068229144793,0.09743480042754568,0.10098339419937201,0.09766261504152149
2008-06-20,0.11124270925464923,0.09326290566165452,0.09485672911049704,0.10461162355871423,0.1023829914302757,0.09995508826032831,0.09758910521430486,0.09690318019388452,0.10268393916736429,0.09651172814832724
2008-06-23,0.11260981867470499,0.09401979250196854,0.09533507075888598,0.1029551761519541,0.102866254683028,0.09953185321654225,0.09732970421706748,0.09730938078994605,0.10343468116137085,0.09460826784453179
2008-06-24,0.11279475513307298,0.09373546722252239,0.09503814246153056,0.10355076914976191,0.10355924024289175,0.09802284238092088,0.09697032161671867,0.09725437602384761,0.10427175973825932,0.09480232603047395
2008-06-25,0.11156545950690618,0.0949357253448675,0.09537319012424804,0.10275909021343989,0.10281443719638583,0.09843039253406108,0.09784720926242158,0.09702240536094281,0.10357937042836778,0.09567272002835928
2008-06-26,0.11634362358768265,0.09253504803122028,0.09382500898658525,0.10750404053176957,0.10435947174304372,0.09679340126557621,0.09477534528195379,0.09526921462372061,0.10525077363363362,0.09334407231481433
2008-06-27,0.11629432201854459,0.09314439458882368,0.09378568488702944,0.10819285832288979,0.10455198849963145,0.09659465877935758,0.09448581875449087,0.09445965469670184,0.10615972613330983,0.09233089331922092
2008-06-30,0.11448702551192287,0.09406243797546268,0.09456284302769256,0.10835511186395398,0.10486043077538057,0.09586951848581249,0.09370419760267387,0.0950078702292835,0.10642344183265899,0.09266712269515857
2008-07-01,0.1016127833075748,0.09807081139047907,0.09877521224852726,0.1012277310041611,0.0995802858308244,0.09992352177839493,0.10126597765083196,0.10016332261943134,0.09961463381214448,0.0997657203576307
2008-07-02,0.10452717624260331,0.096171664594528,0.09811956841747763,0.1027427026942634,0.10075869500872135,0.09800241789198799,0.09976444528319671,0.09937322979771403,0.10107777832927682,0.0994623217402307
2008-07-03,0.10476699738880897,0.09615827897222702,0.0990198766546101,0.10179542668273457,0.10106789019466784,0.09774075362176136,0.09985742885820163,0.09974678106433124,0.10113374063830506,0.0987128259243521
2008-07-07,0.10401762530673866,0.09643920362476571,0.09880505747734095,0.101534081740431,0.10220104399259759,0.09713468549171236,0.10111523629585754,0.09937052711224365,0.10225613955722332,0.09712639940108918
2008-07-08,0.09892356940059485,0.09633493692317717,0.09801256262137582,0.09978756913282442,0.10110386963021728,0.09932539960797603,0.10215850607076746,0.09980017876730285,0.1015610866951957,0.1029923211505684
2008-07-09,0.10046062866887064,0.09592157199024362,0.09831077178972022,0.10212127475324814,0.10323318554502203,0.09823853564350613,0.10106119681278178,0.0994669623636788,0.10366383401804247,0.09752203841488616
2008-07-10,0.10196462825550903,0.09649419752737144,0.09797601296509478,0.10314309903342934,0.10203757420587817,0.09802034190169552,0.10103969021578096,0.09868342495349178,0.1024176482414871,0.09822338270026192
2008-07-11,0.1038062251318897,0.09624068370171736,0.09682986139793173,0.10537056513522594,0.10149793342316993,0.09896621791417197,0.0998403959826449,0.09793315304991144,0.10137425293157466,0.09814071133176239
2008-07-14,0.10434054635441524,0.09657410152694536,0.0970786086701649,0.10670121108217624,0.10252075321656498,0.09779165442820707,0.0995677058597016,0.09750449988193961,0.10274693498155082,0.09517398399833402
2008-07-15,0.10189565937274614,0.09578145422872268,0.09634681855896053,0.10791224686670708,0.10377830215810525,0.09821670526889943,0.10044828299357778,0.09695823104150744,0.10359870778898575,0.09506359172178795
2008-07-16,0.09898759881117353,0.09722068285110787,0.09680323507484606,0.10454455297250227,0.1014469709772145,0.10045394670388769,0.10156013583336211,0.09800110331787498,0.10035671251908594,0.10062506093894492
2008-07-17,0.09652832125855859,0.09754203616409815,0.09814244400580452,0.1041585568265854,0.10082453317583964,0.10046361506790925,0.10209248185010902,0.09884626377364386,0.09970345461678187,0.1016982932606696
2008-07-18,0.09521298874625891,0.09703894874789251,0.09912057748209017,0.10446735790448869,0.10083022266717702,0.10152242204099758,0.10009252960772483,0.09980993807170198,0.099677487463529,0.10222752726813933
2008-07-21,0.09568950786443592,0.0975503427990666,0.09899475657153735,0.10477856317535467,0.10035022306222227,0.10203728467558949,0.09981154672838077,0.09916249507470974,0.09935897374212703,0.10226630630657627
2008-07-22,0.09344662906690294,0.09745124216705796,0.09917073038741155,0.1023429828262204,0.09984350659376559,0.10442867146402113,0.09964952544839897,0.10012465900002561,0.09870600647300161,0.10483604657319422
2008-07-23,0.09126471575649858,0.09751514817811206,0.09945835437466385,0.09952621963881415,0.09960457044473146,0.10501806826877498,0.10088302774613064,0.10058740787345685,0.09843178345854106,0.1077107042602764
2008-07-24,0.09282532370533332,0.09544662087677845,0.09924119828777951,0.10200231438007455,0.10210610404446398,0.10403450631674735,0.10099570918785498,0.1001103642734649,0.10101760199997026,0.10222025692753284
2008-07-25,0.09145157794121457,0.09587959229147004,0.09922026379026043,0.10216850454742857,0.1012786093613554,0.10463873427072845,0.1020708317894941,0.09985588562920279,0.09977761661497805,0.10365838376386752
2008-07-28,0.09265164616180105,0.09502298977611018,0.09835021129224639,0.10304184513688452,0.10268514560083276,0.1036961739918048,0.10096637709079828,0.09918939159803791,0.10160210665101004,0.10279411270047407
2008-07-29,0.090267960019352,0.09883307604169488,0.09788092706940256,0.10028476145523613,0.10090690433271532,0.10469199929671959,0.1015623067856049,0.09983738234696898,0.09972110193208807,0.10601358072021759
2008-07-30,0.0917462708070109,0.0974784099623803,0.09846532613510625,0.09877006608808349,0.10076612059397301,0.10497354112971699,0.10173732688112332,0.10127769126175724,0.09948735429190858,0.10529789284893981
2008-07-31,0.09142238563117101,0.09575663756686204,0.09796949558443453,0.09987054218089993,0.10206411908156787,0.1050560821800503,0.10198463368576159,0.10042345283053496,0.10096172836008925,0.10449092289862859
2008-08-01,0.09940037271773267,0.09983807038409824,0.09902109301803834,0.09995092177510663,0.1005703283807724,0.1006468954085981,0.09923753810238435,0.0999890069736114,0.10074233281502193,0.10060344042463601
2008-08-04,0.09743099858622048,0.09810540725336177,0.09942419262039623,0.09970076455189,0.10187679059340952,0.10108084202356062,0.09958647539323093,0.10041697319494997,0.10188624504695641,0.100491310736024
2008-08-05,0.0956212647708518,0.098209380713535,0.10075194799542715,0.09623457806063818,0.100173534556328,0.10161013926390113,0.10174756446229574,0.10192129396740558,0.09994786456870904,0.10378243164090839
2008-08-06,0.09429503382932124,0.09984253085425045,0.10045821060196881,0.09654916480767282,0.09988552712182139,0.10179007295559951,0.10296611443681361,0.1020446669702268,0.0992198917287563,0.10294878669356904
2008-08-07,0.09572918892709165,0.09734196239860025,0.09939454640845583,0.09685939272607953,0.10179068463197004,0.10123484707891735,0.10315432484618367,0.1014923262490793,0.10180563807930731,0.10119708865431505
2008-08-08,0.09247428608626149,0.09698055383563137,0.09919453308996345,0.09440912040001835,0.10112050671751557,0.10326910998130158,0.10484817414648677,0.10274414954620333,0.10145697338897901,0.10350259280763895
2008-08-11,0.09223837641951645,0.09582592333639331,0.09895743162115529,0.09058534929039697,0.10048022133159366,0.10558476659964433,0.10564495669912054,0.10365532919951456,0.10033838804513143,0.10668925745753359
2008-08-12,0.09194762176762991,0.09555173782615967,0.09878889855409571,0.09040164004092673,0.10173694267264267,0.1053748092519287,0.10634063420579301,0.10314431104729196,0.10183467581020812,0.10487872882332346
2008-08-13,0.0950165286531571,0.09551785330444186,0.09722469791571714,0.0915594537372578,0.10150775758390122,0.10574634605527063,0.10610674685683366,0.10251136343535901,0.10146936947381277,0.10333988298424869
2008-08-14,0.09388924235189328,0.09646200446553785,0.0965341208061689,0.08879357835431498,0.10149224285550026,0.10642572516011212,0.10698695292196655,0.10295434128303887,0.10179590225557207,0.10466588954589524
2008-08-15,0.09300879939818121,0.09535486857395943,0.09630237140051727,0.08723660030961516,0.10230123330321955,0.10659238633733154,0.10723942826174901,0.10389301378852882,0.10311351823871831,0.10495778038817978
2008-08-18,0.09401292775015037,0.09422370642722659,0.0963040466989404,0.08900385239226377,0.10307827252351771,0.10575317619885988,0.10653400171789167,0.10299591812440607,0.10405259665356255,0.10404150151318095
2008-08-19,0.09603913483892909,0.0939917889714578,0.09577992565072753,0.09138302218691897,0.10353771686556552,0.10461450353186422,0.10583676259772382,0.10247624445712722,0.10426555555536723,0.10207534534431856
2008-08-20,0.09633188672519748,0.09592062685786645,0.09588525143958074,0.0905235662441738,0.10333873589193408,0.10425241626547255,0.10550519956518145,0.10245545319405272,0.10405212735244954,0.10173473646409126
2008-08-21,0.10014868412071097,0.09547471072701842,0.09596421055833168,0.09276194504907051,0.102792732627325,0.10272674039430103,0.1046800022125611,0.10230740531851329,0.10353405627923451,0.09960951271293356
2008-08-22,0.09640356803480292,0.0950559864995978,0.09605663220511078,0.09105404105101757,0.10211959058660372,0.10450863829465536,0.10567845829326598,0.10341042229058026,0.10309055195496597,0.10262211078939967
2008-08-25,0.0970376713918769,0.094242773572747,0.09571699101378177,0.09200914745276913,0.10406839586008695,0.10347436429711794,0.10473216827034834,0.10256514030904952,0.10540763078480406,0.10074571704741832
2008-08-26,0.09682947087212684,0.09415866775897014,0.0959386502912885,0.09210395263929541,0.10382564159085675,0.10335594345198496,0.10431801620699521,0.10258963958809765,0.10521610515299583,0.10166391244738861
2008-08-27,0.0969424003734768,0.09538124668498059,0.09605643443314171,0.09149891479197958,0.10312838983136409,0.10373447731724658,0.10413573071746442,0.10274331161965747,0.10453536883780652,0.10184372539288222
2008-08-28,0.09432335618272666,0.09532388263192702,0.09656217201292419,0.09172742999681985,0.10220588744302116,0.10504238576981963,0.10419452827353172,0.10320883908491774,0.10376180833396743,0.10364971027034463
2008-08-29,0.09471342754165253,0.09493519562502536,0.09703100190503182,0.09191952539416827,0.10288244943330836,0.10495847582551032,0.10280654976367437,0.10290131207670883,0.10411121088912538,0.10374085154579481
2008-09-02,0.06455631510881522,0.0,0.0,0.04118897558997253,0.40232705211630876,0.020410763929950775,0.0,0.24969444727423326,0.22067644806939435,0.0011459979113251945
2008-09-03,0.0641056514618568,0.0,0.0,0.04097530137839501,0.4027995564807674,0.020467477823634977,0.0,0.24916091739245896,0.2213284923101958,0.0011626031526910715
2008-09-04,0.06354710455968342,0.0,0.0,0.04094303233391102,0.40707949512916336,0.0199350741779535,0.0,0.2430094012740182,0.22434961503308784,0.0011362774921825887
2008-09-05,0.06295227089608041,0.0,0.0,0.04127725953386235,0.40643401415322444,0.01989766640853012,0.0,0.24392764992398538,0.22437395867750404,0.0011371804068131843
2008-09-08,0.062430214808118334,0.0,0.0,0.04096457365063941,0.40401373904355226,0.020008879221101224,0.0,0.2474561743877292,0.22394726512125163,0.0011791537676079033
2008-09-09,0.060593608105106805,0.0,0.0,0.04002575770512845,0.4088391371904369,0.019691672524893636,0.0,0.24187620893917391,0.22783018603267718,0.001143429502583118
2008-09-10,0.060826885683395525,0.0,0.0,0.038930697804685534,0.4087741458819201,0.019922695092409095,0.0,0.24343799111912026,0.22695937508479577,0.001148209333673577
2008-09-11,0.06021049141299196,0.0,0.0,0.03826726309996836,0.4073523428506791,0.020013890885890003,0.0,0.24653834139895067,0.22645394769661353,0.0011637226549062042
2008-09-12,0.0607401325558058,0.0,0.0,0.03964103238648665,0.4061404363208071,0.020146577473011552,0.0,0.24818079158209064,0.22398866790083055,0.0011623617809676488
2008-09-15,0.058294416415520446,0.0,0.0,0.04065726372624405,0.41354440019850625,0.019224949203315227,0.0,0.23614798499474102,0.23103671696279052,0.0010942684988822942
2008-09-16,0.057009403815127396,0.0,0.0,0.04018338374754012,0.41164798128203334,0.019744814111177095,0.0,0.23968157833670725,0.2305866047227575,0.0011462339846572659
2008-09-17,0.05875918624849977,0.0,0.0,0.0447482275897715,0.41561298639969524,0.01886668203849147,0.0,0.22904768046968987,0.2318842790815584,0.0010809581722937692
2008-09-18,0.0589571829438514,0.0,0.0,0.04342314590432536,0.4113707125929622,0.020010983767605527,0.0,0.23621232283723922,0.22885103117469216,0.0011746207793241921
2008-09-19,0.06094548420981353,0.0,0.0,0.04512146242996094,0.4043070868268073,0.020917032588793304,0.0,0.24576000621439836,0.22173848355581036,0.0012104441744160714
2008-09-22,0.06328185334736476,0.0,0.0,0.046970534794141566,0.4049091952831433,0.02013917454564154,0.0,0.24106729300122112,0.22251920768907174,0.0011127413394160528
2008-09-23,0.06314424355185845,0.0,0.0,0.04687729549663191,0.40804033270371926,0.020024130119492233,0.0,0.23740440781380076,0.2233807070236548,0.0011288832908426772
2008-09-24,0.06255235401734706,0.0,0.0,0.045969548938266026,0.4086217139313743,0.01974687371287223,0.0,0.23789006010445465,0.22409965055517905,0.0011197987405065694
2008-09-25,0.06344711556841573,0.0,0.0,0.04569007171861687,0.4061262414564677,0.019787175295463085,0.0,0.24086375235014987,0.2229554295499434,0.0011302140609435582
2008-09-26,0.0626389795352747,0.0,0.0,0.045747425162369806,0.4054707343728139,0.019861364285252016,0.0,0.24075679197708033,0.2243606115343384,0.0011640931328708091
2008-09-29,0.05938812965130859,0.0,0.0,0.04780486614496749,0.41556237119025813,0.018489640522779183,0.0,0.22428519106585257,0.23338105975509382,0.0010887416697401948
2008-09-30,0.061150341453401875,0.0,0.0,0.04548127460022243,0.4107825224893967,0.01936140244630887,0.0,0.23397017894658612,0.22808521504601922,0.0011690650180648516
2008-10-01,0.05529465631530058,0.0,0.0,0.049259036204298605,0.4011317972970066,0.06577355704312872,0.0,0.18408658739827166,0.2444543657419939,0.0
2008-10-02,0.05281776283509021,0.0,0.0,0.0476973270984684,0.407858528235355,0.06309056236978398,0.0,0.17937931925934086,0.24915650020196156,0.0
2008-10-03,0.051617727817017484,0.0,0.0,0.04787855787312265,0.40966496868735236,0.062257133813730714,0.0,0.17707092439259328,0.25151068741618343,0.0
2008-10-06,0.04968412149405891,0.0,0.0,0.04911889749283986,0.41518657670583337,0.05961450402082261,0.0,0.16894856529048038,0.25744733499596495,0.0
2008-10-07,0.050815384065024824,0.0,0.0,0.051386880878889034,0.419151991459451,0.0562768138851146,0.0,0.1630490321340754,0.25931989757744517,0.0
2008-10-08,0.05220802825280469,0.0,0.0,0.05332125966732837,0.41904900422413677,0.05562261815811525,0.0,0.16095906350714703,0.25884002619046775,0.0
2008-10-09,0.05101583898242896,0.0,0.0,0.05494488221636676,0.42518988478969305,0.05233096086950167,0.0,0.15345308140706906,0.26306535173494044,0.0
2008-10-10,0.04946152712211435,0.0,0.0,0.05160157063837304,0.4263141210268991,0.055704318859001914,0.0,0.1519074918539701,0.26501097049964156,0.0
2008-10-13,0.05105859705444647,0.0,0.0,0.04971831305267407,0.4140645093933721,0.05918150145270671,0.0,0.1701296001215006,0.2558474789253002,0.0
2008-10-14,0.05055568794978896,0.0,0.0,0.050277370646310486,0.41568433050464204,0.05801786385535924,0.0,0.16906329311877896,0.2564014539251204,0.0
2008-10-15,0.04912051016031065,0.0,0.0,0.051869974282056974,0.42660406699234105,0.05375805217350661,0.0,0.15515239316647364,0.263495003225311,0.0
2008-10-16,0.04794101545882299,0.0,0.0,0.04910717473895325,0.42445556740598883,0.05697570901182205,0.0,0.16076472446895712,0.2607558089154558,0.0
2008-10-17,0.04860084700220142,0.0,0.0,0.04793546355603654,0.4281671776996416,0.05550881515260636,0.0,0.16019408260676973,0.25959361398274433,0.0
2008-10-20,0.048770515673572226,0.0,0.0,0.04794229152662185,0.42162185851555806,0.057209091122348364,0.0,0.16705157004054008,0.25740467312135945,0.0
2008-10-21,0.04721469299968673,0.0,0.0,0.04662056159193625,0.42778980065465166,0.055853322174951835,0.0,0.16271611403988476,0.25980550853888873,0.0
2008-10-22,0.045344044698448265,0.0,0.0,0.04432749192532507,0.43454796327330203,0.05345726783750049,0.0,0.1551007056064919,0.26722252665893215,0.0
2008-10-23,0.04541989190039197,0.0,0.0,0.04357211830450755,0.4341322741341303,0.0517501906016173,0.0,0.15653773799649945,0.2685877870628534,0.0
2008-10-24,0.04428628362749972,0.0,0.0,0.04523125341567625,0.4390602951442637,0.05060752817318321,0.0,0.15092483145361624,0.2698898081857608,0.0
2008-10-27,0.044322497649572225,0.0,0.0,0.045587818571256336,0.4424581715078718,0.04852873689961659,0.0,0.1467753453131477,0.27232743005853544,0.0
2008-10-28,0.04483242027098549,0.0,0.0,0.045882743858582195,0.43209328213626,0.05160047605241087,0.0,0.1613875197312285,0.2642035579505329,0.0
2008-10-29,0.04742335362633627,0.0,0.0,0.04595918113392209,0.4322182792539285,0.05180569708841303,0.0,0.1600285611332294,0.2625649277641707,0.0
2008-10-30,0.04546810052341858,0.0,0.0,0.04515834306683817,0.4289098888062951,0.05471023167147789,0.0,0.16556579853088635,0.26018763740108386,0.0
2008-10-31,0.046031102832180405,0.0,0.0,0.0443614363374947,0.42855446464559904,0.05724781577938965,0.0,0.16667979887977696,0.2571253815255593,0.0
2008-11-03,0.0,0.0,0.0,0.1991184880155379,0.40021976601316983,0.0,0.0,0.0,0.40066174597129217,0.0
2008-11-04,0.0,0.0,0.0,0.2063141801489002,0.39529576094120245,0.0,0.0,0.0,0.39839005890989737,0.0
2008-11-05,0.0,0.0,0.0,0.1990899025205853,0.3975913689907406,0.0,0.0,0.0,0.40331872848867406,0.0
2008-11-06,0.0,0.0,0.0,0.19863623008464193,0.398660814341638,0.0,0.0,0.0,0.40270295557372005,0.0
2008-11-07,0.0,0.0,0.0,0.20006569071880165,0.3985399846402311,0.0,0.0,0.0,0.40139432464096714,0.0
2008-11-10,0.0,0.0,0.0,0.2019666810670976,0.3968242983596407,0.0,0.0,0.0,0.40120902057326163,0.0
2008-11-11,0.0,0.0,0.0,0.1980716195530419,0.39891340142096826,0.0,0.0,0.0,0.4030149790259899,0.0
2008-11-12,0.0,0.0,0.0,0.1925484752724017,0.4016117414018181,0.0,0.0,0.0,0.40583978332578025,0.0
2008-11-13,0.0,0.0,0.0,0.19980511346247873,0.4013958063611464,0.0,0.0,0.0,0.3987990801763748,0.0
2008-11-14,0.0,0.0,0.0,0.19997792139128615,0.3993517449231796,0.0,0.0,0.0,0.40067033368553423,0.0
2008-11-17,0.0,0.0,0.0,0.19787127759685305,0.4003666086232368,0.0,0.0,0.0,0.40176211377991006,0.0
2008-11-18,0.0,0.0,0.0,0.19594306387649083,0.40031284521283,0.0,0.0,0.0,0.4037440909106792,0.0
2008-11-19,0.0,0.0,0.0,0.19257517405887428,0.39904843515609517,0.0,0.0,0.0,0.4083763907850305,0.0
2008-11-20,0.0,0.0,0.0,0.1896214210230385,0.39434336721029467,0.0,0.0,0.0,0.41603521176666697,0.0
2008-11-21,0.0,0.0,0.0,0.20268909904196875,0.38905003033179814,0.0,0.0,0.0,0.408260870626233,0.0
2008-11-24,0.0,0.0,0.0,0.20897394961801397,0.3872398340051885,0.0,0.0,0.0,0.40378621637679746,0.0
2008-11-25,0.0,0.0,0.0,0.20509220299727626,0.3867635665932098,0.0,0.0,0.0,0.4081442304095138,0.0
2008-11-26,0.0,0.0,0.0,0.20351169311811876,0.38847356479291434,0.0,0.0,0.0,0.40801474208896676,0.0
2008-11-28,0.0,0.0,0.0,0.2021927229220066,0.3870717538679114,0.0,0.0,0.0,0.41073552321008217,0.0
2008-12-01,0.0,0.0,0.0,0.18669089820512286,0.401747386903851,0.0,0.0,0.0,0.4115617148910262,0.0
2008-12-02,0.0,0.0,0.0,0.18859849609345264,0.40108907056297916,0.0,0.0,0.0,0.4103124333435681,0.0
2008-12-03,0.0,0.0,0.0,0.1867302509356749,0.4017575416272038,0.0,0.0,0.0,0.4115122074371212,0.0
2008-12-04,0.0,0.0,0.0,0.18342124144894678,0.40068207539674733,0.0,0.0,0.0,0.4158966831543059,0.0
2008-12-05,0.0,0.0,0.0,0.18349053417977268,0.4018154863841521,0.0,0.0,0.0,0.4146939794360753,0.0
2008-12-08,0.0,0.0,0.0,0.1873047876047613,0.39961331105641984,0.0,0.0,0.0,0.4130819013388189,0.0
2008-12-09,0.0,0.0,0.0,0.1854198231353103,0.398278670267966,0.0,0.0,0.0,0.4163015065967238,0.0
2008-12-10,0.0,0.0,0.0,0.19239344447342957,0.3951649596122551,0.0,0.0,0.0,0.41244159591431523,0.0
2008-12-11,0.0,0.0,0.0,0.19352546754142783,0.3954313325073221,0.0,0.0,0.0,0.4110431999512502,0.0
2008-12-12,0.0,0.0,0.0,0.19362090691430087,0.39594740971939474,0.0,0.0,0.0,0.41043168336630437,0.0
2008-12-15,0.0,0.0,0.0,0.19598447108600825,0.39294681128855946,0.0,0.0,0.0,0.4110687176254323,0.0
2008-12-16,0.0,0.0,0.0,0.19631098666723146,0.39104698832135915,0.0,0.0,0.0,0.41264202501140923,0.0
2008-12-17,0.0,0.0,0.0,0.19541729474181987,0.3874638049000479,0.0,0.0,0.0,0.4171189003581322,0.0
2008-12-18,0.0,0.0,0.0,0.1903637829687404,0.3870620107099695,0.0,0.0,0.0,0.4225742063212902,0.0
2008-12-19,0.0,0.0,0.0,0.18823510343312452,0.3871934431911664,0.0,0.0,0.0,0.4245714533757092,0.0
2008-12-22,0.0,0.0,0.0,0.19058041409992157,0.38710530011600186,0.0,0.0,0.0,0.4223142857840766,0.0
2008-12-23,0.0,0.0,0.0,0.1891859903781601,0.38793717346587586,0.0,0.0,0.0,0.42287683615596405,0.0
2008-12-24,0.0,0.0,0.0,0.19097133280235556,0.38731325833657415,0.0,0.0,0.0,0.4217154088610704,0.0
2008-12-26,0.0,0.0,0.0,0.1942436396063185,0.3861551463202047,0.0,0.0,0.0,0.41960121407347684,0.0
2008-12-29,0.0,0.0,0.0,0.1955445693849438,0.38621481869227486,0.0,0.0,0.0,0.41824061192278134,0.0
2008-12-30,0.0,0.0,0.0,0.19384557821132653,0.3854065230699848,0.0,0.0,0.0,0.4207478987186886,0.0
2008-12-31,0.0,0.0,0.0,0.1975475983718622,0.38564703268320283,0.0,0.0,0.0,0.41680536894493503,0.0
2009-01-02,7.668851367667497e-11,1.0045850035249422e-10,8.821175170150607e-11,0.13803182421086396,0.4016142771264288,8.608633622447251e-11,8.789049456458938e-11,8.652915356594933e-11,0.3972032101837467,0.06315068795309578
2009-01-05,7.866566803317664e-11,1.0330433581177689e-10,8.81082669636518e-11,0.13727722730356576,0.4069786408729441,8.770251960044973e-11,8.919194512152234e-11,8.773475969295373e-11,0.3928184437121011,0.06292568757668146
2009-01-06,8.072488297813401e-11,1.0564367666499986e-10,8.905449233414243e-11,0.1383339274892593,0.40672856181254524,8.918187975800368e-11,9.00835951178083e-11,8.832094230159465e-11,0.38886892711446536,0.06606858304072066
2009-01-07,7.695134564953869e-11,1.0000988747113199e-10,8.79107526668131e-11,0.13507093162231124,0.4086407814042853,8.694336295964028e-11,8.791800775577552e-11,8.606027477148144e-11,0.3921488976195894,0.06413938882802049
2009-01-08,7.699793014221388e-11,9.927140113191871e-11,8.894152968419264e-11,0.13743607698040872,0.4084712638582678,8.70928807142522e-11,8.856766293364781e-11,8.614442643453737e-11,0.3906244580057142,0.0634682006285935
2009-01-09,7.6235247142262e-11,9.728517094105798e-11,8.600520160338976e-11,0.1367835045592219,0.4110424257963523,8.400800702769877e-11,8.672431099218304e-11,8.443890119782806e-11,0.39186234164991895,0.060311727479810034
2009-01-12,7.293085239784747e-11,9.337090298835846e-11,8.410209959734173e-11,0.1319033356029437,0.4144605740570931,8.167952301065902e-11,8.531296715333998e-11,8.257988433643512e-11,0.3967426189180808,0.056893470921906185
2009-01-13,7.394979942314459e-11,9.339994866483095e-11,8.23408805218193e-11,0.13175334248207204,0.41366963500853765,8.254712481741152e-11,8.511834638472681e-11,8.25151817756186e-11,0.3961207919241152,0.05845623008540385
2009-01-14,7.262648989860843e-11,8.851172067094279e-11,7.8647254654318e-11,0.12945852531904195,0.41432243143033776,7.860347562121931e-11,8.219449755752119e-11,7.960044587397416e-11,0.40104345216484805,0.05517559060558846
2009-01-15,7.233068077477132e-11,8.924617740580794e-11,7.910965382739868e-11,0.13002769673364156,0.4127038507587734,7.962420322276599e-11,8.328485608582398e-11,7.938195474975236e-11,0.4004557560084699,0.05681269601613747
2009-01-16,7.294582286692068e-11,9.05852234822062e-11,7.990587684953096e-11,0.13432735266090343,0.4105738468964868,8.083681782855912e-11,8.454506973653149e-11,8.032987158959894e-11,0.3958932090384352,0.059205590915025835
2009-01-20,7.098645504402971e-11,8.42142820000655e-11,7.438242635970873e-11,0.13787156646086401,0.4117502582099864,7.569034572496796e-11,8.070335098038392e-11,7.64247138994727e-11,0.3975678017382355,0.052810373128512465
2009-01-21,7.208635890552325e-11,8.98079469714226e-11,7.891442375545978e-11,0.1388373662597287,0.4127493569027013,8.03720164250625e-11,8.510009920098711e-11,8.06371742170769e-11,0.38941054646318435,0.059002729887467506
2009-01-22,7.206743898872508e-11,8.796013019115381e-11,7.806829055058651e-11,0.141347697929876,0.41531291434878714,7.904692342986275e-11,8.504507606780886e-11,8.041451016657753e-11,0.3868446290104203,0.05649475822831408
2009-01-23,7.502280703654513e-11,8.860622750453497e-11,7.710650183074074e-11,0.1471575465847191,0.41317790370741575,7.90157699996296e-11,8.500197372029593e-11,8.033235556867348e-11,0.3817623507438251,0.057902198478954336
2009-01-26,7.546986970950212e-11,9.000295181883107e-11,7.893404487917116e-11,0.14844934497165987,0.4138022603174705,8.022663892888148e-11,8.59634568409786e-11,8.120806980649951e-11,0.3799495325465566,0.05779886167250812
2009-01-27,7.259196920691036e-11,9.05612015744031e-11,7.955583959646155e-11,0.1458183600103376,0.4117747153159733,8.017876636571802e-11,8.559754547391065e-11,8.10987524975472e-11,0.38445474379869105,0.057952180385413964
2009-01-28,7.498310156920656e-11,9.599895017354851e-11,8.262527532184713e-11,0.145517295712748,0.4127711364050908,8.422525880787484e-11,8.939262840483072e-11,8.458840921190701e-11,0.3781824474384531,0.0635291199318945
2009-01-29,7.526331010095811e-11,9.25901879698309e-11,8.013682701745856e-11,0.1513715806440418,0.41393679581982,8.222686855611232e-11,8.852352393796494e-11,8.315345856615385e-11,0.3754176026595598,0.059274020374684176
2009-01-30,7.487555212329793e-11,9.196875322078936e-11,7.943692551805453e-11,0.1545476644663491,0.41406972845949697,8.062052012709516e-11,8.703198347336915e-11,8.152241494647383e-11,0.3745053512753396,0.05687725530335817
2009-02-02,1.6758871467895646e-13,4.911365605998981e-12,3.1301506048542544e-13,0.19356850612792048,0.40112806808132717,1.96865443962039e-13,2.1508544530383678e-13,2.4479679088179636e-13,0.4053034257847038,0.0
2009-02-03,1.6798516147396612e-13,5.1295081630330284e-12,3.265437296866015e-13,0.19548223167847267,0.4032844409882764,2.0106809709745482e-13,2.2153192709732138e-13,2.517381240444621e-13,0.40123332732695255,0.0
2009-02-04,1.692457080224426e-13,5.177039141121081e-12,3.255009945584443e-13,0.19742339187156768,0.40199174324091375,1.9997583303399673e-13,2.2224778899891029e-13,2.509788733855465e-13,0.40058486488117356,0.0
2009-02-05,1.7243631987698026e-13,5.268322708795852e-12,3.29038321754699e-13,0.19883343478568305,0.40157854417720734,2.016152191682629e-13,2.2638803033346405e-13,2.5385715307840254e-13,0.39958802103065794,0.0
2009-02-06,1.7456427479144844e-13,5.559241965000116e-12,3.382879200156767e-13,0.1986269343170311,0.40109049449707596,2.0978988293587294e-13,2.3344416207692356e-13,2.6236313567578503e-13,0.4002825711791153,0.0
2009-02-09,1.7402683813149548e-13,5.543228944975138e-12,3.389978773826817e-13,0.19627038642348874,0.4012143046666798,2.09341381443531e-13,2.349611489394151e-13,2.6334115035527374e-13,0.4025153089030676,0.0
2009-02-10,1.6869862877747634e-13,5.114396711433333e-12,3.1637300979637907e-13,0.1968640194532152,0.39927217897018885,1.9607715812923415e-13,2.2223737019508823e-13,2.467570134305041e-13,0.40386380157033147,0.0
2009-02-11,1.6555576082540842e-13,5.201107471799654e-12,3.157493027979391e-13,0.19884646203204231,0.3972450251629239,1.9432608047997258e-13,2.1840374919181637e-13,2.450610219250245e-13,0.4039085127986935,0.0
2009-02-12,1.6614365215560493e-13,5.179137854876992e-12,3.154208815252022e-13,0.20115118242839436,0.39792844328311106,1.963748516803032e-13,2.2152959077434675e-13,2.4573620237018275e-13,0.40092037428217026,0.0
2009-02-13,1.6564124263400979e-13,5.285200558266441e-12,3.1681790670999195e-13,0.202884241185359,0.4008659648364623,1.9731759072800058e-13,2.2390492935450435e-13,2.468295898631957e-13,0.396249793971743,0.0
2009-02-17,1.525072297741073e-13,4.825231267031721e-12,2.925282191705835e-13,0.2040503605182826,0.39749398555615345,1.847976753481351e-13,2.0966769306765027e-13,2.304098221962447e-13,0.39845565391966886,0.0
2009-02-18,1.5207837721416907e-13,4.806073800760132e-12,2.932168552649824e-13,0.2078300842200978,0.3958545112880327,1.8274906583874248e-13,2.104781836577598e-13,2.3058798291747906e-13,0.3963154044859942,0.0
2009-02-19,1.5760966098650096e-13,4.815597161347692e-12,2.9618566596203394e-13,0.20774954673596066,0.3981878713302567,1.8227390005944446e-13,2.0962457289731197e-13,2.3073366955917496e-13,0.3940625819278907,0.0
2009-02-20,1.543993648962178e-13,4.649915625283284e-12,2.8916729348862004e-13,0.2101846736833794,0.395615648925925,1.7815761784634815e-13,2.082566323979353e-13,2.2637064299628639e-13,0.3941996773849894,0.0
2009-02-23,1.5231244080171444e-13,4.517933614728847e-12,2.7705833507499526e-13,0.20922558723115064,0.39446509121324397,1.7065574142137333e-13,2.001971532060335e-13,2.174310396883958e-13,0.3963093215500698,0.0
2009-02-24,1.5651800061495252e-13,4.805484522983884e-12,2.9103979930148715e-13,0.20450628436506502,0.39627485906329896,1.7844010111684739e-13,2.08545022634862e-13,2.2756920184799677e-13,0.3992188565657684,0.0
2009-02-25,1.6021787795955354e-13,4.778495829911812e-12,2.8635230927845974e-13,0.20345786322135725,0.3972984030954226,1.7679548566478617e-13,2.0960209924566658e-13,2.284298853206449e-13,0.3992437336773803,0.0
2009-02-26,1.6449185843929576e-13,4.762545767959792e-12,2.855230526636853e-13,0.20436738715505337,0.398441132073457,1.7443876811437628e-13,2.0484581096473063e-13,2.259383850829837e-13,0.39719148076567196,0.0
2009-02-27,1.6311818580363745e-13,4.704276010723247e-12,2.865463817128126e-13,0.204152149784338,0.3995281173353424,1.7386488496063188e-13,2.036565925117266e-13,2.2168068572264694e-13,0.39631973287456645,0.0
2009-03-02,0.0,0.0,0.0,0.19497152894541636,0.40121840742693327,0.0,0.0,0.0,0.4038100636276504,0.0
2009-03-03,0.0,0.0,0.0,0.19405599877765511,0.4027691259936967,0.0,0.0,0.0,0.40317487522864814,0.0
2009-03-04,0.0,0.0,0.0,0.19298175039358437,0.4032029758970498,0.0,0.0,0.0,0.4038152737093657,0.0
2009-03-05,0.0,0.0,0.0,0.19510485239337655,0.3989680546374217,0.0,0.0,0.0,0.40592709296920193,0.0
2009-03-06,0.0,0.0,0.0,0.19651977389346875,0.39865638973131146,0.0,0.0,0.0,0.4048238363752198,0.0
2009-03-09,0.0,0.0,0.0,0.19399452409671075,0.4011768374103443,0.0,0.0,0.0,0.40482863849294504,0.0
2009-03-10,0.0,0.0,0.0,0.19184101965222106,0.40468500711997213,0.0,0.0,0.0,0.4034739732278069,0.0
2009-03-11,0.0,0.0,0.0,0.19234408103036132,0.4036969978247569,0.0,0.0,0.0,0.4039589211448818,0.0
2009-03-12,0.0,0.0,0.0,0.19500616248168096,0.4019830378369001,0.0,0.0,0.0,0.4030107996814188,0.0
2009-03-13,0.0,0.0,0.0,0.19580596170358533,0.4024502204129077,0.0,0.0,0.0,0.40174381788350705,0.0
2009-03-16,0.0,0.0,0.0,0.19664158637349619,0.40407588720862164,0.0,0.0,0.0,0.39928252641788214,0.0
2009-03-17,0.0,0.0,0.0,0.19589486306764745,0.4051633941610595,0.0,0.0,0.0,0.398941742771293,0.0
2009-03-18,0.0,0.0,0.0,0.19556214125003102,0.4046271851188268,0.0,0.0,0.0,0.39981067363114225,0.0
2009-03-19,0.0,0.0,0.0,0.19785861028080431,0.40254068101764295,0.0,0.0,0.0,0.3996007087015528,0.0
2009-03-20,0.0,0.0,0.0,0.19701577567390932,0.4040808720134237,0.0,0.0,0.0,0.39890335231266705,0.0
2009-03-23,0.0,0.0,0.0,0.1954023121270115,0.4059560636090578,0.0,0.0,0.0,0.39864162426393074,0.0
2009-03-24,0.0,0.0,0.0,0.1928490136731561,0.4050407615487768,0.0,0.0,0.0,0.40211022477806707,0.0
2009-03-25,0.0,0.0,0.0,0.19614442190920334,0.40489811742778997,0.0,0.0,0.0,0.3989574606630068,0.0
2009-03-26,0.0,0.0,0.0,0.19495046129974997,0.40370312369790334,0.0,0.0,0.0,0.40134641500234675,0.0
2009-03-27,0.0,0.0,0.0,0.19230254908627642,0.4034121439823588,0.0,0.0,0.0,0.4042853069313648,0.0
2009-03-30,0.0,0.0,0.0,0.1904610133431331,0.4044218054068754,0.0,0.0,0.0,0.4051171812499916,0.0
2009-03-31,0.0,0.0,0.0,0.1902888215704202,0.4034229791683105,0.0,0.0,0.0,0.40628819926126924,0.0
2009-04-01,9.273783675159897e-14,0.0,1.2377009655368425e-13,0.20040044056702616,0.39847292674359536,1.2897528781735385e-13,1.2392251350981252e-13,1.2415580828344002e-13,0.4011266326885575,2.2741235146187127e-13
2009-04-02,9.752766276546865e-14,0.0,1.3097941819607324e-13,0.19794801558174904,0.4008481699261647,1.3712907883887551e-13,1.2951708966995718e-13,1.293918275642902e-13,0.40120381449121484,2.469566234479269e-13
2009-04-03,1.0059348116228031e-13,0.0,1.3380116626801417e-13,0.1983255702574486,0.4024915130783887,1.414902435950954e-13,1.3400066086951992e-13,1.3273702759142256e-13,0.3991829166632476,2.7244357850757486e-13
2009-04-06,1.0014081951363743e-13,0.0,1.320712207202482e-13,0.19460854729694818,0.4047524153579992,1.4017794578729916e-13,1.3473271927645472e-13,1.327450804771189e-13,0.4006390373441413,2.7148723237886455e-13
2009-04-07,9.782964227347012e-14,0.0,1.286157346468077e-13,0.19690056229967104,0.40360074037983384,1.3448250841977828e-13,1.3047944125606438e-13,1.2895261863592672e-13,0.39949869731962495,2.4983313568649875e-13
2009-04-08,9.803459547977994e-14,0.0,1.2922862228634652e-13,0.19557999241677881,0.4034849037492211,1.3625501197141136e-13,1.319883600534568e-13,1.2966257818881291e-13,0.40093510383312275,2.522004790220287e-13
2009-04-09,1.002749854858156e-13,0.0,1.337652380161325e-13,0.19648956248326044,0.4043805783019676,1.4540806110120424e-13,1.3718614825579821e-13,1.3591364134319425e-13,0.3991298592138312,2.883363844802773e-13
2009-04-13,9.974702603951982e-14,0.0,1.3380401778890793e-13,0.19815549633454768,0.4028904707507062,1.440828821014964e-13,1.3567141348134254e-13,1.3464851105561483e-13,0.3989540329138118,2.8645422922720824e-13
2009-04-14,9.764414967036417e-14,0.0,1.3212486147875052e-13,0.19641488424978007,0.40374770354315903,1.3949472247219847e-13,1.3361960061765884e-13,1.3192999788983507e-13,0.39983741220616464,2.613629741557209e-13
2009-04-15,9.702916696600539e-14,0.0,1.33864547135349e-13,0.1967114016620004,0.4041357992284872,1.4162209715330382e-13,1.332523746556054e-13,1.3334055071798616e-13,0.39915279910858925,2.840631012397454e-13
2009-04-16,9.743586065186265e-14,0.0,1.3587957077821314e-13,0.1945774153558351,0.4060090582396577,1.4697478145446834e-13,1.3788721227147918e-13,1.364637288016197e-13,0.39941352640355643,2.9611749488875666e-13
2009-04-17,9.759609624048662e-14,0.0,1.366467030678521e-13,0.1949946288354529,0.4063934986906508,1.496256754761412e-13,1.3943255658878398e-13,1.3862640664529068e-13,0.3986118724729302,3.041899492435393e-13
2009-04-20,9.273472837849582e-14,0.0,1.293839540771475e-13,0.19643362984270546,0.4040426650373458,1.401510100881946e-13,1.332446429427636e-13,1.3113389052674857e-13,0.3995237051190528,2.6941507091007176e-13
2009-04-21,9.359746158034911e-14,0.0,1.330996786912817e-13,0.19741345867420346,0.40476236556767736,1.4583224625997203e-13,1.3587206656998421e-13,1.3445559745660117e-13,0.3978241757571814,2.9494993194153777e-13
2009-04-22,9.395554580314858e-14,0.0,1.3234159831310997e-13,0.1989802756767941,0.40470517231614367,1.4613419222227748e-13,1.36599107925197e-13,1.3393891961950954e-13,0.39631455200613397,2.8529885663128705e-13
2009-04-23,9.491061647732715e-14,0.0,1.3524040263573667e-13,0.20158708825958463,0.4033658119396965,1.4533931416612393e-13,1.3750464961864763e-13,1.3483463904228642e-13,0.3950470997997739,2.972320534877565e-13
2009-04-24,9.668244055606172e-14,0.0,1.3780078648115363e-13,0.20438119646625813,0.4031832480705615,1.4855687549533231e-13,1.4039805908133937e-13,1.3734625892589864e-13,0.3924355554622071,3.123905660787984e-13
2009-04-27,9.411500132624936e-14,0.0,1.3593921313992697e-13,0.20241455692643573,0.40415102458164215,1.4671269131360287e-13,1.4032263924106414e-13,1.3581228360844034e-13,0.39343441849097593,2.931764182011278e-13
2009-04-28,9.450630048685077e-14,0.0,1.3617894689645876e-13,0.20182045545351945,0.4067674868472769,1.486030116242428e-13,1.4086786519963183e-13,1.3692599028067815e-13,0.391412057698246,3.0044841092546417e-13
2009-04-29,9.711238392086635e-14,0.0,1.4027318484051791e-13,0.2040383074816699,0.40632872276712595,1.5491207126573551e-13,1.4342462606748817e-13,1.4044674215720828e-13,0.38963296975021305,3.148968540863382e-13
2009-04-30,9.791243265571436e-14,0.0,1.4181289292388182e-13,0.2025384434000668,0.40754510046008696,1.5421085555029883e-13,1.455431834653862e-13,1.4115617652993177e-13,0.38991645613885056,3.149889644072755e-13
2009-05-01,0.10275627393771083,0.10122187237597896,0.10092656188549795,0.09939465004514315,0.09943992431374997,0.10037727262694332,0.10002232010828845,0.10029676626686795,0.09907371154053168,0.09649064689928763
2009-05-04,0.10145226762210743,0.10480560123568307,0.10180236551278117,0.09813332911554626,0.09639932647625958,0.1007584557016915,0.09878676223101511,0.1004406043884968,0.09626770748485283,0.10115358023156623
2009-05-05,0.10087721981850778,0.10477141081890232,0.10167079072587494,0.09855705336858996,0.0972225295854413,0.10113852737422348,0.09956647109039,0.10097439937688847,0.09699110633250389,0.09823049150867787
2009-05-06,0.10212929543471827,0.10510069472366014,0.10269646786362206,0.09861613058387983,0.09592050996666016,0.1000184984401735,0.0982189289203986,0.10130554920396993,0.09542500078221057,0.10056892408070683
2009-05-07,0.10432520288347623,0.10449244515771654,0.10295400516520116,0.1004347565925308,0.09698003268858535,0.09957339782422245,0.0977978672993757,0.1018541819948606,0.09491818068954655,0.09666992970448457
2009-05-08,0.10443441118223337,0.1054640649388256,0.1049172864561457,0.09868783328137587,0.09483411889416984,0.10062757247069319,0.0955759165764421,0.10180315070772986,0.09293261633186838,0.10072302916051613
2009-05-11,0.10472300272930947,0.10413799454187705,0.10338193478813279,0.09946284782222845,0.09678945768678315,0.10024983919548756,0.09697676541470208,0.10100803406569803,0.09530143285249677,0.0979686909032847
2009-05-12,0.10566760802281151,0.10476066177634841,0.10437058199006115,0.10046782491302338,0.09661666677098446,0.09872054068252055,0.09568140561035991,0.10059396536353404,0.09553833994032336,0.09758240493003342
2009-05-13,0.10688523164887381,0.10326178597780139,0.10316194782106487,0.10324434339566596,0.09931699757616183,0.09638672130029025,0.09527888335603427,0.10034028364224912,0.09882046927484062,0.09330333600701779
2009-05-14,0.10661826862025565,0.10381053571778213,0.1032468468215551,0.10225555969050697,0.09844115756933902,0.0968600334005826,0.09548672030997722,0.10029707230263187,0.09831955455021929,0.0946642510171501
2009-05-15,0.10483178748456788,0.10375584941250643,0.10320944119344916,0.1037423044278794,0.09906167350638176,0.09734330599298423,0.09626704606084598,0.10035157184574377,0.09915210347797553,0.09228491659766593
2009-05-18,0.10497465718313542,0.10684062271832714,0.10453126065942496,0.0998922103522434,0.09607335954717029,0.09814647271767882,0.09636362805933295,0.100680903224372,0.09523011030777453,0.09726677523054049
2009-05-19,0.10490177003117505,0.10797702183000946,0.10540165419589105,0.1004856847534911,0.09587245544991517,0.09811809606662746,0.09674671362567099,0.10048969710284665,0.0946611234017083,0.09534578354266478
2009-05-20,0.1062981519163904,0.10801608281371489,0.10580052699914168,0.10163114595870164,0.09590789690737149,0.0969373386485655,0.09614471291758137,0.09954307389199514,0.09539441119745516,0.09432665874908279
2009-05-21,0.1064474924922587,0.10702504078640528,0.10600908341456895,0.10438973603388171,0.09577142134891956,0.09661061798284172,0.09528672608378222,0.09905832477860196,0.09389104676639623,0.09551051031234362
2009-05-22,0.10827474918342096,0.10777032771875751,0.10688022052114529,0.10498772429988877,0.09545047177332855,0.09585163303884905,0.09521498747171091,0.09909685044218837,0.0930830188237601,0.09339001672695046
2009-05-26,0.1066617126337041,0.10719432362788324,0.10715087416564989,0.10276410070355638,0.09319276193755624,0.09870649318007436,0.09707383181364164,0.09989614012210264,0.09011119751762273,0.09724856429820873
2009-05-27,0.10863015221737116,0.10743320758627448,0.10653545676134456,0.1038484601005731,0.09341886959621433,0.0981401082017592,0.0977446521668395,0.09947686087827831,0.08974756666005652,0.09502466583128887
2009-05-28,0.10919955361164453,0.10932588464856742,0.10624056418337904,0.10338136312792223,0.09270089775644244,0.09699806200552151,0.09760634532549528,0.09956815169841686,0.08987752726351354,0.09510165037909726
2009-05-29,0.10917747821686245,0.10887111309179606,0.10629048938549165,0.10351170226122515,0.09195231991786837,0.09709629488193115,0.096916139063177,0.09939191457706147,0.09043325824069048,0.09635929036389619
2009-06-01,0.10087210329105807,0.10230210777242388,0.10058808461969246,0.09768790383810168,0.09656538051440187,0.10200264854444194,0.10096993883746765,0.10054394565494344,0.09526533660596674,0.10320255032150229
2009-06-02,0.10122907482888915,0.10076018527187851,0.10139129583570472,0.09826709993713907,0.09682565235058707,0.10320761140391027,0.10104321440420919,0.10056366477393223,0.09571576579577581,0.10099643539797405
2009-06-03,0.09913019322540732,0.09846001040484735,0.09965915233875394,0.09753759338209197,0.09869142551242756,0.10386396461845503,0.10205557999924386,0.10058991247132308,0.09787810913080379,0.10213405891664602
2009-06-04,0.10158326074508747,0.0991289036493503,0.09913255009839479,0.09827289363020002,0.0964234935854027,0.10413641863000515,0.10201871849222129,0.10036571993700441,0.09475171605943057,0.10418632517290331
2009-06-05,0.10163509828865656,0.09992734058500527,0.0984939794295452,0.09626925210301461,0.09603297605954964,0.1047958599687125,0.10273793251794464,0.10098466372249261,0.0945894058970352,0.1045334914280438
2009-06-08,0.10207090858748367,0.0990519206972828,0.09895570569266424,0.09677033305344845,0.09619651807242996,0.10426078054359202,0.10312887963661571,0.10125369141588622,0.09499041344815985,0.10332084885243706
2009-06-09,0.10255926455136448,0.09875315545715117,0.09968904194999037,0.09658174779343606,0.09614550221965967,0.10423185438469865,0.10341538862985991,0.10127928358573705,0.09452199906257072,0.10282276236553178
2009-06-10,0.10256601607712218,0.10038643649105727,0.10025847093225415,0.096981772437925,0.09593501861157018,0.10421405012344111,0.10344530182090814,0.10140840562286291,0.09339006545544357,0.10141446242741547
2009-06-11,0.10301769787839257,0.1020543411336932,0.10149378668443097,0.09635840536071756,0.09613217117292773,0.10376044855642927,0.10295589878329307,0.10137764204765662,0.0939810384906466,0.09886856989181232
2009-06-12,0.10158222327938395,0.10042980292190579,0.10098495593653402,0.09479665371642938,0.09665394951270594,0.10408875406853656,0.10249312666211244,0.10166819594109468,0.09483586385507561,0.10246647410622169
2009-06-15,0.1017695648125517,0.09891449730260979,0.09945451140330075,0.09571504178020156,0.0991800239808323,0.10347078771895861,0.1025589543717314,0.10147750217180153,0.09775154644434561,0.09970757001366679
2009-06-16,0.10197396282882948,0.0979972775227353,0.0988821900265423,0.09715490554176152,0.10032062281588636,0.10233630709372558,0.10215612213301935,0.1006897059232889,0.1000374600345252,0.09845144607968606
2009-06-17,0.10241873722345109,0.09702730851811721,0.09929488153965495,0.09773085108448698,0.1001883878175766,0.10302267137975762,0.10327270074079663,0.10072692240309468,0.09960886907752463,0.09670867021553965
2009-06-18,0.10277263164323316,0.09696151959645477,0.0993382718215955,0.09715801073100594,0.09918607313612565,0.10371387017906634,0.10329485632986048,0.10168418043987305,0.09831410582517945,0.09757648029760571
2009-06-19,0.10124810753849532,0.09683466552313207,0.1002680172387928,0.0968475358294986,0.09901288920605693,0.10368263360256917,0.10374147838951095,0.1014117732075028,0.09902994695903271,0.09792295250540864
2009-06-22,0.10035284975947813,0.09572021864834847,0.09953000191765109,0.0978607799471292,0.10209896110216442,0.10256912186597679,0.10322358805985601,0.10089300475254079,0.10255499286878629,0.09519648107806873
2009-06-23,0.10155594051252503,0.09582949087231926,0.10030334473535044,0.09774928980837327,0.10188548254483162,0.10119948126107475,0.10244089851275287,0.10043556473223687,0.10321105141067767,0.09538945560985818
2009-06-24,0.10079957167374305,0.09724445990731172,0.0996883731125688,0.09762964282898337,0.10078804249013001,0.10157468838295776,0.10343734033605928,0.10059074912875828,0.10145878051702688,0.09678835162246076
2009-06-25,0.09985128656510622,0.09833651004494309,0.09995386202384793,0.0967717671920181,0.10021041194038402,0.10261873691452268,0.10357099670352005,0.10092623701414039,0.10145682396048963,0.09630336764102798
2009-06-26,0.09893449584909483,0.09876471871758363,0.0996659099880917,0.09666099364322343,0.10025002560041767,0.10288497034176887,0.1037029725086586,0.10056972927943564,0.1015344110691835,0.09703177300254204
2009-06-29,0.09951666647700114,0.0991275044014999,0.10013726535726548,0.09604008583123368,0.10008580152332118,0.10250174454159582,0.10354395471909503,0.10113337087512092,0.10130594530121076,0.09660766097265597
2009-06-30,0.0983378609171226,0.09871799362705533,0.09957094435706774,0.09571980462602954,0.10042703747081717,0.10282155691501692,0.10397186202338406,0.10092361738502315,0.10174824651198686,0.09776107616649668
2009-07-01,0.09882019805340395,0.10103120367632276,0.10086094816905265,0.10053158144370129,0.09915132503744438,0.10074937229933391,0.0992695568275081,0.0996249334980389,0.09901821211406987,0.10094266888112412
2009-07-02,0.09882669609369531,0.10049743926688644,0.10018865394448598,0.10155134990083507,0.10174504757751882,0.09949634711695667,0.09929787462747448,0.0991117868434761,0.10150901904950356,0.09777578557916752
2009-07-06,0.0961239099920628,0.10054691189022119,0.10059156628120834,0.10127784663303534,0.10208645569964418,0.0988845834774822,0.09903368774554651,0.0993674276199238,0.10158786700924928,0.10049974365162634
2009-07-07,0.09610735408956633,0.09974938292982637,0.09971802459396237,0.10284082897923505,0.10413055788242756,0.09829298052217994,0.09811700465419967,0.09900040604156908,0.10390340012834026,0.09814006017869344
2009-07-08,0.09514959215089815,0.09883406677458381,0.0995529173273523,0.10145395380624755,0.10558672775788466,0.09785977751058533,0.09886788840081016,0.09917310716780739,0.10607934878387487,0.09744262031995578
2009-07-09,0.09573626014284209,0.10059309155102485,0.10076507946753109,0.10171729537213085,0.10495814129999187,0.09744361419864919,0.09902963917967683,0.09935550292924393,0.10480552933736298,0.09559584652154635
2009-07-10,0.0950864045921812,0.0994904587984938,0.0996759977746038,0.10188582924919015,0.10570371591117823,0.09799739617182807,0.0995438015663887,0.09920554583498606,0.10586524973416792,0.09554560036698202
2009-07-13,0.09436631822271202,0.09891493090773236,0.1001200525976492,0.1012656926983871,0.10397601722506744,0.09907525300420915,0.10015422178659265,0.10031744540904428,0.10392273391771278,0.09788733423089296
2009-07-14,0.0941215517455994,0.09973556638516036,0.10039532415339333,0.1016973580430893,0.10301756733842438,0.0994000196837951,0.10025933651953892,0.10062362182195649,0.10193080329216717,0.09881885101687553
2009-07-15,0.09445873549172296,0.10275575605021565,0.10152200940676485,0.10100449938502916,0.09942641138534347,0.10093874968602809,0.10132585171625577,0.10126623294246563,0.09710380996477472,0.10019794397139954
2009-07-16,0.09410357296440248,0.10231556352138647,0.10179267098428572,0.10010719748175545,0.09941427789255033,0.10157253686683983,0.10190978928074977,0.10048843250092161,0.09755534636585131,0.10074061214125707
2009-07-17,0.09565844935360535,0.10352583356462691,0.10158476614024707,0.10021096162571151,0.09890096316916627,0.10134258314518786,0.10261734506946095,0.10174987573711934,0.09620176646630044,0.0982074557285744
2009-07-20,0.09567382200545597,0.10549911391102508,0.10189089038575065,0.1000445193394166,0.09766464999131973,0.10093959406477268,0.10193187651319331,0.10117424437044267,0.09515000358492552,0.10003128583369779
2009-07-21,0.09499252248322215,0.10482551232515899,0.10217053473950076,0.09953216878504118,0.09840943151374788,0.10041214608121489,0.10226971420527922,0.10128457304825249,0.09670695729669139,0.09939643952189095
2009-07-22,0.09539902069241421,0.10446268080447972,0.10230732882795938,0.09974798470409847,0.09771439290196242,0.10108000548616199,0.10300753112162676,0.10114626516605754,0.09572773500224697,0.09940705529299265
2009-07-23,0.09589953188781664,0.10579082751922228,0.10244848006851669,0.09804385714869641,0.09529742579122143,0.1026897757063468,0.10368289575285929,0.10180976698437891,0.09254525620452929,0.10179218293641229
2009-07-24,0.09580435292585997,0.10508791009319214,0.1028830056667135,0.09801746387074514,0.09531976673475508,0.1030235866036485,0.1026994534843653,0.10203509945402273,0.09281829881034999,0.1023110623563476
2009-07-27,0.0958678744933683,0.10565858989321522,0.10264784369418917,0.09800802573969082,0.09456259212780349,0.10320842949978894,0.10314729848164035,0.10199945276146123,0.09145010718560816,0.10344978612323436
2009-07-28,0.09518129166626078,0.10559275083391917,0.10260674994972306,0.09670790706642592,0.09511954349209897,0.10366477805432495,0.10283643136020934,0.1019157246926869,0.09261683974897188,0.10375798313537911
2009-07-29,0.09342168232563815,0.10399023321094292,0.10253368815889868,0.09647019651590073,0.09589650947229185,0.10391124522535192,0.10429649440247313,0.10242793207376351,0.09382264393364506,0.10322937468109405
2009-07-30,0.09472674036829631,0.10479986412570749,0.10280346064181736,0.09531027777917389,0.09468678366017742,0.10398013221289866,0.10316981227328333,0.10178461821326074,0.09357770222205027,0.10516060850333467
2009-07-31,0.09586141333792002,0.10448026451707791,0.10356441997862119,0.09635378346729331,0.09489663552361056,0.10274525887241316,0.10205605234228063,0.10113535423659224,0.09465611650830145,0.10425070121588949
2009-08-03,0.10144540372396489,0.10235693905505515,0.10095180973829199,0.09921155905385408,0.09761364556197025,0.10038410211316805,0.10013747152372161,0.10028954396666931,0.0971667223360068,0.10044280292729786
2009-08-04,0.10093234646288908,0.10086389853513207,0.10024315184609058,0.09951954564623978,0.09679827716271837,0.10084072619345981,0.09958898620594613,0.09999837399994718,0.0958661201944083,0.10534857375316876
2009-08-05,0.1020082862767678,0.10002474980560946,0.09984541998607441,0.09963563886127817,0.09625844362688116,0.09984527237192926,0.09882886770679773,0.09972144833009834,0.09444355243453682,0.10938832060002676
2009-08-06,0.10039517808347395,0.09992806109907525,0.09994869273779487,0.1001742831859644,0.09696297643870899,0.09917081741323776,0.09867524710595482,0.09993114303226065,0.09545915596475352,0.10935444493877583
2009-08-07,0.09901862963274814,0.10000900933620177,0.09894670932307491,0.09837547100674812,0.09544948280044038,0.10063506131986334,0.09902340817276893,0.10032510196494364,0.09380709544879598,0.11441003099441487
2009-08-10,0.09937580566569056,0.09928588156714548,0.09874146111627825,0.09790880010631449,0.09645155364251472,0.1012184639141084,0.09872518786587188,0.10052116150739382,0.09536199549776207,0.11240968911692041
2009-08-11,0.09880026252017875,0.0983308438416536,0.09909690178698766,0.09867867409976695,0.09803370411961586,0.10052471697908615,0.0987960374055271,0.10019853712703918,0.09737048809949558,0.11016983402064921
2009-08-12,0.09869331889282189,0.0985953457621372,0.09958978551969086,0.09822779290462746,0.09714650483230645,0.10140208923536345,0.09970076751042833,0.10063735383205571,0.09572522147906809,0.11028182003150051
2009-08-13,0.09900867162275909,0.09928989771181909,0.10009311172339107,0.0980394335293085,0.09691550690717393,0.10120203410508598,0.09923655169458535,0.10038011727691398,0.09610012075919633,0.10973455466976687
2009-08-14,0.09722481812541746,0.09851551026776569,0.1002861677924019,0.0983110437700389,0.09824038324241605,0.10017267312812193,0.0991312856313193,0.1006584772538217,0.09748840149113751,0.10997123929755957
2009-08-17,0.09791690092043984,0.09677764094195286,0.09923340674960646,0.09901403990022559,0.10113224147973073,0.09953289851912565,0.0984138127443648,0.10038409832332092,0.10114884913140455,0.10644611128982856
2009-08-18,0.0988656247130046,0.0979237924810072,0.09996571675436257,0.09852571638077195,0.09978990963416078,0.09987032300229473,0.09884261038897013,0.10018944011201181,0.09957643875412968,0.10645042777928664
2009-08-19,0.09902062888362392,0.09764383587452698,0.10027232482592914,0.0984928043571902,0.09962148697295176,0.10054573678011021,0.09898783574938594,0.10052209814472621,0.09985777556440671,0.10503547284714884
2009-08-20,0.09724149903740405,0.09836697934630478,0.0999950261658498,0.09725618406272699,0.09890762652280459,0.10064320054253341,0.09916768418058824,0.10056536386730261,0.09969404338441328,0.10816239289007232
2009-08-21,0.09687829618702108,0.09874186830215599,0.10104507761614408,0.09761329492949179,0.09681265304192442,0.10181805528111586,0.09937236289739979,0.10139708156319706,0.09655714053421413,0.10976416964733593
2009-08-24,0.09694471745536803,0.09907218473251529,0.1009190879113571,0.09614620137491475,0.097309086228471,0.10167549550078868,0.09916886514585187,0.10128014112726356,0.09820386568487686,0.10928035483859284
2009-08-25,0.0952868152947968,0.09857994155549009,0.10163825796147749,0.09631489322038304,0.09729434919088815,0.10182878420525109,0.09918788471418936,0.10119464317350557,0.09848463594192343,0.11018979474209502
2009-08-26,0.09503058183958402,0.0982780242157162,0.10121119031560331,0.0963421789158073,0.09741840296257061,0.10205143469771381,0.09901190347753015,0.10120037139308374,0.09893199249042207,0.1105239196919687
2009-08-27,0.09558855302887893,0.09784140688411637,0.10172349501493891,0.09651384547231769,0.09690719770886763,0.1016378605055589,0.0990077410660093,0.10117062843745221,0.0982940949179597,0.11131517696390016
2009-08-28,0.09527090872402828,0.09721794863072887,0.10166591551631649,0.09710818725455854,0.09702079318610185,0.10087996764706922,0.09899361040682073,0.10103667744921592,0.09863266404158431,0.11217332714357577
2009-08-31,0.0936575715172766,0.09631496627113209,0.10199183017387792,0.09764930276738579,0.09834214247681912,0.10045972706368389,0.09903192960944945,0.10120220549725198,0.09977432551424939,0.11157599910887375
2009-09-01,0.0,0.0,0.0,0.0,0.4059895721755305,0.0,0.0,0.5940104278244694,0.0,0.0
2009-09-02,0.0,0.0,0.0,0.0,0.408221077007262,0.0,0.0,0.591778922992738,0.0,0.0
2009-09-03,0.0,0.0,0.0,0.0,0.40535633983282715,0.0,0.0,0.5946436601671728,0.0,0.0
2009-09-04,0.0,0.0,0.0,0.0,0.400563104333818,0.0,0.0,0.599436895666182,0.0,0.0
2009-09-08,0.0,0.0,0.0,0.0,0.39795089560728814,0.0,0.0,0.6020491043927118,0.0,0.0
2009-09-09,0.0,0.0,0.0,0.0,0.39633093202520453,0.0,0.0,0.6036690679747955,0.0,0.0
2009-09-10,0.0,0.0,0.0,0.0,0.3956782705353916,0.0,0.0,0.6043217294646083,0.0,0.0
2009-09-11,0.0,0.0,0.0,0.0,0.39642665667517635,0.0,0.0,0.6035733433248237,0.0,0.0
2009-09-14,0.0,0.0,0.0,0.0,0.3938595676709166,0.0,0.0,0.6061404323290833,0.0,0.0
2009-09-15,0.0,0.0,0.0,0.0,0.3923685839012852,0.0,0.0,0.6076314160987148,0.0,0.0
2009-09-16,0.0,0.0,0.0,0.0,0.38861080106110224,0.0,0.0,0.6113891989388978,0.0,0.0
2009-09-17,0.0,0.0,0.0,0.0,0.3901357107637116,0.0,0.0,0.6098642892362883,0.0,0.0
2009-09-18,0.0,0.0,0.0,0.0,0.3887097788182704,0.0,0.0,0.6112902211817297,0.0,0.0
2009-09-21,0.0,0.0,0.0,0.0,0.38915539685845685,0.0,0.0,0.6108446031415431,0.0,0.0
2009-09-22,0.0,0.0,0.0,0.0,0.3884002390433281,0.0,0.0,0.611599760956672,0.0,0.0
2009-09-23,0.0,0.0,0.0,0.0,0.3909056450988829,0.0,0.0,0.6090943549011171,0.0,0.0
2009-09-24,0.0,0.0,0.0,0.0,0.3941978500223156,0.0,0.0,0.6058021499776844,0.0,0.0
2009-09-25,0.0,0.0,0.0,0.0,0.3964374664719142,0.0,0.0,0.6035625335280858,0.0,0.0
2009-09-28,0.0,0.0,0.0,0.0,0.3926129211706208,0.0,0.0,0.6073870788293791,0.0,0.0
2009-09-29,0.0,0.0,0.0,0.0,0.3932285921978064,0.0,0.0,0.6067714078021935,0.0,0.0
2009-09-30,0.0,0.0,0.0,0.0,0.3943348428124393,0.0,0.0,0.6056651571875608,0.0,0.0
2009-10-01,0.0,0.0,0.0,0.0,0.40785379858006693,0.0,0.0,0.5921462014199331,0.0,0.0
2009-10-02,0.0,0.0,0.0,0.0,0.40887856373157294,0.0,0.0,0.5911214362684271,0.0,0.0
2009-10-05,0.0,0.0,0.0,0.0,0.4052758439635311,0.0,0.0,0.5947241560364689,0.0,0.0
2009-10-06,0.0,0.0,0.0,0.0,0.4010740320601437,0.0,0.0,0.5989259679398562,0.0,0.0
2009-10-07,0.0,0.0,0.0,0.0,0.40194287395476797,0.0,0.0,0.598057126045232,0.0,0.0
2009-10-08,0.0,0.0,0.0,0.0,0.3992327068158281,0.0,0.0,0.6007672931841718,0.0,0.0
2009-10-09,0.0,0.0,0.0,0.0,0.39546744945887197,0.0,0.0,0.604532550541128,0.0,0.0
2009-10-12,0.0,0.0,0.0,0.0,0.3952351021953086,0.0,0.0,0.6047648978046914,0.0,0.0
2009-10-13,0.0,0.0,0.0,0.0,0.3962688243633705,0.0,0.0,0.6037311756366295,0.0,0.0
2009-10-14,0.0,0.0,0.0,0.0,0.39056099348251694,0.0,0.0,0.6094390065174831,0.0,0.0
2009-10-15,0.0,0.0,0.0,0.0,0.38891260178838705,0.0,0.0,0.6110873982116131,0.0,0.0
2009-10-16,0.0,0.0,0.0,0.0,0.3917893380887489,0.0,0.0,0.6082106619112511,0.0,0.0
2009-10-19,0.0,0.0,0.0,0.0,0.3901922886968741,0.0,0.0,0.609807711303126,0.0,0.0
2009-10-20,0.0,0.0,0.0,0.0,0.39199689265263954,0.0,0.0,0.6080031073473605,0.0,0.0
2009-10-21,0.0,0.0,0.0,0.0,0.393602745987744,0.0,0.0,0.606397254012256,0.0,0.0
2009-10-22,0.0,0.0,0.0,0.0,0.3904915692690272,0.0,0.0,0.6095084307309727,0.0,0.0
2009-10-23,0.0,0.0,0.0,0.0,0.3920582901360817,0.0,0.0,0.6079417098639184,0.0,0.0
2009-10-26,0.0,0.0,0.0,0.0,0.39329038826991347,0.0,0.0,0.6067096117300865,0.0,0.0
2009-10-27,0.0,0.0,0.0,0.0,0.39643424198949445,0.0,0.0,0.6035657580105055,0.0,0.0
2009-10-28,0.0,0.0,0.0,0.0,0.4017403066076024,0.0,0.0,0.5982596933923976,0.0,0.0
2009-10-29,0.0,0.0,0.0,0.0,0.3954994259476017,0.0,0.0,0.6045005740523983,0.0,0.0
2009-10-30,0.0,0.0,0.0,0.0,0.40433521745760004,0.0,0.0,0.5956647825424,0.0,0.0
2009-11-02,0.0,0.0,0.0,0.0,0.3976154246955004,0.0,0.0,0.6023845753044996,0.0,0.0
2009-11-03,0.0,0.0,0.0,0.0,0.3963061166669039,0.0,0.0,0.603693883333096,0.0,0.0
2009-11-04,0.0,0.0,0.0,0.0,0.39503069052020734,0.0,0.0,0.6049693094797925,0.0,0.0
2009-11-05,0.0,0.0,0.0,0.0,0.3907356175039077,0.0,0.0,0.6092643824960924,0.0,0.0
2009-11-06,0.0,0.0,0.0,0.0,0.39082140595141784,0.0,0.0,0.6091785940485822,0.0,0.0
2009-11-09,0.0,0.0,0.0,0.0,0.3855773667840115,0.0,0.0,0.6144226332159884,0.0,0.0
2009-11-10,0.0,0.0,0.0,0.0,0.3857169831712347,0.0,0.0,0.6142830168287654,0.0,0.0
2009-11-11,0.0,0.0,0.0,0.0,0.385185745866866,0.0,0.0,0.614814254133134,0.0,0.0
2009-11-12,0.0,0.0,0.0,0.0,0.38768709444173605,0.0,0.0,0.612312905558264,0.0,0.0
2009-11-13,0.0,0.0,0.0,0.0,0.38658846224628146,0.0,0.0,0.6134115377537187,0.0,0.0
2009-11-16,0.0,0.0,0.0,0.0,0.3844453635100594,0.0,0.0,0.6155546364899407,0.0,0.0
2009-11-17,0.0,0.0,0.0,0.0,0.3846841256291192,0.0,0.0,0.6153158743708809,0.0,0.0
2009-11-18,0.0,0.0,0.0,0.0,0.3842402737370358,0.0,0.0,0.6157597262629642,0.0,0.0
2009-11-19,0.0,0.0,0.0,0.0,0.38763295336010706,0.0,0.0,0.612367046639893,0.0,0.0
2009-11-20,0.0,0.0,0.0,0.0,0.388451854533909,0.0,0.0,0.611548145466091,0.0,0.0
2009-11-23,0.0,0.0,0.0,0.0,0.385122074046266,0.0,0.0,0.6148779259537339,0.0,0.0
2009-11-24,0.0,0.0,0.0,0.0,0.38596994348370894,0.0,0.0,0.6140300565162911,0.0,0.0
2009-11-25,0.0,0.0,0.0,0.0,0.3859343527974481,0.0,0.0,0.614065647202552,0.0,0.0
2009-11-27,0.0,0.0,0.0,0.0,0.3909027139358696,0.0,0.0,0.6090972860641304,0.0,0.0
2009-11-30,0.0,0.0,0.0,0.0,0.3904839878146352,0.0,0.0,0.6095160121853648,0.0,0.0
2009-12-01,0.0,0.0,0.0,0.0,0.3957299362749661,0.0,0.0,0.6042700637250339,0.0,0.0
2009-12-02,0.0,0.0,0.0,0.0,0.3953451217824544,0.0,0.0,0.6046548782175455,0.0,0.0
2009-12-03,0.0,0.0,0.0,0.0,0.39610395878253485,0.0,0.0,0.6038960412174652,0.0,0.0
2009-12-04,0.0,0.0,0.0,0.0,0.39296668176938876,0.0,0.0,0.6070333182306112,0.0,0.0
2009-12-07,0.0,0.0,0.0,0.0,0.3939872187292044,0.0,0.0,0.6060127812707956,0.0,0.0
2009-12-08,0.0,0.0,0.0,0.0,0.39749209556930515,0.0,0.0,0.6025079044306948,0.0,0.0
2009-12-09,0.0,0.0,0.0,0.0,0.39612796596611877,0.0,0.0,0.6038720340338813,0.0,0.0
2009-12-10,0.0,0.0,0.0,0.0,0.39397334561132474,0.0,0.0,0.6060266543886752,0.0,0.0
2009-12-11,0.0,0.0,0.0,0.0,0.39178135281676557,0.0,0.0,0.6082186471832344,0.0,0.0
2009-12-14,0.0,0.0,0.0,0.0,0.39015825199354853,0.0,0.0,0.6098417480064515,0.0,0.0
2009-12-15,0.0,0.0,0.0,0.0,0.3905046152233721,0.0,0.0,0.6094953847766279,0.0,0.0
2009-12-16,0.0,0.0,0.0,0.0,0.3901416271125286,0.0,0.0,0.6098583728874715,0.0,0.0
2009-12-17,0.0,0.0,0.0,0.0,0.39512588136101673,0.0,0.0,0.6048741186389832,0.0,0.0
2009-12-18,0.0,0.0,0.0,0.0,0.3925979489996479,0.0,0.0,0.6074020510003522,0.0,0.0
2009-12-21,0.0,0.0,0.0,0.0,0.3877405024680607,0.0,0.0,0.6122594975319394,0.0,0.0
2009-12-22,0.0,0.0,0.0,0.0,0.38583108673562844,0.0,0.0,0.6141689132643716,0.0,0.0
2009-12-23,0.0,0.0,0.0,0.0,0.3852593024647321,0.0,0.0,0.6147406975352679,0.0,0.0
2009-12-24,0.0,0.0,0.0,0.0,0.38329276462429807,0.0,0.0,0.6167072353757018,0.0,0.0
2009-12-28,0.0,0.0,0.0,0.0,0.3821513191885027,0.0,0.0,0.6178486808114972,0.0,0.0
2009-12-29,0.0,0.0,0.0,0.0,0.3831099155871872,0.0,0.0,0.6168900844128127,0.0,0.0
2009-12-30,0.0,0.0,0.0,0.0,0.3836191537064735,0.0,0.0,0.6163808462935265,0.0,0.0
2009-12-31,0.0,0.0,0.0,0.0,0.3847552464379868,0.0,0.0,0.6152447535620131,0.0,0.0
2010-01-04,0.0,0.0,0.0,0.0,0.39656427658994453,0.0,0.0,0.6034357234100555,0.0,0.0
2010-01-05,0.0,0.0,0.0,0.0,0.39697994611345033,0.0,0.0,0.6030200538865497,0.0,0.0
2010-01-06,0.0,0.0,0.0,0.0,0.3958440856669204,0.0,0.0,0.6041559143330796,0.0,0.0
2010-01-07,0.0,0.0,0.0,0.0,0.3948371168500374,0.0,0.0,0.6051628831499625,0.0,0.0
2010-01-08,0.0,0.0,0.0,0.0,0.3943390307753419,0.0,0.0,0.6056609692246581,0.0,0.0
2010-01-11,0.0,0.0,0.0,0.0,0.39416698480450924,0.0,0.0,0.6058330151954907,0.0,0.0
2010-01-12,0.0,0.0,0.0,0.0,0.3981221431786103,0.0,0.0,0.6018778568213898,0.0,0.0
2010-01-13,0.0,0.0,0.0,0.0,0.39495897644619843,0.0,0.0,0.6050410235538017,0.0,0.0
2010-01-14,0.0,0.0,0.0,0.0,0.39543577885551495,0.0,0.0,0.604564221144485,0.0,0.0
2010-01-15,0.0,0.0,0.0,0.0,0.39920457497256706,0.0,0.0,0.6007954250274329,0.0,0.0
2010-01-19,0.0,0.0,0.0,0.0,0.39580473689450274,0.0,0.0,0.6041952631054972,0.0,0.0
2010-01-20,0.0,0.0,0.0,0.0,0.3990767630955053,0.0,0.0,0.6009232369044947,0.0,0.0
2010-01-21,0.0,0.0,0.0,0.0,0.4046215833408361,0.0,0.0,0.5953784166591638,0.0,0.0
2010-01-22,0.0,0.0,0.0,0.0,0.4102775393183386,0.0,0.0,0.5897224606816615,0.0,0.0
2010-01-25,0.0,0.0,0.0,0.0,0.4085067727100306,0.0,0.0,0.5914932272899693,0.0,0.0
2010-01-26,0.0,0.0,0.0,0.0,0.4100028757976282,0.0,0.0,0.5899971242023718,0.0,0.0
2010-01-27,0.0,0.0,0.0,0.0,0.40829448869648355,0.0,0.0,0.5917055113035165,0.0,0.0
2010-01-28,0.0,0.0,0.0,0.0,0.4110046618631903,0.0,0.0,0.5889953381368097,0.0,0.0
2010-01-29,0.0,0.0,0.0,0.0,0.4145908262724509,0.0,0.0,0.5854091737275491,0.0,0.0
2010-02-01,0.0,0.0,0.0,0.0,0.39548078345371496,0.0,0.0,0.6045192165462849,0.0,0.0
2010-02-02,0.0,0.0,0.0,0.0,0.3930050063640965,0.0,0.0,0.6069949936359035,0.0,0.0
2010-02-03,0.0,0.0,0.0,0.0,0.39305699752088497,0.0,0.0,0.606943002479115,0.0,0.0
2010-02-04,0.0,0.0,0.0,0.0,0.40253307960844803,0.0,0.0,0.597466920391552,0.0,0.0
2010-02-05,0.0,0.0,0.0,0.0,0.40280546211570345,0.0,0.0,0.5971945378842964,0.0,0.0
2010-02-08,0.0,0.0,0.0,0.0,0.40433746843781515,0.0,0.0,0.5956625315621848,0.0,0.0
2010-02-09,0.0,0.0,0.0,0.0,0.40003467844041607,0.0,0.0,0.599965321559584,0.0,0.0
2010-02-10,0.0,0.0,0.0,0.0,0.3998396447082175,0.0,0.0,0.6001603552917826,0.0,0.0
2010-02-11,0.0,0.0,0.0,0.0,0.3970511029600397,0.0,0.0,0.6029488970399604,0.0,0.0
2010-02-12,0.0,0.0,0.0,0.0,0.397809109800596,0.0,0.0,0.602190890199404,0.0,0.0
2010-02-16,0.0,0.0,0.0,0.0,0.3946046280963739,0.0,0.0,0.605395371903626,0.0,0.0
2010-02-17,0.0,0.0,0.0,0.0,0.39220496332590277,0.0,0.0,0.6077950366740972,0.0,0.0
2010-02-18,0.0,0.0,0.0,0.0,0.3899552566146463,0.0,0.0,0.6100447433853537,0.0,0.0
2010-02-19,0.0,0.0,0.0,0.0,0.38959533878604,0.0,0.0,0.6104046612139601,0.0,0.0
2010-02-22,0.0,0.0,0.0,0.0,0.389366917121433,0.0,0.0,0.610633082878567,0.0,0.0
2010-02-23,0.0,0.0,0.0,0.0,0.3940818617040429,0.0,0.0,0.6059181382959572,0.0,0.0
2010-02-24,0.0,0.0,0.0,0.0,0.3920299545188424,0.0,0.0,0.6079700454811576,0.0,0.0
2010-02-25,0.0,0.0,0.0,0.0,0.39322344376728147,0.0,0.0,0.6067765562327186,0.0,0.0
2010-02-26,0.0,0.0,0.0,0.0,0.3934411959504843,0.0,0.0,0.6065588040495157,0.0,0.0
2010-03-01,0.0,0.0,0.0,0.0,0.39777177012494364,0.0,0.0,0.6022282298750565,0.0,0.0
2010-03-02,0.0,0.0,0.0,0.0,0.39724159696293376,0.0,0.0,0.6027584030370662,0.0,0.0
2010-03-03,0.0,0.0,0.0,0.0,0.3967902825976309,0.0,0.0,0.6032097174023692,0.0,0.0
2010-03-04,0.0,0.0,0.0,0.0,0.3964893899223927,0.0,0.0,0.6035106100776073,0.0,0.0
2010-03-05,0.0,0.0,0.0,0.0,0.39196479262743866,0.0,0.0,0.6080352073725614,0.0,0.0
2010-03-08,0.0,0.0,0.0,0.0,0.3912886486380799,0.0,0.0,0.6087113513619201,0.0,0.0
2010-03-09,0.0,0.0,0.0,0.0,0.39150106862221595,0.0,0.0,0.608498931377784,0.0,0.0
2010-03-10,0.0,0.0,0.0,0.0,0.3900464006679579,0.0,0.0,0.6099535993320422,0.0,0.0
2010-03-11,0.0,0.0,0.0,0.0,0.3888444019565656,0.0,0.0,0.6111555980434346,0.0,0.0
2010-03-12,0.0,0.0,0.0,0.0,0.389193329008612,0.0,0.0,0.610806670991388,0.0,0.0
2010-03-15,0.0,0.0,0.0,0.0,0.3891315837218465,0.0,0.0,0.6108684162781536,0.0,0.0
2010-03-16,0.0,0.0,0.0,0.0,0.38816718072079487,0.0,0.0,0.6118328192792051,0.0,0.0
2010-03-17,0.0,0.0,0.0,0.0,0.3870528126024885,0.0,0.0,0.6129471873975115,0.0,0.0
2010-03-18,0.0,0.0,0.0,0.0,0.3865450682837297,0.0,0.0,0.6134549317162704,0.0,0.0
2010-03-19,0.0,0.0,0.0,0.0,0.38743353614360515,0.0,0.0,0.6125664638563948,0.0,0.0
2010-03-22,0.0,0.0,0.0,0.0,0.38695631551051585,0.0,0.0,0.6130436844894842,0.0,0.0
2010-03-23,0.0,0.0,0.0,0.0,0.3847974724571381,0.0,0.0,0.6152025275428619,0.0,0.0
2010-03-24,0.0,0.0,0.0,0.0,0.38358029866075066,0.0,0.0,0.6164197013392493,0.0,0.0
2010-03-25,0.0,0.0,0.0,0.0,0.38309139729798275,0.0,0.0,0.6169086027020173,0.0,0.0
2010-03-26,0.0,0.0,0.0,0.0,0.3837895132627606,0.0,0.0,0.6162104867372393,0.0,0.0
2010-03-29,0.0,0.0,0.0,0.0,0.3819504863508113,0.0,0.0,0.6180495136491887,0.0,0.0
2010-03-30,0.0,0.0,0.0,0.0,0.3820275303692449,0.0,0.0,0.617972469630755,0.0,0.0
2010-03-31,0.0,0.0,0.0,0.0,0.38338890321562424,0.0,0.0,0.6166110967843759,0.0,0.0
2010-04-01,0.0,0.0,0.0,0.0,0.397868255446689,0.0,0.0,0.6021317445533109,0.0,0.0
2010-04-05,0.0,0.0,0.0,0.0,0.3937695434750023,0.0,0.0,0.6062304565249976,0.0,0.0
2010-04-06,0.0,0.0,0.0,0.0,0.3939094333756759,0.0,0.0,0.6060905666243241,0.0,0.0
2010-04-07,0.0,0.0,0.0,0.0,0.39675958125824684,0.0,0.0,0.6032404187417532,0.0,0.0
2010-04-08,0.0,0.0,0.0,0.0,0.3956636736390105,0.0,0.0,0.6043363263609893,0.0,0.0
2010-04-09,0.0,0.0,0.0,0.0,0.39436780178335273,0.0,0.0,0.6056321982166474,0.0,0.0
2010-04-12,0.0,0.0,0.0,0.0,0.3946313024227832,0.0,0.0,0.6053686975772168,0.0,0.0
2010-04-13,0.0,0.0,0.0,0.0,0.39490592455503576,0.0,0.0,0.6050940754449641,0.0,0.0
2010-04-14,0.0,0.0,0.0,0.0,0.3915724936277306,0.0,0.0,0.6084275063722694,0.0,0.0
2010-04-15,0.0,0.0,0.0,0.0,0.39177621219886744,0.0,0.0,0.6082237878011326,0.0,0.0
2010-04-16,0.0,0.0,0.0,0.0,0.3970459048517707,0.0,0.0,0.6029540951482293,0.0,0.0
2010-04-19,0.0,0.0,0.0,0.0,0.39555963072930184,0.0,0.0,0.6044403692706981,0.0,0.0
2010-04-20,0.0,0.0,0.0,0.0,0.39354209442274857,0.0,0.0,0.6064579055772515,0.0,0.0
2010-04-21,0.0,0.0,0.0,0.0,0.3947473949696445,0.0,0.0,0.6052526050303554,0.0,0.0
2010-04-22,0.0,0.0,0.0,0.0,0.39347850790575445,0.0,0.0,0.6065214920942457,0.0,0.0
2010-04-23,0.0,0.0,0.0,0.0,0.39126280891273546,0.0,0.0,0.6087371910872647,0.0,0.0
2010-04-26,0.0,0.0,0.0,0.0,0.3923239054755685,0.0,0.0,0.6076760945244316,0.0,0.0
2010-04-27,0.0,0.0,0.0,0.0,0.40028145291248035,0.0,0.0,0.5997185470875197,0.0,0.0
2010-04-28,0.0,0.0,0.0,0.0,0.3972449569275981,0.0,0.0,0.6027550430724019,0.0,0.0
2010-04-29,0.0,0.0,0.0,0.0,0.39469656822943244,0.0,0.0,0.6053034317705676,0.0,0.0
2010-04-30,0.0,0.0,0.0,0.0,0.4002498329151693,0.0,0.0,0.5997501670848308,0.0,0.0
2010-05-03,0.0,0.0,0.0,0.0,0.39628525050018976,0.0,0.0,0.6037147494998103,0.0,0.0
2010-05-04,0.0,0.0,0.0,0.0,0.40361310449406973,0.0,0.0,0.5963868955059303,0.0,0.0
2010-05-05,0.0,0.0,0.0,0.0,0.4059792219782254,0.0,0.0,0.5940207780217746,0.0,0.0
2010-05-06,0.0,0.0,0.0,0.0,0.4167994791232736,0.0,0.0,0.5832005208767265,0.0,0.0
2010-05-07,0.0,0.0,0.0,0.0,0.41978513537298645,0.0,0.0,0.5802148646270135,0.0,0.0
2010-05-10,0.0,0.0,0.0,0.0,0.40747875732356964,0.0,0.0,0.5925212426764305,0.0,0.0
2010-05-11,0.0,0.0,0.0,0.0,0.4084568680639459,0.0,0.0,0.591543131936054,0.0,0.0
2010-05-12,0.0,0.0,0.0,0.0,0.40449776868902904,0.0,0.0,0.5955022313109709,0.0,0.0
2010-05-13,0.0,0.0,0.0,0.0,0.4081763239636427,0.0,0.0,0.5918236760363573,0.0,0.0
2010-05-14,0.0,0.0,0.0,0.0,0.41415844128301704,0.0,0.0,0.5858415587169828,0.0,0.0
2010-05-17,0.0,0.0,0.0,0.0,0.4135023023927675,0.0,0.0,0.5864976976072325,0.0,0.0
2010-05-18,0.0,0.0,0.0,0.0,0.4185977687449061,0.0,0.0,0.5814022312550938,0.0,0.0
2010-05-19,0.0,0.0,0.0,0.0,0.42019885696051484,0.0,0.0,0.5798011430394852,0.0,0.0
2010-05-20,0.0,0.0,0.0,0.0,0.4319786797081877,0.0,0.0,0.5680213202918123,0.0,0.0
2010-05-21,0.0,0.0,0.0,0.0,0.42855713983505694,0.0,0.0,0.5714428601649431,0.0,0.0
2010-05-24,0.0,0.0,0.0,0.0,0.43172269729949947,0.0,0.0,0.5682773027005005,0.0,0.0
2010-05-25,0.0,0.0,0.0,0.0,0.4323112842639351,0.0,0.0,0.5676887157360647,0.0,0.0
2010-05-26,0.0,0.0,0.0,0.0,0.4332972918026515,0.0,0.0,0.5667027081973485,0.0,0.0
2010-05-27,0.0,0.0,0.0,0.0,0.4228909066954558,0.0,0.0,0.5771090933045441,0.0,0.0
2010-05-28,0.0,0.0,0.0,0.0,0.4270823484007546,0.0,0.0,0.5729176515992453,0.0,0.0
2010-06-01,0.013810677861969628,2.1614025362589414e-17,0.0,0.08418446789151446,0.4012114040933691,0.0,0.08872284679019905,0.19775546025174243,0.21431514311120525,0.0
2010-06-02,0.013935457097241468,2.230411253729986e-17,0.0,0.0838414304349468,0.3977297334307963,0.0,0.09055218744389301,0.20229730932354695,0.21164388226957537,0.0
2010-06-03,0.01403659188698954,2.2262249330641894e-17,0.0,0.08271164981324966,0.3978637347394437,0.0,0.09157321189930233,0.203348507747024,0.21046630391399068,0.0
2010-06-04,0.01358343169458928,2.144320848989023e-17,0.0,0.08346399968785752,0.4028496568556956,0.0,0.08831864079070056,0.19594497424025809,0.2158392967308989,0.0
2010-06-07,0.013597007109765805,2.1090281514521082e-17,0.0,0.08499963879005779,0.40412925452326415,0.0,0.08663610542117078,0.19333484980302842,0.21730314435271295,0.0
2010-06-08,0.013714457777641884,2.15880302054547e-17,0.0,0.08471165869086662,0.403143309599084,0.0,0.08653556949772644,0.19553238732467504,0.216362617110006,0.0
2010-06-09,0.013808939826006686,2.152042011745626e-17,0.0,0.0845909045928137,0.404080559553762,0.0,0.08600145878549162,0.19491861047807116,0.21659952676385488,0.0
2010-06-10,0.014044523978266187,2.2279209514656147e-17,0.0,0.08350506972916884,0.4004709468763324,0.0,0.08848625548602726,0.20068794142925842,0.2128052625009471,0.0
2010-06-11,0.013954729953197326,2.2221182051467223e-17,0.0,0.08358207533612821,0.39989238031808116,0.0,0.08863798827730861,0.2000991662400097,0.2138336598752749,0.0
2010-06-14,0.014021151401035483,2.227182931040446e-17,0.0,0.08346485773813621,0.4003574899635023,0.0,0.08879759783749876,0.200192786151378,0.2131661169084492,0.0
2010-06-15,0.014171612658451174,2.2806759040866533e-17,0.0,0.08393005101970104,0.39672715465146186,0.0,0.09063387678610638,0.20352049576322298,0.21101680912105664,0.0
2010-06-16,0.014172357383673229,2.2757114198122918e-17,0.0,0.08329051666033895,0.3969700722538081,0.0,0.09080450828671355,0.20300502456366568,0.21175752085180058,0.0
2010-06-17,0.014103849365055952,2.252365797329836e-17,0.0,0.08393194931708693,0.39673731499752274,0.0,0.09061414061306983,0.20225831072883113,0.2123544349784334,0.0
2010-06-18,0.01408210881941994,2.2631138641001917e-17,0.0,0.0845927237650347,0.39602876786050295,0.0,0.09071130167459769,0.20252655301602113,0.21205854486442366,0.0
2010-06-21,0.014081763614792962,2.311462026091409e-17,0.0,0.08324472666479735,0.3973191495732709,0.0,0.09029989102871686,0.2027560884152289,0.21229838070319307,0.0
2010-06-22,0.014028267585714668,2.2635263441391857e-17,0.0,0.08384655073191766,0.3990754765251428,0.0,0.08946242475451996,0.19909613627335435,0.21449114412935047,0.0
2010-06-23,0.013776091290703809,2.2662355171610317e-17,0.0,0.08338634617072162,0.40000907103558586,0.0,0.0889720491287435,0.19820491981908775,0.21565152255515743,0.0
2010-06-24,0.013890691956596889,2.2396500587217223e-17,0.0,0.08413117018989842,0.4020765932602048,0.0,0.08814719843569545,0.1960942241220829,0.2156601220355215,0.0
2010-06-25,0.01409293943476156,2.2579158994473996e-17,0.0,0.08483677867731655,0.4012638295727452,0.0,0.08784682815902868,0.19620573141445136,0.21575389274169662,0.0
2010-06-28,0.013904861834666023,2.2365552745307228e-17,0.0,0.08346252249295498,0.4030473212349813,0.0,0.08730603629869174,0.1950726148664327,0.2172066432722733,0.0
2010-06-29,0.013596455000150784,2.1577093332259672e-17,0.0,0.08405266079008912,0.4070414861964385,0.0,0.08440644805448802,0.19010389062554564,0.22079905933328783,0.0
2010-06-30,0.013656268705139547,2.1447968763175624e-17,0.0,0.08439369317991594,0.40791270510723726,0.0,0.08317804179070015,0.1884248878351884,0.22243440338181864,0.0
2010-07-01,0.012007030351375054,4.569936783218016e-18,2.1177309371779713e-17,0.07899076894884696,0.4015554851017662,0.0,0.046398711638341736,0.23647691026587603,0.22457109369379394,0.0
2010-07-02,0.012020109758183092,4.603053634359589e-18,2.119536324182266e-17,0.08020753840563057,0.402033583145999,0.0,0.046405751240946064,0.23588858927024103,0.2234444281790002,0.0
2010-07-06,0.012015760430164928,4.673487530867518e-18,2.1549651924393454e-17,0.0786162087653229,0.4017218338876197,0.0,0.046399653800537274,0.23667928807980695,0.22456725503654834,0.0
2010-07-07,0.012212088660350952,4.7476600967950235e-18,2.2087087167708814e-17,0.07895478709024802,0.39801631843223584,0.0,0.04758883294257535,0.24264448145896472,0.2205834914156251,0.0
2010-07-08,0.012323740763303481,4.770344677562727e-18,2.229987906185705e-17,0.07860162414513455,0.397031583958889,0.0,0.04784594215793749,0.24503167660577493,0.21916543236896036,0.0
2010-07-09,0.012336586999271489,4.824565701108797e-18,2.2304775691757764e-17,0.0793109557304052,0.39567740656467065,0.0,0.048262981136805494,0.24666848313210132,0.21774358643674577,0.0
2010-07-12,0.012195567167775827,4.785663387517023e-18,2.2218834640439844e-17,0.07862293810741451,0.3963229550325434,0.0,0.048400789532856835,0.2468142374538991,0.2176435127055104,0.0
2010-07-13,0.012374659916140375,4.83441113552462e-18,2.2597068074541518e-17,0.07919541910734557,0.39380673583386144,0.0,0.048959511426791745,0.2501877154578163,0.21547595825804453,0.0
2010-07-14,0.012299423177983116,4.8041370513800686e-18,2.2580181595816656e-17,0.07881680109003988,0.3940760823435632,0.0,0.04899750722549924,0.24909513021726384,0.2167150559456506,0.0
2010-07-15,0.012362484984783215,4.76049142769496e-18,2.2592018436321264e-17,0.07842677598674096,0.39438578325271473,0.0,0.04882674828332221,0.24807725526881247,0.21792095222362645,0.0
2010-07-16,0.012280963139393874,4.6463155735875004e-18,2.2001313149251523e-17,0.07786144689669994,0.3990680565204372,0.0,0.047765599510187245,0.24270998388744403,0.22031395004583765,0.0
2010-07-19,0.012284422658230083,4.713240738779686e-18,2.2169732950300158e-17,0.07732626835903215,0.39850206109801106,0.0,0.04823241034332057,0.24443478870069163,0.2192200488407144,0.0
2010-07-20,0.012326557645193538,4.801146082102499e-18,2.2215171076515183e-17,0.07757219378207662,0.39703135601109946,0.0,0.048583854744834766,0.24597659515529327,0.21850944266150238,0.0
2010-07-21,0.012270991073745142,4.74347135948373e-18,2.1773496812817484e-17,0.07690139453828519,0.3988421604996656,0.0,0.04783200097889829,0.24234196011288664,0.2218114927965191,0.0
2010-07-22,0.012480995710765,4.873434358289473e-18,2.244389815754117e-17,0.0773571586966376,0.3955496577219674,0.0,0.048907079666277234,0.2470658170645601,0.21863929113979258,0.0
2010-07-23,0.012463295829711426,4.915147916524004e-18,2.274652994329573e-17,0.07697783718576084,0.3949386474491994,0.0,0.04930048137136574,0.2496330646057234,0.21668667355823915,0.0
2010-07-26,0.012425786450842182,4.9381019689332945e-18,2.2856693864195853e-17,0.07643747676448338,0.39397759398223375,0.0,0.04960180594226888,0.2516983415774875,0.2158589952826844,0.0
2010-07-27,0.01235391787368177,4.954278358481735e-18,2.3036714988769857e-17,0.07548109846746509,0.39456825792067257,0.0,0.04982707146968082,0.2529276818027914,0.21484197246570827,0.0
2010-07-28,0.012396639934033218,4.923787338754895e-18,2.290365122491493e-17,0.07561545952186469,0.3960322180641514,0.0,0.0494003853583591,0.2511449751215151,0.21541032200007643,0.0
2010-07-29,0.012578634358398486,4.933684710468882e-18,2.3016777180705526e-17,0.075977751734907,0.39698338269049693,0.0,0.04905074215939092,0.24999822217919346,0.21541126687761322,0.0
2010-07-30,0.012660829355588833,4.924629806221051e-18,2.2793294170245493e-17,0.07626436675875375,0.3966475605642817,0.0,0.04883079737503731,0.24828888771252253,0.21730755823381587,0.0
2010-08-02,0.012045133803131661,5.358178422654487e-18,0.0,0.06074364608718417,0.3980038097924271,1.3180792338258317e-17,0.046632786982370854,0.24493101704990564,0.2376436062849805,0.0
2010-08-03,0.012060535299940956,5.3215175098176926e-18,0.0,0.06084954289079472,0.3990176932578863,1.3047171623606705e-17,0.04633343721421729,0.24323563877178275,0.23850315256537782,0.0
2010-08-04,0.012174580283782783,5.333893635128525e-18,0.0,0.06128792034280924,0.39771789581786904,1.3196294656047253e-17,0.046844405445596954,0.24508289724547916,0.2368923008644628,0.0
2010-08-05,0.012084923151867185,5.295518385826457e-18,0.0,0.06125749275190144,0.39854194909925994,1.3005618318723284e-17,0.04660761131103664,0.24415708923342108,0.23735093445251368,0.0
2010-08-06,0.011923576923271874,5.264425936874427e-18,0.0,0.0614329520350463,0.39936326897669333,1.2870624941005677e-17,0.04633063320415279,0.24207871682995183,0.23887085203088396,0.0
2010-08-09,0.011959082586443756,5.289535924047469e-18,0.0,0.06117568174737231,0.399099136597057,1.3006960128380918e-17,0.04662643764114967,0.24326010550445862,0.2378795559235187,0.0
2010-08-10,0.011821168105349918,5.212606603693171e-18,0.0,0.06129588453644415,0.4007796620538727,1.2751298204598704e-17,0.04618139440080281,0.24174266193137856,0.2381792289721518,0.0
2010-08-11,0.011588823499083955,5.061074352402151e-18,0.0,0.0612700893718376,0.4042134511591175,1.2285631854758163e-17,0.045055014626079526,0.23579947000281928,0.24207315134106216,0.0
2010-08-12,0.011533633602509622,5.083943249659654e-18,0.0,0.062189226664945155,0.40430231192200555,1.2258268984653596e-17,0.044822063860437245,0.23500568563777102,0.24214707831233132,0.0
2010-08-13,0.011480611193820994,5.092630659754324e-18,0.0,0.0619429392803431,0.4045356050592458,1.2074411674349744e-17,0.044338546903700406,0.23344443884816413,0.24425785871472555,0.0
2010-08-16,0.011337119790304093,5.091860196804275e-18,0.0,0.06187199946526691,0.4036322542085766,1.2056825901710007e-17,0.04400017333812451,0.23114219859032584,0.24801625460740193,0.0
2010-08-17,0.011498250233640608,5.144618184592561e-18,0.0,0.06187552743089944,0.4015451111469168,1.2263086847112659e-17,0.04455507094135982,0.23395621121880347,0.24656982902837976,0.0
2010-08-18,0.011440519073106434,5.135484477673564e-18,0.0,0.062052958760954735,0.4007136898758466,1.2287338053115754e-17,0.044684742349971995,0.2341363564517244,0.24697173348839574,0.0
2010-08-19,0.011314109425592307,5.091426297793951e-18,0.0,0.0620867901687356,0.4021606885157787,1.1940491969162082e-17,0.04396966391702683,0.22986349110290763,0.250605256869959,0.0
2010-08-20,0.011272099150558762,5.089620550918608e-18,0.0,0.06202918306384244,0.401885638297708,1.1982935864984922e-17,0.04414161500943844,0.2297064119966028,0.2509650524818495,0.0
2010-08-23,0.011206064497295656,5.048275352093032e-18,0.0,0.06198696946870178,0.40278087536036916,1.1830980494467396e-17,0.04374876954751648,0.2290376556978744,0.25123966542824255,0.0
2010-08-24,0.011043931736644587,4.967917500365289e-18,0.0,0.06208990114487895,0.4046876468992982,1.165861231064829e-17,0.04279646518168476,0.22492356871206756,0.254458486325426,0.0
2010-08-25,0.011108598433988872,4.9397042189609024e-18,0.0,0.06265619517991518,0.40317658662770844,1.184411203969371e-17,0.04324305735543157,0.22597926235622265,0.25383630004673324,0.0
2010-08-26,0.01121169912090353,4.898398005782589e-18,0.0,0.06231821722826983,0.4041610028433184,1.1731310015207423e-17,0.04263306869800968,0.22399232325173635,0.25568368885776227,0.0
2010-08-27,0.011492187412485502,5.044691210453219e-18,0.0,0.06282630812910531,0.4026078612924132,1.213100187638076e-17,0.04348587512190498,0.22922173847367527,0.2503660295704157,0.0
2010-08-30,0.011425765122139768,4.941308681695375e-18,0.0,0.06252253432594242,0.40405909577311083,1.1817753933332224e-17,0.04285933054241386,0.22499045611228796,0.2541428181241051,0.0
2010-08-31,0.011218213914767195,4.946744761653378e-18,0.0,0.06281839589012211,0.40387060279926673,1.1736480362206925e-17,0.042502769941554296,0.22388864702434524,0.25570137042994456,0.0
2010-09-01,0.02445279727387367,1.2610027086212013e-18,0.0,0.05091607386071842,0.39680076481313914,1.9225243501690243e-17,0.05250648874366576,0.23685511053676422,0.23846876477183868,0.0
2010-09-02,0.024649238847238734,1.2643433670801503e-18,0.0,0.051216224396833064,0.3955248923501132,1.945611114761436e-17,0.053143958268987844,0.23929017348279366,0.23617551265403344,0.0
2010-09-03,0.024810124918070168,1.2808656556671405e-18,0.0,0.05110029264938956,0.3937566173518764,1.9828884356348928e-17,0.054092513822946615,0.24269887617916922,0.23354157507854803,0.0
2010-09-07,0.024809109960026124,1.2556497016643924e-18,0.0,0.05118246424106009,0.3947884279972389,1.9350721998503976e-17,0.05344606897810375,0.2387035695384259,0.2370703592851452,0.0
2010-09-08,0.024877710509675934,1.2700454797610217e-18,0.0,0.051217019582814854,0.3939353185989973,1.9475728253114354e-17,0.054121394798604186,0.2405226877719296,0.23532586873797817,0.0
2010-09-09,0.02491312736762555,1.2863865407630193e-18,0.0,0.05109694891675023,0.39360787882887943,1.9626240248007672e-17,0.05471743832590716,0.24334779140694612,0.2323168151538914,0.0
2010-09-10,0.025184551119219575,1.2915331372880174e-18,0.0,0.051190782757992534,0.39264384732116514,1.9696647266835702e-17,0.05494178655375719,0.24468329126430066,0.231355740983565,0.0
2010-09-13,0.025202187121379813,1.3137001911072704e-18,0.0,0.05080803416985567,0.39191420338927885,2.0043027962050662e-17,0.05534164154495629,0.2457771927499722,0.2309567410245572,0.0
2010-09-14,0.02514295013837692,1.3060941113387146e-18,0.0,0.05153451496000501,0.39178990731807073,1.9850680087766876e-17,0.05527968369926421,0.24431536650937985,0.23193757737490328,0.0
2010-09-15,0.02519066857362393,1.3126284209084463e-18,0.0,0.05168722603961248,0.3918366024372367,2.0035772892235344e-17,0.055830031965728014,0.2461335245893195,0.22932194639447928,0.0
2010-09-16,0.02514490205581533,1.3103070283828145e-18,0.0,0.05214797296700365,0.3917683012047686,1.9973285295747788e-17,0.056238761299701706,0.24688721924187476,0.227812843230836,0.0
2010-09-17,0.025177381141547203,1.3053832092055479e-18,0.0,0.05199893679637966,0.39181708435445733,2.0013457754083162e-17,0.05630863376814526,0.24645149601621083,0.22824646792325964,0.0
2010-09-20,0.025189980239094984,1.3159770741153814e-18,0.0,0.05174197034549872,0.39004957459497575,2.0413218303002878e-17,0.05686044368663357,0.24832527613816605,0.227832754995631,0.0
2010-09-21,0.024761745948141494,1.3035951035781998e-18,0.0,0.05187740427262105,0.391147198705013,2.0163470133968206e-17,0.05648194561097187,0.24622599798270245,0.22950570748055016,0.0
2010-09-22,0.024872690562151495,1.3025107842345707e-18,0.0,0.051876701551738284,0.39114782018921385,1.989413673758534e-17,0.05624596843040448,0.24464400217829277,0.2312128170881991,0.0
2010-09-23,0.02491201772241435,1.2950880055810604e-18,0.0,0.051955579613745806,0.39198801887286766,1.9667613362858128e-17,0.056263774251909454,0.2428361451915377,0.23204446434752504,0.0
2010-09-24,0.025253092053393822,1.3168553485770482e-18,0.0,0.0520311043776273,0.38940793466726825,2.027415196584001e-17,0.0573147007915321,0.24744021056787588,0.22855295754230268,0.0
2010-09-27,0.024950437442475486,1.3074962630604028e-18,0.0,0.051767408848952534,0.39033806226989576,2.0115459416438575e-17,0.05670076406526402,0.24494895500144523,0.231294372371967,0.0
2010-09-28,0.02484662962209364,1.311517580683867e-18,0.0,0.052011731047334156,0.3900090495335393,2.0229626353672242e-17,0.05644199598299435,0.24478361231590642,0.231906981498132,0.0
2010-09-29,0.025224044155765516,1.3186634738319781e-18,0.0,0.05215967241826868,0.3898688793972789,2.0328381830643544e-17,0.05646664859657309,0.2448602146948111,0.23142054073730273,0.0
2010-09-30,0.025408811230587303,1.3283242312153758e-18,0.0,0.052220323138956345,0.38997160190621716,2.030724538522892e-17,0.05629759112930753,0.24449324780595752,0.2316084247889741,0.0
2010-10-01,0.0,0.0,0.0,0.0,0.39912198534997795,0.0,0.0,0.600878014650022,0.0,0.0
2010-10-04,0.0,0.0,0.0,0.0,0.4017788923926841,0.0,0.0,0.598221107607316,0.0,0.0
2010-10-05,0.0,0.0,0.0,0.0,0.3970459000355364,0.0,0.0,0.6029540999644636,0.0,0.0
2010-10-06,0.0,0.0,0.0,0.0,0.3986073866161322,0.0,0.0,0.6013926133838678,0.0,0.0
2010-10-07,0.0,0.0,0.0,0.0,0.3991369728482486,0.0,0.0,0.6008630271517513,0.0,0.0
2010-10-08,0.0,0.0,0.0,0.0,0.39789202221147646,0.0,0.0,0.6021079777885235,0.0,0.0
2010-10-11,0.0,0.0,0.0,0.0,0.3979053316197666,0.0,0.0,0.6020946683802334,0.0,0.0
2010-10-12,0.0,0.0,0.0,0.0,0.3964728858249164,0.0,0.0,0.6035271141750835,0.0,0.0
2010-10-13,0.0,0.0,0.0,0.0,0.39462066075327484,0.0,0.0,0.6053793392467252,0.0,0.0
2010-10-14,0.0,0.0,0.0,0.0,0.3941859635585156,0.0,0.0,0.6058140364414843,0.0,0.0
2010-10-15,0.0,0.0,0.0,0.0,0.39266243423836805,0.0,0.0,0.607337565761632,0.0,0.0
2010-10-18,0.0,0.0,0.0,0.0,0.39262215064587674,0.0,0.0,0.6073778493541233,0.0,0.0
2010-10-19,0.0,0.0,0.0,0.0,0.3965901275536089,0.0,0.0,0.6034098724463912,0.0,0.0
2010-10-20,0.0,0.0,0.0,0.0,0.3941226710702603,0.0,0.0,0.6058773289297396,0.0,0.0
2010-10-21,0.0,0.0,0.0,0.0,0.3922749770632396,0.0,0.0,0.6077250229367605,0.0,0.0
2010-10-22,0.0,0.0,0.0,0.0,0.3919038625558781,0.0,0.0,0.6080961374441218,0.0,0.0
2010-10-25,0.0,0.0,0.0,0.0,0.39112812185180185,0.0,0.0,0.6088718781481982,0.0,0.0
2010-10-26,0.0,0.0,0.0,0.0,0.38949619196466745,0.0,0.0,0.6105038080353326,0.0,0.0
2010-10-27,0.0,0.0,0.0,0.0,0.3887961107693634,0.0,0.0,0.6112038892306367,0.0,0.0
2010-10-28,0.0,0.0,0.0,0.0,0.39013815425306997,0.0,0.0,0.6098618457469301,0.0,0.0
2010-10-29,0.0,0.0,0.0,0.0,0.3910200102438296,0.0,0.0,0.6089799897561703,0.0,0.0
2010-11-01,0.0,0.0,0.0,0.0,0.399517016186437,0.0,0.0,0.600482983813563,0.0,0.0
2010-11-02,0.0,0.0,0.0,0.0,0.39842564692269494,0.0,0.0,0.601574353077305,0.0,0.0
2010-11-03,0.0,0.0,0.0,0.0,0.3982406273672606,0.0,0.0,0.6017593726327395,0.0,0.0
2010-11-04,0.0,0.0,0.0,0.0,0.3956007965172435,0.0,0.0,0.6043992034827566,0.0,0.0
2010-11-05,0.0,0.0,0.0,0.0,0.3936962783056308,0.0,0.0,0.6063037216943691,0.0,0.0
2010-11-08,0.0,0.0,0.0,0.0,0.3942161661912961,0.0,0.0,0.6057838338087039,0.0,0.0
2010-11-09,0.0,0.0,0.0,0.0,0.3939117454094448,0.0,0.0,0.6060882545905552,0.0,0.0
2010-11-10,0.0,0.0,0.0,0.0,0.3938461627486935,0.0,0.0,0.6061538372513064,0.0,0.0
2010-11-11,0.0,0.0,0.0,0.0,0.3944820562274178,0.0,0.0,0.6055179437725822,0.0,0.0
2010-11-12,0.0,0.0,0.0,0.0,0.3953372097234073,0.0,0.0,0.6046627902765928,0.0,0.0
2010-11-15,0.0,0.0,0.0,0.0,0.3925864284850712,0.0,0.0,0.6074135715149288,0.0,0.0
2010-11-16,0.0,0.0,0.0,0.0,0.398111934717071,0.0,0.0,0.601888065282929,0.0,0.0
2010-11-17,0.0,0.0,0.0,0.0,0.3973014057355765,0.0,0.0,0.6026985942644235,0.0,0.0
2010-11-18,0.0,0.0,0.0,0.0,0.3932426249427985,0.0,0.0,0.6067573750572015,0.0,0.0
2010-11-19,0.0,0.0,0.0,0.0,0.3930788627462875,0.0,0.0,0.6069211372537124,0.0,0.0
2010-11-22,0.0,0.0,0.0,0.0,0.3945513992696534,0.0,0.0,0.6054486007303467,0.0,0.0
2010-11-23,0.0,0.0,0.0,0.0,0.398530525192399,0.0,0.0,0.601469474807601,0.0,0.0
2010-11-24,0.0,0.0,0.0,0.0,0.3924459014723104,0.0,0.0,0.6075540985276895,0.0,0.0
2010-11-26,0.0,0.0,0.0,0.0,0.39627754326151593,0.0,0.0,0.6037224567384841,0.0,0.0
2010-11-29,0.0,0.0,0.0,0.0,0.3960697491782596,0.0,0.0,0.6039302508217405,0.0,0.0
2010-11-30,0.0,0.0,0.0,0.0,0.3978365279586446,0.0,0.0,0.6021634720413553,0.0,0.0
2010-12-01,0.0,0.0,0.0,0.0,0.39180134287015667,0.0,0.0,0.6081986571298433,0.0,0.0
2010-12-02,0.0,0.0,0.0,0.0,0.3881788859749047,0.0,0.0,0.6118211140250952,0.0,0.0
2010-12-03,0.0,0.0,0.0,0.0,0.38756498109596826,0.0,0.0,0.6124350189040317,0.0,0.0
2010-12-06,0.0,0.0,0.0,0.0,0.3892984331645716,0.0,0.0,0.6107015668354284,0.0,0.0
2010-12-07,0.0,0.0,0.0,0.0,0.3851954979160873,0.0,0.0,0.6148045020839127,0.0,0.0
2010-12-08,0.0,0.0,0.0,0.0,0.38230378098940593,0.0,0.0,0.6176962190105941,0.0,0.0
2010-12-09,0.0,0.0,0.0,0.0,0.38188744313701006,0.0,0.0,0.6181125568629899,0.0,0.0
2010-12-10,0.0,0.0,0.0,0.0,0.37851279429916707,0.0,0.0,0.621487205700833,0.0,0.0
2010-12-13,0.0,0.0,0.0,0.0,0.3791156566778949,0.0,0.0,0.6208843433221051,0.0,0.0
2010-12-14,0.0,0.0,0.0,0.0,0.376413650686623,0.0,0.0,0.6235863493133771,0.0,0.0
2010-12-15,0.0,0.0,0.0,0.0,0.3765262481686524,0.0,0.0,0.6234737518313476,0.0,0.0
2010-12-16,0.0,0.0,0.0,0.0,0.37656102337597924,0.0,0.0,0.6234389766240207,0.0,0.0
2010-12-17,0.0,0.0,0.0,0.0,0.3783226609406408,0.0,0.0,0.6216773390593592,0.0,0.0
2010-12-20,0.0,0.0,0.0,0.0,0.3777310432700803,0.0,0.0,0.6222689567299197,0.0,0.0
2010-12-21,0.0,0.0,0.0,0.0,0.37674667464013606,0.0,0.0,0.6232533253598639,0.0,0.0
2010-12-22,0.0,0.0,0.0,0.0,0.3753678285359671,0.0,0.0,0.6246321714640329,0.0,0.0
2010-12-23,0.0,0.0,0.0,0.0,0.3748765005837852,0.0,0.0,0.6251234994162148,0.0,0.0
2010-12-27,0.0,0.0,0.0,0.0,0.37568545320707547,0.0,0.0,0.6243145467929246,0.0,0.0
2010-12-28,0.0,0.0,0.0,0.0,0.3728771252210573,0.0,0.0,0.6271228747789427,0.0,0.0
2010-12-29,0.0,0.0,0.0,0.0,0.3753275630836065,0.0,0.0,0.6246724369163935,0.0,0.0
2010-12-30,0.0,0.0,0.0,0.0,0.37522349710436453,0.0,0.0,0.6247765028956355,0.0,0.0
2010-12-31,0.0,0.0,0.0,0.0,0.37634551886251283,0.0,0.0,0.6236544811374871,0.0,0.0
2011-01-03,0.0,0.0,0.0,0.0,0.3967930404920633,0.0,0.0,0.6032069595079366,0.0,0.0
2011-01-04,0.0,0.0,0.0,0.0,0.3974873505199043,0.0,0.0,0.6025126494800956,0.0,0.0
2011-01-05,0.0,0.0,0.0,0.0,0.39365816361730854,0.0,0.0,0.6063418363826915,0.0,0.0
2011-01-06,0.0,0.0,0.0,0.0,0.395359578429001,0.0,0.0,0.604640421570999,0.0,0.0
2011-01-07,0.0,0.0,0.0,0.0,0.39741557443948944,0.0,0.0,0.6025844255605106,0.0,0.0
2011-01-10,0.0,0.0,0.0,0.0,0.39853287311045754,0.0,0.0,0.6014671268895425,0.0,0.0
2011-01-11,0.0,0.0,0.0,0.0,0.3967428169375787,0.0,0.0,0.6032571830624212,0.0,0.0
2011-01-12,0.0,0.0,0.0,0.0,0.39390586449176784,0.0,0.0,0.6060941355082322,0.0,0.0
2011-01-13,0.0,0.0,0.0,0.0,0.39590100384354066,0.0,0.0,0.6040989961564592,0.0,0.0
2011-01-14,0.0,0.0,0.0,0.0,0.3935156527641358,0.0,0.0,0.6064843472358641,0.0,0.0
2011-01-18,0.0,0.0,0.0,0.0,0.39252493621885715,0.0,0.0,0.6074750637811428,0.0,0.0
2011-01-19,0.0,0.0,0.0,0.0,0.3954885548205932,0.0,0.0,0.6045114451794068,0.0,0.0
2011-01-20,0.0,0.0,0.0,0.0,0.39394104187054263,0.0,0.0,0.6060589581294573,0.0,0.0
2011-01-21,0.0,0.0,0.0,0.0,0.39419416268877344,0.0,0.0,0.6058058373112266,0.0,0.0
2011-01-24,0.0,0.0,0.0,0.0,0.392866221994955,0.0,0.0,0.607133778005045,0.0,0.0
2011-01-25,0.0,0.0,0.0,0.0,0.39393346555020703,0.0,0.0,0.606066534449793,0.0,0.0
2011-01-26,0.0,0.0,0.0,0.0,0.3915608538229934,0.0,0.0,0.6084391461770067,0.0,0.0
2011-01-27,0.0,0.0,0.0,0.0,0.3918649320963275,0.0,0.0,0.6081350679036724,0.0,0.0
2011-01-28,0.0,0.0,0.0,0.0,0.3971664031595693,0.0,0.0,0.6028335968404307,0.0,0.0
2011-01-31,0.0,0.0,0.0,0.0,0.3944339782466961,0.0,0.0,0.605566021753304,0.0,0.0
2011-02-01,0.0,0.0,0.0,0.0,0.3950801540489777,0.0,0.0,0.6049198459510221,0.0,0.0
2011-02-02,0.0,0.0,0.0,0.0,0.39497257390007373,0.0,0.0,0.6050274260999262,0.0,0.0
2011-02-03,0.0,0.0,0.0,0.0,0.39307669141173435,0.0,0.0,0.6069233085882656,0.0,0.0
2011-02-04,0.0,0.0,0.0,0.0,0.3909281018420975,0.0,0.0,0.6090718981579025,0.0,0.0
2011-02-07,0.0,0.0,0.0,0.0,0.389341439454277,0.0,0.0,0.610658560545723,0.0,0.0
2011-02-08,0.0,0.0,0.0,0.0,0.38662856709249793,0.0,0.0,0.6133714329075022,0.0,0.0
2011-02-09,0.0,0.0,0.0,0.0,0.38851655357721004,0.0,0.0,0.6114834464227901,0.0,0.0
2011-02-10,0.0,0.0,0.0,0.0,0.387648554786543,0.0,0.0,0.612351445213457,0.0,0.0
2011-02-11,0.0,0.0,0.0,0.0,0.3873243424129332,0.0,0.0,0.6126756575870669,0.0,0.0
2011-02-14,0.0,0.0,0.0,0.0,0.3868320956604464,0.0,0.0,0.6131679043395535,0.0,0.0
2011-02-15,0.0,0.0,0.0,0.0,0.38812255460071704,0.0,0.0,0.6118774453992829,0.0,0.0
2011-02-16,0.0,0.0,0.0,0.0,0.38629333266003263,0.0,0.0,0.6137066673399674,0.0,0.0
2011-02-17,0.0,0.0,0.0,0.0,0.38646173239075543,0.0,0.0,0.6135382676092446,0.0,0.0
2011-02-18,0.0,0.0,0.0,0.0,0.3859164706010189,0.0,0.0,0.614083529398981,0.0,0.0
2011-02-22,0.0,0.0,0.0,0.0,0.39302106617217186,0.0,0.0,0.6069789338278281,0.0,0.0
2011-02-23,0.0,0.0,0.0,0.0,0.3939018319502169,0.0,0.0,0.6060981680497831,0.0,0.0
2011-02-24,0.0,0.0,0.0,0.0,0.39468213269425334,0.0,0.0,0.6053178673057467,0.0,0.0
2011-02-25,0.0,0.0,0.0,0.0,0.39291086462192,0.0,0.0,0.60708913537808,0.0,0.0
2011-02-28,0.0,0.0,0.0,0.0,0.39133642938011143,0.0,0.0,0.6086635706198886,0.0,0.0
2011-03-01,0.0,0.0,0.0,0.0,0.404315778082076,0.0,0.0,0.5956842219179239,0.0,0.0
2011-03-02,0.0,0.0,0.0,0.0,0.40253373960811467,0.0,0.0,0.5974662603918853,0.0,0.0
2011-03-03,0.0,0.0,0.0,0.0,0.396801515584674,0.0,0.0,0.603198484415326,0.0,0.0
2011-03-04,0.0,0.0,0.0,0.0,0.4003153026485722,0.0,0.0,0.5996846973514278,0.0,0.0
2011-03-07,0.0,0.0,0.0,0.0,0.40161220053930224,0.0,0.0,0.5983877994606978,0.0,0.0
2011-03-08,0.0,0.0,0.0,0.0,0.3989497028188613,0.0,0.0,0.6010502971811388,0.0,0.0
2011-03-09,0.0,0.0,0.0,0.0,0.4006928463672681,0.0,0.0,0.5993071536327319,0.0,0.0
2011-03-10,0.0,0.0,0.0,0.0,0.4072294203757726,0.0,0.0,0.5927705796242274,0.0,0.0
2011-03-11,0.0,0.0,0.0,0.0,0.40499745324109904,0.0,0.0,0.595002546758901,0.0,0.0
2011-03-14,0.0,0.0,0.0,0.0,0.4069992784148004,0.0,0.0,0.5930007215851996,0.0,0.0
2011-03-15,0.0,0.0,0.0,0.0,0.41065994242279613,0.0,0.0,0.5893400575772039,0.0,0.0
2011-03-16,0.0,0.0,0.0,0.0,0.41724898774723806,0.0,0.0,0.5827510122527619,0.0,0.0
2011-03-17,0.0,0.0,0.0,0.0,0.41331232716629807,0.0,0.0,0.5866876728337018,0.0,0.0
2011-03-18,0.0,0.0,0.0,0.0,0.41227845607937796,0.0,0.0,0.5877215439206219,0.0,0.0
2011-03-21,0.0,0.0,0.0,0.0,0.4073009840761208,0.0,0.0,0.5926990159238791,0.0,0.0
2011-03-22,0.0,0.0,0.0,0.0,0.4082683184554813,0.0,0.0,0.5917316815445187,0.0,0.0
2011-03-23,0.0,0.0,0.0,0.0,0.4072699161719807,0.0,0.0,0.5927300838280194,0.0,0.0
2011-03-24,0.0,0.0,0.0,0.0,0.40373997574831716,0.0,0.0,0.5962600242516828,0.0,0.0
2011-03-25,0.0,0.0,0.0,0.0,0.4023612359999376,0.0,0.0,0.5976387640000623,0.0,0.0
2011-03-28,0.0,0.0,0.0,0.0,0.40302531610777576,0.0,0.0,0.5969746838922243,0.0,0.0
2011-03-29,0.0,0.0,0.0,0.0,0.400718619538757,0.0,0.0,0.599281380461243,0.0,0.0
2011-03-30,0.0,0.0,0.0,0.0,0.39989288585739935,0.0,0.0,0.6001071141426005,0.0,0.0
2011-03-31,0.0,0.0,0.0,0.0,0.3995999151824602,0.0,0.0,0.6004000848175398,0.0,0.0
2011-04-01,0.0,0.0,0.0,0.0,0.399500299795043,0.0,0.0,0.600499700204957,0.0,0.0
2011-04-04,0.0,0.0,0.0,0.0,0.3998435387006406,0.0,0.0,0.6001564612993593,0.0,0.0
2011-04-05,0.0,0.0,0.0,0.0,0.39866668152838564,0.0,0.0,0.6013333184716144,0.0,0.0
2011-04-06,0.0,0.0,0.0,0.0,0.39687693125401863,0.0,0.0,0.6031230687459814,0.0,0.0
2011-04-07,0.0,0.0,0.0,0.0,0.39751249844959785,0.0,0.0,0.6024875015504021,0.0,0.0
2011-04-08,0.0,0.0,0.0,0.0,0.3976386801879319,0.0,0.0,0.6023613198120681,0.0,0.0
2011-04-11,0.0,0.0,0.0,0.0,0.39867354793106324,0.0,0.0,0.6013264520689369,0.0,0.0
2011-04-12,0.0,0.0,0.0,0.0,0.4018249292364569,0.0,0.0,0.598175070763543,0.0,0.0
2011-04-13,0.0,0.0,0.0,0.0,0.40277549385825506,0.0,0.0,0.5972245061417449,0.0,0.0
2011-04-14,0.0,0.0,0.0,0.0,0.4017903128860929,0.0,0.0,0.5982096871139071,0.0,0.0
2011-04-15,0.0,0.0,0.0,0.0,0.40267132809951783,0.0,0.0,0.5973286719004822,0.0,0.0
2011-04-18,0.0,0.0,0.0,0.0,0.4059783319548042,0.0,0.0,0.5940216680451957,0.0,0.0
2011-04-19,0.0,0.0,0.0,0.0,0.40490635036788736,0.0,0.0,0.5950936496321126,0.0,0.0
2011-04-20,0.0,0.0,0.0,0.0,0.40069822806016675,0.0,0.0,0.5993017719398332,0.0,0.0
2011-04-21,0.0,0.0,0.0,0.0,0.39965490134472154,0.0,0.0,0.6003450986552784,0.0,0.0
2011-04-25,0.0,0.0,0.0,0.0,0.40075232974549274,0.0,0.0,0.5992476702545073,0.0,0.0
2011-04-26,0.0,0.0,0.0,0.0,0.3997169793948254,0.0,0.0,0.6002830206051747,0.0,0.0
2011-04-27,0.0,0.0,0.0,0.0,0.3974689271873005,0.0,0.0,0.6025310728126996,0.0,0.0
2011-04-28,0.0,0.0,0.0,0.0,0.3976097246995601,0.0,0.0,0.6023902753004399,0.0,0.0
2011-04-29,0.0,0.0,0.0,0.0,0.3975294415844181,0.0,0.0,0.602470558415582,0.0,0.0
2011-05-02,0.0,0.0,0.0,0.0,0.4002959210295541,0.0,0.0,0.5997040789704459,0.0,0.0
2011-05-03,0.0,0.0,0.0,0.0,0.4017981071380449,0.0,0.0,0.598201892861955,0.0,0.0
2011-05-04,0.0,0.0,0.0,0.0,0.40400920254000366,0.0,0.0,0.5959907974599964,0.0,0.0
2011-05-05,0.0,0.0,0.0,0.0,0.4073945407327715,0.0,0.0,0.5926054592672285,0.0,0.0
2011-05-06,0.0,0.0,0.0,0.0,0.40645784834926757,0.0,0.0,0.5935421516507323,0.0,0.0
2011-05-09,0.0,0.0,0.0,0.0,0.4058795673626552,0.0,0.0,0.5941204326373447,0.0,0.0
2011-05-10,0.0,0.0,0.0,0.0,0.40266763173456155,0.0,0.0,0.5973323682654385,0.0,0.0
2011-05-11,0.0,0.0,0.0,0.0,0.4060774811882641,0.0,0.0,0.5939225188117359,0.0,0.0
2011-05-12,0.0,0.0,0.0,0.0,0.4044009987492594,0.0,0.0,0.5955990012507406,0.0,0.0
2011-05-13,0.0,0.0,0.0,0.0,0.4072016463721104,0.0,0.0,0.5927983536278896,0.0,0.0
2011-05-16,0.0,0.0,0.0,0.0,0.40932014602072647,0.0,0.0,0.5906798539792736,0.0,0.0
2011-05-17,0.0,0.0,0.0,0.0,0.4100638855129464,0.0,0.0,0.5899361144870537,0.0,0.0
2011-05-18,0.0,0.0,0.0,0.0,0.4065248959256066,0.0,0.0,0.5934751040743934,0.0,0.0
2011-05-19,0.0,0.0,0.0,0.0,0.4062039886761908,0.0,0.0,0.5937960113238092,0.0,0.0
2011-05-20,0.0,0.0,0.0,0.0,0.4087108682598707,0.0,0.0,0.5912891317401293,0.0,0.0
2011-05-23,0.0,0.0,0.0,0.0,0.411862651888918,0.0,0.0,0.5881373481110819,0.0,0.0
2011-05-24,0.0,0.0,0.0,0.0,0.41231722963198764,0.0,0.0,0.5876827703680124,0.0,0.0
2011-05-25,0.0,0.0,0.0,0.0,0.4115360834340459,0.0,0.0,0.5884639165659541,0.0,0.0
2011-05-26,0.0,0.0,0.0,0.0,0.41175723142073406,0.0,0.0,0.588242768579266,0.0,0.0
2011-05-27,0.0,0.0,0.0,0.0,0.4108053084473172,0.0,0.0,0.5891946915526828,0.0,0.0
2011-05-31,0.0,0.0,0.0,0.0,0.40867633214112065,0.0,0.0,0.5913236678588792,0.0,0.0
2011-06-01,0.0,0.0,0.0,0.0,0.40744426021697994,0.0,0.0,0.5925557397830201,0.0,0.0
2011-06-02,0.0,0.0,0.0,0.0,0.4062554723956232,0.0,0.0,0.5937445276043768,0.0,0.0
2011-06-03,0.0,0.0,0.0,0.0,0.40961795326461137,0.0,0.0,0.5903820467353886,0.0,0.0
2011-06-06,0.0,0.0,0.0,0.0,0.4120429493084131,0.0,0.0,0.5879570506915869,0.0,0.0
2011-06-07,0.0,0.0,0.0,0.0,0.4126429843652097,0.0,0.0,0.5873570156347904,0.0,0.0
2011-06-08,0.0,0.0,0.0,0.0,0.4141845729288808,0.0,0.0,0.5858154270711191,0.0,0.0
2011-06-09,0.0,0.0,0.0,0.0,0.41136822359029074,0.0,0.0,0.5886317764097093,0.0,0.0
2011-06-10,0.0,0.0,0.0,0.0,0.4155399777683023,0.0,0.0,0.5844600222316977,0.0,0.0
2011-06-13,0.0,0.0,0.0,0.0,0.414824450532064,0.0,0.0,0.585175549467936,0.0,0.0
2011-06-14,0.0,0.0,0.0,0.0,0.4098383075630686,0.0,0.0,0.5901616924369314,0.0,0.0
2011-06-15,0.0,0.0,0.0,0.0,0.4167969093065884,0.0,0.0,0.5832030906934116,0.0,0.0
2011-06-16,0.0,0.0,0.0,0.0,0.41693548435090144,0.0,0.0,0.5830645156490986,0.0,0.0
2011-06-17,0.0,0.0,0.0,0.0,0.4160368138467021,0.0,0.0,0.5839631861532979,0.0,0.0
2011-06-20,0.0,0.0,0.0,0.0,0.4144238879658928,0.0,0.0,0.5855761120341072,0.0,0.0
2011-06-21,0.0,0.0,0.0,0.0,0.4108010351699957,0.0,0.0,0.5891989648300042,0.0,0.0
2011-06-22,0.0,0.0,0.0,0.0,0.4121647094213798,0.0,0.0,0.5878352905786202,0.0,0.0
2011-06-23,0.0,0.0,0.0,0.0,0.41413283321105043,0.0,0.0,0.5858671667889496,0.0,0.0
2011-06-24,0.0,0.0,0.0,0.0,0.41798888452709865,0.0,0.0,0.5820111154729013,0.0,0.0
2011-06-27,0.0,0.0,0.0,0.0,0.4148891760229691,0.0,0.0,0.5851108239770311,0.0,0.0
2011-06-28,0.0,0.0,0.0,0.0,0.40950408715224124,0.0,0.0,0.5904959128477587,0.0,0.0
2011-06-29,0.0,0.0,0.0,0.0,0.4059929942693173,0.0,0.0,0.5940070057306827,0.0,0.0
2011-06-30,0.0,0.0,0.0,0.0,0.4028731185736052,0.0,0.0,0.5971268814263947,0.0,0.0
2011-07-01,4.9563381907141126e-17,2.741002291693845e-18,9.757193815248374e-18,0.09470126800638896,0.39764443392520293,1.0671127760062553e-17,0.0462000549759407,0.3184090279164276,0.14304521517603974,2.7774380182436804e-17
2011-07-05,5.00020899298965e-17,2.727436281545737e-18,9.655424799399944e-18,0.09602798463912963,0.3983308395439167,1.0648327435649424e-17,0.04622081190943122,0.3167045547089866,0.14271580919853574,2.7860978801722103e-17
2011-07-06,4.984563476366432e-17,2.7017479983127345e-18,9.567956202487923e-18,0.0965903794770832,0.3979229776290834,1.0661579391054052e-17,0.046242338210277074,0.31619867449976274,0.1430456301837935,2.7990725813304116e-17
2011-07-07,5.079012733256413e-17,2.7332586660958413e-18,9.630431162396936e-18,0.09654192092045903,0.3955556880476354,1.079921341517488e-17,0.04677699590998438,0.3188053062192383,0.1423200889026828,2.8282739270530516e-17
2011-07-08,5.050955737877506e-17,2.690012223778826e-18,9.468130764476246e-18,0.09681350210118807,0.3979571090013364,1.0685037245389464e-17,0.04643928475061906,0.31511086039027697,0.1436792437565794,2.811879815251334e-17
2011-07-11,5.014597544704068e-17,2.6160605785104274e-18,9.18610003025606e-18,0.0977237867405042,0.40119147174200626,1.046287628814815e-17,0.04561939354446726,0.3095618188874137,0.14590352908560847,2.7643701682673798e-17
2011-07-12,5.057674194480297e-17,2.5892798122810134e-18,9.122974297690383e-18,0.09846963646502406,0.4017068691795331,1.0402288395632384e-17,0.04526624063257789,0.3081783488586614,0.14637890486420355,2.7733650396612277e-17
2011-07-13,5.110604743828842e-17,2.6230752646810867e-18,9.229875163011853e-18,0.0990389053466155,0.4010936949395965,1.046204918815851e-17,0.045311553983550336,0.308233734405002,0.14632211132523562,2.7373530906630434e-17
2011-07-14,5.116722308769227e-17,2.6128058922197586e-18,9.211844948831183e-18,0.09997366664272889,0.40152048685731384,1.0365866942126446e-17,0.04509164950917259,0.3081956256588797,0.14521857133190497,2.7303979606849434e-17
2011-07-15,5.138213033919372e-17,2.6168245908849447e-18,9.200299182446642e-18,0.09993006942419021,0.4012818298126133,1.0386259202041479e-17,0.0454777785783093,0.30853169684116166,0.1447786253437254,2.747597580578431e-17
2011-07-18,5.1277257945221366e-17,2.595724361303108e-18,9.096486339761822e-18,0.10117015222461566,0.4024592685261405,1.0255736034714582e-17,0.04539468858074912,0.3070880663019069,0.14388782436658779,2.7380336189224303e-17
2011-07-19,5.115642188925708e-17,2.6091674546488195e-18,9.14789276579482e-18,0.09901514130969363,0.4002617601755507,1.0390703227559086e-17,0.046000381502618586,0.30919687102322274,0.14552584598891416,2.7564306727760908e-17
2011-07-20,5.148825293497711e-17,2.625356181824666e-18,9.286028361177528e-18,0.10020573757985322,0.39957726024105883,1.0406466498046065e-17,0.04595166127437791,0.310000294777055,0.14426504612765487,2.785354219235827e-17
2011-07-21,5.120975676905349e-17,2.665932103898947e-18,9.47829736485561e-18,0.0993899916188705,0.3971590377133582,1.049611567912462e-17,0.04623354513236152,0.3141377357257129,0.1430796898096969,2.8062307950411866e-17
2011-07-22,5.141806368057137e-17,2.653343554344074e-18,9.448895304445208e-18,0.09980763438857312,0.39704159680397555,1.046682566092143e-17,0.04652034453426501,0.31306051625662057,0.14356990801656577,2.808518491755447e-17
2011-07-25,5.1367185141242216e-17,2.6581207794340213e-18,9.42592132969821e-18,0.1009806316440781,0.3973235250402027,1.0383955239239917e-17,0.04660808549341308,0.31253236842569276,0.14255538939661333,2.7931632981850256e-17
2011-07-26,5.167292574909899e-17,2.6620608886536322e-18,9.464875326412734e-18,0.10106662139073663,0.39825353771792193,1.0285856400407268e-17,0.04663795725160268,0.3107804765692688,0.14326140707046986,2.7941590714634956e-17
2011-07-27,5.1765105959052507e-17,2.6378192955899655e-18,9.315080691541096e-18,0.10156631317604473,0.4010400492942748,1.0065230520914783e-17,0.04582658178675765,0.3070510450698815,0.14451601067304137,2.7392608562929018e-17
2011-07-28,5.15653479949657e-17,2.638496789838342e-18,9.287323391371556e-18,0.10158971044538301,0.4015837662776431,1.004288074342361e-17,0.04587808113404706,0.305974974435148,0.14497346770777897,2.740322200901915e-17
2011-07-29,5.083225661596013e-17,2.633641010237395e-18,9.254521240134474e-18,0.10159482560060767,0.4039743964543407,9.969342304945861e-18,0.045450371280055586,0.3020369118096838,0.14694349485531222,2.724112944343038e-17
2011-08-01,0.0,0.0,0.0,0.11553788409781615,0.4011885614114204,0.0,0.0,0.36467932256445795,0.11859423192630553,0.0
2011-08-02,0.0,0.0,0.0,0.1182360104226247,0.4045915196636469,0.0,0.0,0.3551056742013352,0.12206679571239332,0.0
2011-08-03,0.0,0.0,0.0,0.11792307479711076,0.403919593653044,0.0,0.0,0.3561510925303726,0.12200623901947273,0.0
2011-08-04,0.0,0.0,0.0,0.11820291310695029,0.4124052946289819,0.0,0.0,0.3420744323810049,0.12731735988306297,0.0
2011-08-05,0.0,0.0,0.0,0.11999666880508607,0.4109783303135094,0.0,0.0,0.34436629300852345,0.1246587078728811,0.0
2011-08-08,0.0,0.0,0.0,0.12497619768655224,0.4208715838609341,0.0,0.0,0.3245255626119665,0.12962665584054706,0.0
2011-08-09,0.0,0.0,0.0,0.123734161117541,0.41540672601544926,0.0,0.0,0.3332693039101524,0.12758980895685723,0.0
2011-08-10,0.0,0.0,0.0,0.1282502531429718,0.42134322623091286,0.0,0.0,0.3188819029995401,0.13152461762657508,0.0
2011-08-11,0.0,0.0,0.0,0.12560336720616963,0.41570397892251737,0.0,0.0,0.33363738458755376,0.12505526928375924,0.0
2011-08-12,0.0,0.0,0.0,0.12415493090211108,0.41567143468065204,0.0,0.0,0.33353406934531377,0.126639565071923,0.0
2011-08-15,0.0,0.0,0.0,0.12479610889641823,0.411837113294189,0.0,0.0,0.33870554635906325,0.12466123145032959,0.0
2011-08-16,0.0,0.0,0.0,0.12600791393869767,0.412655314929356,0.0,0.0,0.3349409043247179,0.12639586680722842,0.0
2011-08-17,0.0,0.0,0.0,0.12565500423896364,0.4131956974229501,0.0,0.0,0.3332682010989562,0.1278810972391302,0.0
2011-08-18,0.0,0.0,0.0,0.12896210248208287,0.41836879322061593,0.0,0.0,0.32121386781690386,0.13145523648039736,0.0
2011-08-19,0.0,0.0,0.0,0.130858284815266,0.41970280474510535,0.0,0.0,0.3166409931200921,0.13279791731953663,0.0
2011-08-22,0.0,0.0,0.0,0.1338941198104786,0.4178809456930843,0.0,0.0,0.31609524120283955,0.13212969329359767,0.0
2011-08-23,0.0,0.0,0.0,0.12863385582934964,0.41541442471425266,0.0,0.0,0.32588803402411165,0.13006368543228597,0.0
2011-08-24,0.0,0.0,0.0,0.1252677379752518,0.41424022373047437,0.0,0.0,0.33311715171916334,0.12737488657511048,0.0
2011-08-25,0.0,0.0,0.0,0.12586549174233297,0.417053243429776,0.0,0.0,0.32824657878413493,0.1288346860437561,0.0
2011-08-26,0.0,0.0,0.0,0.12817314367706606,0.4137921104993249,0.0,0.0,0.32935837532044915,0.12867637050315983,0.0
2011-08-29,0.0,0.0,0.0,0.12528976277282064,0.41009443729320816,0.0,0.0,0.3380194091967102,0.12659639073726095,0.0
2011-08-30,0.0,0.0,0.0,0.12782711861682255,0.4090380570787185,0.0,0.0,0.33571583145478573,0.1274189928496731,0.0
2011-08-31,0.0,0.0,0.0,0.12721471075733645,0.40877110708874487,0.0,0.0,0.33819589464261723,0.12581828751130153,0.0
2011-09-01,0.0027541864479602536,4.40886497937451e-18,0.0,0.14034562787103433,0.4021158032919518,4.1756055352854526e-17,0.0,0.32098819851835514,0.1337961838706985,0.0
2011-09-02,0.002728408234351976,4.291918528128591e-18,0.0,0.14399879135325613,0.404164337863515,4.0048863534996127e-17,0.0,0.31152366676750154,0.1375847957813753,0.0
2011-09-06,0.0027208207462913886,4.249966115324374e-18,0.0,0.14381464612831374,0.4049396126469556,3.996079161965684e-17,0.0,0.3094290137663614,0.1390959067120778,0.0
2011-09-07,0.0027473356581814035,4.378852726820071e-18,0.0,0.13932824480288417,0.4030331997091804,4.1497713285753547e-17,0.0,0.318362528077774,0.13652869175198,0.0
2011-09-08,0.0027192244052741,4.266329280407508e-18,0.0,0.14253764092444254,0.40355705201873415,4.059043650169531e-17,0.0,0.31392617621643176,0.13725990643511748,0.0
2011-09-09,0.0026916495196407575,4.145764547882175e-18,0.0,0.1424809948029882,0.4078530790955674,3.962026526440391e-17,0.0,0.307453798548854,0.13952047803294956,0.0
2011-09-12,0.002691377364444509,4.146968707972147e-18,0.0,0.13962297504018062,0.4075444836253744,4.0052388228272456e-17,0.0,0.31015296342630305,0.13998820054369748,0.0
2011-09-13,0.0026800948585566963,4.148568130140366e-18,0.0,0.14094346241770592,0.40588602080916736,4.065413476972271e-17,0.0,0.312648499962288,0.13784192195228187,0.0
2011-09-14,0.002654827061895004,4.117941441083003e-18,0.0,0.1392438288777865,0.40423327493867045,4.1190634369438654e-17,0.0,0.31550458886401106,0.13836348025763678,0.0
2011-09-15,0.0026708456500679377,4.1857135504648954e-18,0.0,0.13729436806239878,0.4019747126449998,4.1848522632363186e-17,0.0,0.321554864396724,0.1365052092458094,0.0
2011-09-16,0.002645843810595903,4.1723372520005894e-18,0.0,0.13789618528205383,0.40076901332627,4.170688421829512e-17,0.0,0.32186760949986243,0.13682134808121785,0.0
2011-09-19,0.002599797423922065,4.046765879527678e-18,0.0,0.13569705583192587,0.40384130736989854,4.093981452038843e-17,0.0,0.31850211388394783,0.13935972549030567,0.0
2011-09-20,0.002588290732957565,4.0061784104063846e-18,0.0,0.13726272457127472,0.4032985400681039,4.0196666988863186e-17,0.0,0.3172803707926007,0.13957007383506292,0.0
2011-09-21,0.002562234003475634,3.8757875585794755e-18,0.0,0.13619935150690984,0.4069598120464694,3.889323191263732e-17,0.0,0.3094029590710296,0.14487564337211545,0.0
2011-09-22,0.002482692614034026,3.619604335351946e-18,0.0,0.13322686283152443,0.4125686669635529,3.797494139286665e-17,0.0,0.3007325916576382,0.15098918593325028,0.0
2011-09-23,0.0024675802644206525,3.76007285011912e-18,0.0,0.12743340345571746,0.41401808675048385,3.88194634299989e-17,0.0,0.30613946390534624,0.14994146562403166,0.0
2011-09-26,0.0024725224675122386,3.811386531779405e-18,0.0,0.12548934556598265,0.41172172340794977,3.949780631403459e-17,0.0,0.31298621154099293,0.14733019701756242,0.0
2011-09-27,0.0025118418984619393,3.928956387980874e-18,0.0,0.1277937817075899,0.4085819392759862,4.030957060867701e-17,0.0,0.31617874966707593,0.14493368745088606,0.0
2011-09-28,0.0024688526250628536,3.849322801316743e-18,0.0,0.12554115859139459,0.4127894173011433,3.915546066277804e-17,0.0,0.3128524157788115,0.1463481557035879,0.0
2011-09-29,0.002486191970188369,3.883857014426139e-18,0.0,0.12613716831864047,0.41085677374520013,3.964758806992222e-17,0.0,0.3138487702366112,0.14667109572935974,0.0
2011-09-30,0.002403696320859004,3.69442280203985e-18,0.0,0.1265971895212636,0.41401672817629254,3.84864954547661e-17,0.0,0.30642237635589437,0.15056000962569044,0.0
2011-10-03,0.016389480703131475,0.0,0.0,0.09670129101572711,0.40338462172370226,3.685732263915142e-18,0.0,0.31242715746768895,0.17109744908975005,4.320519549724759e-17
2011-10-04,0.01634777417492652,0.0,0.0,0.09465042382738037,0.401087590293876,3.9130467314256566e-18,0.0,0.3190867876227933,0.16882742408102377,4.48810409840738e-17
2011-10-05,0.016506306362442758,0.0,0.0,0.09532951014668524,0.39768585756271774,3.949659123560838e-18,0.0,0.3235904913988662,0.16688783452928826,4.430571836614177e-17
2011-10-06,0.01683382089356928,0.0,0.0,0.09585282856707783,0.39453656598558634,4.0335663804005124e-18,0.0,0.32912714038564633,0.1636496441681202,4.547705045468107e-17
2011-10-07,0.016864047458698624,0.0,0.0,0.09567487019223661,0.3949856773724274,3.960060004964546e-18,0.0,0.3290019689182393,0.16347343605839806,4.449093406732636e-17
2011-10-10,0.017115434216445288,0.0,0.0,0.09741479218335991,0.3879683100006005,4.103316821984668e-18,0.0,0.3375167249294749,0.1599847386701194,4.6369511326504455e-17
2011-10-11,0.01723354907926174,0.0,0.0,0.0966665251979668,0.38905302051480173,4.129381492224143e-18,0.0,0.33768005155423775,0.15936685365373196,4.5425275858529846e-17
2011-10-12,0.01726455101525777,0.0,0.0,0.09735406182022212,0.3877121972967214,4.187983850991716e-18,0.0,0.3406274037179324,0.1570417861498665,4.616650433950268e-17
2011-10-13,0.017269776344978744,0.0,0.0,0.09659773827805988,0.3885237426656354,4.1764369463827675e-18,0.0,0.33930458106016764,0.15830416165115835,4.577855051797766e-17
2011-10-14,0.01761652297781747,0.0,0.0,0.09699813969471,0.38558672338021416,4.247919257171466e-18,0.0,0.3442023727752166,0.15559624117204188,4.671578163480884e-17
2011-10-17,0.017399755825915048,0.0,0.0,0.09673567080685656,0.38891694796334525,4.127497897540079e-18,0.0,0.33833251188229163,0.15861511352159152,4.5797838242296653e-17
2011-10-18,0.017410438057580878,0.0,0.0,0.09580762857894559,0.386628993521274,4.2165740881436305e-18,0.0,0.3432828884014826,0.15687005144071697,4.718444655089636e-17
2011-10-19,0.017156180322609425,0.0,0.0,0.09511896773112079,0.389184033330469,4.155260389962598e-18,0.0,0.34093385149590966,0.15760696711989108,4.687521903499641e-17
2011-10-20,0.017159982556190632,0.0,0.0,0.09402920761465777,0.389051839110524,4.1737183359269864e-18,0.0,0.34300803148983233,0.15675093922879527,4.7220233459420886e-17
2011-10-21,0.01715844953060481,0.0,0.0,0.09457403972018714,0.3862985155927369,4.2419021182140595e-18,0.0,0.3476895229947605,0.15427947216171065,4.8520974901901554e-17
2011-10-24,0.01733464733071728,0.0,0.0,0.09494161730514566,0.38400047455813485,4.354539959792999e-18,0.0,0.35002920671368004,0.15369405409232206,4.9454330767873555e-17
2011-10-25,0.01733666306246739,0.0,0.0,0.09733028162406362,0.38607906746712156,4.219098198895171e-18,0.0,0.3421476944017358,0.15710629344461155,4.84970623812095e-17
2011-10-26,0.01725618428483111,0.0,0.0,0.09850640521313109,0.3836819408264249,4.2967172212257886e-18,0.0,0.3460177814245524,0.15453768825106048,4.891035361572584e-17
2011-10-27,0.0176446282087413,0.0,0.0,0.09938313401358745,0.37757686104752647,4.50581184677934e-18,0.0,0.35667718459313386,0.1487181921370108,5.1033300609311157e-17
2011-10-28,0.017504690811393574,0.0,0.0,0.09905611643567998,0.3784392519840742,4.4662207804811074e-18,0.0,0.3552740750902219,0.14972586567863036,5.0948363805999614e-17
2011-10-31,0.017222648926970112,0.0,0.0,0.09764156459437062,0.3831896573687742,4.343863834335299e-18,0.0,0.34641511818722637,0.15553101092265853,5.033366736707383e-17
2011-11-01,0.024199737492147096,5.918441403268822e-18,1.0793520555257692e-17,0.0928956040155275,0.4041732140157234,0.0,5.7283188211260915e-18,0.302646839522486,0.17608460495411604,2.4268272337957854e-17
2011-11-02,0.024280587508550545,6.0823948200854635e-18,1.0853988757679746e-17,0.09356078021050762,0.40205822294914323,0.0,5.760581596497867e-18,0.3067074552137672,0.17339295411803132,2.4663605104845948e-17
2011-11-03,0.024504365265767623,6.125700960766523e-18,1.1093319458355618e-17,0.09473994615743243,0.39893579683369074,0.0,5.861880200212473e-18,0.3113353449624472,0.1704845467806621,2.4926283985141624e-17
2011-11-04,0.024605638969303293,6.091311512950516e-18,1.0963659490104242e-17,0.09434516867434828,0.40048899498040186,0.0,5.8368823777932e-18,0.3097161977463499,0.17084399962959657,2.4747127209350647e-17
2011-11-07,0.024814362629757142,6.105743937197183e-18,1.0943319854738764e-17,0.0960386753352973,0.3985143459479722,0.0,5.842567530256878e-18,0.3097479494375859,0.1708846666493876,2.4601039031403244e-17
2011-11-08,0.0249537297398764,6.181987985862966e-18,1.1083423668549344e-17,0.09530793293341502,0.3969886365072493,0.0,5.913855976814952e-18,0.31393648581784134,0.16881321500161778,2.4937942607361552e-17
2011-11-09,0.02454818606178914,5.854810993465912e-18,1.0577646360837268e-17,0.09506873757183246,0.40289315738519343,0.0,5.7399205615066364e-18,0.3041494956571833,0.1733404233240016,2.3940077283063515e-17
2011-11-10,0.024576390822743467,5.906400756863643e-18,1.0726413097470786e-17,0.09476540451183224,0.4018229243324997,0.0,5.749659825252327e-18,0.3076975707296291,0.1711377096032953,2.3989082095501166e-17
2011-11-11,0.02469842799853439,6.020492300909147e-18,1.094245460027166e-17,0.0958767484597211,0.39810205626418826,0.0,5.830633585931176e-18,0.31202423171161364,0.16929853556594268,2.4519385193384865e-17
2011-11-14,0.024396661954647385,5.9284676058424855e-18,1.0731150668294517e-17,0.095307269602571,0.3999656992405126,0.0,5.785207703611007e-18,0.3085803272258329,0.171750041976436,2.4027435272669407e-17
2011-11-15,0.024546875954520028,5.959243400274791e-18,1.0690742203423467e-17,0.09529831475821565,0.399023160201918,0.0,5.843663609181428e-18,0.30978992506611697,0.17134172401922915,2.4182424307682204e-17
2011-11-16,0.024558689337705712,5.8160837900493935e-18,1.0517660352318404e-17,0.09456270294776699,0.4016730128995955,0.0,5.76430853432947e-18,0.30578564501162453,0.17341994980330716,2.4023224022630063e-17
2011-11-17,0.024124690962231167,5.7006916190008604e-18,1.046275172167249e-17,0.09265558163144583,0.404770214095812,0.0,5.6612358388084194e-18,0.3026433356318958,0.1758061776786152,2.371614148489716e-17
2011-11-18,0.024128470989119837,5.732251774008353e-18,1.0515918309140922e-17,0.09309471093871498,0.4039180796910294,0.0,5.626747708780853e-18,0.3028116658401017,0.17604707254103405,2.390567108209488e-17
2011-11-21,0.02409754383960203,5.581615879472442e-18,1.0312266082371019e-17,0.09135967311825526,0.4075075310558879,0.0,5.552707276964567e-18,0.29886192757610425,0.1781733244101506,2.3443389012531906e-17
2011-11-22,0.02417951868791659,5.583025574795152e-18,1.0249158241178429e-17,0.09207349336275343,0.40743624480780505,0.0,5.553154663465816e-18,0.2967291097166077,0.1795816334249171,2.325966148194172e-17
2011-11-23,0.023912125738075808,5.424351794735917e-18,1.0007602444712551e-17,0.09217675296604415,0.4104837986378747,0.0,5.449785720122983e-18,0.2913530312859418,0.1820742913720635,2.2649555615039573e-17
2011-11-25,0.023878638154179982,5.443395049624475e-18,1.0024322875551304e-17,0.09200265256799457,0.4106659408823864,0.0,5.444880904323314e-18,0.2927939130950982,0.18065885530034076,2.2905262049136443e-17
2011-11-28,0.023922170593862212,5.644732554865979e-18,1.0342563761436856e-17,0.09284228865687241,0.4064193150000823,0.0,5.5755445843191535e-18,0.29813149474115674,0.17868473100802632,2.317283099760065e-17
2011-11-29,0.024255540371166808,5.624679827223029e-18,1.042074554907377e-17,0.09306953371616368,0.4060265901763207,0.0,5.546141748876238e-18,0.2992610068299981,0.17738732890635076,2.3160076930449636e-17
2011-11-30,0.024314221122980293,5.920769027820157e-18,1.085239017081964e-17,0.09401046672742917,0.3999488319778716,0.0,5.698307851105431e-18,0.308713306202711,0.1730131739690079,2.4016537172526885e-17
2011-12-01,0.05420933949712065,1.9326509654359957e-17,3.516875671758298e-18,0.07135748813530156,0.4004938119144133,9.203092471969849e-18,0.0,0.2844417909554193,0.18949756949774493,5.650519969586308e-17
2011-12-02,0.05442404452947876,1.9177558412891327e-17,3.499610935045624e-18,0.07110073330014965,0.40037495954284563,9.197252825337622e-18,0.0,0.28285201320512526,0.19124824942240068,5.618816250421441e-17
2011-12-05,0.05406945110452904,1.946912984566566e-17,3.5356051882994346e-18,0.06997544629291909,0.3996956480752979,9.344428273184862e-18,0.0,0.285612118508476,0.1906473360187779,5.660112817718688e-17
2011-12-06,0.054478101657533244,1.9244874978097838e-17,3.526537875637064e-18,0.07048402657852865,0.3995025754876288,9.372986963210947e-18,0.0,0.2863076351236904,0.1892276611526188,5.662962683978759e-17
2011-12-07,0.05381409722282005,1.9252928508297235e-17,3.538653913043779e-18,0.07074116586380426,0.399874751399542,9.320704933748538e-18,0.0,0.28634456260598684,0.18922542290784686,5.704376812115259e-17
2011-12-08,0.05334342439430706,1.8634830731194522e-17,3.436245602845137e-18,0.06959117218177832,0.40352016902912535,9.067396644603617e-18,0.0,0.2811872519871069,0.19235798240768223,5.597315852281501e-17
2011-12-09,0.053624919757858144,1.904178567042586e-17,3.527418012815617e-18,0.0698784208841634,0.4013866682032217,9.355456155003722e-18,0.0,0.286406822721365,0.18870316843339174,5.729278329639183e-17
2011-12-12,0.053108732306414885,1.8385352355713356e-17,3.435539863745885e-18,0.06824694865935955,0.4040803722462316,9.25104332728333e-18,0.0,0.2831405806909459,0.1914233660970479,5.645826598169972e-17
2011-12-13,0.053340379416548095,1.8220584583126836e-17,3.39002643359903e-18,0.06677405808157401,0.40605005838180125,9.060910272188704e-18,0.0,0.28057419150213886,0.1932613126179377,5.581060519939751e-17
2011-12-14,0.051543701282257055,1.7992124787294738e-17,3.356075482173648e-18,0.06455163993730977,0.4085164857697251,8.96431409794233e-18,0.0,0.27810721437194014,0.1972809586387678,5.624231124831033e-17
2011-12-15,0.0513160459023679,1.811913067261391e-17,3.374670417055794e-18,0.06435179503697991,0.4083999120031885,9.052740186171904e-18,0.0,0.2792711014947989,0.19666114556266462,5.721545134425915e-17
2011-12-16,0.051405962887781646,1.8140599441118118e-17,3.3396391412278937e-18,0.06516465060159363,0.4077986936545078,9.066090313178701e-18,0.0,0.2779269407065428,0.19770375214957395,5.748603565574109e-17
2011-12-19,0.05114288122803753,1.76621662470308e-17,3.3067806372746252e-18,0.06497876612542018,0.4089678578142091,8.90449743792445e-18,0.0,0.27480843380264713,0.2001020610296862,5.695745031846059e-17
2011-12-20,0.052232641703582605,1.8371239202649077e-17,3.4176401967943146e-18,0.06575303304919491,0.4045859029980777,9.246267783603952e-18,0.0,0.2826469803879691,0.19478144186117577,5.858573395412063e-17
2011-12-21,0.05276449163574367,1.8485551616975245e-17,3.409805737811622e-18,0.06602798054523529,0.4045003732592878,9.31197231655582e-18,0.0,0.2840527701357402,0.19265438442399285,5.874299891728281e-17
2011-12-22,0.05264369636094054,1.8666069089091483e-17,3.4288845941033524e-18,0.06533431686440652,0.403623344868306,9.339382105038696e-18,0.0,0.2855938330735899,0.19280480883275714,5.938464120007089e-17
2011-12-23,0.052944787435018466,1.8755536785661137e-17,3.4556237553116523e-18,0.06550476885961051,0.4023227281613223,9.38281087105782e-18,0.0,0.2883999126637142,0.19082780288033438,5.969527000956395e-17
2011-12-27,0.05312640176521184,1.855648194741537e-17,3.4367941445581476e-18,0.06485252272745248,0.4021436028276295,9.400993371231193e-18,0.0,0.2883367143816465,0.19154075829805975,5.99014532800073e-17
2011-12-28,0.05249699922859553,1.8244050523017797e-17,3.374575619582373e-18,0.06322511645587292,0.4046661512516617,9.229557861882856e-18,0.0,0.28453896352196345,0.19507276954190628,5.918113274034993e-17
2011-12-29,0.052461460737247834,1.8385979590354613e-17,3.4240804939134247e-18,0.06270647552380447,0.4036873560277459,9.288557164227459e-18,0.0,0.28642977198872943,0.19471493572247225,5.948586264954517e-17
2011-12-30,0.05231799674058698,1.837756750528665e-17,3.436457465527241e-18,0.06331554701457232,0.4046013184361367,9.226915330029308e-18,0.0,0.28466579977437245,0.1950993380343315,5.9156613028398e-17
2012-01-03,0.0,0.0,0.0,0.0,0.3946895854941507,0.0,0.0,0.6053104145058493,0.0,0.0
2012-01-04,0.0,0.0,0.0,0.0,0.3935629728962454,0.0,0.0,0.6064370271037546,0.0,0.0
2012-01-05,0.0,0.0,0.0,0.0,0.3929741306998514,0.0,0.0,0.6070258693001487,0.0,0.0
2012-01-06,0.0,0.0,0.0,0.0,0.39452383382753864,0.0,0.0,0.6054761661724614,0.0,0.0
2012-01-09,0.0,0.0,0.0,0.0,0.3939905151258535,0.0,0.0,0.6060094848741466,0.0,0.0
2012-01-10,0.0,0.0,0.0,0.0,0.3914541968393878,0.0,0.0,0.6085458031606122,0.0,0.0
2012-01-11,0.0,0.0,0.0,0.0,0.3927082912566878,0.0,0.0,0.6072917087433122,0.0,0.0
2012-01-12,0.0,0.0,0.0,0.0,0.39163899267110275,0.0,0.0,0.6083610073288973,0.0,0.0
2012-01-13,0.0,0.0,0.0,0.0,0.39393930272917665,0.0,0.0,0.6060606972708235,0.0,0.0
2012-01-17,0.0,0.0,0.0,0.0,0.39324061225949436,0.0,0.0,0.6067593877405056,0.0,0.0
2012-01-18,0.0,0.0,0.0,0.0,0.3898763594850137,0.0,0.0,0.6101236405149864,0.0,0.0
2012-01-19,0.0,0.0,0.0,0.0,0.38720246534859726,0.0,0.0,0.6127975346514027,0.0,0.0
2012-01-20,0.0,0.0,0.0,0.0,0.3855046801483565,0.0,0.0,0.6144953198516435,0.0,0.0
2012-01-23,0.0,0.0,0.0,0.0,0.3855937582644381,0.0,0.0,0.6144062417355619,0.0,0.0
2012-01-24,0.0,0.0,0.0,0.0,0.386136620844247,0.0,0.0,0.6138633791557531,0.0,0.0
2012-01-25,0.0,0.0,0.0,0.0,0.38529504503093776,0.0,0.0,0.6147049549690622,0.0,0.0
2012-01-26,0.0,0.0,0.0,0.0,0.3877778858486492,0.0,0.0,0.6122221141513507,0.0,0.0
2012-01-27,0.0,0.0,0.0,0.0,0.3886059045757638,0.0,0.0,0.6113940954242362,0.0,0.0
2012-01-30,0.0,0.0,0.0,0.0,0.39022711058224013,0.0,0.0,0.6097728894177599,0.0,0.0
2012-01-31,0.0,0.0,0.0,0.0,0.39121370814433826,0.0,0.0,0.6087862918556618,0.0,0.0
2012-02-01,0.05511589626689352,0.0,4.45033435619328e-17,0.05689053463567349,0.39903420541085033,3.298494132322727e-17,7.367279474577497e-17,0.2828631654692274,0.20609619821735511,0.0
2012-02-02,0.055167742110101295,0.0,4.452610681182349e-17,0.05730077621805381,0.3989749851190402,3.3121083411961206e-17,7.378670291545108e-17,0.2828686694066365,0.2056878271461682,0.0
2012-02-03,0.05604828616350026,0.0,4.54089175799912e-17,0.05638997874740185,0.39744731293308955,3.3982761706884116e-17,7.510767352931431e-17,0.28801685240263725,0.20209756975337087,0.0
2012-02-06,0.056154867428663414,0.0,4.505308599583033e-17,0.056065024683629464,0.3973363168691491,3.3769612688734177e-17,7.482000111385376e-17,0.28695298511660716,0.20349080590195062,0.0
2012-02-07,0.056315502102115465,0.0,4.5491906494969386e-17,0.057113047918737045,0.3961833851059179,3.386952748197928e-17,7.52442110684189e-17,0.2887042948613943,0.20168377001183505,0.0
2012-02-08,0.0565132770155622,0.0,4.5603928260923747e-17,0.056649405243372905,0.3959543421289308,3.390752859173352e-17,7.556412441833454e-17,0.289255830577898,0.201627145034236,0.0
2012-02-09,0.056918952780052254,0.0,4.580950434349426e-17,0.056596375371468895,0.39580609289312635,3.3804368924467114e-17,7.625450921706307e-17,0.2901750673399175,0.2005035116154349,0.0
2012-02-10,0.056279141500312,0.0,4.4857103576592054e-17,0.05619539679917422,0.397298492959635,3.3278876782426964e-17,7.55805738343262e-17,0.2874964582608233,0.2027305104800553,0.0
2012-02-13,0.05628262789978434,0.0,4.5262214306567096e-17,0.05618504232576771,0.3960842326487454,3.362817904625085e-17,7.609977386828805e-17,0.28894318451354295,0.20250491261215942,0.0
2012-02-14,0.056184975350259986,0.0,4.486395252806479e-17,0.05597660438870304,0.3963631623421877,3.343067606190354e-17,7.618723265244482e-17,0.28818064446984865,0.20329461344900052,0.0
2012-02-15,0.056431477416332615,0.0,4.495368546297391e-17,0.056357577214064494,0.3970116550368375,3.318234533498221e-17,7.572325626051995e-17,0.28708920051405645,0.2031100898187088,0.0
2012-02-16,0.05668972453047678,0.0,4.557646481965858e-17,0.05632251792761564,0.3952177770775706,3.380812041526295e-17,7.676318315617667e-17,0.29027758716821167,0.20149239329612514,0.0
2012-02-17,0.05659192642369426,0.0,4.577866202503921e-17,0.05610541815903487,0.3948093168950431,3.3804531298460656e-17,7.652302273909867e-17,0.2910498484535737,0.20144349006865386,0.0
2012-02-21,0.057560936657901664,0.0,4.585186888282078e-17,0.05741698516532747,0.39393568419429953,3.362341166310999e-17,7.684881815752339e-17,0.29159015521827275,0.19949623876419836,0.0
2012-02-22,0.0578459627645678,0.0,4.552192413870579e-17,0.05781341612338219,0.39379097211844016,3.321504572580489e-17,7.61714803516442e-17,0.2894075861370836,0.20114206285652608,0.0
2012-02-23,0.05790465938485656,0.0,4.5805103715252876e-17,0.05772221402931955,0.3935498264492835,3.3643014963781894e-17,7.652034530131974e-17,0.2900914021873273,0.200731897949213,0.0
2012-02-24,0.05812237142789744,0.0,4.5973584556580545e-17,0.057324912867554395,0.3929327851458855,3.3499856157241935e-17,7.660574803391373e-17,0.29005168269773746,0.20156824786092514,0.0
2012-02-27,0.05748378239293629,0.0,4.5606383536307923e-17,0.056981382235122544,0.39308764616076597,3.334529509792565e-17,7.648920147483638e-17,0.28968925542509777,0.20275793378607726,0.0
2012-02-28,0.057410372729655254,0.0,4.5987137129573636e-17,0.05752143462595543,0.39290533298962654,3.322520419548594e-17,7.719298725603225e-17,0.2902615733811183,0.20190128627364437,0.0
2012-02-29,0.05761048442394781,0.0,4.5718335429032176e-17,0.05486606622035651,0.39417924384245,3.296580559628115e-17,7.74041584838938e-17,0.2912183818293107,0.20212582368393484,0.0
2012-03-01,0.0,0.0,0.0,0.0,0.39798250538200175,0.0,0.0,0.6020174946179983,0.0,0.0
2012-03-02,0.0,0.0,0.0,0.0,0.3996754987800664,0.0,0.0,0.6003245012199336,0.0,0.0
2012-03-05,0.0,0.0,0.0,0.0,0.4001759185297818,0.0,0.0,0.5998240814702182,0.0,0.0
2012-03-06,0.0,0.0,0.0,0.0,0.4047263367592697,0.0,0.0,0.5952736632407303,0.0,0.0
2012-03-07,0.0,0.0,0.0,0.0,0.4025950118457693,0.0,0.0,0.5974049881542308,0.0,0.0
2012-03-08,0.0,0.0,0.0,0.0,0.39950735326607356,0.0,0.0,0.6004926467339265,0.0,0.0
2012-03-09,0.0,0.0,0.0,0.0,0.3983985575128571,0.0,0.0,0.601601442487143,0.0,0.0
2012-03-12,0.0,0.0,0.0,0.0,0.39831238889574183,0.0,0.0,0.6016876111042582,0.0,0.0
2012-03-13,0.0,0.0,0.0,0.0,0.3923224253463624,0.0,0.0,0.6076775746536376,0.0,0.0
2012-03-14,0.0,0.0,0.0,0.0,0.3898340206472648,0.0,0.0,0.6101659793527352,0.0,0.0
2012-03-15,0.0,0.0,0.0,0.0,0.3883923779631511,0.0,0.0,0.6116076220368488,0.0,0.0
2012-03-16,0.0,0.0,0.0,0.0,0.3879944424860215,0.0,0.0,0.6120055575139784,0.0,0.0
2012-03-19,0.0,0.0,0.0,0.0,0.385606071000829,0.0,0.0,0.614393928999171,0.0,0.0
2012-03-20,0.0,0.0,0.0,0.0,0.3864130498051508,0.0,0.0,0.6135869501948491,0.0,0.0
2012-03-21,0.0,0.0,0.0,0.0,0.38800801055381284,0.0,0.0,0.6119919894461872,0.0,0.0
2012-03-22,0.0,0.0,0.0,0.0,0.39002728006857046,0.0,0.0,0.6099727199314295,0.0,0.0
2012-03-23,0.0,0.0,0.0,0.0,0.39013806778121524,0.0,0.0,0.6098619322187847,0.0,0.0
2012-03-26,0.0,0.0,0.0,0.0,0.38655073500386344,0.0,0.0,0.6134492649961366,0.0,0.0
2012-03-27,0.0,0.0,0.0,0.0,0.38859968948071905,0.0,0.0,0.611400310519281,0.0,0.0
2012-03-28,0.0,0.0,0.0,0.0,0.3893676290538349,0.0,0.0,0.6106323709461651,0.0,0.0
2012-03-29,0.0,0.0,0.0,0.0,0.3907622398146087,0.0,0.0,0.6092377601853913,0.0,0.0
2012-03-30,0.0,0.0,0.0,0.0,0.38860891401488745,0.0,0.0,0.6113910859851124,0.0,0.0
2012-04-02,0.0,0.0,0.0,0.0,0.39882564103656476,0.0,0.0,0.6011743589634353,0.0,0.0
2012-04-03,0.0,0.0,0.0,0.0,0.3980389015333966,0.0,0.0,0.6019610984666034,0.0,0.0
2012-04-04,0.0,0.0,0.0,0.0,0.40164211462928984,0.0,0.0,0.5983578853707102,0.0,0.0
2012-04-05,0.0,0.0,0.0,0.0,0.4028329311564179,0.0,0.0,0.5971670688435821,0.0,0.0
2012-04-09,0.0,0.0,0.0,0.0,0.40800994437699617,0.0,0.0,0.5919900556230039,0.0,0.0
2012-04-10,0.0,0.0,0.0,0.0,0.41323738028639373,0.0,0.0,0.5867626197136063,0.0,0.0
2012-04-11,0.0,0.0,0.0,0.0,0.4103380325870106,0.0,0.0,0.5896619674129895,0.0,0.0
2012-04-12,0.0,0.0,0.0,0.0,0.40671645112514326,0.0,0.0,0.5932835488748568,0.0,0.0
2012-04-13,0.0,0.0,0.0,0.0,0.41105973179245187,0.0,0.0,0.5889402682075481,0.0,0.0
2012-04-16,0.0,0.0,0.0,0.0,0.4111494511147073,0.0,0.0,0.5888505488852928,0.0,0.0
2012-04-17,0.0,0.0,0.0,0.0,0.40734155886801454,0.0,0.0,0.5926584411319854,0.0,0.0
2012-04-18,0.0,0.0,0.0,0.0,0.4086417843698316,0.0,0.0,0.5913582156301684,0.0,0.0
2012-04-19,0.0,0.0,0.0,0.0,0.4104753071306176,0.0,0.0,0.5895246928693825,0.0,0.0
2012-04-20,0.0,0.0,0.0,0.0,0.41009452324819656,0.0,0.0,0.5899054767518035,0.0,0.0
2012-04-23,0.0,0.0,0.0,0.0,0.41262147806882665,0.0,0.0,0.5873785219311733,0.0,0.0
2012-04-24,0.0,0.0,0.0,0.0,0.4110819355308585,0.0,0.0,0.5889180644691416,0.0,0.0
2012-04-25,0.0,0.0,0.0,0.0,0.4074953895139552,0.0,0.0,0.5925046104860447,0.0,0.0
2012-04-26,0.0,0.0,0.0,0.0,0.4066212502506884,0.0,0.0,0.5933787497493116,0.0,0.0
2012-04-27,0.0,0.0,0.0,0.0,0.4064772121397272,0.0,0.0,0.5935227878602728,0.0,0.0
2012-04-30,0.0,0.0,0.0,0.0,0.40757852446140447,0.0,0.0,0.5924214755385956,0.0,0.0
2012-05-01,0.0,0.0,0.0,0.0,0.39807610708351143,0.0,0.0,0.6019238929164887,0.0,0.0
2012-05-02,0.0,0.0,0.0,0.0,0.3992474056960116,0.0,0.0,0.6007525943039884,0.0,0.0
2012-05-03,0.0,0.0,0.0,0.0,0.4010621765690642,0.0,0.0,0.5989378234309357,0.0,0.0
2012-05-04,0.0,0.0,0.0,0.0,0.40593897887087826,0.0,0.0,0.5940610211291217,0.0,0.0
2012-05-07,0.0,0.0,0.0,0.0,0.4056946204916848,0.0,0.0,0.5943053795083153,0.0,0.0
2012-05-08,0.0,0.0,0.0,0.0,0.4072105423417286,0.0,0.0,0.5927894576582714,0.0,0.0
2012-05-09,0.0,0.0,0.0,0.0,0.4088522209802965,0.0,0.0,0.5911477790197036,0.0,0.0
2012-05-10,0.0,0.0,0.0,0.0,0.40801314225436985,0.0,0.0,0.5919868577456301,0.0,0.0
2012-05-11,0.0,0.0,0.0,0.0,0.4095385972411895,0.0,0.0,0.5904614027588105,0.0,0.0
2012-05-14,0.0,0.0,0.0,0.0,0.41329889351861576,0.0,0.0,0.5867011064813842,0.0,0.0
2012-05-15,0.0,0.0,0.0,0.0,0.4147639723237912,0.0,0.0,0.5852360276762087,0.0,0.0
2012-05-16,0.0,0.0,0.0,0.0,0.41587605358535057,0.0,0.0,0.5841239464146494,0.0,0.0
2012-05-17,0.0,0.0,0.0,0.0,0.4204191530169347,0.0,0.0,0.5795808469830652,0.0,0.0
2012-05-18,0.0,0.0,0.0,0.0,0.4223561692390907,0.0,0.0,0.5776438307609093,0.0,0.0
2012-05-21,0.0,0.0,0.0,0.0,0.41756842903956476,0.0,0.0,0.5824315709604354,0.0,0.0
2012-05-22,0.0,0.0,0.0,0.0,0.41662239978590293,0.0,0.0,0.583377600214097,0.0,0.0
2012-05-23,0.0,0.0,0.0,0.0,0.417129736785163,0.0,0.0,0.582870263214837,0.0,0.0
2012-05-24,0.0,0.0,0.0,0.0,0.416130224974361,0.0,0.0,0.583869775025639,0.0,0.0
2012-05-25,0.0,0.0,0.0,0.0,0.4176240944579803,0.0,0.0,0.5823759055420196,0.0,0.0
2012-05-29,0.0,0.0,0.0,0.0,0.414495221371131,0.0,0.0,0.5855047786288691,0.0,0.0
2012-05-30,0.0,0.0,0.0,0.0,0.4203542642372417,0.0,0.0,0.5796457357627582,0.0,0.0
2012-05-31,0.0,0.0,0.0,0.0,0.4218364766561665,0.0,0.0,0.5781635233438335,0.0,0.0
2012-06-01,0.12248168826367324,0.0,1.0799731196561764e-16,0.014959573735674896,0.40345728546657256,0.0,5.72324954890077e-17,0.24720877690431659,0.21189267562976255,0.0
2012-06-04,0.1236003524659727,0.0,1.0927788655576131e-16,0.014994033676046474,0.40251616902918574,0.0,5.786728684532787e-17,0.24794561767142323,0.2109438271573717,0.0
2012-06-05,0.12349152524715168,0.0,1.1037207811151451e-16,0.015018060307894187,0.40228592660322315,0.0,5.826469935918764e-17,0.2505100887232219,0.2086943991185089,0.0
2012-06-06,0.12564399986503097,0.0,1.1332649727356825e-16,0.015007926299945518,0.3992015554825503,0.0,5.953257784772708e-17,0.2558518059220328,0.20429471243044028,0.0
2012-06-07,0.1247568640814046,0.0,1.1345287241390564e-16,0.014744425891965719,0.4000362113359745,0.0,5.927525737813115e-17,0.2559238195292431,0.20453867916141202,0.0
2012-06-08,0.12481777266841873,0.0,1.1277507523375714e-16,0.014726571097929485,0.3992538032117378,0.0,5.968507984365905e-17,0.25726343061633655,0.2039384224055772,0.0
2012-06-11,0.12296301010272591,0.0,1.1207353366630937e-16,0.01483831217021736,0.4017281288459813,0.0,5.888425930444691e-17,0.25488624840039087,0.2055843004806844,0.0
2012-06-12,0.1236103750457521,0.0,1.139855009710555e-16,0.014949358600227378,0.39973564614566903,0.0,5.962265094005093e-17,0.2579184605094073,0.20378615969894406,0.0
2012-06-13,0.12246812678104936,0.0,1.1289531530385756e-16,0.014988523366258506,0.40121235364643437,0.0,5.911857630667449e-17,0.2558611285492179,0.2054698676570396,0.0
2012-06-14,0.12355548439265196,0.0,1.1340758232803515e-16,0.015005415699870274,0.3989885991298991,0.0,5.916704074276701e-17,0.25783103944738645,0.204619461330192,0.0
2012-06-15,0.12269025112106507,0.0,1.143891183069089e-16,0.014932823511989978,0.3986700234679001,0.0,5.957836023107969e-17,0.2590600694269362,0.20464683247210846,0.0
2012-06-18,0.1225928058268174,0.0,1.138833997710154e-16,0.014917471090892387,0.39792303281031605,0.0,6.004035615185346e-17,0.25914759910655,0.20541909116542414,0.0
2012-06-19,0.12369843472347382,0.0,1.1584167681792248e-16,0.01485325225938575,0.3967921498548894,0.0,6.069839063507672e-17,0.2618042222870344,0.2028519408752164,0.0
2012-06-20,0.12196525412709752,0.0,1.1678714711470812e-16,0.014775697926870791,0.39692246338001347,0.0,6.088953607750057e-17,0.2619989242502354,0.2043376603157826,0.0
2012-06-21,0.12018006484005611,0.0,1.1452490646713445e-16,0.014502135482870994,0.40054874830532583,0.0,5.978904879694594e-17,0.2579097537743534,0.20685929759739355,0.0
2012-06-22,0.12152772168474037,0.0,1.1564846621512556e-16,0.01457967683524918,0.3993102017139539,0.0,6.049482974202553e-17,0.2602243277314226,0.20435807203463377,0.0
2012-06-25,0.12248615276761182,0.0,1.1280547021207446e-16,0.014652295843921177,0.40056084007075615,0.0,5.919102280267767e-17,0.2554527345401577,0.20684797677755293,0.0
2012-06-26,0.12329225526103023,0.0,1.1350793882397733e-16,0.014539064410474721,0.3995457946558944,0.0,5.954375526370242e-17,0.2566553359678461,0.20596754970475437,0.0
2012-06-27,0.12350492516310041,0.0,1.1413302958867115e-16,0.014502347718033725,0.398542124566078,0.0,5.967226968589128e-17,0.2579606156725305,0.20548998688025716,0.0
2012-06-28,0.12222308529837851,0.0,1.144214370811854e-16,0.01433985580040046,0.40001189604641174,0.0,5.90345771795764e-17,0.25733962776309516,0.20608553509171412,0.0
2012-06-29,0.1265625432250693,0.0,1.176582955058719e-16,0.014622030219787951,0.3951713729942649,0.0,6.043666717521822e-17,0.2617696688839621,0.20187438467691557,0.0
2012-07-02,0.11000570766743867,6.240201059637381e-18,0.0,0.0134373179765376,0.40000190253775253,0.0,1.0052538187106326e-17,0.2605474046440366,0.21600766717423459,5.515195082416331e-17
2012-07-03,0.11282270865247636,6.349683207855476e-18,0.0,0.013610709445087379,0.3980700381631339,0.0,1.011315789093964e-17,0.26165108696948897,0.21384545676981326,5.53471895429255e-17
2012-07-05,0.1131079132302887,6.274994178665467e-18,0.0,0.013439992754093714,0.39863882139534834,0.0,1.0106716284156827e-17,0.2601441954745459,0.21466907714572336,5.493725982133878e-17
2012-07-06,0.11071107592118194,6.172002119489369e-18,0.0,0.013294515548620907,0.4007792603948123,0.0,9.999131935890555e-18,0.25814943106992694,0.217065717065458,5.51722467276785e-17
2012-07-09,0.11215058799889799,6.121005435639983e-18,0.0,0.01326085972240399,0.4000097216958151,0.0,9.93382925677724e-18,0.25662195513391595,0.2179568754489669,5.497264739407264e-17
2012-07-10,0.11106234454040591,6.072432012109103e-18,0.0,0.01314048440690431,0.4014862447063217,0.0,9.867826257210998e-18,0.2552062661796792,0.21910466016668878,5.456024821368467e-17
2012-07-11,0.11215921579303285,6.096590193452559e-18,0.0,0.013196504726194188,0.40061604627982567,0.0,9.80105361885286e-18,0.2549250592120866,0.2191031739888608,5.4550101951402436e-17
2012-07-12,0.11225142138008842,5.98626285666418e-18,0.0,0.013142860697374406,0.4009519346327316,0.0,9.695175316540803e-18,0.25332095463405996,0.22033282865574563,5.463654118686572e-17
2012-07-13,0.11306624141124907,6.072622533028476e-18,0.0,0.01321246431194741,0.39869320447946893,0.0,9.795331959470561e-18,0.2563314492443501,0.21869664055298435,5.504168440369194e-17
2012-07-16,0.11415635351448994,6.042156178561017e-18,0.0,0.013182972833083128,0.3984974299033409,0.0,9.74128810194765e-18,0.25504068620866854,0.2191225575404175,5.500083286048805e-17
2012-07-17,0.11438923638923057,6.128091836906636e-18,0.0,0.013131902371443929,0.39784610092801664,0.0,9.80125036201153e-18,0.2570305338713997,0.21760222643990904,5.557891090333162e-17
2012-07-18,0.11501248598263654,6.091619315464111e-18,0.0,0.013051560909023702,0.39689731435587594,0.0,9.900245781922315e-18,0.25805627217196214,0.2169823665805016,5.5062217022345365e-17
2012-07-19,0.11629146748168648,6.142244478371078e-18,0.0,0.01306719873657536,0.39593638451121105,0.0,9.999842013290461e-18,0.2584852871188528,0.2162196621516743,5.4435713886617494e-17
2012-07-20,0.11607509823620124,6.040036738721802e-18,0.0,0.013067546195668828,0.3967588350495559,0.0,9.849380166047985e-18,0.2556440916269745,0.21845442889159958,5.404801911329718e-17
2012-07-23,0.11400302054182623,5.9008222492119886e-18,0.0,0.013054866186851222,0.3986863140321712,0.0,9.761001660934201e-18,0.25387068485481273,0.22038511438433858,5.3827373103601226e-17
2012-07-24,0.11336416158244038,5.8775378754176575e-18,0.0,0.013100766218825149,0.3995752774493193,0.0,9.687121425808708e-18,0.2517695179158396,0.2221902768335756,5.3663571133830935e-17
2012-07-25,0.11399360304352875,5.894757607642867e-18,0.0,0.013259379392974644,0.3990457133694432,0.0,9.604496522907588e-18,0.2513547646960989,0.22234653949795455,5.353853870096079e-17
2012-07-26,0.11406938612029018,6.020911381722076e-18,0.0,0.013337332653088669,0.39734192865789864,0.0,9.72048806570572e-18,0.2552002026089504,0.22005114995977204,5.395026748139379e-17
2012-07-27,0.11536970892568191,6.196659526411952e-18,0.0,0.013417200615541462,0.39489865520441403,0.0,9.961236594163456e-18,0.26018272458744185,0.21613171066692072,5.452437901026776e-17
2012-07-30,0.11563243564808659,6.1388148164800966e-18,0.0,0.013360405738607143,0.39476824262708426,0.0,9.91835498137024e-18,0.2592624008888888,0.21697651509733315,5.458469056710747e-17
2012-07-31,0.11449541343190546,6.123885061175091e-18,0.0,0.013309292507019012,0.3963090922339637,0.0,9.936692662261997e-18,0.2580046678863753,0.21788153394073648,5.462062072872643e-17
2012-08-01,0.10004595154529826,0.0,0.0,0.0021496936924951457,0.39962053106986534,5.330909476089673e-18,0.0,0.27209149217476847,0.2260923315175727,0.0
2012-08-02,0.09925223804212671,0.0,0.0,0.002136764149478062,0.4007759210258284,5.3141869209707035e-18,0.0,0.2703476728413076,0.22748740394125921,0.0
2012-08-03,0.10080825007789934,0.0,0.0,0.0021536468442460133,0.3981617366704826,5.433775444394183e-18,0.0,0.2753511107756008,0.22352525563177136,0.0
2012-08-06,0.10124499261977613,0.0,0.0,0.0021608433730065336,0.39783212432792603,5.4678748450738395e-18,0.0,0.2754782160418785,0.22328382363741264,0.0
2012-08-07,0.10230102796139373,0.0,0.0,0.0021666647641781145,0.3968583070725213,5.53314421219572e-18,0.0,0.27764083916690874,0.22103316103499812,0.0
2012-08-08,0.10270703388743388,0.0,0.0,0.002171817995723313,0.3967415543645245,5.530897258060748e-18,0.0,0.27828225411355434,0.220097339638764,0.0
2012-08-09,0.10348573200304623,0.0,0.0,0.002177510500666927,0.396194904120842,5.5536969742246655e-18,0.0,0.27834274086813654,0.21979911250730835,0.0
2012-08-10,0.10271392391257218,0.0,0.0,0.002175457347965018,0.39648097862948517,5.522406100369533e-18,0.0,0.2781983533938086,0.22043128671616893,0.0
2012-08-13,0.10207014558749056,0.0,0.0,0.002162415613635786,0.39685312466170514,5.52217733754985e-18,0.0,0.2785018301120831,0.2204124840250854,0.0
2012-08-14,0.10267272888655639,0.0,0.0,0.0021608601068009905,0.396807768104536,5.535582542880521e-18,0.0,0.279883945225637,0.21847469767646968,0.0
2012-08-15,0.1039581327004288,0.0,0.0,0.002176217620650146,0.39634110444748755,5.605884998775381e-18,0.0,0.2812868657225984,0.2162376795088351,0.0
2012-08-16,0.10439761966444276,0.0,0.0,0.0021899047233070288,0.395499842388842,5.666292266146299e-18,0.0,0.2834506811454995,0.21446195207790875,0.0
2012-08-17,0.10433095006566628,0.0,0.0,0.0021876407752127987,0.39516917855542816,5.6943775988955456e-18,0.0,0.2832471156260819,0.2150651149776109,0.0
2012-08-20,0.10468835527100752,0.0,0.0,0.0021926087589814597,0.39492843983726744,5.6751831998453335e-18,0.0,0.2829355131055002,0.21525508302724342,0.0
2012-08-21,0.10549848969801978,0.0,0.0,0.002211376186577089,0.3947039896996736,5.6637042808176486e-18,0.0,0.28168207459771466,0.2159040698180148,0.0
2012-08-22,0.10527992195605097,0.0,0.0,0.0022189319629209096,0.394877159687052,5.595612152933097e-18,0.0,0.2797522962106867,0.21787169018328947,0.0
2012-08-23,0.10489115770333726,0.0,0.0,0.002240222479776078,0.3960388240915871,5.56281148304793e-18,0.0,0.277790319815467,0.2190394759098326,0.0
2012-08-24,0.10433071778930961,0.0,0.0,0.002239515677229615,0.39553499205616766,5.573496228894562e-18,0.0,0.2792427809502023,0.21865199352709072,0.0
2012-08-27,0.10366013526480257,0.0,0.0,0.002226892161556949,0.3958173049883088,5.579567465764615e-18,0.0,0.278777657554661,0.21951801003067056,0.0
2012-08-28,0.10368422143058559,0.0,0.0,0.0022297035805940355,0.39577694788998413,5.6024152187103824e-18,0.0,0.27837036582096575,0.2199387612778704,0.0
2012-08-29,0.1039532554251239,0.0,0.0,0.0022170658743454795,0.39585057688590763,5.624316308764783e-18,0.0,0.2788191134647101,0.21915998834991296,0.0
2012-08-30,0.10406614458849274,0.0,0.0,0.0022161700158336473,0.3965953725447233,5.568663941341126e-18,0.0,0.27681831630868914,0.22030399654226102,0.0
2012-08-31,0.1043124147806875,0.0,0.0,0.002248936750850674,0.39593450987245415,5.5462382384509885e-18,0.0,0.2758914423738053,0.2216126962222023,0.0
2012-09-04,0.0,0.0,0.0,0.0,0.399671396644099,0.0,0.0,0.6003286033559009,0.0,0.0
2012-09-05,0.0,0.0,0.0,0.0,0.3997872732551527,0.0,0.0,0.6002127267448473,0.0,0.0
2012-09-06,0.0,0.0,0.0,0.0,0.39334207837946517,0.0,0.0,0.6066579216205347,0.0,0.0
2012-09-07,0.0,0.0,0.0,0.0,0.3927243376671151,0.0,0.0,0.6072756623328849,0.0,0.0
2012-09-10,0.0,0.0,0.0,0.0,0.39419459875229473,0.0,0.0,0.6058054012477052,0.0,0.0
2012-09-11,0.0,0.0,0.0,0.0,0.3930876817857446,0.0,0.0,0.6069123182142554,0.0,0.0
2012-09-12,0.0,0.0,0.0,0.0,0.39111931538754247,0.0,0.0,0.6088806846124575,0.0,0.0
2012-09-13,0.0,0.0,0.0,0.0,0.3882094299548025,0.0,0.0,0.6117905700451974,0.0,0.0
2012-09-14,0.0,0.0,0.0,0.0,0.38492328896509964,0.0,0.0,0.6150767110349004,0.0,0.0
2012-09-17,0.0,0.0,0.0,0.0,0.3862178183015569,0.0,0.0,0.6137821816984431,0.0,0.0
2012-09-18,0.0,0.0,0.0,0.0,0.38701057799917665,0.0,0.0,0.6129894220008233,0.0,0.0
2012-09-19,0.0,0.0,0.0,0.0,0.3874346301366002,0.0,0.0,0.6125653698633999,0.0,0.0
2012-09-20,0.0,0.0,0.0,0.0,0.38755091492552657,0.0,0.0,0.6124490850744734,0.0,0.0
2012-09-21,0.0,0.0,0.0,0.0,0.38815836837046946,0.0,0.0,0.6118416316295304,0.0,0.0
2012-09-24,0.0,0.0,0.0,0.0,0.3890461982276968,0.0,0.0,0.6109538017723032,0.0,0.0
2012-09-25,0.0,0.0,0.0,0.0,0.3924746348407869,0.0,0.0,0.6075253651592131,0.0,0.0
2012-09-26,0.0,0.0,0.0,0.0,0.39481058201004404,0.0,0.0,0.605189417989956,0.0,0.0
2012-09-27,0.0,0.0,0.0,0.0,0.39206718635109655,0.0,0.0,0.6079328136489034,0.0,0.0
2012-09-28,0.0,0.0,0.0,0.0,0.3931744161059369,0.0,0.0,0.6068255838940632,0.0,0.0
2012-10-01,0.0,0.0,0.0,0.0,0.3998123095778374,0.0,0.0,0.6001876904221627,0.0,0.0
2012-10-02,0.0,0.0,0.0,0.0,0.399408317726649,0.0,0.0,0.6005916822733509,0.0,0.0
2012-10-03,0.0,0.0,0.0,0.0,0.3986741745663106,0.0,0.0,0.6013258254336894,0.0,0.0
2012-10-04,0.0,0.0,0.0,0.0,0.39601351550278385,0.0,0.0,0.6039864844972161,0.0,0.0
2012-10-05,0.0,0.0,0.0,0.0,0.3949113814507268,0.0,0.0,0.6050886185492731,0.0,0.0
2012-10-08,0.0,0.0,0.0,0.0,0.3965072506965781,0.0,0.0,0.6034927493034219,0.0,0.0
2012-10-09,0.0,0.0,0.0,0.0,0.39839833083840365,0.0,0.0,0.6016016691615963,0.0,0.0
2012-10-10,0.0,0.0,0.0,0.0,0.4005118632541228,0.0,0.0,0.5994881367458772,0.0,0.0
2012-10-11,0.0,0.0,0.0,0.0,0.4005998825644125,0.0,0.0,0.5994001174355876,0.0,0.0
2012-10-12,0.0,0.0,0.0,0.0,0.4014110253848368,0.0,0.0,0.5985889746151631,0.0,0.0
2012-10-15,0.0,0.0,0.0,0.0,0.39948639195537206,0.0,0.0,0.6005136080446281,0.0,0.0
2012-10-16,0.0,0.0,0.0,0.0,0.39593935761395155,0.0,0.0,0.6040606423860484,0.0,0.0
2012-10-17,0.0,0.0,0.0,0.0,0.39334465455188683,0.0,0.0,0.6066553454481133,0.0,0.0
2012-10-18,0.0,0.0,0.0,0.0,0.39354158480316354,0.0,0.0,0.6064584151968364,0.0,0.0
2012-10-19,0.0,0.0,0.0,0.0,0.398566998724113,0.0,0.0,0.6014330012758871,0.0,0.0
2012-10-22,0.0,0.0,0.0,0.0,0.397727616077311,0.0,0.0,0.602272383922689,0.0,0.0
2012-10-23,0.0,0.0,0.0,0.0,0.40222365731526355,0.0,0.0,0.5977763426847365,0.0,0.0
2012-10-24,0.0,0.0,0.0,0.0,0.4023894349807,0.0,0.0,0.5976105650193,0.0,0.0
2012-10-25,0.0,0.0,0.0,0.0,0.4008154134007992,0.0,0.0,0.5991845865992007,0.0,0.0
2012-10-26,0.0,0.0,0.0,0.0,0.40247710371678447,0.0,0.0,0.5975228962832155,0.0,0.0
2012-10-31,0.0,0.0,0.0,0.0,0.40346018847361087,0.0,0.0,0.5965398115263891,0.0,0.0
2012-11-01,0.0,0.0,0.0,0.0,0.3970245656380398,0.0,0.0,0.6029754343619602,0.0,0.0
2012-11-02,0.0,0.0,0.0,0.0,0.39936534848711114,0.0,0.0,0.6006346515128889,0.0,0.0
2012-11-05,0.0,0.0,0.0,0.0,0.3994532813771384,0.0,0.0,0.6005467186228616,0.0,0.0
2012-11-06,0.0,0.0,0.0,0.0,0.39649499716079406,0.0,0.0,0.6035050028392058,0.0,0.0
2012-11-07,0.0,0.0,0.0,0.0,0.40400122320240583,0.0,0.0,0.5959987767975942,0.0,0.0
2012-11-08,0.0,0.0,0.0,0.0,0.4079851960629802,0.0,0.0,0.5920148039370199,0.0,0.0
2012-11-09,0.0,0.0,0.0,0.0,0.40779740102756074,0.0,0.0,0.5922025989724393,0.0,0.0
2012-11-12,0.0,0.0,0.0,0.0,0.40776073328008294,0.0,0.0,0.592239266719917,0.0,0.0
2012-11-13,0.0,0.0,0.0,0.0,0.4088891038705662,0.0,0.0,0.5911108961294338,0.0,0.0
2012-11-14,0.0,0.0,0.0,0.0,0.4122447483592164,0.0,0.0,0.5877552516407837,0.0,0.0
2012-11-15,0.0,0.0,0.0,0.0,0.412543963511681,0.0,0.0,0.5874560364883189,0.0,0.0
2012-11-16,0.0,0.0,0.0,0.0,0.4115063409173999,0.0,0.0,0.5884936590826,0.0,0.0
2012-11-19,0.0,0.0,0.0,0.0,0.4061754285081916,0.0,0.0,0.5938245714918083,0.0,0.0
2012-11-20,0.0,0.0,0.0,0.0,0.40507223481594273,0.0,0.0,0.5949277651840573,0.0,0.0
2012-11-21,0.0,0.0,0.0,0.0,0.4042668095374667,0.0,0.0,0.5957331904625333,0.0,0.0
2012-11-23,0.0,0.0,0.0,0.0,0.4008785045756018,0.0,0.0,0.5991214954243981,0.0,0.0
2012-11-26,0.0,0.0,0.0,0.0,0.40178862324212944,0.0,0.0,0.5982113767578706,0.0,0.0
2012-11-27,0.0,0.0,0.0,0.0,0.4035741499417302,0.0,0.0,0.5964258500582699,0.0,0.0
2012-11-28,0.0,0.0,0.0,0.0,0.40195475655195956,0.0,0.0,0.5980452434480403,0.0,0.0
2012-11-29,0.0,0.0,0.0,0.0,0.40107945071175877,0.0,0.0,0.5989205492882412,0.0,0.0
2012-11-30,0.0,0.0,0.0,0.0,0.40098457254731557,0.0,0.0,0.5990154274526844,0.0,0.0
2012-12-03,0.0,0.0,0.0,0.0,0.40109031205320345,0.0,0.0,0.5989096879467966,0.0,0.0
2012-12-04,0.0,0.0,0.0,0.0,0.401850116007962,0.0,0.0,0.5981498839920381,0.0,0.0
2012-12-05,0.0,0.0,0.0,0.0,0.40162403503044675,0.0,0.0,0.5983759649695533,0.0,0.0
2012-12-06,0.0,0.0,0.0,0.0,0.4009425199088171,0.0,0.0,0.5990574800911829,0.0,0.0
2012-12-07,0.0,0.0,0.0,0.0,0.39953283825151903,0.0,0.0,0.6004671617484809,0.0,0.0
2012-12-10,0.0,0.0,0.0,0.0,0.3996524465649608,0.0,0.0,0.6003475534350392,0.0,0.0
2012-12-11,0.0,0.0,0.0,0.0,0.3975625272346589,0.0,0.0,0.602437472765341,0.0,0.0
2012-12-12,0.0,0.0,0.0,0.0,0.396428988662991,0.0,0.0,0.6035710113370091,0.0,0.0
2012-12-13,0.0,0.0,0.0,0.0,0.39743566819276377,0.0,0.0,0.6025643318072362,0.0,0.0
2012-12-14,0.0,0.0,0.0,0.0,0.39886049267106705,0.0,0.0,0.601139507328933,0.0,0.0
2012-12-17,0.0,0.0,0.0,0.0,0.3947985808618,0.0,0.0,0.6052014191382,0.0,0.0
2012-12-18,0.0,0.0,0.0,0.0,0.3912249261622735,0.0,0.0,0.6087750738377266,0.0,0.0
2012-12-19,0.0,0.0,0.0,0.0,0.3933361560229433,0.0,0.0,0.6066638439770566,0.0,0.0
2012-12-20,0.0,0.0,0.0,0.0,0.3921238431932322,0.0,0.0,0.607876156806768,0.0,0.0
2012-12-21,0.0,0.0,0.0,0.0,0.39494402662639716,0.0,0.0,0.6050559733736028,0.0,0.0
2012-12-24,0.0,0.0,0.0,0.0,0.3954372739423604,0.0,0.0,0.6045627260576396,0.0,0.0
2012-12-26,0.0,0.0,0.0,0.0,0.39693966139425624,0.0,0.0,0.6030603386057438,0.0,0.0
2012-12-27,0.0,0.0,0.0,0.0,0.39774993832713923,0.0,0.0,0.6022500616728608,0.0,0.0
2012-12-28,0.0,0.0,0.0,0.0,0.4009121827879783,0.0,0.0,0.5990878172120216,0.0,0.0
2012-12-31,0.0,0.0,0.0,0.0,0.3956058027580502,0.0,0.0,0.6043941972419498,0.0,0.0
2013-01-02,0.0,0.0,0.0,0.0,0.3928515105375436,0.0,0.0,0.6071484894624565,0.0,0.0
2013-01-03,0.0,0.0,0.0,0.0,0.3921621796963958,0.0,0.0,0.6078378203036042,0.0,0.0
2013-01-04,0.0,0.0,0.0,0.0,0.3912300261834992,0.0,0.0,0.6087699738165008,0.0,0.0
2013-01-07,0.0,0.0,0.0,0.0,0.3920159625681085,0.0,0.0,0.6079840374318914,0.0,0.0
2013-01-08,0.0,0.0,0.0,0.0,0.3932845320124067,0.0,0.0,0.6067154679875932,0.0,0.0
2013-01-09,0.0,0.0,0.0,0.0,0.3928126119327303,0.0,0.0,0.6071873880672697,0.0,0.0
2013-01-10,0.0,0.0,0.0,0.0,0.3902342374635981,0.0,0.0,0.6097657625364018,0.0,0.0
2013-01-11,0.0,0.0,0.0,0.0,0.39100890192006954,0.0,0.0,0.6089910980799306,0.0,0.0
2013-01-14,0.0,0.0,0.0,0.0,0.39108182304136624,0.0,0.0,0.6089181769586337,0.0,0.0
2013-01-15,0.0,0.0,0.0,0.0,0.3914984710694926,0.0,0.0,0.6085015289305075,0.0,0.0
2013-01-16,0.0,0.0,0.0,0.0,0.3918420485523736,0.0,0.0,0.6081579514476264,0.0,0.0
2013-01-17,0.0,0.0,0.0,0.0,0.3892195870463179,0.0,0.0,0.610780412953682,0.0,0.0
2013-01-18,0.0,0.0,0.0,0.0,0.3893570302830131,0.0,0.0,0.610642969716987,0.0,0.0
2013-01-22,0.0,0.0,0.0,0.0,0.3882784577992643,0.0,0.0,0.6117215422007357,0.0,0.0
2013-01-23,0.0,0.0,0.0,0.0,0.38800735151537463,0.0,0.0,0.6119926484846254,0.0,0.0
2013-01-24,0.0,0.0,0.0,0.0,0.3875447942272912,0.0,0.0,0.6124552057727088,0.0,0.0
2013-01-25,0.0,0.0,0.0,0.0,0.3846385297317849,0.0,0.0,0.6153614702682151,0.0,0.0
2013-01-28,0.0,0.0,0.0,0.0,0.38443211845360814,0.0,0.0,0.6155678815463919,0.0,0.0
2013-01-29,0.0,0.0,0.0,0.0,0.3831472692689991,0.0,0.0,0.616852730731001,0.0,0.0
2013-01-30,0.0,0.0,0.0,0.0,0.3842089671267966,0.0,0.0,0.6157910328732035,0.0,0.0
2013-01-31,0.0,0.0,0.0,0.0,0.3849942007439395,0.0,0.0,0.6150057992560606,0.0,0.0
2013-02-01,0.0,0.0,0.0,0.0,0.3967313742002855,0.0,0.0,0.6032686257997144,0.0,0.0
2013-02-04,0.0,0.0,0.0,0.0,0.40082246215957573,0.0,0.0,0.5991775378404243,0.0,0.0
2013-02-05,0.0,0.0,0.0,0.0,0.3975532708282566,0.0,0.0,0.6024467291717434,0.0,0.0
2013-02-06,0.0,0.0,0.0,0.0,0.3981021402876992,0.0,0.0,0.6018978597123008,0.0,0.0
2013-02-07,0.0,0.0,0.0,0.0,0.3985322646693833,0.0,0.0,0.6014677353306167,0.0,0.0
2013-02-08,0.0,0.0,0.0,0.0,0.3973830724601769,0.0,0.0,0.6026169275398232,0.0,0.0
2013-02-11,0.0,0.0,0.0,0.0,0.39718244762122934,0.0,0.0,0.6028175523787707,0.0,0.0
2013-02-12,0.0,0.0,0.0,0.0,0.3965404264058563,0.0,0.0,0.6034595735941437,0.0,0.0
2013-02-13,0.0,0.0,0.0,0.0,0.395500227032774,0.0,0.0,0.604499772967226,0.0,0.0
2013-02-14,0.0,0.0,0.0,0.0,0.39629629994880655,0.0,0.0,0.6037037000511934,0.0,0.0
2013-02-15,0.0,0.0,0.0,0.0,0.39635366913039927,0.0,0.0,0.6036463308696008,0.0,0.0
2013-02-19,0.0,0.0,0.0,0.0,0.3941854378459195,0.0,0.0,0.6058145621540805,0.0,0.0
2013-02-20,0.0,0.0,0.0,0.0,0.39770408071311647,0.0,0.0,0.6022959192868835,0.0,0.0
2013-02-21,0.0,0.0,0.0,0.0,0.39963987363939596,0.0,0.0,0.600360126360604,0.0,0.0
2013-02-22,0.0,0.0,0.0,0.0,0.3976015590140625,0.0,0.0,0.6023984409859374,0.0,0.0
2013-02-25,0.0,0.0,0.0,0.0,0.40405800575975526,0.0,0.0,0.5959419942402447,0.0,0.0
2013-02-26,0.0,0.0,0.0,0.0,0.4019678118633289,0.0,0.0,0.598032188136671,0.0,0.0
2013-02-27,0.0,0.0,0.0,0.0,0.3988499997820052,0.0,0.0,0.6011500002179948,0.0,0.0
2013-02-28,0.0,0.0,0.0,0.0,0.39965991611894097,0.0,0.0,0.6003400838810591,0.0,0.0
2013-03-01,0.0,0.0,0.0,0.0,0.3998077187105168,0.0,0.0,0.6001922812894832,0.0,0.0
2013-03-04,0.0,0.0,0.0,0.0,0.3979751926193466,0.0,0.0,0.6020248073806534,0.0,0.0
2013-03-05,0.0,0.0,0.0,0.0,0.3955942453575136,0.0,0.0,0.6044057546424865,0.0,0.0
2013-03-06,0.0,0.0,0.0,0.0,0.3945081634320783,0.0,0.0,0.6054918365679216,0.0,0.0
2013-03-07,0.0,0.0,0.0,0.0,0.39315597048900147,0.0,0.0,0.6068440295109986,0.0,0.0
2013-03-08,0.0,0.0,0.0,0.0,0.3909266848824089,0.0,0.0,0.6090733151175912,0.0,0.0
2013-03-11,0.0,0.0,0.0,0.0,0.3901374685041989,0.0,0.0,0.6098625314958009,0.0,0.0
2013-03-12,0.0,0.0,0.0,0.0,0.39132432659496963,0.0,0.0,0.6086756734050303,0.0,0.0
2013-03-13,0.0,0.0,0.0,0.0,0.39078580355228876,0.0,0.0,0.6092141964477111,0.0,0.0
2013-03-14,0.0,0.0,0.0,0.0,0.38958976708696924,0.0,0.0,0.6104102329130309,0.0,0.0
2013-03-15,0.0,0.0,0.0,0.0,0.39073377252133,0.0,0.0,0.6092662274786699,0.0,0.0
2013-03-18,0.0,0.0,0.0,0.0,0.3928358204401553,0.0,0.0,0.6071641795598448,0.0,0.0
2013-03-19,0.0,0.0,0.0,0.0,0.3941282365422006,0.0,0.0,0.6058717634577995,0.0,0.0
2013-03-20,0.0,0.0,0.0,0.0,0.39155189009084934,0.0,0.0,0.6084481099091508,0.0,0.0
2013-03-21,0.0,0.0,0.0,0.0,0.39422409107301276,0.0,0.0,0.6057759089269872,0.0,0.0
2013-03-22,0.0,0.0,0.0,0.0,0.39240431132687775,0.0,0.0,0.6075956886731223,0.0,0.0
2013-03-25,0.0,0.0,0.0,0.0,0.3935815951704668,0.0,0.0,0.6064184048295332,0.0,0.0
2013-03-26,0.0,0.0,0.0,0.0,0.3919255852563745,0.0,0.0,0.6080744147436254,0.0,0.0
2013-03-27,0.0,0.0,0.0,0.0,0.39294757774623684,0.0,0.0,0.6070524222537631,0.0,0.0
2013-03-28,0.0,0.0,0.0,0.0,0.3917721951562603,0.0,0.0,0.6082278048437396,0.0,0.0
2013-04-01,0.0,0.0,0.0,0.0,0.4015899541779112,0.0,0.0,0.5984100458220888,0.0,0.0
2013-04-02,0.0,0.0,0.0,0.0,0.39993802543970275,0.0,0.0,0.6000619745602973,0.0,0.0
2013-04-03,0.0,0.0,0.0,0.0,0.4033934792360754,0.0,0.0,0.5966065207639246,0.0,0.0
2013-04-04,0.0,0.0,0.0,0.0,0.40337739291961894,0.0,0.0,0.5966226070803811,0.0,0.0
2013-04-05,0.0,0.0,0.0,0.0,0.4052176188656883,0.0,0.0,0.5947823811343117,0.0,0.0
2013-04-08,0.0,0.0,0.0,0.0,0.4028156975473445,0.0,0.0,0.5971843024526556,0.0,0.0
2013-04-09,0.0,0.0,0.0,0.0,0.4020744841728628,0.0,0.0,0.5979255158271374,0.0,0.0
2013-04-10,0.0,0.0,0.0,0.0,0.3981519604703097,0.0,0.0,0.6018480395296903,0.0,0.0
2013-04-11,0.0,0.0,0.0,0.0,0.3976346636173728,0.0,0.0,0.6023653363826271,0.0,0.0
2013-04-12,0.0,0.0,0.0,0.0,0.3995527627459103,0.0,0.0,0.6004472372540897,0.0,0.0
2013-04-15,0.0,0.0,0.0,0.0,0.4057238194103577,0.0,0.0,0.5942761805896424,0.0,0.0
2013-04-16,0.0,0.0,0.0,0.0,0.4015085869569122,0.0,0.0,0.5984914130430877,0.0,0.0
2013-04-17,0.0,0.0,0.0,0.0,0.40549504408041864,0.0,0.0,0.5945049559195813,0.0,0.0
2013-04-18,0.0,0.0,0.0,0.0,0.4071415921631664,0.0,0.0,0.5928584078368336,0.0,0.0
2013-04-19,0.0,0.0,0.0,0.0,0.4049207775697696,0.0,0.0,0.5950792224302306,0.0,0.0
2013-04-22,0.0,0.0,0.0,0.0,0.40398746564668536,0.0,0.0,0.5960125343533146,0.0,0.0
2013-04-23,0.0,0.0,0.0,0.0,0.4013653315998119,0.0,0.0,0.5986346684001882,0.0,0.0
2013-04-24,0.0,0.0,0.0,0.0,0.4013235906148845,0.0,0.0,0.5986764093851155,0.0,0.0
2013-04-25,0.0,0.0,0.0,0.0,0.40008694833196407,0.0,0.0,0.5999130516680359,0.0,0.0
2013-04-26,0.0,0.0,0.0,0.0,0.401372905240501,0.0,0.0,0.598627094759499,0.0,0.0
2013-04-29,0.0,0.0,0.0,0.0,0.3996817912919714,0.0,0.0,0.6003182087080285,0.0,0.0
2013-04-30,0.0,0.0,0.0,0.0,0.3990662349326256,0.0,0.0,0.6009337650673743,0.0,0.0
2013-05-01,0.0,0.0,0.0,0.0,0.4028995433984957,0.0,0.0,0.5971004566015043,0.0,0.0
2013-05-02,0.0,0.0,0.0,0.0,0.40067756966735196,0.0,0.0,0.599322430332648,0.0,0.0
2013-05-03,0.0,0.0,0.0,0.0,0.39620638650259077,0.0,0.0,0.6037936134974091,0.0,0.0
2013-05-06,0.0,0.0,0.0,0.0,0.395289625568768,0.0,0.0,0.6047103744312319,0.0,0.0
2013-05-07,0.0,0.0,0.0,0.0,0.393749865956978,0.0,0.0,0.6062501340430221,0.0,0.0
2013-05-08,0.0,0.0,0.0,0.0,0.39295388789284447,0.0,0.0,0.6070461121071556,0.0,0.0
2013-05-09,0.0,0.0,0.0,0.0,0.3935825100655408,0.0,0.0,0.6064174899344592,0.0,0.0
2013-05-10,0.0,0.0,0.0,0.0,0.3914566208951832,0.0,0.0,0.6085433791048168,0.0,0.0
2013-05-13,0.0,0.0,0.0,0.0,0.3908452497469557,0.0,0.0,0.6091547502530442,0.0,0.0
2013-05-14,0.0,0.0,0.0,0.0,0.3874454232548031,0.0,0.0,0.6125545767451969,0.0,0.0
2013-05-15,0.0,0.0,0.0,0.0,0.38679267822202573,0.0,0.0,0.6132073217779741,0.0,0.0
2013-05-16,0.0,0.0,0.0,0.0,0.3890392508569531,0.0,0.0,0.6109607491430468,0.0,0.0
2013-05-17,0.0,0.0,0.0,0.0,0.3854703077267933,0.0,0.0,0.6145296922732068,0.0,0.0
2013-05-20,0.0,0.0,0.0,0.0,0.385307235081363,0.0,0.0,0.614692764918637,0.0,0.0
2013-05-21,0.0,0.0,0.0,0.0,0.3855869132779303,0.0,0.0,0.6144130867220695,0.0,0.0
2013-05-22,0.0,0.0,0.0,0.0,0.38546343299119384,0.0,0.0,0.6145365670088062,0.0,0.0
2013-05-23,0.0,0.0,0.0,0.0,0.3863950184992558,0.0,0.0,0.6136049815007443,0.0,0.0
2013-05-24,0.0,0.0,0.0,0.0,0.38668505038687584,0.0,0.0,0.613314949613124,0.0,0.0
2013-05-28,0.0,0.0,0.0,0.0,0.3824754202039546,0.0,0.0,0.6175245797960455,0.0,0.0
2013-05-29,0.0,0.0,0.0,0.0,0.38498112726327316,0.0,0.0,0.6150188727367268,0.0,0.0
2013-05-30,0.0,0.0,0.0,0.0,0.3841312908429205,0.0,0.0,0.6158687091570796,0.0,0.0
2013-05-31,0.0,0.0,0.0,0.0,0.386904417290508,0.0,0.0,0.6130955827094919,0.0,0.0
2013-06-03,0.0,0.0,0.0,0.0,0.39902898864943825,0.0,0.0,0.6009710113505616,0.0,0.0
2013-06-04,0.0,0.0,0.0,0.0,0.3995692315687799,0.0,0.0,0.60043076843122,0.0,0.0
2013-06-05,0.0,0.0,0.0,0.0,0.40412231544629207,0.0,0.0,0.5958776845537079,0.0,0.0
2013-06-06,0.0,0.0,0.0,0.0,0.4022498871454392,0.0,0.0,0.5977501128545608,0.0,0.0
2013-06-07,0.0,0.0,0.0,0.0,0.3973478301203951,0.0,0.0,0.602652169879605,0.0,0.0
2013-06-10,0.0,0.0,0.0,0.0,0.396753693329501,0.0,0.0,0.6032463066704989,0.0,0.0
2013-06-11,0.0,0.0,0.0,0.0,0.3998334038361574,0.0,0.0,0.6001665961638426,0.0,0.0
2013-06-12,0.0,0.0,0.0,0.0,0.40075065041919145,0.0,0.0,0.5992493495808086,0.0,0.0
2013-06-13,0.0,0.0,0.0,0.0,0.39893718463758715,0.0,0.0,0.6010628153624129,0.0,0.0
2013-06-14,0.0,0.0,0.0,0.0,0.4007664508157961,0.0,0.0,0.5992335491842039,0.0,0.0
2013-06-17,0.0,0.0,0.0,0.0,0.3983507327570219,0.0,0.0,0.6016492672429781,0.0,0.0
2013-06-18,0.0,0.0,0.0,0.0,0.3963284966644458,0.0,0.0,0.6036715033355542,0.0,0.0
2013-06-19,0.0,0.0,0.0,0.0,0.39635445760368276,0.0,0.0,0.6036455423963172,0.0,0.0
2013-06-20,0.0,0.0,0.0,0.0,0.4012797325325143,0.0,0.0,0.5987202674674856,0.0,0.0
2013-06-21,0.0,0.0,0.0,0.0,0.39796129880650755,0.0,0.0,0.6020387011934925,0.0,0.0
2013-06-24,0.0,0.0,0.0,0.0,0.4004228797717707,0.0,0.0,0.5995771202282292,0.0,0.0
2013-06-25,0.0,0.0,0.0,0.0,0.3978451287716746,0.0,0.0,0.6021548712283253,0.0,0.0
2013-06-26,0.0,0.0,0.0,0.0,0.39644993603688533,0.0,0.0,0.6035500639631146,0.0,0.0
2013-06-27,0.0,0.0,0.0,0.0,0.39633536344345066,0.0,0.0,0.6036646365565493,0.0,0.0
2013-06-28,0.0,0.0,0.0,0.0,0.39703798561424714,0.0,0.0,0.6029620143857528,0.0,0.0
2013-07-01,0.0,0.0,0.0,0.0,0.3986900257415607,0.0,0.0,0.6013099742584392,0.0,0.0
2013-07-02,0.0,0.0,0.0,0.0,0.39900646197366535,0.0,0.0,0.6009935380263347,0.0,0.0
2013-07-03,0.0,0.0,0.0,0.0,0.39843399939440066,0.0,0.0,0.6015660006055994,0.0,0.0
2013-07-05,0.0,0.0,0.0,0.0,0.3918144074846292,0.0,0.0,0.6081855925153707,0.0,0.0
2013-07-08,0.0,0.0,0.0,0.0,0.3918535262291551,0.0,0.0,0.6081464737708449,0.0,0.0
2013-07-09,0.0,0.0,0.0,0.0,0.39054565152552834,0.0,0.0,0.6094543484744717,0.0,0.0
2013-07-10,0.0,0.0,0.0,0.0,0.3896119643515064,0.0,0.0,0.6103880356484935,0.0,0.0
2013-07-11,0.0,0.0,0.0,0.0,0.3887631232143496,0.0,0.0,0.6112368767856504,0.0,0.0
2013-07-12,0.0,0.0,0.0,0.0,0.38847730967823396,0.0,0.0,0.6115226903217661,0.0,0.0
2013-07-15,0.0,0.0,0.0,0.0,0.388316478218771,0.0,0.0,0.6116835217812291,0.0,0.0
2013-07-16,0.0,0.0,0.0,0.0,0.38932482668186646,0.0,0.0,0.6106751733181336,0.0,0.0
2013-07-17,0.0,0.0,0.0,0.0,0.3897597530035758,0.0,0.0,0.6102402469964242,0.0,0.0
2013-07-18,0.0,0.0,0.0,0.0,0.3873486384880751,0.0,0.0,0.6126513615119249,0.0,0.0
2013-07-19,0.0,0.0,0.0,0.0,0.3882247206693402,0.0,0.0,0.6117752793306597,0.0,0.0
2013-07-22,0.0,0.0,0.0,0.0,0.38773879680548756,0.0,0.0,0.6122612031945125,0.0,0.0
2013-07-23,0.0,0.0,0.0,0.0,0.38796601990074775,0.0,0.0,0.6120339800992523,0.0,0.0
2013-07-24,0.0,0.0,0.0,0.0,0.3872363940185788,0.0,0.0,0.6127636059814212,0.0,0.0
2013-07-25,0.0,0.0,0.0,0.0,0.38700884278471503,0.0,0.0,0.612991157215285,0.0,0.0
2013-07-26,0.0,0.0,0.0,0.0,0.38696519530036627,0.0,0.0,0.6130348046996338,0.0,0.0
2013-07-29,0.0,0.0,0.0,0.0,0.38720786796615686,0.0,0.0,0.6127921320338431,0.0,0.0
2013-07-30,0.0,0.0,0.0,0.0,0.3871378751082052,0.0,0.0,0.6128621248917948,0.0,0.0
2013-07-31,0.0,0.0,0.0,0.0,0.38713200027420525,0.0,0.0,0.6128679997257949,0.0,0.0
2013-08-01,0.0,0.0,0.0,0.0,0.39512436386351546,0.0,0.0,0.6048756361364845,0.0,0.0
2013-08-02,0.0,0.0,0.0,0.0,0.39674689782407335,0.0,0.0,0.6032531021759268,0.0,0.0
2013-08-05,0.0,0.0,0.0,0.0,0.3963439772069323,0.0,0.0,0.6036560227930677,0.0,0.0
2013-08-06,0.0,0.0,0.0,0.0,0.39777889992429055,0.0,0.0,0.6022211000757095,0.0,0.0
2013-08-07,0.0,0.0,0.0,0.0,0.3994289335326762,0.0,0.0,0.6005710664673238,0.0,0.0
2013-08-08,0.0,0.0,0.0,0.0,0.3989044790882944,0.0,0.0,0.6010955209117057,0.0,0.0
2013-08-09,0.0,0.0,0.0,0.0,0.3997620329787643,0.0,0.0,0.6002379670212358,0.0,0.0
2013-08-12,0.0,0.0,0.0,0.0,0.3995754530084037,0.0,0.0,0.6004245469915963,0.0,0.0
2013-08-13,0.0,0.0,0.0,0.0,0.39669510685074344,0.0,0.0,0.6033048931492565,0.0,0.0
2013-08-14,0.0,0.0,0.0,0.0,0.39813991554187655,0.0,0.0,0.6018600844581234,0.0,0.0
2013-08-15,0.0,0.0,0.0,0.0,0.40018564292481323,0.0,0.0,0.5998143570751868,0.0,0.0
2013-08-16,0.0,0.0,0.0,0.0,0.40004758638794474,0.0,0.0,0.5999524136120553,0.0,0.0
2013-08-19,0.0,0.0,0.0,0.0,0.40055399993103685,0.0,0.0,0.5994460000689632,0.0,0.0
2013-08-20,0.0,0.0,0.0,0.0,0.40067308133007457,0.0,0.0,0.5993269186699254,0.0,0.0
2013-08-21,0.0,0.0,0.0,0.0,0.4006430125119375,0.0,0.0,0.5993569874880625,0.0,0.0
2013-08-22,0.0,0.0,0.0,0.0,0.39837017504759265,0.0,0.0,0.6016298249524074,0.0,0.0
2013-08-23,0.0,0.0,0.0,0.0,0.3989074885055199,0.0,0.0,0.6010925114944802,0.0,0.0
2013-08-26,0.0,0.0,0.0,0.0,0.400280461401497,0.0,0.0,0.599719538598503,0.0,0.0
2013-08-27,0.0,0.0,0.0,0.0,0.4055441307014873,0.0,0.0,0.5944558692985128,0.0,0.0
2013-08-28,0.0,0.0,0.0,0.0,0.40370929748217516,0.0,0.0,0.5962907025178249,0.0,0.0
2013-08-29,0.0,0.0,0.0,0.0,0.4035671840554519,0.0,0.0,0.5964328159445481,0.0,0.0
2013-08-30,0.0,0.0,0.0,0.0,0.40387587249999946,0.0,0.0,0.5961241275000004,0.0,0.0
2013-09-03,0.0,0.0,0.0,0.0,0.3975537329074404,0.0,0.0,0.6024462670925597,0.0,0.0
2013-09-04,0.0,0.0,0.0,0.0,0.39478965341710975,0.0,0.0,0.6052103465828904,0.0,0.0
2013-09-05,0.0,0.0,0.0,0.0,0.39265454826310703,0.0,0.0,0.6073454517368929,0.0,0.0
2013-09-06,0.0,0.0,0.0,0.0,0.3939871312324481,0.0,0.0,0.606012868767552,0.0,0.0
2013-09-09,0.0,0.0,0.0,0.0,0.3921940523611616,0.0,0.0,0.6078059476388383,0.0,0.0
2013-09-10,0.0,0.0,0.0,0.0,0.38933522709199175,0.0,0.0,0.6106647729080084,0.0,0.0
2013-09-11,0.0,0.0,0.0,0.0,0.38978873159141453,0.0,0.0,0.6102112684085856,0.0,0.0
2013-09-12,0.0,0.0,0.0,0.0,0.39044548516863864,0.0,0.0,0.6095545148313614,0.0,0.0
2013-09-13,0.0,0.0,0.0,0.0,0.3902218371223373,0.0,0.0,0.6097781628776626,0.0,0.0
2013-09-16,0.0,0.0,0.0,0.0,0.3893739505976195,0.0,0.0,0.6106260494023805,0.0,0.0
2013-09-17,0.0,0.0,0.0,0.0,0.3887915781299911,0.0,0.0,0.6112084218700089,0.0,0.0
2013-09-18,0.0,0.0,0.0,0.0,0.38898554933765034,0.0,0.0,0.6110144506623497,0.0,0.0
2013-09-19,0.0,0.0,0.0,0.0,0.3885611052932148,0.0,0.0,0.6114388947067851,0.0,0.0
2013-09-20,0.0,0.0,0.0,0.0,0.3904649826050832,0.0,0.0,0.6095350173949167,0.0,0.0
2013-09-23,0.0,0.0,0.0,0.0,0.39246449842138387,0.0,0.0,0.6075355015786161,0.0,0.0
2013-09-24,0.0,0.0,0.0,0.0,0.39389616382437714,0.0,0.0,0.6061038361756229,0.0,0.0
2013-09-25,0.0,0.0,0.0,0.0,0.3952443174129207,0.0,0.0,0.6047556825870792,0.0,0.0
2013-09-26,0.0,0.0,0.0,0.0,0.3938116251820829,0.0,0.0,0.606188374817917,0.0,0.0
2013-09-27,0.0,0.0,0.0,0.0,0.39524035322943335,0.0,0.0,0.6047596467705667,0.0,0.0
2013-09-30,0.0,0.0,0.0,0.0,0.3969171215406838,0.0,0.0,0.6030828784593162,0.0,0.0
2013-10-01,0.0,0.0,0.0,0.0,0.397575092105955,0.0,0.0,0.602424907894045,0.0,0.0
2013-10-02,0.0,0.0,0.0,0.0,0.3982015570770188,0.0,0.0,0.6017984429229813,0.0,0.0
2013-10-03,0.0,0.0,0.0,0.0,0.40075336191425476,0.0,0.0,0.5992466380857452,0.0,0.0
2013-10-04,0.0,0.0,0.0,0.0,0.3982831783339039,0.0,0.0,0.6017168216660962,0.0,0.0
2013-10-07,0.0,0.0,0.0,0.0,0.40057797178994703,0.0,0.0,0.599422028210053,0.0,0.0
2013-10-08,0.0,0.0,0.0,0.0,0.4032759306485976,0.0,0.0,0.5967240693514024,0.0,0.0
2013-10-09,0.0,0.0,0.0,0.0,0.40267584306927706,0.0,0.0,0.5973241569307229,0.0,0.0
2013-10-10,0.0,0.0,0.0,0.0,0.3970375978083879,0.0,0.0,0.6029624021916121,0.0,0.0
2013-10-11,0.0,0.0,0.0,0.0,0.395854507649483,0.0,0.0,0.6041454923505171,0.0,0.0
2013-10-14,0.0,0.0,0.0,0.0,0.39410046848899166,0.0,0.0,0.6058995315110084,0.0,0.0
2013-10-15,0.0,0.0,0.0,0.0,0.39588760692108804,0.0,0.0,0.604112393078912,0.0,0.0
2013-10-16,0.0,0.0,0.0,0.0,0.3937275287667589,0.0,0.0,0.6062724712332412,0.0,0.0
2013-10-17,0.0,0.0,0.0,0.0,0.3934945870851619,0.0,0.0,0.6065054129148382,0.0,0.0
2013-10-18,0.0,0.0,0.0,0.0,0.3919126533340747,0.0,0.0,0.6080873466659253,0.0,0.0
2013-10-21,0.0,0.0,0.0,0.0,0.39173577544527916,0.0,0.0,0.6082642245547208,0.0,0.0
2013-10-22,0.0,0.0,0.0,0.0,0.3920087759675448,0.0,0.0,0.6079912240324551,0.0,0.0
2013-10-23,0.0,0.0,0.0,0.0,0.3935702724612516,0.0,0.0,0.6064297275387485,0.0,0.0
2013-10-24,0.0,0.0,0.0,0.0,0.39229281891946666,0.0,0.0,0.6077071810805335,0.0,0.0
2013-10-25,0.0,0.0,0.0,0.0,0.39162335079002614,0.0,0.0,0.608376649209974,0.0,0.0
2013-10-28,0.0,0.0,0.0,0.0,0.3910134623109169,0.0,0.0,0.6089865376890831,0.0,0.0
2013-10-29,0.0,0.0,0.0,0.0,0.39007065280119874,0.0,0.0,0.6099293471988012,0.0,0.0
2013-10-30,0.0,0.0,0.0,0.0,0.39063185620889185,0.0,0.0,0.609368143791108,0.0,0.0
2013-10-31,0.0,0.0,0.0,0.0,0.391030000291686,0.0,0.0,0.608969999708314,0.0,0.0
2013-11-01,0.0,0.0,0.0,0.0,0.3980938773368736,0.0,0.0,0.6019061226631264,0.0,0.0
2013-11-04,0.0,0.0,0.0,0.0,0.3977217627643568,0.0,0.0,0.6022782372356433,0.0,0.0
2013-11-05,0.0,0.0,0.0,0.0,0.39740113845837377,0.0,0.0,0.6025988615416262,0.0,0.0
2013-11-06,0.0,0.0,0.0,0.0,0.3969100444102233,0.0,0.0,0.6030899555897766,0.0,0.0
2013-11-07,0.0,0.0,0.0,0.0,0.40059395146311394,0.0,0.0,0.5994060485368861,0.0,0.0
2013-11-08,0.0,0.0,0.0,0.0,0.39467753496455027,0.0,0.0,0.6053224650354498,0.0,0.0
2013-11-11,0.0,0.0,0.0,0.0,0.3945190328502884,0.0,0.0,0.6054809671497116,0.0,0.0
2013-11-12,0.0,0.0,0.0,0.0,0.3947918420737842,0.0,0.0,0.6052081579262159,0.0,0.0
2013-11-13,0.0,0.0,0.0,0.0,0.39387372487150585,0.0,0.0,0.6061262751284942,0.0,0.0
2013-11-14,0.0,0.0,0.0,0.0,0.3938356577982035,0.0,0.0,0.6061643422017964,0.0,0.0
2013-11-15,0.0,0.0,0.0,0.0,0.39261238894605716,0.0,0.0,0.6073876110539428,0.0,0.0
2013-11-18,0.0,0.0,0.0,0.0,0.39429073376862467,0.0,0.0,0.6057092662313753,0.0,0.0
2013-11-19,0.0,0.0,0.0,0.0,0.39392117738188537,0.0,0.0,0.6060788226181146,0.0,0.0
2013-11-20,0.0,0.0,0.0,0.0,0.3933531610045081,0.0,0.0,0.6066468389954919,0.0,0.0
2013-11-21,0.0,0.0,0.0,0.0,0.39164858264566366,0.0,0.0,0.6083514173543363,0.0,0.0
2013-11-22,0.0,0.0,0.0,0.0,0.39114032298633633,0.0,0.0,0.6088596770136637,0.0,0.0
2013-11-25,0.0,0.0,0.0,0.0,0.39156477732210204,0.0,0.0,0.6084352226778981,0.0,0.0
2013-11-26,0.0,0.0,0.0,0.0,0.39201354311591796,0.0,0.0,0.6079864568840819,0.0,0.0
2013-11-27,0.0,0.0,0.0,0.0,0.39089629042406504,0.0,0.0,0.609103709575935,0.0,0.0
2013-11-29,0.0,0.0,0.0,0.0,0.3909137163630754,0.0,0.0,0.6090862836369245,0.0,0.0
2013-12-02,0.0,0.0,0.0,0.0,0.39959087526733833,0.0,0.0,0.6004091247326617,0.0,0.0
2013-12-03,0.0,0.0,0.0,0.0,0.4010576200789331,0.0,0.0,0.5989423799210668,0.0,0.0
2013-12-04,0.0,0.0,0.0,0.0,0.39999120940309074,0.0,0.0,0.6000087905969093,0.0,0.0
2013-12-05,0.0,0.0,0.0,0.0,0.400452619718171,0.0,0.0,0.599547380281829,0.0,0.0
2013-12-06,0.0,0.0,0.0,0.0,0.39800133003954147,0.0,0.0,0.6019986699604586,0.0,0.0
2013-12-09,0.0,0.0,0.0,0.0,0.3976784934295829,0.0,0.0,0.6023215065704169,0.0,0.0
2013-12-10,0.0,0.0,0.0,0.0,0.3995361328884521,0.0,0.0,0.600463867111548,0.0,0.0
2013-12-11,0.0,0.0,0.0,0.0,0.4013206623891493,0.0,0.0,0.5986793376108507,0.0,0.0
2013-12-12,0.0,0.0,0.0,0.0,0.40142301408534337,0.0,0.0,0.5985769859146567,0.0,0.0
2013-12-13,0.0,0.0,0.0,0.0,0.40180831869388056,0.0,0.0,0.5981916813061193,0.0,0.0
2013-12-16,0.0,0.0,0.0,0.0,0.40019666484590133,0.0,0.0,0.5998033351540986,0.0,0.0
2013-12-17,0.0,0.0,0.0,0.0,0.4017244087895811,0.0,0.0,0.5982755912104188,0.0,0.0
2013-12-18,0.0,0.0,0.0,0.0,0.3967597846064408,0.0,0.0,0.6032402153935591,0.0,0.0
2013-12-19,0.0,0.0,0.0,0.0,0.39603464586021375,0.0,0.0,0.6039653541397862,0.0,0.0
2013-12-20,0.0,0.0,0.0,0.0,0.39538703877199927,0.0,0.0,0.6046129612280008,0.0,0.0
2013-12-23,0.0,0.0,0.0,0.0,0.3933521683397559,0.0,0.0,0.6066478316602442,0.0,0.0
2013-12-24,0.0,0.0,0.0,0.0,0.3918994412994951,0.0,0.0,0.608100558700505,0.0,0.0
2013-12-26,0.0,0.0,0.0,0.0,0.39048603756323225,0.0,0.0,0.6095139624367677,0.0,0.0
2013-12-27,0.0,0.0,0.0,0.0,0.3903554553969755,0.0,0.0,0.6096445446030245,0.0,0.0
2013-12-30,0.0,0.0,0.0,0.0,0.3910397134173197,0.0,0.0,0.6089602865826804,0.0,0.0
2013-12-31,0.0,0.0,0.0,0.0,0.3888401434832012,0.0,0.0,0.6111598565167989,0.0,0.0
2014-01-02,0.0,0.0,0.0,0.0,0.4032570555383715,0.0,0.0,0.5967429444616285,0.0,0.0
2014-01-03,0.0,0.0,0.0,0.0,0.40315167459518053,0.0,0.0,0.5968483254048196,0.0,0.0
2014-01-06,0.0,0.0,0.0,0.0,0.40452637324627777,0.0,0.0,0.5954736267537223,0.0,0.0
2014-01-07,0.0,0.0,0.0,0.0,0.40343755510911844,0.0,0.0,0.5965624448908817,0.0,0.0
2014-01-08,0.0,0.0,0.0,0.0,0.40220356290207193,0.0,0.0,0.5977964370979281,0.0,0.0
2014-01-09,0.0,0.0,0.0,0.0,0.40267379195215786,0.0,0.0,0.5973262080478421,0.0,0.0
2014-01-10,0.0,0.0,0.0,0.0,0.4040370898603771,0.0,0.0,0.595962910139623,0.0,0.0
2014-01-13,0.0,0.0,0.0,0.0,0.4079610821896734,0.0,0.0,0.5920389178103267,0.0,0.0
2014-01-14,0.0,0.0,0.0,0.0,0.4044368563112651,0.0,0.0,0.5955631436887349,0.0,0.0
2014-01-15,0.0,0.0,0.0,0.0,0.402927450986482,0.0,0.0,0.597072549013518,0.0,0.0
2014-01-16,0.0,0.0,0.0,0.0,0.4039103078616596,0.0,0.0,0.5960896921383404,0.0,0.0
2014-01-17,0.0,0.0,0.0,0.0,0.40550488316165506,0.0,0.0,0.5944951168383449,0.0,0.0
2014-01-21,0.0,0.0,0.0,0.0,0.4045344135467684,0.0,0.0,0.5954655864532316,0.0,0.0
2014-01-22,0.0,0.0,0.0,0.0,0.4037082616941176,0.0,0.0,0.5962917383058823,0.0,0.0
2014-01-23,0.0,0.0,0.0,0.0,0.4073161734175748,0.0,0.0,0.5926838265824251,0.0,0.0
2014-01-24,0.0,0.0,0.0,0.0,0.41351241858624044,0.0,0.0,0.5864875814137596,0.0,0.0
2014-01-27,0.0,0.0,0.0,0.0,0.4139676767754687,0.0,0.0,0.5860323232245312,0.0,0.0
2014-01-28,0.0,0.0,0.0,0.0,0.4128866513240345,0.0,0.0,0.5871133486759654,0.0,0.0
2014-01-29,0.0,0.0,0.0,0.0,0.41637436213311296,0.0,0.0,0.5836256378668871,0.0,0.0
2014-01-30,0.0,0.0,0.0,0.0,0.41357622315112386,0.0,0.0,0.5864237768488761,0.0,0.0
2014-01-31,0.0,0.0,0.0,0.0,0.4159534420069227,0.0,0.0,0.5840465579930773,0.0,0.0
2014-02-03,0.0,0.0,0.0,0.0,0.40678271710919367,0.0,0.0,0.5932172828908063,0.0,0.0
2014-02-04,0.0,0.0,0.0,0.0,0.4043707849459235,0.0,0.0,0.5956292150540765,0.0,0.0
2014-02-05,0.0,0.0,0.0,0.0,0.40380100873803987,0.0,0.0,0.5961989912619601,0.0,0.0
2014-02-06,0.0,0.0,0.0,0.0,0.40020332705892275,0.0,0.0,0.5997966729410773,0.0,0.0
2014-02-07,0.0,0.0,0.0,0.0,0.3978842168801161,0.0,0.0,0.6021157831198839,0.0,0.0
2014-02-10,0.0,0.0,0.0,0.0,0.39756198217787253,0.0,0.0,0.6024380178221276,0.0,0.0
2014-02-11,0.0,0.0,0.0,0.0,0.39390308696943577,0.0,0.0,0.6060969130305641,0.0,0.0
2014-02-12,0.0,0.0,0.0,0.0,0.39322095958639297,0.0,0.0,0.606779040413607,0.0,0.0
2014-02-13,0.0,0.0,0.0,0.0,0.3931187720507741,0.0,0.0,0.6068812279492259,0.0,0.0
2014-02-14,0.0,0.0,0.0,0.0,0.3916429197155679,0.0,0.0,0.6083570802844321,0.0,0.0
2014-02-18,0.0,0.0,0.0,0.0,0.3919423444788395,0.0,0.0,0.6080576555211603,0.0,0.0
2014-02-19,0.0,0.0,0.0,0.0,0.39305896405088314,0.0,0.0,0.6069410359491169,0.0,0.0
2014-02-20,0.0,0.0,0.0,0.0,0.39139901316217934,0.0,0.0,0.6086009868378207,0.0,0.0
2014-02-21,0.0,0.0,0.0,0.0,0.39197493365114855,0.0,0.0,0.6080250663488513,0.0,0.0
2014-02-24,0.0,0.0,0.0,0.0,0.3904237724478159,0.0,0.0,0.6095762275521841,0.0,0.0
2014-02-25,0.0,0.0,0.0,0.0,0.3913311427328845,0.0,0.0,0.6086688572671155,0.0,0.0
2014-02-26,0.0,0.0,0.0,0.0,0.3920168324315524,0.0,0.0,0.6079831675684476,0.0,0.0
2014-02-27,0.0,0.0,0.0,0.0,0.3910488974622742,0.0,0.0,0.6089511025377258,0.0,0.0
2014-02-28,0.0,0.0,0.0,0.0,0.3902156218578338,0.0,0.0,0.6097843781421661,0.0,0.0
2014-03-03,0.0,0.0,0.0,0.0,0.4028809344994216,0.0,0.0,0.5971190655005785,0.0,0.0
2014-03-04,0.0,0.0,0.0,0.0,0.3976787988696637,0.0,0.0,0.6023212011303363,0.0,0.0
2014-03-05,0.0,0.0,0.0,0.0,0.39771975593021075,0.0,0.0,0.6022802440697893,0.0,0.0
2014-03-06,0.0,0.0,0.0,0.0,0.39613882311748544,0.0,0.0,0.6038611768825146,0.0,0.0
2014-03-07,0.0,0.0,0.0,0.0,0.3950002501763475,0.0,0.0,0.6049997498236526,0.0,0.0
2014-03-10,0.0,0.0,0.0,0.0,0.395386730892627,0.0,0.0,0.6046132691073731,0.0,0.0
2014-03-11,0.0,0.0,0.0,0.0,0.39680796794535234,0.0,0.0,0.6031920320546477,0.0,0.0
2014-03-12,0.0,0.0,0.0,0.0,0.3976861478954089,0.0,0.0,0.602313852104591,0.0,0.0
2014-03-13,0.0,0.0,0.0,0.0,0.4018010389978914,0.0,0.0,0.5981989610021086,0.0,0.0
2014-03-14,0.0,0.0,0.0,0.0,0.40250079584275794,0.0,0.0,0.597499204157242,0.0,0.0
2014-03-17,0.0,0.0,0.0,0.0,0.3993754083073026,0.0,0.0,0.6006245916926973,0.0,0.0
2014-03-18,0.0,0.0,0.0,0.0,0.398256571753253,0.0,0.0,0.6017434282467469,0.0,0.0
2014-03-19,0.0,0.0,0.0,0.0,0.39730174635638554,0.0,0.0,0.6026982536436144,0.0,0.0
2014-03-20,0.0,0.0,0.0,0.0,0.395955503852552,0.0,0.0,0.6040444961474479,0.0,0.0
2014-03-21,0.0,0.0,0.0,0.0,0.39733368595534135,0.0,0.0,0.6026663140446586,0.0,0.0
2014-03-24,0.0,0.0,0.0,0.0,0.39842072678134255,0.0,0.0,0.6015792732186575,0.0,0.0
2014-03-25,0.0,0.0,0.0,0.0,0.39714521780508566,0.0,0.0,0.6028547821949143,0.0,0.0
2014-03-26,0.0,0.0,0.0,0.0,0.3998884226408073,0.0,0.0,0.6001115773591926,0.0,0.0
2014-03-27,0.0,0.0,0.0,0.0,0.4006301605406594,0.0,0.0,0.5993698394593406,0.0,0.0
2014-03-28,0.0,0.0,0.0,0.0,0.3986026635197679,0.0,0.0,0.6013973364802321,0.0,0.0
2014-03-31,0.0,0.0,0.0,0.0,0.3966713479146511,0.0,0.0,0.6033286520853489,0.0,0.0
2014-04-01,0.0,0.0,0.0,0.0,0.3979189626844492,0.0,0.0,0.6020810373155507,0.0,0.0
2014-04-02,0.0,0.0,0.0,0.0,0.3960773583029586,0.0,0.0,0.6039226416970414,0.0,0.0
2014-04-03,0.0,0.0,0.0,0.0,0.3965601213397474,0.0,0.0,0.6034398786602526,0.0,0.0
2014-04-04,0.0,0.0,0.0,0.0,0.40087919669600036,0.0,0.0,0.5991208033039996,0.0,0.0
2014-04-07,0.0,0.0,0.0,0.0,0.4041191215683317,0.0,0.0,0.5958808784316684,0.0,0.0
2014-04-08,0.0,0.0,0.0,0.0,0.4034594465216163,0.0,0.0,0.5965405534783838,0.0,0.0
2014-04-09,0.0,0.0,0.0,0.0,0.40081789788904926,0.0,0.0,0.5991821021109508,0.0,0.0
2014-04-10,0.0,0.0,0.0,0.0,0.4069425153314206,0.0,0.0,0.5930574846685793,0.0,0.0
2014-04-11,0.0,0.0,0.0,0.0,0.40962376804360234,0.0,0.0,0.5903762319563977,0.0,0.0
2014-04-14,0.0,0.0,0.0,0.0,0.4073505225167859,0.0,0.0,0.5926494774832141,0.0,0.0
2014-04-15,0.0,0.0,0.0,0.0,0.405976797799613,0.0,0.0,0.5940232022003872,0.0,0.0
2014-04-16,0.0,0.0,0.0,0.0,0.40308986160198185,0.0,0.0,0.5969101383980182,0.0,0.0
2014-04-17,0.0,0.0,0.0,0.0,0.4013879454177617,0.0,0.0,0.5986120545822382,0.0,0.0
2014-04-21,0.0,0.0,0.0,0.0,0.40050476633550275,0.0,0.0,0.5994952336644973,0.0,0.0
2014-04-22,0.0,0.0,0.0,0.0,0.39932224851663206,0.0,0.0,0.600677751483368,0.0,0.0
2014-04-23,0.0,0.0,0.0,0.0,0.40049738450176975,0.0,0.0,0.5995026154982301,0.0,0.0
2014-04-24,0.0,0.0,0.0,0.0,0.3999407431024931,0.0,0.0,0.6000592568975068,0.0,0.0
2014-04-25,0.0,0.0,0.0,0.0,0.4022478400523179,0.0,0.0,0.5977521599476822,0.0,0.0
2014-04-28,0.0,0.0,0.0,0.0,0.4011345676245335,0.0,0.0,0.5988654323754665,0.0,0.0
2014-04-29,0.0,0.0,0.0,0.0,0.4002312305111947,0.0,0.0,0.5997687694888054,0.0,0.0
2014-04-30,0.0,0.0,0.0,0.0,0.4001505295075987,0.0,0.0,0.5998494704924012,0.0,0.0
2014-05-01,0.0,0.0,0.0,0.0,0.40066475967126214,0.0,0.0,0.599335240328738,0.0,0.0
2014-05-02,0.0,0.0,0.0,0.0,0.4013609256544637,0.0,0.0,0.5986390743455363,0.0,0.0
2014-05-05,0.0,0.0,0.0,0.0,0.40076107924012233,0.0,0.0,0.5992389207598775,0.0,0.0
2014-05-06,0.0,0.0,0.0,0.0,0.40314369988643417,0.0,0.0,0.5968563001135658,0.0,0.0
2014-05-07,0.0,0.0,0.0,0.0,0.4019190701681941,0.0,0.0,0.5980809298318058,0.0,0.0
2014-05-08,0.0,0.0,0.0,0.0,0.4024321565039627,0.0,0.0,0.5975678434960373,0.0,0.0
2014-05-09,0.0,0.0,0.0,0.0,0.40188675705449145,0.0,0.0,0.5981132429455086,0.0,0.0
2014-05-12,0.0,0.0,0.0,0.0,0.39892871226491544,0.0,0.0,0.6010712877350844,0.0,0.0
2014-05-13,0.0,0.0,0.0,0.0,0.3996485790586876,0.0,0.0,0.6003514209413123,0.0,0.0
2014-05-14,0.0,0.0,0.0,0.0,0.4018838121251939,0.0,0.0,0.598116187874806,0.0,0.0
2014-05-15,0.0,0.0,0.0,0.0,0.40486646418143857,0.0,0.0,0.5951335358185614,0.0,0.0
2014-05-16,0.0,0.0,0.0,0.0,0.4035211773336347,0.0,0.0,0.5964788226663653,0.0,0.0
2014-05-19,0.0,0.0,0.0,0.0,0.40233758952479176,0.0,0.0,0.5976624104752083,0.0,0.0
2014-05-20,0.0,0.0,0.0,0.0,0.40455773359522135,0.0,0.0,0.5954422664047786,0.0,0.0
2014-05-21,0.0,0.0,0.0,0.0,0.4021667925682345,0.0,0.0,0.5978332074317656,0.0,0.0
2014-05-22,0.0,0.0,0.0,0.0,0.40132746698811295,0.0,0.0,0.598672533011887,0.0,0.0
2014-05-23,0.0,0.0,0.0,0.0,0.4008538398492374,0.0,0.0,0.5991461601507626,0.0,0.0
2014-05-27,0.0,0.0,0.0,0.0,0.3994526609241254,0.0,0.0,0.6005473390758747,0.0,0.0
2014-05-28,0.0,0.0,0.0,0.0,0.40094469848521924,0.0,0.0,0.5990553015147807,0.0,0.0
2014-05-29,0.0,0.0,0.0,0.0,0.3994069453928381,0.0,0.0,0.6005930546071618,0.0,0.0
2014-05-30,0.0,0.0,0.0,0.0,0.3988361491922133,0.0,0.0,0.6011638508077867,0.0,0.0
2014-06-02,0.0,0.0,0.0,0.0,0.3986262591694786,0.0,0.0,0.6013737408305214,0.0,0.0
2014-06-03,0.0,0.0,0.0,0.0,0.3975415785593931,0.0,0.0,0.602458421440607,0.0,0.0
2014-06-04,0.0,0.0,0.0,0.0,0.3968714365118768,0.0,0.0,0.6031285634881233,0.0,0.0
2014-06-05,0.0,0.0,0.0,0.0,0.3956651317390211,0.0,0.0,0.6043348682609789,0.0,0.0
2014-06-06,0.0,0.0,0.0,0.0,0.39433914320707747,0.0,0.0,0.6056608567929225,0.0,0.0
2014-06-09,0.0,0.0,0.0,0.0,0.39374611595576153,0.0,0.0,0.6062538840442386,0.0,0.0
2014-06-10,0.0,0.0,0.0,0.0,0.3933026503045175,0.0,0.0,0.6066973496954825,0.0,0.0
2014-06-11,0.0,0.0,0.0,0.0,0.39446008114079534,0.0,0.0,0.6055399188592047,0.0,0.0
2014-06-12,0.0,0.0,0.0,0.0,0.39708941754360394,0.0,0.0,0.6029105824563962,0.0,0.0
2014-06-13,0.0,0.0,0.0,0.0,0.3958962590866073,0.0,0.0,0.6041037409133927,0.0,0.0
2014-06-16,0.0,0.0,0.0,0.0,0.3956991927094798,0.0,0.0,0.6043008072905203,0.0,0.0
2014-06-17,0.0,0.0,0.0,0.0,0.3940347142231329,0.0,0.0,0.605965285776867,0.0,0.0
2014-06-18,0.0,0.0,0.0,0.0,0.3935445078045233,0.0,0.0,0.6064554921954768,0.0,0.0
2014-06-19,0.0,0.0,0.0,0.0,0.39267394262586114,0.0,0.0,0.6073260573741388,0.0,0.0
2014-06-20,0.0,0.0,0.0,0.0,0.3924687502439094,0.0,0.0,0.6075312497560905,0.0,0.0
2014-06-23,0.0,0.0,0.0,0.0,0.3923793037389604,0.0,0.0,0.6076206962610397,0.0,0.0
2014-06-24,0.0,0.0,0.0,0.0,0.3947954594413684,0.0,0.0,0.6052045405586317,0.0,0.0
2014-06-25,0.0,0.0,0.0,0.0,0.39394979512349393,0.0,0.0,0.6060502048765062,0.0,0.0
2014-06-26,0.0,0.0,0.0,0.0,0.3947447620771368,0.0,0.0,0.6052552379228631,0.0,0.0
2014-06-27,0.0,0.0,0.0,0.0,0.3942807812374524,0.0,0.0,0.6057192187625475,0.0,0.0
2014-06-30,0.0,0.0,0.0,0.0,0.3945873562775158,0.0,0.0,0.6054126437224843,0.0,0.0
2014-07-01,0.0,0.0,0.0,0.0,0.39761556786872726,0.0,0.0,0.6023844321312727,0.0,0.0
2014-07-02,0.0,0.0,0.0,0.0,0.3963949383051216,0.0,0.0,0.6036050616948784,0.0,0.0
2014-07-03,0.0,0.0,0.0,0.0,0.39473223296066706,0.0,0.0,0.605267767039333,0.0,0.0
2014-07-07,0.0,0.0,0.0,0.0,0.39614881552220205,0.0,0.0,0.6038511844777981,0.0,0.0
2014-07-08,0.0,0.0,0.0,0.0,0.3987874118539359,0.0,0.0,0.601212588146064,0.0,0.0
2014-07-09,0.0,0.0,0.0,0.0,0.3977615440483519,0.0,0.0,0.602238455951648,0.0,0.0
2014-07-10,0.0,0.0,0.0,0.0,0.39922265554496383,0.0,0.0,0.600777344455036,0.0,0.0
2014-07-11,0.0,0.0,0.0,0.0,0.3992870976707413,0.0,0.0,0.6007129023292588,0.0,0.0
2014-07-14,0.0,0.0,0.0,0.0,0.3975503895469319,0.0,0.0,0.6024496104530682,0.0,0.0
2014-07-15,0.0,0.0,0.0,0.0,0.3977905245938836,0.0,0.0,0.6022094754061165,0.0,0.0
2014-07-16,0.0,0.0,0.0,0.0,0.39725340420399835,0.0,0.0,0.6027465957960016,0.0,0.0
2014-07-17,0.0,0.0,0.0,0.0,0.40138340673336187,0.0,0.0,0.5986165932666381,0.0,0.0
2014-07-18,0.0,0.0,0.0,0.0,0.39845806227485575,0.0,0.0,0.6015419377251443,0.0,0.0
2014-07-21,0.0,0.0,0.0,0.0,0.39897641949398327,0.0,0.0,0.6010235805060168,0.0,0.0
2014-07-22,0.0,0.0,0.0,0.0,0.39823428682053813,0.0,0.0,0.6017657131794618,0.0,0.0
2014-07-23,0.0,0.0,0.0,0.0,0.39767970543250397,0.0,0.0,0.6023202945674961,0.0,0.0
2014-07-24,0.0,0.0,0.0,0.0,0.39669812260839254,0.0,0.0,0.6033018773916076,0.0,0.0
2014-07-25,0.0,0.0,0.0,0.0,0.39874632804372984,0.0,0.0,0.6012536719562702,0.0,0.0
2014-07-28,0.0,0.0,0.0,0.0,0.3983723983385831,0.0,0.0,0.6016276016614169,0.0,0.0
2014-07-29,0.0,0.0,0.0,0.0,0.39972810895286853,0.0,0.0,0.6002718910471314,0.0,0.0
2014-07-30,0.0,0.0,0.0,0.0,0.3980014573823332,0.0,0.0,0.6019985426176667,0.0,0.0
2014-07-31,0.0,0.0,0.0,0.0,0.40271998512060464,0.0,0.0,0.5972800148793953,0.0,0.0
2014-08-01,0.0,0.0,0.0,0.0,0.40214503913484195,0.0,0.0,0.5978549608651581,0.0,0.0
2014-08-04,0.0,0.0,0.0,0.0,0.4005553350151263,0.0,0.0,0.5994446649848736,0.0,0.0
2014-08-05,0.0,0.0,0.0,0.0,0.40301319142876346,0.0,0.0,0.5969868085712365,0.0,0.0
2014-08-06,0.0,0.0,0.0,0.0,0.4031467767356302,0.0,0.0,0.5968532232643698,0.0,0.0
2014-08-07,0.0,0.0,0.0,0.0,0.405542955197252,0.0,0.0,0.594457044802748,0.0,0.0
2014-08-08,0.0,0.0,0.0,0.0,0.40256512141750844,0.0,0.0,0.5974348785824914,0.0,0.0
2014-08-11,0.0,0.0,0.0,0.0,0.40175398394400264,0.0,0.0,0.5982460160559974,0.0,0.0
2014-08-12,0.0,0.0,0.0,0.0,0.4017422671318549,0.0,0.0,0.5982577328681451,0.0,0.0
2014-08-13,0.0,0.0,0.0,0.0,0.40090620116225734,0.0,0.0,0.5990937988377426,0.0,0.0
2014-08-14,0.0,0.0,0.0,0.0,0.40025807658997287,0.0,0.0,0.5997419234100272,0.0,0.0
2014-08-15,0.0,0.0,0.0,0.0,0.4012704330566879,0.0,0.0,0.598729566943312,0.0,0.0
2014-08-18,0.0,0.0,0.0,0.0,0.39851170009026476,0.0,0.0,0.6014882999097353,0.0,0.0
2014-08-19,0.0,0.0,0.0,0.0,0.39701299075458707,0.0,0.0,0.6029870092454128,0.0,0.0
2014-08-20,0.0,0.0,0.0,0.0,0.39566373096997265,0.0,0.0,0.6043362690300274,0.0,0.0
2014-08-21,0.0,0.0,0.0,0.0,0.39547207437097626,0.0,0.0,0.6045279256290238,0.0,0.0
2014-08-22,0.0,0.0,0.0,0.0,0.3958667297344938,0.0,0.0,0.6041332702655061,0.0,0.0
2014-08-25,0.0,0.0,0.0,0.0,0.3948408811265695,0.0,0.0,0.6051591188734305,0.0,0.0
2014-08-26,0.0,0.0,0.0,0.0,0.3946399691905173,0.0,0.0,0.6053600308094828,0.0,0.0
2014-08-27,0.0,0.0,0.0,0.0,0.3953979772767439,0.0,0.0,0.6046020227232561,0.0,0.0
2014-08-28,0.0,0.0,0.0,0.0,0.39584872980615704,0.0,0.0,0.6041512701938431,0.0,0.0
2014-08-29,0.0,0.0,0.0,0.0,0.39519147512608677,0.0,0.0,0.6048085248739131,0.0,0.0
2014-09-02,0.0,0.0,0.0,0.0,0.39858248081521674,0.0,0.0,0.6014175191847831,0.0,0.0
2014-09-03,0.0,0.0,0.0,0.0,0.3990592480001249,0.0,0.0,0.6009407519998751,0.0,0.0
2014-09-04,0.0,0.0,0.0,0.0,0.39855342739965016,0.0,0.0,0.6014465726003498,0.0,0.0
2014-09-05,0.0,0.0,0.0,0.0,0.3975479694891033,0.0,0.0,0.6024520305108966,0.0,0.0
2014-09-08,0.0,0.0,0.0,0.0,0.3979142203602885,0.0,0.0,0.6020857796397115,0.0,0.0
2014-09-09,0.0,0.0,0.0,0.0,0.39888156663445107,0.0,0.0,0.6011184333655488,0.0,0.0
2014-09-10,0.0,0.0,0.0,0.0,0.39737895912569915,0.0,0.0,0.6026210408743009,0.0,0.0
2014-09-11,0.0,0.0,0.0,0.0,0.39680227691710024,0.0,0.0,0.6031977230828997,0.0,0.0
2014-09-12,0.0,0.0,0.0,0.0,0.39729763617297775,0.0,0.0,0.6027023638270222,0.0,0.0
2014-09-15,0.0,0.0,0.0,0.0,0.3979206859616004,0.0,0.0,0.6020793140383996,0.0,0.0
2014-09-16,0.0,0.0,0.0,0.0,0.396053052202483,0.0,0.0,0.6039469477975169,0.0,0.0
2014-09-17,0.0,0.0,0.0,0.0,0.3951260624989924,0.0,0.0,0.6048739375010077,0.0,0.0
2014-09-18,0.0,0.0,0.0,0.0,0.39369348029303436,0.0,0.0,0.6063065197069656,0.0,0.0
2014-09-19,0.0,0.0,0.0,0.0,0.39481544079197206,0.0,0.0,0.605184559208028,0.0,0.0
2014-09-22,0.0,0.0,0.0,0.0,0.3971802649296854,0.0,0.0,0.6028197350703146,0.0,0.0
2014-09-23,0.0,0.0,0.0,0.0,0.3990662408068634,0.0,0.0,0.6009337591931365,0.0,0.0
2014-09-24,0.0,0.0,0.0,0.0,0.3965255431880754,0.0,0.0,0.6034744568119246,0.0,0.0
2014-09-25,0.0,0.0,0.0,0.0,0.40158656652511215,0.0,0.0,0.5984134334748878,0.0,0.0
2014-09-26,0.0,0.0,0.0,0.0,0.3991762493797864,0.0,0.0,0.6008237506202136,0.0,0.0
2014-09-29,0.0,0.0,0.0,0.0,0.4003780718455701,0.0,0.0,0.5996219281544299,0.0,0.0
2014-09-30,0.0,0.0,0.0,0.0,0.4008023914545273,0.0,0.0,0.5991976085454727,0.0,0.0
2014-10-01,0.0,0.0,0.0,0.0,0.4052941732290522,0.0,0.0,0.5947058267709477,0.0,0.0
2014-10-02,0.0,0.0,0.0,0.0,0.4045398419265365,0.0,0.0,0.5954601580734635,0.0,0.0
2014-10-03,0.0,0.0,0.0,0.0,0.40183550650933697,0.0,0.0,0.598164493490663,0.0,0.0
2014-10-06,0.0,0.0,0.0,0.0,0.4025100183266269,0.0,0.0,0.5974899816733731,0.0,0.0
2014-10-07,0.0,0.0,0.0,0.0,0.4076665835075876,0.0,0.0,0.5923334164924124,0.0,0.0
2014-10-08,0.0,0.0,0.0,0.0,0.40433588348195115,0.0,0.0,0.595664116518049,0.0,0.0
2014-10-09,0.0,0.0,0.0,0.0,0.4087553783167135,0.0,0.0,0.5912446216832865,0.0,0.0
2014-10-10,0.0,0.0,0.0,0.0,0.4124774007680104,0.0,0.0,0.5875225992319896,0.0,0.0
2014-10-13,0.0,0.0,0.0,0.0,0.41776330781501947,0.0,0.0,0.5822366921849805,0.0,0.0
2014-10-14,0.0,0.0,0.0,0.0,0.4178690533128903,0.0,0.0,0.5821309466871096,0.0,0.0
2014-10-15,0.0,0.0,0.0,0.0,0.42089544746461854,0.0,0.0,0.5791045525353815,0.0,0.0
2014-10-16,0.0,0.0,0.0,0.0,0.4204413814686945,0.0,0.0,0.5795586185313055,0.0,0.0
2014-10-17,0.0,0.0,0.0,0.0,0.41687350770899523,0.0,0.0,0.5831264922910048,0.0,0.0
2014-10-20,0.0,0.0,0.0,0.0,0.41486932832889567,0.0,0.0,0.5851306716711044,0.0,0.0
2014-10-21,0.0,0.0,0.0,0.0,0.4094544319732833,0.0,0.0,0.5905455680267166,0.0,0.0
2014-10-22,0.0,0.0,0.0,0.0,0.41111247663109557,0.0,0.0,0.5888875233689044,0.0,0.0
2014-10-23,0.0,0.0,0.0,0.0,0.40731184081344163,0.0,0.0,0.5926881591865583,0.0,0.0
2014-10-24,0.0,0.0,0.0,0.0,0.40566829844455277,0.0,0.0,0.5943317015554471,0.0,0.0
2014-10-27,0.0,0.0,0.0,0.0,0.40625123606158225,0.0,0.0,0.5937487639384178,0.0,0.0
2014-10-28,0.0,0.0,0.0,0.0,0.4029102998652759,0.0,0.0,0.5970897001347241,0.0,0.0
2014-10-29,0.0,0.0,0.0,0.0,0.4024747353159773,0.0,0.0,0.5975252646840227,0.0,0.0
2014-10-30,0.0,0.0,0.0,0.0,0.4011901366569882,0.0,0.0,0.5988098633430118,0.0,0.0
2014-10-31,0.0,0.0,0.0,0.0,0.3980740250374766,0.0,0.0,0.6019259749625235,0.0,0.0
2014-11-03,0.0,0.0,0.0,0.0,0.3997798605836363,0.0,0.0,0.6002201394163637,0.0,0.0
2014-11-04,0.0,0.0,0.0,0.0,0.40059114870789836,0.0,0.0,0.5994088512921016,0.0,0.0
2014-11-05,0.0,0.0,0.0,0.0,0.3991488701124035,0.0,0.0,0.6008511298875964,0.0,0.0
2014-11-06,0.0,0.0,0.0,0.0,0.39745854644960577,0.0,0.0,0.6025414535503943,0.0,0.0
2014-11-07,0.0,0.0,0.0,0.0,0.3987659558525798,0.0,0.0,0.6012340441474202,0.0,0.0
2014-11-10,0.0,0.0,0.0,0.0,0.39703171437332685,0.0,0.0,0.6029682856266733,0.0,0.0
2014-11-11,0.0,0.0,0.0,0.0,0.39682002909368097,0.0,0.0,0.6031799709063191,0.0,0.0
2014-11-12,0.0,0.0,0.0,0.0,0.39698650313833844,0.0,0.0,0.6030134968616615,0.0,0.0
2014-11-13,0.0,0.0,0.0,0.0,0.3971049633261379,0.0,0.0,0.602895036673862,0.0,0.0
2014-11-14,0.0,0.0,0.0,0.0,0.39754821062226275,0.0,0.0,0.6024517893777371,0.0,0.0
2014-11-17,0.0,0.0,0.0,0.0,0.39712226026462527,0.0,0.0,0.6028777397353747,0.0,0.0
2014-11-18,0.0,0.0,0.0,0.0,0.39601791468179487,0.0,0.0,0.6039820853182052,0.0,0.0
2014-11-19,0.0,0.0,0.0,0.0,0.3957642384659886,0.0,0.0,0.6042357615340114,0.0,0.0
2014-11-20,0.0,0.0,0.0,0.0,0.39577798239554085,0.0,0.0,0.6042220176044591,0.0,0.0
2014-11-21,0.0,0.0,0.0,0.0,0.3949800467183623,0.0,0.0,0.6050199532816376,0.0,0.0
2014-11-24,0.0,0.0,0.0,0.0,0.3945827283031671,0.0,0.0,0.605417271696833,0.0,0.0
2014-11-25,0.0,0.0,0.0,0.0,0.3953449555305758,0.0,0.0,0.6046550444694242,0.0,0.0
2014-11-26,0.0,0.0,0.0,0.0,0.3951410160568946,0.0,0.0,0.6048589839431053,0.0,0.0
2014-11-28,0.0,0.0,0.0,0.0,0.3965735814659691,0.0,0.0,0.603426418534031,0.0,0.0
2014-12-01,0.0,0.0,0.0,0.0,0.40108503189791633,0.0,0.0,0.5989149681020837,0.0,0.0
2014-12-02,0.0,0.0,0.0,0.0,0.39846995360831705,0.0,0.0,0.6015300463916831,0.0,0.0
2014-12-03,0.0,0.0,0.0,0.0,0.3976372413216204,0.0,0.0,0.6023627586783794,0.0,0.0
2014-12-04,0.0,0.0,0.0,0.0,0.3987428200742349,0.0,0.0,0.6012571799257651,0.0,0.0
2014-12-05,0.0,0.0,0.0,0.0,0.39700984538703704,0.0,0.0,0.6029901546129629,0.0,0.0
2014-12-08,0.0,0.0,0.0,0.0,0.3994133136287374,0.0,0.0,0.6005866863712626,0.0,0.0
2014-12-09,0.0,0.0,0.0,0.0,0.4004619186301891,0.0,0.0,0.5995380813698108,0.0,0.0
2014-12-10,0.0,0.0,0.0,0.0,0.40543859760527534,0.0,0.0,0.5945614023947247,0.0,0.0
2014-12-11,0.0,0.0,0.0,0.0,0.40381205779735,0.0,0.0,0.5961879422026499,0.0,0.0
2014-12-12,0.0,0.0,0.0,0.0,0.409713537540967,0.0,0.0,0.5902864624590329,0.0,0.0
2014-12-15,0.0,0.0,0.0,0.0,0.4104978270464953,0.0,0.0,0.5895021729535047,0.0,0.0
2014-12-16,0.0,0.0,0.0,0.0,0.41367258709993543,0.0,0.0,0.5863274129000646,0.0,0.0
2014-12-17,0.0,0.0,0.0,0.0,0.40729750885389265,0.0,0.0,0.5927024911461073,0.0,0.0
2014-12-18,0.0,0.0,0.0,0.0,0.40005632690273707,0.0,0.0,0.5999436730972629,0.0,0.0
2014-12-19,0.0,0.0,0.0,0.0,0.39992040320186417,0.0,0.0,0.6000795967981357,0.0,0.0
2014-12-22,0.0,0.0,0.0,0.0,0.3988195467552004,0.0,0.0,0.6011804532447995,0.0,0.0
2014-12-23,0.0,0.0,0.0,0.0,0.3965035733935353,0.0,0.0,0.6034964266064646,0.0,0.0
2014-12-24,0.0,0.0,0.0,0.0,0.3966533295412288,0.0,0.0,0.6033466704587713,0.0,0.0
2014-12-26,0.0,0.0,0.0,0.0,0.3962010632813165,0.0,0.0,0.6037989367186835,0.0,0.0
2014-12-29,0.0,0.0,0.0,0.0,0.39669589099999103,0.0,0.0,0.6033041090000089,0.0,0.0
2014-12-30,0.0,0.0,0.0,0.0,0.398255937277019,0.0,0.0,0.601744062722981,0.0,0.0
2014-12-31,0.0,0.0,0.0,0.0,0.40092014902005135,0.0,0.0,0.5990798509799485,0.0,0.0
2015-01-02,0.0,0.0,0.0,0.0,0.40134909692561793,0.0,0.0,0.598650903074382,0.0,0.0
2015-01-05,0.0,0.0,0.0,0.0,0.40720322158508443,0.0,0.0,0.5927967784149156,0.0,0.0
2015-01-06,0.0,0.0,0.0,0.0,0.4111095864927361,0.0,0.0,0.5888904135072639,0.0,0.0
2015-01-07,0.0,0.0,0.0,0.0,0.40806992258457836,0.0,0.0,0.5919300774154217,0.0,0.0
2015-01-08,0.0,0.0,0.0,0.0,0.402844686369823,0.0,0.0,0.5971553136301769,0.0,0.0
2015-01-09,0.0,0.0,0.0,0.0,0.4059678039686626,0.0,0.0,0.5940321960313374,0.0,0.0
2015-01-12,0.0,0.0,0.0,0.0,0.40871454562461357,0.0,0.0,0.5912854543753865,0.0,0.0
2015-01-13,0.0,0.0,0.0,0.0,0.4096184310899317,0.0,0.0,0.5903815689100684,0.0,0.0
2015-01-14,0.0,0.0,0.0,0.0,0.4121977070662561,0.0,0.0,0.5878022929337439,0.0,0.0
2015-01-15,0.0,0.0,0.0,0.0,0.41649337803064107,0.0,0.0,0.583506621969359,0.0,0.0
2015-01-16,0.0,0.0,0.0,0.0,0.41153746099963334,0.0,0.0,0.5884625390003666,0.0,0.0
2015-01-20,0.0,0.0,0.0,0.0,0.41157602160449264,0.0,0.0,0.5884239783955073,0.0,0.0
2015-01-21,0.0,0.0,0.0,0.0,0.4092039252708731,0.0,0.0,0.590796074729127,0.0,0.0
2015-01-22,0.0,0.0,0.0,0.0,0.4050411569304681,0.0,0.0,0.594958843069532,0.0,0.0
2015-01-23,0.0,0.0,0.0,0.0,0.40794078487459945,0.0,0.0,0.5920592151254005,0.0,0.0
2015-01-26,0.0,0.0,0.0,0.0,0.40682282866639446,0.0,0.0,0.5931771713336055,0.0,0.0
2015-01-27,0.0,0.0,0.0,0.0,0.4103638191472948,0.0,0.0,0.5896361808527052,0.0,0.0
2015-01-28,0.0,0.0,0.0,0.0,0.4153511061092935,0.0,0.0,0.5846488938907065,0.0,0.0
2015-01-29,0.0,0.0,0.0,0.0,0.41225754919716107,0.0,0.0,0.5877424508028389,0.0,0.0
2015-01-30,0.0,0.0,0.0,0.0,0.4174466456633894,0.0,0.0,0.5825533543366106,0.0,0.0
2015-02-02,0.10331734726716642,0.0,0.031323356645071215,0.022921858128593913,0.3980283263691035,2.4813222363754045e-18,0.0,0.26493553982805934,0.14916029541356474,0.030313276348440964
2015-02-03,0.10611370302577662,0.0,0.03180179695258045,0.022649641411362893,0.39439684005457465,2.523988256238659e-18,0.0,0.2685806023099245,0.14590193012619973,0.030555486119581192
2015-02-04,0.10405921801418092,0.0,0.0316262322233775,0.022811655010187126,0.39613758104218616,2.521590702044303e-18,0.0,0.2682970936230355,0.14655500639851426,0.030513213688518462
2015-02-05,0.10526760478326314,0.0,0.032001032786044596,0.022807679766499937,0.3939411359053096,2.5493249247641073e-18,0.0,0.27049108614018924,0.14467089259050725,0.030820568028186175
2015-02-06,0.10655219921729539,0.0,0.03189846556835152,0.02242650427259958,0.39319450924074645,2.570485799538343e-18,0.0,0.2722773037454094,0.1434449630368643,0.030206054918733332
2015-02-09,0.10770616946462082,0.0,0.031771800000499,0.022545450337065145,0.3933395886463692,2.5522267553816286e-18,0.0,0.2712844086422098,0.14333426517175782,0.03001831773747819
2015-02-10,0.10638139193757187,0.0,0.03207391336700113,0.02242068065918754,0.3924887962921829,2.569424359488218e-18,0.0,0.27426808822187143,0.14224271591501483,0.0301244136071703
2015-02-11,0.10566669964677478,0.0,0.0319346691239306,0.02217967774362642,0.39276683433940507,2.568545794964581e-18,0.0,0.2747239563093426,0.14266001459222022,0.03006814824470034
2015-02-12,0.10675200739207447,0.0,0.03227521020115469,0.02212413740270884,0.39102735546226747,2.5853228571511868e-18,0.0,0.2760347748620184,0.1415055215170851,0.030280993162691186
2015-02-13,0.10796541147170635,0.0,0.032499197887883004,0.02225178302640114,0.3898405288552922,2.6015458249644596e-18,0.0,0.2772578972143831,0.14009631465619193,0.030088866888142267
2015-02-17,0.10853974814678281,0.0,0.03273098539235194,0.021984609672316434,0.38892272402850087,2.6221301134066076e-18,0.0,0.2790187813710149,0.138645379480776,0.030157771908257018
2015-02-18,0.10702721441425926,0.0,0.032861423151141794,0.022004297136888028,0.3900268805701239,2.6198246145485828e-18,0.0,0.2785030016257947,0.1391978041394719,0.030379378962320455
2015-02-19,0.10700893219325688,0.0,0.03300612971802314,0.021997856885094594,0.39027017768938116,2.628309314744032e-18,0.0,0.27918263552788475,0.1387137590361942,0.02982050895016526
2015-02-20,0.10638945821643449,0.0,0.03324974240665235,0.021830773167763773,0.38930412306474843,2.630372131694539e-18,0.0,0.2803204495567299,0.1388543156785153,0.030051137909155742
2015-02-23,0.10538542934333991,0.0,0.033040221141418094,0.021798529856968465,0.3900084686751347,2.625646390302116e-18,0.0,0.2795029867271874,0.14005576371581918,0.030208600540132222
2015-02-24,0.1049351672243353,0.0,0.033083588816763765,0.021661286779880277,0.39069777329187133,2.6163760719361107e-18,0.0,0.278942956855253,0.1412086938427136,0.029470533189182708
2015-02-25,0.10626339238907956,0.0,0.033028458435725466,0.02169110290643387,0.39010936452632866,2.6129927916227195e-18,0.0,0.27802821397665295,0.14147358063007354,0.029405887135705876
2015-02-26,0.10599822299473408,0.0,0.03312939758283971,0.021887355881769942,0.39005680424689704,2.6378604642551917e-18,0.0,0.279319062286326,0.14035362579084731,0.029255531216585928
2015-02-27,0.10685179679681128,0.0,0.03304380556168785,0.02183767026156964,0.39024744429367964,2.6155372760609206e-18,0.0,0.2775205690466498,0.1411030329570327,0.02939568108256905
2015-03-02,0.0,0.0,0.0,0.0,0.3967008860404861,0.0,0.0,0.6032991139595141,0.0,0.0
2015-03-03,0.0,0.0,0.0,0.0,0.39716868261024957,0.0,0.0,0.6028313173897504,0.0,0.0
2015-03-04,0.0,0.0,0.0,0.0,0.3983605769427139,0.0,0.0,0.6016394230572862,0.0,0.0
2015-03-05,0.0,0.0,0.0,0.0,0.3982334336716705,0.0,0.0,0.6017665663283295,0.0,0.0
2015-03-06,0.0,0.0,0.0,0.0,0.3991647595426627,0.0,0.0,0.6008352404573373,0.0,0.0
2015-03-09,0.0,0.0,0.0,0.0,0.39928434900681437,0.0,0.0,0.6007156509931856,0.0,0.0
2015-03-10,0.0,0.0,0.0,0.0,0.40423344717254867,0.0,0.0,0.5957665528274513,0.0,0.0
2015-03-11,0.0,0.0,0.0,0.0,0.4052279709080649,0.0,0.0,0.594772029091935,0.0,0.0
2015-03-12,0.0,0.0,0.0,0.0,0.4024120916632553,0.0,0.0,0.5975879083367446,0.0,0.0
2015-03-13,0.0,0.0,0.0,0.0,0.4035310020409544,0.0,0.0,0.5964689979590456,0.0,0.0
2015-03-16,0.0,0.0,0.0,0.0,0.40117308999607304,0.0,0.0,0.5988269100039271,0.0,0.0
2015-03-17,0.0,0.0,0.0,0.0,0.4023826371407106,0.0,0.0,0.5976173628592893,0.0,0.0
2015-03-18,0.0,0.0,0.0,0.0,0.40225374439531736,0.0,0.0,0.5977462556046825,0.0,0.0
2015-03-19,0.0,0.0,0.0,0.0,0.4022188492774696,0.0,0.0,0.5977811507225305,0.0,0.0
2015-03-20,0.0,0.0,0.0,0.0,0.4010850726627355,0.0,0.0,0.5989149273372644,0.0,0.0
2015-03-23,0.0,0.0,0.0,0.0,0.40186432016391227,0.0,0.0,0.5981356798360877,0.0,0.0
2015-03-24,0.0,0.0,0.0,0.0,0.4039507123104114,0.0,0.0,0.5960492876895885,0.0,0.0
2015-03-25,0.0,0.0,0.0,0.0,0.40646504883094253,0.0,0.0,0.5935349511690574,0.0,0.0
2015-03-26,0.0,0.0,0.0,0.0,0.4056779187839474,0.0,0.0,0.5943220812160526,0.0,0.0
2015-03-27,0.0,0.0,0.0,0.0,0.4060650108314681,0.0,0.0,0.5939349891685319,0.0,0.0
2015-03-30,0.0,0.0,0.0,0.0,0.40312150229012594,0.0,0.0,0.5968784977098741,0.0,0.0
2015-03-31,0.0,0.0,0.0,0.0,0.40585902154994474,0.0,0.0,0.5941409784500552,0.0,0.0
2015-04-01,0.0,0.0,0.0,0.0,0.40199135683292225,0.0,0.0,0.5980086431670777,0.0,0.0
2015-04-02,0.0,0.0,0.0,0.0,0.40044254485760145,0.0,0.0,0.5995574551423984,0.0,0.0
2015-04-06,0.0,0.0,0.0,0.0,0.399142077685412,0.0,0.0,0.600857922314588,0.0,0.0
2015-04-07,0.0,0.0,0.0,0.0,0.3999765596742142,0.0,0.0,0.6000234403257858,0.0,0.0
2015-04-08,0.0,0.0,0.0,0.0,0.3989468920505768,0.0,0.0,0.6010531079494232,0.0,0.0
2015-04-09,0.0,0.0,0.0,0.0,0.39691634139274007,0.0,0.0,0.60308365860726,0.0,0.0
2015-04-10,0.0,0.0,0.0,0.0,0.3955480355708644,0.0,0.0,0.6044519644291356,0.0,0.0
2015-04-13,0.0,0.0,0.0,0.0,0.3971190450122238,0.0,0.0,0.6028809549877762,0.0,0.0
2015-04-14,0.0,0.0,0.0,0.0,0.3973678987280316,0.0,0.0,0.6026321012719683,0.0,0.0
2015-04-15,0.0,0.0,0.0,0.0,0.39642850236449456,0.0,0.0,0.6035714976355054,0.0,0.0
2015-04-16,0.0,0.0,0.0,0.0,0.3966728174193358,0.0,0.0,0.6033271825806641,0.0,0.0
2015-04-17,0.0,0.0,0.0,0.0,0.39992986387008606,0.0,0.0,0.6000701361299139,0.0,0.0
2015-04-20,0.0,0.0,0.0,0.0,0.3973091414750579,0.0,0.0,0.602690858524942,0.0,0.0
2015-04-21,0.0,0.0,0.0,0.0,0.39708778960589686,0.0,0.0,0.6029122103941031,0.0,0.0
2015-04-22,0.0,0.0,0.0,0.0,0.39452354749448026,0.0,0.0,0.6054764525055197,0.0,0.0
2015-04-23,0.0,0.0,0.0,0.0,0.3946526069392726,0.0,0.0,0.6053473930607274,0.0,0.0
2015-04-24,0.0,0.0,0.0,0.0,0.3949360694125316,0.0,0.0,0.6050639305874683,0.0,0.0
2015-04-27,0.0,0.0,0.0,0.0,0.3955576943495681,0.0,0.0,0.6044423056504319,0.0,0.0
2015-04-28,0.0,0.0,0.0,0.0,0.39369552675085234,0.0,0.0,0.6063044732491476,0.0,0.0
2015-04-29,0.0,0.0,0.0,0.0,0.3937935537149408,0.0,0.0,0.6062064462850592,0.0,0.0
2015-04-30,0.0,0.0,0.0,0.0,0.3961336800581426,0.0,0.0,0.6038663199418574,0.0,0.0
2015-05-01,0.0,0.0,0.0,0.0,0.39610269564293504,0.0,0.0,0.6038973043570649,0.0,0.0
2015-05-04,0.0,0.0,0.0,0.0,0.3949299124276575,0.0,0.0,0.6050700875723426,0.0,0.0
2015-05-05,0.0,0.0,0.0,0.0,0.39728049645787833,0.0,0.0,0.6027195035421217,0.0,0.0
2015-05-06,0.0,0.0,0.0,0.0,0.39709530780009267,0.0,0.0,0.6029046921999073,0.0,0.0
2015-05-07,0.0,0.0,0.0,0.0,0.3971574399056297,0.0,0.0,0.6028425600943703,0.0,0.0
2015-05-08,0.0,0.0,0.0,0.0,0.39494942034730074,0.0,0.0,0.6050505796526993,0.0,0.0
2015-05-11,0.0,0.0,0.0,0.0,0.39373050946491683,0.0,0.0,0.6062694905350832,0.0,0.0
2015-05-12,0.0,0.0,0.0,0.0,0.39462666189037665,0.0,0.0,0.6053733381096233,0.0,0.0
2015-05-13,0.0,0.0,0.0,0.0,0.39426463599667994,0.0,0.0,0.6057353640033201,0.0,0.0
2015-05-14,0.0,0.0,0.0,0.0,0.39260125445579586,0.0,0.0,0.607398745544204,0.0,0.0
2015-05-15,0.0,0.0,0.0,0.0,0.39404804619419265,0.0,0.0,0.6059519538058074,0.0,0.0
2015-05-18,0.0,0.0,0.0,0.0,0.39169349449638374,0.0,0.0,0.6083065055036162,0.0,0.0
2015-05-19,0.0,0.0,0.0,0.0,0.3907135714166506,0.0,0.0,0.6092864285833494,0.0,0.0
2015-05-20,0.0,0.0,0.0,0.0,0.391399747042819,0.0,0.0,0.608600252957181,0.0,0.0
2015-05-21,0.0,0.0,0.0,0.0,0.3921217161298085,0.0,0.0,0.6078782838701915,0.0,0.0
2015-05-22,0.0,0.0,0.0,0.0,0.3921536418907375,0.0,0.0,0.6078463581092625,0.0,0.0
2015-05-26,0.0,0.0,0.0,0.0,0.3962151472654264,0.0,0.0,0.6037848527345736,0.0,0.0
2015-05-27,0.0,0.0,0.0,0.0,0.39382315713627,0.0,0.0,0.6061768428637301,0.0,0.0
2015-05-28,0.0,0.0,0.0,0.0,0.39431616812651926,0.0,0.0,0.6056838318734807,0.0,0.0
2015-05-29,0.0,0.0,0.0,0.0,0.3959399396956331,0.0,0.0,0.6040600603043669,0.0,0.0
2015-06-01,0.0,0.0,0.0,0.0,0.3984514287111949,0.0,0.0,0.6015485712888051,0.0,0.0
2015-06-02,0.0,0.0,0.0,0.0,0.3970154851774069,0.0,0.0,0.6029845148225931,0.0,0.0
2015-06-03,0.0,0.0,0.0,0.0,0.39433517553385977,0.0,0.0,0.6056648244661402,0.0,0.0
2015-06-04,0.0,0.0,0.0,0.0,0.3975267054899448,0.0,0.0,0.6024732945100553,0.0,0.0
2015-06-05,0.0,0.0,0.0,0.0,0.3962006749230226,0.0,0.0,0.6037993250769774,0.0,0.0
2015-06-08,0.0,0.0,0.0,0.0,0.3980213269331279,0.0,0.0,0.6019786730668721,0.0,0.0
2015-06-09,0.0,0.0,0.0,0.0,0.39727542916168185,0.0,0.0,0.6027245708383181,0.0,0.0
2015-06-10,0.0,0.0,0.0,0.0,0.3935060567912232,0.0,0.0,0.6064939432087769,0.0,0.0
2015-06-11,0.0,0.0,0.0,0.0,0.39461642836724614,0.0,0.0,0.6053835716327538,0.0,0.0
2015-06-12,0.0,0.0,0.0,0.0,0.3963164052831326,0.0,0.0,0.6036835947168674,0.0,0.0
2015-06-15,0.0,0.0,0.0,0.0,0.39791631806053357,0.0,0.0,0.6020836819394665,0.0,0.0
2015-06-16,0.0,0.0,0.0,0.0,0.397526666501292,0.0,0.0,0.6024733334987079,0.0,0.0
2015-06-17,0.0,0.0,0.0,0.0,0.3972761615519407,0.0,0.0,0.6027238384480593,0.0,0.0
2015-06-18,0.0,0.0,0.0,0.0,0.3946196953941132,0.0,0.0,0.6053803046058869,0.0,0.0
2015-06-19,0.0,0.0,0.0,0.0,0.39695354562942536,0.0,0.0,0.6030464543705746,0.0,0.0
2015-06-22,0.0,0.0,0.0,0.0,0.3937116628640211,0.0,0.0,0.606288337135979,0.0,0.0
2015-06-23,0.0,0.0,0.0,0.0,0.39281362863253527,0.0,0.0,0.6071863713674647,0.0,0.0
2015-06-24,0.0,0.0,0.0,0.0,0.3952609002384712,0.0,0.0,0.6047390997615288,0.0,0.0
2015-06-25,0.0,0.0,0.0,0.0,0.3953953777787526,0.0,0.0,0.6046046222212473,0.0,0.0
2015-06-26,0.0,0.0,0.0,0.0,0.3942959167293022,0.0,0.0,0.6057040832706978,0.0,0.0
2015-06-29,0.0,0.0,0.0,0.0,0.4021443860346836,0.0,0.0,0.5978556139653165,0.0,0.0
2015-06-30,0.0,0.0,0.0,0.0,0.40097901690349075,0.0,0.0,0.5990209830965091,0.0,0.0
2015-07-01,0.09871195464746302,0.09985768724696306,0.1005786954585707,0.0995865125533684,0.09941104819888745,0.10022949599443398,0.10072666820156527,0.10073439946486774,0.09858447998291275,0.10157905825096775
2015-07-02,0.09850901429273184,0.10029987883194968,0.10066743909136616,0.09935417482433247,0.09972686335202571,0.09945250419792843,0.10071750503676605,0.10060500065118604,0.09887191080992179,0.10179570891179186
2015-07-06,0.09578368377280462,0.09800616135850307,0.09914860060566064,0.10013684826371504,0.100952067918434,0.09993530967898083,0.10100471654781376,0.10083826890660691,0.10122609706293223,0.1029682458845488
2015-07-07,0.09516159010459585,0.09647108153276343,0.09911334746316544,0.09890840023242474,0.10115196616539901,0.09998087894446976,0.1011896229674768,0.10140396616851743,0.10210816423833716,0.1045109821828505
2015-07-08,0.09566117596754525,0.09408319627113472,0.09777224784385673,0.10019345614798096,0.10256778957060285,0.09943840781779524,0.10042028090178612,0.10069803578349572,0.10401813758384877,0.10514727211195357
2015-07-09,0.09659259380872769,0.09570651591484476,0.09918459599375148,0.10023496625127205,0.1016476352679876,0.09959633936781646,0.10016162098830864,0.10067730222989066,0.10176366849087204,0.10443476168652874
2015-07-10,0.09617927474816272,0.09725913674005696,0.101523674146735,0.09945969519006756,0.1000459218440888,0.1000814622826128,0.10078777444459863,0.10103853126101744,0.09925941922713645,0.10436511011552357
2015-07-13,0.0958294310901824,0.09750437701057348,0.10147317627185763,0.09859639691826973,0.09935770720281319,0.10078368675437208,0.10212509368308977,0.10172324061432415,0.09853453751978454,0.10407235293473312
2015-07-14,0.09521134633434614,0.09738887297293505,0.10201646951847947,0.09808038803797735,0.09937408250804779,0.10104289252856231,0.1024892217225456,0.10185927388730058,0.0985628678764909,0.10397458461331484
2015-07-15,0.09429055352943932,0.09647293066740781,0.1018400890447912,0.09775851955226174,0.09994989693645502,0.10070418485102273,0.10280249941466656,0.1020255876500739,0.09980316356957214,0.1043525747843096
2015-07-16,0.09331963877625465,0.09713178648398783,0.10214205634913383,0.09685584613605193,0.09935001361482997,0.10073606679952846,0.1036691664195649,0.10226600192222035,0.0999272210538189,0.1046022024446091
2015-07-17,0.09286491589917482,0.09704957163313103,0.1020153652147937,0.09591877098683403,0.099403439578707,0.10034181368658146,0.10524379398838268,0.10239799054571083,0.10048775934998594,0.10427657911669849
2015-07-20,0.09184374851554675,0.09691624714087782,0.10280355975457584,0.09379120367321835,0.0997115807936231,0.1003091573114131,0.10614473455798022,0.10297444514464876,0.100575811833898,0.10492951127421798
2015-07-21,0.09228658996798783,0.0969993098551121,0.10256639579866472,0.09355422902537892,0.10004713037650312,0.09989561524428886,0.10614287812522996,0.1026288522126323,0.10118069093121519,0.10469830846298708
2015-07-22,0.09130478310066349,0.09598063482329294,0.10217060513419636,0.09340461501330401,0.10055452115614846,0.10064885584176388,0.10534285682721219,0.10283712707402502,0.10220065475532791,0.10555534627406586
2015-07-23,0.09089986800419429,0.09543804085955791,0.10232349942988733,0.09336991913075963,0.10138247498894679,0.09994852052079396,0.10538363214349569,0.10268068373045434,0.10390141972907707,0.10467194146283298
2015-07-24,0.09064663155240991,0.09456089647802798,0.10172979695545564,0.09477739108738427,0.10201078095579068,0.0988548311222271,0.10489790921199624,0.1021487499274947,0.1047052857597967,0.10566772694941677
2015-07-27,0.08943439050829978,0.09332662208239514,0.10158207265535878,0.09489767610519201,0.10295706118853838,0.09861669473665637,0.10464802883543085,0.10215855984526258,0.10589204470097568,0.10648684934189034
2015-07-28,0.089710003552102,0.09379655980700538,0.10234001758499096,0.09455883084062432,0.10214361209177196,0.09895304359419985,0.105013227393376,0.10288710919334448,0.10458489468244014,0.1060127012601449
2015-07-29,0.0897003392068812,0.09440991037495321,0.10237474294478202,0.09438798275207191,0.10166932955683451,0.0989091827661298,0.10506959685972043,0.10326025089326586,0.10385978499877598,0.10635887964658503
2015-07-30,0.08945079235931491,0.09355872923944208,0.10239450001308423,0.09367095296208731,0.10188347178355595,0.09928922721121797,0.10567111003032431,0.10338487480435818,0.10476150247555949,0.10593483912105564
2015-07-31,0.08791308523117669,0.094252042145085,0.10264384050866594,0.09393913143823136,0.1021273228354526,0.09948925727689001,0.10518490538931627,0.1028723204231135,0.10517311885292825,0.10640497589914051
2015-08-03,0.0,0.0,0.0,0.0,0.40154241158249315,0.0,0.0,0.5984575884175068,0.0,0.0
2015-08-04,0.0,0.0,0.0,0.0,0.400769719940613,0.0,0.0,0.5992302800593869,0.0,0.0
2015-08-05,0.0,0.0,0.0,0.0,0.39905068686924833,0.0,0.0,0.6009493131307516,0.0,0.0
2015-08-06,0.0,0.0,0.0,0.0,0.4018640622781456,0.0,0.0,0.5981359377218544,0.0,0.0
2015-08-07,0.0,0.0,0.0,0.0,0.4032769911120417,0.0,0.0,0.5967230088879584,0.0,0.0
2015-08-10,0.0,0.0,0.0,0.0,0.3992735764856005,0.0,0.0,0.6007264235143994,0.0,0.0
2015-08-11,0.0,0.0,0.0,0.0,0.4030324311856625,0.0,0.0,0.5969675688143374,0.0,0.0
2015-08-12,0.0,0.0,0.0,0.0,0.4026542929692159,0.0,0.0,0.597345707030784,0.0,0.0
2015-08-13,0.0,0.0,0.0,0.0,0.40232166313646917,0.0,0.0,0.5976783368635309,0.0,0.0
2015-08-14,0.0,0.0,0.0,0.0,0.40119898593741193,0.0,0.0,0.598801014062588,0.0,0.0
2015-08-17,0.0,0.0,0.0,0.0,0.4002900808113693,0.0,0.0,0.5997099191886308,0.0,0.0
2015-08-18,0.0,0.0,0.0,0.0,0.40060290491638983,0.0,0.0,0.59939709508361,0.0,0.0
2015-08-19,0.0,0.0,0.0,0.0,0.40397726617921836,0.0,0.0,0.5960227338207816,0.0,0.0
2015-08-20,0.0,0.0,0.0,0.0,0.40972336068818377,0.0,0.0,0.5902766393118163,0.0,0.0
2015-08-21,0.0,0.0,0.0,0.0,0.41810885537621983,0.0,0.0,0.5818911446237801,0.0,0.0
2015-08-24,0.0,0.0,0.0,0.0,0.4290197816494382,0.0,0.0,0.5709802183505618,0.0,0.0
2015-08-25,0.0,0.0,0.0,0.0,0.43057625058591686,0.0,0.0,0.5694237494140832,0.0,0.0
2015-08-26,0.0,0.0,0.0,0.0,0.4198596194479839,0.0,0.0,0.580140380552016,0.0,0.0
2015-08-27,0.0,0.0,0.0,0.0,0.4137833851044208,0.0,0.0,0.5862166148955791,0.0,0.0
2015-08-28,0.0,0.0,0.0,0.0,0.4138168528096118,0.0,0.0,0.5861831471903882,0.0,0.0
2015-08-31,0.0,0.0,0.0,0.0,0.41537510483616974,0.0,0.0,0.5846248951638302,0.0,0.0
2015-09-01,0.08916348440298362,0.0,0.002826670977778598,0.08384256495018357,0.4054231655298396,0.08019319465924145,0.0,0.21183359870701093,0.1267173207729622,5.014413384533953e-18
2015-09-02,0.08960238082339445,0.0,0.0028582390676971164,0.08309567079638089,0.40285869830835275,0.08133846268993282,0.0,0.21507378180416745,0.12517276651007456,5.047880070319402e-18
2015-09-03,0.09004246342980551,0.0,0.002860419419583346,0.08236582094703937,0.4031916116448904,0.08107886362639576,0.0,0.21488058852628764,0.12558023240599803,5.053473056210311e-18
2015-09-04,0.08919154512770426,0.0,0.002803095172505907,0.08233851188695698,0.405621805968549,0.0807010132918672,0.0,0.2122467046243675,0.12709732392804915,4.9738672046230995e-18
2015-09-08,0.08945446979742651,0.0,0.002873052726890635,0.08201117389734175,0.40212201630628047,0.0821945634833543,0.0,0.21665521227500129,0.12468951151370491,5.027482162320084e-18
2015-09-09,0.08876015195487216,0.0,0.002876770611456835,0.08138510596726177,0.4044302233396613,0.08168342314586614,0.0,0.21490450564084052,0.12595981934004127,4.996513388133479e-18
2015-09-10,0.08945582589817892,0.0,0.0028935852734397077,0.0815153290467739,0.4032153750975304,0.08199377531145458,0.0,0.21591111825659418,0.1250149911160283,5.003774101218268e-18
2015-09-11,0.08907747787898866,0.0,0.0028846443627029423,0.08110907022789877,0.40309589381525235,0.0821393287200921,0.0,0.21625852190671874,0.12543506308834645,5.084664858146317e-18
2015-09-14,0.08811536016809625,0.0,0.0028676608911584194,0.08129252986281342,0.4041584628275299,0.08189998929799523,0.0,0.21582152262330775,0.12584447432909907,5.096039350946969e-18
2015-09-15,0.08857726997576644,0.0,0.0028926237158874834,0.08120252128814429,0.4017424513962407,0.08297977627244785,0.0,0.21893675037139537,0.12366860698011783,5.156118094977798e-18
2015-09-16,0.08963016295935296,0.0,0.0029234229615449046,0.08190483136936122,0.39977931928527416,0.08331014817379306,0.0,0.21981739725307184,0.12263471799760195,5.187290526476659e-18
2015-09-17,0.08861438786484814,0.0,0.0029107047725031652,0.08234346254926835,0.40115086453106813,0.08319003852350823,0.0,0.2182605188779868,0.12353002288081708,5.220902758957893e-18
2015-09-18,0.08742893160462509,0.0,0.002842790945651063,0.08309547305214589,0.40373231876350024,0.08218430362172909,0.0,0.21506746884542066,0.12564871316692788,5.2210949402959576e-18
2015-09-21,0.0886773412092895,0.0,0.0028496396148769347,0.08281923271331686,0.4026069619434225,0.0822747391782224,0.0,0.21681022104231598,0.12396186429855581,5.280948452255822e-18
2015-09-22,0.08828340322067738,0.0,0.0027859390384895374,0.08237753622359846,0.40521433819731956,0.08114940041866076,0.0,0.21431600353801722,0.12587337936323706,5.22217861916403e-18
2015-09-23,0.08770732494383338,0.0,0.0027768201099351176,0.08282512008098515,0.40534227768916353,0.08102323672951775,0.0,0.2142811357749067,0.12604408467165837,5.262501538925033e-18
2015-09-24,0.08798722090235411,0.0,0.0027612782253398694,0.08432533692331429,0.40481033278765793,0.08066074125193068,0.0,0.21290768555065567,0.1265474043587474,5.198525758649873e-18
2015-09-25,0.08880055077952362,0.0,0.0027945649358204583,0.08407858921832974,0.4050639091857203,0.0798576591444635,0.0,0.21354392321781607,0.1258608035183263,5.2362778278740815e-18
2015-09-28,0.08805215716262146,0.0,0.0027547020450629112,0.08347170171294879,0.40962055474055864,0.07804914865908172,0.0,0.2093316952047421,0.12872004047498437,5.1833085397618426e-18
2015-09-29,0.08850090492362699,0.0,0.0027464265795504443,0.08300108402220434,0.41037866630573294,0.07737131497036859,0.0,0.20912189183690452,0.12887971136161214,5.230245287168437e-18
2015-09-30,0.08874253140646293,0.0,0.00278593450077889,0.08176639674334871,0.40858705107789045,0.07821539919449468,0.0,0.21205445087704217,0.12784823619998212,5.250230733773107e-18
2015-10-01,0.09378109414893232,0.0,0.0,0.08318941449406834,0.40008623984816877,0.0823496127523474,0.0,0.19854089161020108,0.14205274714628213,0.0
2015-10-02,0.09352833579849441,0.0,0.0,0.08416276311014959,0.3982864957994754,0.08279800452343977,0.0,0.1996371049805321,0.14158729578790866,0.0
2015-10-05,0.09452995531696977,0.0,0.0,0.08378628345451253,0.39510582966438146,0.08456534802736815,0.0,0.20268981655831975,0.13932276697844842,0.0
2015-10-06,0.09610658546805667,0.0,0.0,0.08438809107404566,0.39480018555113505,0.08374696767532673,0.0,0.20142768048077886,0.13953048975065704,0.0
2015-10-07,0.09579082318353248,0.0,0.0,0.08414963686215977,0.393272778305393,0.08511164893718902,0.0,0.2027989393860998,0.13887617332562588,0.0
2015-10-08,0.09618067697672818,0.0,0.0,0.08368577284098733,0.3920888391080004,0.08584222535545688,0.0,0.20454576246692932,0.13765672325189784,0.0
2015-10-09,0.09635648207274097,0.0,0.0,0.08478939351518856,0.39127940812758133,0.08578762650720399,0.0,0.20413111665710734,0.13765597312017783,0.0
2015-10-12,0.09471124514125948,0.0,0.0,0.08502108776612427,0.3921070954673896,0.08555615031887745,0.0,0.20407219036523225,0.13853223094111697,0.0
2015-10-13,0.09429354232556524,0.0,0.0,0.08561638982280335,0.3932757241039208,0.08455952931613105,0.0,0.203201960103167,0.1390528543284125,0.0
2015-10-14,0.09422742252384092,0.0,0.0,0.08682244232854838,0.394125608110316,0.0834533548076006,0.0,0.2015627892859028,0.13980838294379133,0.0
2015-10-15,0.09375641185611401,0.0,0.0,0.08621695907163208,0.39183274325903755,0.08524322493254681,0.0,0.20416330315323117,0.13878735772743822,0.0
2015-10-16,0.09381835554130634,0.0,0.0,0.08560913369611114,0.3915113512499424,0.08513359840223364,0.0,0.20509387166547532,0.1388336894449311,0.0
2015-10-19,0.09233270655767609,0.0,0.0,0.08545313091157337,0.39225595152251347,0.08549765953250779,0.0,0.20568022538499756,0.13878032609073185,0.0
2015-10-20,0.09268754068447793,0.0,0.0,0.08615451394010724,0.39163783647125855,0.08553799286797517,0.0,0.20579888518416867,0.13818323085201262,0.0
2015-10-21,0.09202386596223329,0.0,0.0,0.08551164521976447,0.3935433407185677,0.08435405403597535,0.0,0.20481299825178942,0.1397540958116697,0.0
2015-10-22,0.09185999465916285,0.0,0.0,0.08504606672953953,0.39193955036223976,0.08466283488547184,0.0,0.20721319569525645,0.13927835766832955,0.0
2015-10-23,0.09140236652922534,0.0,0.0,0.08498530186233898,0.3901126520897268,0.08558127606505904,0.0,0.20969169558966702,0.13822670786398294,0.0
2015-10-26,0.09110941240124361,0.0,0.0,0.08488608103516919,0.39091776917883797,0.08495176212324164,0.0,0.20906338981533046,0.13907158544617712,0.0
2015-10-27,0.09070511673438889,0.0,0.0,0.08509718913447006,0.39199269433046335,0.08404188597690047,0.0,0.20871001186671226,0.13945310195706484,0.0
2015-10-28,0.09194576607725723,0.0,0.0,0.08415306715967917,0.3887670136309399,0.08622900711602886,0.0,0.21043792812299392,0.13846721789310104,0.0
2015-10-29,0.09204195471115817,0.0,0.0,0.08393399336710751,0.38909666527613035,0.08590860784752044,0.0,0.2117962006246341,0.1372225781734495,0.0
2015-10-30,0.092857955174331,0.0,0.0,0.08352153704975109,0.38943669480772164,0.08542245514601517,0.0,0.21065356781365357,0.1381077900085275,0.0
2015-11-02,0.08423440673533508,0.0,0.0,0.0801182808374942,0.39824494426489293,0.09209200445007491,0.0,0.20558581754088692,0.1397245461713159,0.0
2015-11-03,0.08580749114037343,0.0,0.0,0.07899383820469941,0.3975175709062207,0.09264346427728129,0.0,0.2063475775578342,0.13869005791359096,0.0
2015-11-04,0.08462178610612532,0.0,0.0,0.07849288172934903,0.3983485986695684,0.09288623806969466,0.0,0.20636536758176413,0.1392851278434983,0.0
2015-11-05,0.08409205204304052,0.0,0.0,0.07838025440739947,0.398756553678842,0.09311348809880537,0.0,0.2065066442158015,0.13915100755611118,0.0
2015-11-06,0.08407885943701282,0.0,0.0,0.0776913585385784,0.3983766750822518,0.09432507193348205,0.0,0.20761093822956111,0.1379170967791139,0.0
2015-11-09,0.0837659795191756,0.0,0.0,0.07830762427086554,0.3996989377619874,0.09368683824789728,0.0,0.20670942834643502,0.13783119185363904,0.0
2015-11-10,0.08346353931015607,0.0,0.0,0.07801872247542825,0.3998241274916784,0.0938161527998554,0.0,0.20685779255419656,0.13801966536868532,0.0
2015-11-11,0.08288235812481737,0.0,0.0,0.07800793062911707,0.4009260945524008,0.09329901755786461,0.0,0.2067104486860996,0.13817415044970058,0.0
2015-11-12,0.08209764806087762,0.0,0.0,0.07841131883790758,0.403151073483916,0.09197040751000891,0.0,0.2048393003269223,0.1395302517803677,0.0
2015-11-13,0.08159153861470538,0.0,0.0,0.07830850723236092,0.405282119560287,0.09144171475106184,0.0,0.20284016701863555,0.14053595282294923,0.0
2015-11-16,0.08160030320581635,0.0,0.0,0.07804803905573329,0.4038836594702077,0.09178760015373208,0.0,0.2049429896681128,0.1397374084463979,0.0
2015-11-17,0.08056462687438795,0.0,0.0,0.07722259876764023,0.40484732512558963,0.09168061200985637,0.0,0.2053400807738862,0.1403447564486396,0.0
2015-11-18,0.08047824821123795,0.0,0.0,0.07688141727351905,0.4025141470367978,0.09273900776822545,0.0,0.2074939268481325,0.13989325286208723,0.0
2015-11-19,0.08031068469259653,0.0,0.0,0.07756772468640691,0.4025488367181936,0.09215681118701001,0.0,0.20688336599484886,0.1405325767209441,0.0
2015-11-20,0.08020378254510366,0.0,0.0,0.07722166164576112,0.40204867845808556,0.09275954478378168,0.0,0.2076533365879225,0.14011299597934546,0.0
2015-11-23,0.08073031401566706,0.0,0.0,0.07650930026110163,0.4021036243951092,0.09310980569613057,0.0,0.20716980560526194,0.14037715002672968,0.0
2015-11-24,0.08177333133374369,0.0,0.0,0.0767773782177408,0.40122474541502484,0.09349880379791274,0.0,0.20679896016304145,0.13992678107253653,0.0
2015-11-25,0.0815972145904071,0.0,0.0,0.0763599562769616,0.4011391421030291,0.09415300325140886,0.0,0.2066085466319266,0.14014213714626683,0.0
2015-11-27,0.08046142702222302,0.0,0.0,0.07555420521975051,0.4020654801742797,0.094628810940843,0.0,0.20710870679809668,0.1401813698448071,0.0
2015-11-30,0.07999998144378827,0.0,0.0,0.07609760127500853,0.40244654506795763,0.09427124034517456,0.0,0.20636662870962214,0.14081800315844895,0.0
2015-12-01,0.0,0.0,0.0,0.0,0.39899563519526365,0.0,0.0,0.6010043648047364,0.0,0.0
2015-12-02,0.0,0.0,0.0,0.0,0.40078224427884135,0.0,0.0,0.5992177557211587,0.0,0.0
2015-12-03,0.0,0.0,0.0,0.0,0.4016302167760481,0.0,0.0,0.5983697832239518,0.0,0.0
2015-12-04,0.0,0.0,0.0,0.0,0.39788190442216087,0.0,0.0,0.6021180955778391,0.0,0.0
2015-12-07,0.0,0.0,0.0,0.0,0.4001086802665031,0.0,0.0,0.5998913197334969,0.0,0.0
2015-12-08,0.0,0.0,0.0,0.0,0.4018639343303922,0.0,0.0,0.5981360656696079,0.0,0.0
2015-12-09,0.0,0.0,0.0,0.0,0.40410518911783844,0.0,0.0,0.5958948108821616,0.0,0.0
2015-12-10,0.0,0.0,0.0,0.0,0.40296358174669666,0.0,0.0,0.5970364182533034,0.0,0.0
2015-12-11,0.0,0.0,0.0,0.0,0.40960914042483393,0.0,0.0,0.590390859575166,0.0,0.0
2015-12-14,0.0,0.0,0.0,0.0,0.4066010345933914,0.0,0.0,0.5933989654066085,0.0,0.0
2015-12-15,0.0,0.0,0.0,0.0,0.40347068090067306,0.0,0.0,0.5965293190993269,0.0,0.0
2015-12-16,0.0,0.0,0.0,0.0,0.3993442714523468,0.0,0.0,0.6006557285476533,0.0,0.0
2015-12-17,0.0,0.0,0.0,0.0,0.4040338512657083,0.0,0.0,0.5959661487342917,0.0,0.0
2015-12-18,0.0,0.0,0.0,0.0,0.4092339443744367,0.0,0.0,0.5907660556255633,0.0,0.0
2015-12-21,0.0,0.0,0.0,0.0,0.40736274542514567,0.0,0.0,0.5926372545748544,0.0,0.0
2015-12-22,0.0,0.0,0.0,0.0,0.4045040356581527,0.0,0.0,0.5954959643418474,0.0,0.0
2015-12-23,0.0,0.0,0.0,0.0,0.40099931619258616,0.0,0.0,0.5990006838074139,0.0,0.0
2015-12-24,0.0,0.0,0.0,0.0,0.4018365145280141,0.0,0.0,0.5981634854719858,0.0,0.0
2015-12-28,0.0,0.0,0.0,0.0,0.4024317814592055,0.0,0.0,0.5975682185407944,0.0,0.0
2015-12-29,0.0,0.0,0.0,0.0,0.398611055211307,0.0,0.0,0.6013889447886931,0.0,0.0
2015-12-30,0.0,0.0,0.0,0.0,0.4004085118741917,0.0,0.0,0.5995914881258083,0.0,0.0
2015-12-31,0.0,0.0,0.0,0.0,0.40309820226987986,0.0,0.0,0.5969017977301201,0.0,0.0
2016-01-04,0.0,0.0,0.0,0.0,0.40440727567204604,0.0,0.0,0.595592724327954,0.0,0.0
2016-01-05,0.0,0.0,0.0,0.0,0.40393246323119336,0.0,0.0,0.5960675367688066,0.0,0.0
2016-01-06,0.0,0.0,0.0,0.0,0.40844587070761407,0.0,0.0,0.5915541292923859,0.0,0.0
2016-01-07,0.0,0.0,0.0,0.0,0.4148489390926113,0.0,0.0,0.5851510609073887,0.0,0.0
2016-01-08,0.0,0.0,0.0,0.0,0.418144594641522,0.0,0.0,0.581855405358478,0.0,0.0
2016-01-11,0.0,0.0,0.0,0.0,0.4171308695087541,0.0,0.0,0.5828691304912459,0.0,0.0
2016-01-12,0.0,0.0,0.0,0.0,0.41626748715569384,0.0,0.0,0.5837325128443063,0.0,0.0
2016-01-13,0.0,0.0,0.0,0.0,0.42337087293803133,0.0,0.0,0.5766291270619686,0.0,0.0
2016-01-14,0.0,0.0,0.0,0.0,0.41890271855948075,0.0,0.0,0.5810972814405194,0.0,0.0
2016-01-15,0.0,0.0,0.0,0.0,0.42532796543943974,0.0,0.0,0.5746720345605604,0.0,0.0
2016-01-19,0.0,0.0,0.0,0.0,0.4246859228655757,0.0,0.0,0.5753140771344243,0.0,0.0
2016-01-20,0.0,0.0,0.0,0.0,0.4290407448257769,0.0,0.0,0.5709592551742231,0.0,0.0
2016-01-21,0.0,0.0,0.0,0.0,0.42706248385721746,0.0,0.0,0.5729375161427825,0.0,0.0
2016-01-22,0.0,0.0,0.0,0.0,0.42155899221242044,0.0,0.0,0.5784410077875795,0.0,0.0
2016-01-25,0.0,0.0,0.0,0.0,0.42609220523732444,0.0,0.0,0.5739077947626755,0.0,0.0
2016-01-26,0.0,0.0,0.0,0.0,0.42296228877415853,0.0,0.0,0.5770377112258415,0.0,0.0
2016-01-27,0.0,0.0,0.0,0.0,0.42581576811947086,0.0,0.0,0.5741842318805291,0.0,0.0
2016-01-28,0.0,0.0,0.0,0.0,0.4248612552681319,0.0,0.0,0.5751387447318681,0.0,0.0
2016-01-29,0.0,0.0,0.0,0.0,0.4202849443284036,0.0,0.0,0.5797150556715963,0.0,0.0
2016-02-01,0.07265385561365939,2.720908878919234e-18,0.014087194766622678,0.15371045958422166,0.399673284819639,0.06077785886660264,3.487924183784982e-17,0.1737277951107008,0.12536955123855362,6.38410279101848e-17
2016-02-02,0.0714385304913705,2.635035514667473e-18,0.013770722648631113,0.1538951328145382,0.402838835127663,0.05951672250600768,3.4152624126478345e-17,0.17073854961483345,0.1278015067969559,6.331412005121664e-17
2016-02-03,0.07300519868767134,2.7011363712607927e-18,0.01384142602794667,0.15505628362722237,0.4011285229264463,0.059405994912110585,3.388162912151443e-17,0.17122062019823198,0.12634195362037082,6.353568868721104e-17
2016-02-04,0.07261068833261142,2.711342201524728e-18,0.013806151084457674,0.15632928343873845,0.40054389682441227,0.05940856681050069,3.374866813551341e-17,0.1708329880820109,0.1264684254272688,6.332548986612749e-17
2016-02-05,0.07232510188405014,2.686587717411588e-18,0.01362692686380834,0.15918884115588885,0.4020285868041922,0.057922075931168,3.265573869626004e-17,0.16798523058900375,0.12692323677188855,6.227505598058524e-17
2016-02-08,0.07168749473495316,2.639159847330617e-18,0.013319560873636458,0.16067606416561292,0.40339338017649984,0.056740344579276646,3.2026373195950957e-17,0.1650532895223733,0.12912986594764758,6.024882563678107e-17
2016-02-09,0.0700236012672311,2.6091511354075083e-18,0.013198834339623867,0.1607265180554305,0.4044813544716496,0.05649965842356674,3.200725378039685e-17,0.16547746136494695,0.1295925720775509,5.92887404993953e-17
2016-02-10,0.069888588798497,2.6105293823318318e-18,0.01313661695837682,0.16139383304315014,0.40424069243395466,0.056327444699052,3.2015559498810085e-17,0.16474474678263407,0.13026807728433526,5.94874527725897e-17
2016-02-11,0.07024613312213795,2.5486063316964072e-18,0.01285294462684496,0.16668447899724337,0.40320710057078085,0.05531936193954535,3.174154226123493e-17,0.16144373740412968,0.13024624333931764,5.822468328123223e-17
2016-02-12,0.07131437315960833,2.594347329443698e-18,0.013085776563427477,0.16580190409545603,0.4003666846144596,0.056402980838895375,3.2243756616851286e-17,0.16486909281763576,0.12815918791051725,5.892733954068968e-17
2016-02-16,0.07079825721599718,2.662488905621484e-18,0.0134046021887142,0.1614172606264581,0.4007718023748348,0.057971605768831515,3.3102876294334196e-17,0.168323744035236,0.12731272778992814,6.02520173449136e-17
2016-02-17,0.07195561779646056,2.7024379181431424e-18,0.01357319243503944,0.1616700696195963,0.3979546101896738,0.05860998853737115,3.369714740481467e-17,0.17028765434677334,0.12594886707508535,6.048858131086324e-17
2016-02-18,0.0711381189038732,2.6708130454744075e-18,0.013424200851186206,0.1646357688310106,0.39746232978434576,0.057988822583861885,3.311773120063695e-17,0.16859860026638723,0.12675215877933516,6.074233684072468e-17
2016-02-19,0.07060702069276327,2.661989690016764e-18,0.013426852566194742,0.16386209150230813,0.39798329572824975,0.058355294233717006,3.325930993600448e-17,0.16874053115328352,0.1270249141234834,6.117066748784486e-17
2016-02-22,0.07161757226620637,2.7254285138807153e-18,0.013565898172085663,0.16079706078737124,0.39721075951687385,0.058950108927828336,3.376730066484921e-17,0.17102172931699683,0.12683687101263755,6.169611074531536e-17
2016-02-23,0.07066569101958868,2.667841576756456e-18,0.013346770393815021,0.16323371248874455,0.39807069967722525,0.05842033958072878,3.321716712206088e-17,0.16889071373801168,0.12737207310188586,6.154460312244428e-17
2016-02-24,0.0713955512161165,2.6550810166586445e-18,0.013266497842473444,0.16337046093933447,0.39708305801860394,0.05883706944834646,3.3451158915665666e-17,0.16924258347606433,0.12680477905906073,6.131917590190639e-17
2016-02-25,0.07100100281875016,2.651235234284275e-18,0.013361746863050833,0.16302507983587755,0.3963808293905119,0.05909430238552582,3.3620585266355536e-17,0.1704808914221663,0.12665614728411737,6.22756395721954e-17
2016-02-26,0.07120423631482393,2.6367330592234563e-18,0.013386542009018565,0.16262659369032112,0.3962089450188533,0.059733843109188015,3.372798862827231e-17,0.17084637246971562,0.12599346738807934,6.222985255021074e-17
2016-02-29,0.07192638118957749,2.652798525590278e-18,0.013273413550551316,0.1643337158837767,0.3958492848455645,0.05931685974857893,3.334001876757001e-17,0.16907692657883214,0.126223418203119,6.183034081377727e-17
2016-03-01,0.06773127072834456,9.42370663559068e-18,0.048964704578987446,0.13812390913017583,0.39714213084553546,0.04899280958692854,9.784212454538066e-17,0.15900055356627088,0.14004462156375713,1.2303792007373478e-16
2016-03-02,0.06790694658050725,9.522286697739491e-18,0.04916100563177326,0.13879082253921332,0.39531308420939093,0.04935464445730773,9.759754660571955e-17,0.15925545741102518,0.14021803917078193,1.2357069132548748e-16
2016-03-03,0.06791284918379147,9.578594527387686e-18,0.0493750399140742,0.1404342802026681,0.39366925976946104,0.04960506408885514,9.689294213185831e-17,0.15902594476778206,0.13997756207336776,1.2356069337072783e-16
2016-03-04,0.06922763146830584,9.768903621248062e-18,0.0497358798973589,0.14021050945175184,0.3923313374305793,0.0498772804216209,9.692770504343949e-17,0.1595402108922359,0.13907715043814703,1.2357368705842042e-16
2016-03-07,0.07036903529130693,9.737132291067737e-18,0.049588089203082275,0.14066443087294855,0.390862401632711,0.05033171399541438,9.616469816490475e-17,0.15939109673561538,0.13879323226892104,1.2368406304915855e-16
2016-03-08,0.06950942447874035,9.582640896816726e-18,0.04916465309603807,0.14018833168366174,0.39361261071108505,0.04917716240170245,9.548666753118723e-17,0.15784701756915978,0.14050080005961235,1.2256984584689582e-16
2016-03-09,0.0706532861820311,9.654642491875171e-18,0.04941385827380638,0.1392059444674163,0.39257564011142143,0.04949115676114658,9.622550381306397e-17,0.15883227810759792,0.13982783609658,1.234099803858276e-16
2016-03-10,0.07056219908095214,9.671496788967448e-18,0.049344362242089275,0.14146972658132143,0.39125134949919915,0.04909794058010657,9.609814488426374e-17,0.15899193995944047,0.1392824820568907,1.229859209886707e-16
2016-03-11,0.0708104834882041,9.87198308883215e-18,0.05062319079228916,0.13900637526354048,0.3900521568719891,0.050139301704460425,9.775741328973978e-17,0.16152296161398405,0.1378455302655323,1.2571568213707326e-16
2016-03-14,0.07032926182715395,9.833518713575279e-18,0.05062593990911939,0.1375089037359608,0.39117978019821625,0.050117166085200074,9.813334903061653e-17,0.16166295047737025,0.13857599776697907,1.2600174101287256e-16
2016-03-15,0.06988398416065623,9.712045395915505e-18,0.05024543032540779,0.13788127977742795,0.3918677521319522,0.04943285424658583,9.828718970737975e-17,0.16171306724458592,0.13897563211338385,1.263087603874372e-16
2016-03-16,0.07050207272903825,9.823054042486e-18,0.05026202686180794,0.13976859986292853,0.3906101418323234,0.04936265265805063,9.832791397816703e-17,0.16127952385481206,0.13821498220103903,1.2675608236364436e-16
2016-03-17,0.07104584954746966,1.0005333791788324e-17,0.05047622158680872,0.13876067251678542,0.38970667976268025,0.04994842877514992,9.793795907746721e-17,0.16174928775845374,0.13831286005265203,1.2810607638010897e-16
2016-03-18,0.07088486375077017,1.0043134332467762e-17,0.05031144179485981,0.13816763123337986,0.3897873613705636,0.050321859522116326,9.794128457267487e-17,0.16213624838091134,0.13839059394739858,1.273576527632059e-16
2016-03-21,0.07130006111212506,1.0093010896215282e-17,0.0503785265976147,0.13759714617355528,0.3898106110196427,0.05034822915992052,9.860982968696034e-17,0.16283767516296183,0.13772775077417962,1.2657461688207614e-16
2016-03-22,0.07183514068139059,1.0070956510238452e-17,0.05029888914505038,0.1380242423402399,0.3890511633314291,0.05029650957450333,9.892767143363545e-17,0.16277642820471747,0.13771762672266902,1.2659503762557776e-16
2016-03-23,0.07058551404495819,9.937094231355183e-18,0.04998013790351163,0.1354163315304769,0.39233281248459023,0.049555390369820145,9.848833631789199e-17,0.16232022253056896,0.1398095911360737,1.2639163636343018e-16
2016-03-24,0.0702595352245603,9.926671673557033e-18,0.049712196624650776,0.13527309907765672,0.3924656858573276,0.04977070073060134,9.86485854770463e-17,0.1624668158371634,0.1400519666480395,1.2660875639521007e-16
2016-03-28,0.07034766737250948,9.942108056504972e-18,0.04992529584079988,0.13535159415935316,0.39235829787789195,0.049744519443345535,9.833953059131221e-17,0.1622804938992071,0.13999213140689248,1.275286308579754e-16
2016-03-29,0.06950251725250854,9.980022860767463e-18,0.04996821703486185,0.13650858747074202,0.39114414002020587,0.050624866981265726,9.893995682001129e-17,0.16217729419168053,0.14007437704873518,1.2901594338963763e-16
2016-03-30,0.06945665373894126,1.0114168980960869e-17,0.050498961784917897,0.135016976968191,0.3918200252034952,0.05078612523483515,9.972942160287126e-17,0.16339285497462727,0.13902840209499195,1.291669836451277e-16
2016-03-31,0.06920159784541223,1.0083358889101005e-17,0.04989171760084661,0.1353448714018812,0.3923910290288401,0.05081817036603348,9.93671002923693e-17,0.16264217606970843,0.13971043768727762,1.2967550465134642e-16
2016-04-01,0.07091996960294333,1.9771992347848185e-17,0.0803642458468748,0.11338554558285427,0.40041578193335103,0.0,9.938414518628945e-18,0.1725826529811163,0.16233180405286027,0.0
2016-04-04,0.0700750123040817,1.9571615971231512e-17,0.0803456567910727,0.11284257651094455,0.40164817308629,0.0,9.919344693621245e-18,0.17234971838687183,0.16273886292073922,0.0
2016-04-05,0.06981515334340985,1.9162250032333848e-17,0.07865632340556647,0.11415155603806491,0.4026933669559241,0.0,9.810128623079953e-18,0.17039244978319848,0.1642911504738361,0.0
2016-04-06,0.07049566111046311,1.9371937382671242e-17,0.07984524227352142,0.11332422949906683,0.4013641875720884,0.0,9.960086350137531e-18,0.17205775704395027,0.16291292250090994,0.0
2016-04-07,0.07012010525758969,1.8941461882600312e-17,0.07850324329892266,0.1146834021636757,0.4025254209038796,0.0,9.794852811511694e-18,0.1696156379696507,0.16455219040628158,0.0
2016-04-08,0.07166914403597896,1.9235765651818443e-17,0.07986096469324151,0.11430280358455991,0.4011841671621468,0.0,9.770013502497782e-18,0.16976620789513572,0.163216712628937,0.0
2016-04-11,0.07210534447956107,1.9455416430291142e-17,0.07978801177708204,0.1156797333442443,0.4005326012725319,0.0,9.720101321051351e-18,0.16912320440972176,0.16277110471685893,0.0
2016-04-12,0.07355045416801576,1.9722454871926958e-17,0.0808424909007101,0.11551046922157548,0.3982923957322495,0.0,9.785578759746021e-18,0.1704200065913702,0.16138418338607902,0.0
2016-04-13,0.07370606631943906,2.001273856831037e-17,0.0818795575260069,0.11393636127371055,0.39738668977352437,0.0,9.880977753018313e-18,0.17162546751001284,0.16146585759730636,0.0
2016-04-14,0.07338059452005748,1.9987675060740674e-17,0.08244495136125356,0.11275181490793225,0.39789076364806447,0.0,9.91774804914201e-18,0.17225687158977074,0.16127500397292152,0.0
2016-04-15,0.07291348076884394,1.9819009223325344e-17,0.08203923367232589,0.11322492783030329,0.3980039354500571,0.0,9.865982787517066e-18,0.17160153134183115,0.1622168909366387,0.0
2016-04-18,0.07316572533911135,1.989160164396711e-17,0.08266331965878192,0.11294345205481132,0.39722556373362183,0.0,9.909060274981286e-18,0.1726413102226633,0.16136062899101025,0.0
2016-04-19,0.07441473752999307,2.0111690954072546e-17,0.0837496978160104,0.1142343791613415,0.3949392453586781,0.0,9.807778799460639e-18,0.1724699672886517,0.16019197284532516,0.0
2016-04-20,0.07606240518782331,2.007406627393422e-17,0.08404425250268323,0.11395613691576557,0.39398621681851215,0.0,9.842060197002943e-18,0.17309685779507714,0.1588541307801387,0.0
2016-04-21,0.07596223969704256,1.9932064289172866e-17,0.08378340248677933,0.11472196482739253,0.39449111489242844,0.0,9.871759576798927e-18,0.17266979977740812,0.15837147831894893,0.0
2016-04-22,0.07583576331071851,1.9863026148173355e-17,0.0840431892865566,0.11354608049672947,0.3950816765544402,0.0,9.748000006114768e-18,0.17311793020509,0.15837536014646517,0.0
2016-04-25,0.07589836313189242,1.976686259357327e-17,0.0837483146122191,0.11404867016002826,0.395255232101136,0.0,9.762990407128221e-18,0.17308543711280222,0.15796398288192204,0.0
2016-04-26,0.07683757129667582,1.9971353375230168e-17,0.08400898297344103,0.11445267415536332,0.3942533808543134,0.0,9.711322941828772e-18,0.1732679239746474,0.15717946674555888,0.0
2016-04-27,0.07713991507530552,1.9988700536651124e-17,0.08363222421368526,0.11418895581095584,0.3943791445410881,0.0,9.583768973143321e-18,0.17272974278002595,0.1579300175789392,0.0
2016-04-28,0.07742258762715999,1.9745002820622328e-17,0.08233712338408355,0.11612666852579653,0.3949954921193465,0.0,9.450006366313803e-18,0.1708375517805473,0.15828057656306613,0.0
2016-04-29,0.0780173283902735,1.9620053307599774e-17,0.08182282994745009,0.11815010555394156,0.3940645208230805,0.0,9.381466151911045e-18,0.16957631005837528,0.15836890522687894,0.0
2016-05-02,0.0,0.0,0.0,0.0,0.39740447438685067,0.0,0.0,0.6025955256131492,0.0,0.0
2016-05-03,0.0,0.0,0.0,0.0,0.40092024845390384,0.0,0.0,0.5990797515460962,0.0,0.0
2016-05-04,0.0,0.0,0.0,0.0,0.40270075481021794,0.0,0.0,0.5972992451897821,0.0,0.0
2016-05-05,0.0,0.0,0.0,0.0,0.40340079109859933,0.0,0.0,0.5965992089014008,0.0,0.0
2016-05-06,0.0,0.0,0.0,0.0,0.4019564958508077,0.0,0.0,0.5980435041491923,0.0,0.0
2016-05-09,0.0,0.0,0.0,0.0,0.4022148127308903,0.0,0.0,0.5977851872691097,0.0,0.0
2016-05-10,0.0,0.0,0.0,0.0,0.3992038791434741,0.0,0.0,0.6007961208565259,0.0,0.0
2016-05-11,0.0,0.0,0.0,0.0,0.4018293024857515,0.0,0.0,0.5981706975142485,0.0,0.0
2016-05-12,0.0,0.0,0.0,0.0,0.40110785086361017,0.0,0.0,0.5988921491363898,0.0,0.0
2016-05-13,0.0,0.0,0.0,0.0,0.40412557743676875,0.0,0.0,0.5958744225632312,0.0,0.0
2016-05-16,0.0,0.0,0.0,0.0,0.4008957217521765,0.0,0.0,0.5991042782478235,0.0,0.0
2016-05-17,0.0,0.0,0.0,0.0,0.40282322875666376,0.0,0.0,0.5971767712433362,0.0,0.0
2016-05-18,0.0,0.0,0.0,0.0,0.4008060300234272,0.0,0.0,0.5991939699765728,0.0,0.0
2016-05-19,0.0,0.0,0.0,0.0,0.4018814684528056,0.0,0.0,0.5981185315471944,0.0,0.0
2016-05-20,0.0,0.0,0.0,0.0,0.4005221108193852,0.0,0.0,0.5994778891806146,0.0,0.0
2016-05-23,0.0,0.0,0.0,0.0,0.4010028446670629,0.0,0.0,0.5989971553329371,0.0,0.0
2016-05-24,0.0,0.0,0.0,0.0,0.397519768952354,0.0,0.0,0.602480231047646,0.0,0.0
2016-05-25,0.0,0.0,0.0,0.0,0.3957926767094239,0.0,0.0,0.604207323290576,0.0,0.0
2016-05-26,0.0,0.0,0.0,0.0,0.39646591501694783,0.0,0.0,0.6035340849830523,0.0,0.0
2016-05-27,0.0,0.0,0.0,0.0,0.3949823720260147,0.0,0.0,0.6050176279739852,0.0,0.0
2016-05-31,0.0,0.0,0.0,0.0,0.39572107956855174,0.0,0.0,0.6042789204314483,0.0,0.0
2016-06-01,0.0,0.0,0.0,0.0,0.39942760115902565,0.0,0.0,0.6005723988409744,0.0,0.0
2016-06-02,0.0,0.0,0.0,0.0,0.3994421056268011,0.0,0.0,0.6005578943731988,0.0,0.0
2016-06-03,0.0,0.0,0.0,0.0,0.40238015826844303,0.0,0.0,0.5976198417315569,0.0,0.0
2016-06-06,0.0,0.0,0.0,0.0,0.4005312832572277,0.0,0.0,0.5994687167427724,0.0,0.0
2016-06-07,0.0,0.0,0.0,0.0,0.4005036923653692,0.0,0.0,0.5994963076346308,0.0,0.0
2016-06-08,0.0,0.0,0.0,0.0,0.4000041530524703,0.0,0.0,0.5999958469475297,0.0,0.0
2016-06-09,0.0,0.0,0.0,0.0,0.4006999968711822,0.0,0.0,0.5993000031288178,0.0,0.0
2016-06-10,0.0,0.0,0.0,0.0,0.4038326450857016,0.0,0.0,0.5961673549142984,0.0,0.0
2016-06-13,0.0,0.0,0.0,0.0,0.40617345531795823,0.0,0.0,0.5938265446820418,0.0,0.0
2016-06-14,0.0,0.0,0.0,0.0,0.406583498993562,0.0,0.0,0.5934165010064381,0.0,0.0
2016-06-15,0.0,0.0,0.0,0.0,0.40765403679620715,0.0,0.0,0.5923459632037927,0.0,0.0
2016-06-16,0.0,0.0,0.0,0.0,0.40719319063199366,0.0,0.0,0.5928068093680063,0.0,0.0
2016-06-17,0.0,0.0,0.0,0.0,0.40727426836100883,0.0,0.0,0.5927257316389911,0.0,0.0
2016-06-20,0.0,0.0,0.0,0.0,0.40468769678993965,0.0,0.0,0.5953123032100605,0.0,0.0
2016-06-21,0.0,0.0,0.0,0.0,0.4034634789380585,0.0,0.0,0.5965365210619414,0.0,0.0
2016-06-22,0.0,0.0,0.0,0.0,0.4043331538663987,0.0,0.0,0.5956668461336013,0.0,0.0
2016-06-23,0.0,0.0,0.0,0.0,0.4000739079258225,0.0,0.0,0.5999260920741775,0.0,0.0
2016-06-24,0.0,0.0,0.0,0.0,0.41220460194641795,0.0,0.0,0.587795398053582,0.0,0.0
2016-06-27,0.0,0.0,0.0,0.0,0.41868371964654366,0.0,0.0,0.5813162803534564,0.0,0.0
2016-06-28,0.0,0.0,0.0,0.0,0.41429664817097717,0.0,0.0,0.5857033518290229,0.0,0.0
2016-06-29,0.0,0.0,0.0,0.0,0.4092204555867306,0.0,0.0,0.5907795444132694,0.0,0.0
2016-06-30,0.0,0.0,0.0,0.0,0.4064822253001142,0.0,0.0,0.5935177746998858,0.0,0.0
2016-07-01,0.06055159709870306,1.5485358651444603e-17,0.09651536188967082,0.07604380135999317,0.3985605709980214,1.4462325767593834e-17,0.0,0.15165954537702583,0.21666912327658572,0.0
2016-07-05,0.058786998804075084,1.5142114131684897e-17,0.0945673453537653,0.07660618231121669,0.4004040889719626,1.4237114998265304e-17,0.0,0.1504403637426961,0.2191950208162842,0.0
2016-07-06,0.05891233378962721,1.5074273657385543e-17,0.09422145465089457,0.07691453547938458,0.3997400355429953,1.4314189232864077e-17,0.0,0.15106506278788867,0.21914657774920965,0.0
2016-07-07,0.05741220942034445,1.5079084726657855e-17,0.09412220514816659,0.07685387125157994,0.40040435453181755,1.43871718429291e-17,0.0,0.15142202181267084,0.21978533783542065,0.0
2016-07-08,0.05758618619334565,1.529596819522544e-17,0.09488110079306437,0.0767684519640422,0.39833923390885007,1.4618240604011345e-17,0.0,0.15258859526415397,0.2198364318765437,0.0
2016-07-11,0.057529756706706014,1.5489600981520664e-17,0.09656715302362613,0.07627804496265114,0.39745356392955583,1.483253204754548e-17,0.0,0.15359606904489292,0.21857541233256791,0.0
2016-07-12,0.05883417853161115,1.5765795933122932e-17,0.09823946143583141,0.07529383920405325,0.3965670453782813,1.50866748806799e-17,0.0,0.15528573869332138,0.2157797367569015,0.0
2016-07-13,0.057897471456147896,1.5685805122507183e-17,0.09780393272082574,0.07572977838318402,0.39624489297973914,1.4976641964285594e-17,0.0,0.15473915430686822,0.21758477015323505,0.0
2016-07-14,0.05833217264868363,1.596790022029757e-17,0.09899057929980308,0.07540626535864986,0.39596336102175483,1.5043733102468527e-17,0.0,0.15614304305772717,0.2151645786133814,0.0
2016-07-15,0.05844058473385608,1.6004563827650656e-17,0.09893656326142067,0.07545731119801842,0.3962397886479518,1.5153850461408762e-17,0.0,0.15664187609655056,0.21428387606220248,0.0
2016-07-18,0.058154876368997445,1.6144808651022308e-17,0.09915974154059469,0.07556108105242042,0.3960537198176657,1.5176115531134274e-17,0.0,0.15703121466747422,0.21403936655284764,0.0
2016-07-19,0.057740451705470736,1.5961724657767095e-17,0.0982724055571543,0.07558076123293248,0.39668834720407653,1.508392079180168e-17,0.0,0.15670276284806692,0.21501527145229907,0.0
2016-07-20,0.05746005279370297,1.6073257318342495e-17,0.0993482190012141,0.07464301138859965,0.39663802098185763,1.5211799346925412e-17,0.0,0.15765841163706773,0.21425228419755787,0.0
2016-07-21,0.057081185882660694,1.600552802135426e-17,0.09883502582052632,0.07569312568390558,0.3970680168448044,1.5122238113661166e-17,0.0,0.1568828055088053,0.21443984025929783,0.0
2016-07-22,0.056948718758853205,1.6117793007304378e-17,0.09899975694263399,0.07510834315405357,0.39664413589302167,1.523081564059407e-17,0.0,0.15754472229001584,0.21475432296142175,0.0
2016-07-25,0.05644546565819817,1.599119739930586e-17,0.0990934311570879,0.07474752758397243,0.3971882302162857,1.524113715842155e-17,0.0,0.15745871052950958,0.21506663485494623,0.0
2016-07-26,0.05614515000389569,1.6098263257708487e-17,0.0993955794029193,0.07497630348829383,0.39697589667045624,1.5296927070280402e-17,0.0,0.15734888622798404,0.21515818420645094,0.0
2016-07-27,0.05530736151240618,1.6067939273912852e-17,0.09924069610030921,0.07578734543088278,0.3965987773638796,1.5260059782345303e-17,0.0,0.15636304456509487,0.21670277502742732,0.0
2016-07-28,0.055178444504283934,1.6080235277869353e-17,0.09918531494325063,0.07560516012080656,0.39700369078532793,1.522842812297732e-17,0.0,0.15661984737631854,0.2164075422700124,0.0
2016-07-29,0.05531433885187946,1.6068695700783056e-17,0.09976288078236607,0.07593155330052283,0.39614352387562446,1.5167715190930532e-17,0.0,0.1559375729324666,0.21691013025714043,0.0
2016-08-01,0.0,0.0,0.0,0.0,0.3993645102155395,0.0,0.0,0.6006354897844605,0.0,0.0
2016-08-02,0.0,0.0,0.0,0.0,0.4003304836921984,0.0,0.0,0.5996695163078015,0.0,0.0
2016-08-03,0.0,0.0,0.0,0.0,0.39975838933953967,0.0,0.0,0.6002416106604603,0.0,0.0
2016-08-04,0.0,0.0,0.0,0.0,0.4000793654921363,0.0,0.0,0.5999206345078637,0.0,0.0
2016-08-05,0.0,0.0,0.0,0.0,0.39663221203676785,0.0,0.0,0.6033677879632323,0.0,0.0
2016-08-08,0.0,0.0,0.0,0.0,0.3966464826572711,0.0,0.0,0.6033535173427289,0.0,0.0
2016-08-09,0.0,0.0,0.0,0.0,0.3973586260648242,0.0,0.0,0.6026413739351759,0.0,0.0
2016-08-10,0.0,0.0,0.0,0.0,0.39859201311490927,0.0,0.0,0.6014079868850907,0.0,0.0
2016-08-11,0.0,0.0,0.0,0.0,0.39633111990091635,0.0,0.0,0.6036688800990837,0.0,0.0
2016-08-12,0.0,0.0,0.0,0.0,0.39739279237801417,0.0,0.0,0.6026072076219858,0.0,0.0
2016-08-15,0.0,0.0,0.0,0.0,0.39599980436543103,0.0,0.0,0.604000195634569,0.0,0.0
2016-08-16,0.0,0.0,0.0,0.0,0.39683094873786096,0.0,0.0,0.603169051262139,0.0,0.0
2016-08-17,0.0,0.0,0.0,0.0,0.39676598846964534,0.0,0.0,0.6032340115303546,0.0,0.0
2016-08-18,0.0,0.0,0.0,0.0,0.3966564464353592,0.0,0.0,0.6033435535646408,0.0,0.0
2016-08-19,0.0,0.0,0.0,0.0,0.39619503667207895,0.0,0.0,0.6038049633279211,0.0,0.0
2016-08-22,0.0,0.0,0.0,0.0,0.39674019922075154,0.0,0.0,0.6032598007792485,0.0,0.0
2016-08-23,0.0,0.0,0.0,0.0,0.3962374576545624,0.0,0.0,0.6037625423454376,0.0,0.0
2016-08-24,0.0,0.0,0.0,0.0,0.39737937928197126,0.0,0.0,0.6026206207180288,0.0,0.0
2016-08-25,0.0,0.0,0.0,0.0,0.39715945421208837,0.0,0.0,0.6028405457879117,0.0,0.0
2016-08-26,0.0,0.0,0.0,0.0,0.39668887093039557,0.0,0.0,0.6033111290696044,0.0,0.0
2016-08-29,0.0,0.0,0.0,0.0,0.39649897499800313,0.0,0.0,0.603501025001997,0.0,0.0
2016-08-30,0.0,0.0,0.0,0.0,0.39687256447815084,0.0,0.0,0.6031274355218491,0.0,0.0
2016-08-31,0.0,0.0,0.0,0.0,0.3972761923834182,0.0,0.0,0.6027238076165817,0.0,0.0
2016-09-01,0.0,0.0,0.0,0.0,0.4003649813844933,0.0,0.0,0.5996350186155067,0.0,0.0
2016-09-02,0.0,0.0,0.0,0.0,0.3986626993327165,0.0,0.0,0.6013373006672834,0.0,0.0
2016-09-06,0.0,0.0,0.0,0.0,0.3990547623728674,0.0,0.0,0.6009452376271326,0.0,0.0
2016-09-07,0.0,0.0,0.0,0.0,0.3992052235226528,0.0,0.0,0.6007947764773471,0.0,0.0
2016-09-08,0.0,0.0,0.0,0.0,0.39857355527988103,0.0,0.0,0.601426444720119,0.0,0.0
2016-09-09,0.0,0.0,0.0,0.0,0.40324804034233713,0.0,0.0,0.5967519596576629,0.0,0.0
2016-09-12,0.0,0.0,0.0,0.0,0.4000411409176391,0.0,0.0,0.5999588590823609,0.0,0.0
2016-09-13,0.0,0.0,0.0,0.0,0.40263157731377114,0.0,0.0,0.5973684226862289,0.0,0.0
2016-09-14,0.0,0.0,0.0,0.0,0.40326469986532043,0.0,0.0,0.5967353001346796,0.0,0.0
2016-09-15,0.0,0.0,0.0,0.0,0.4009391814987022,0.0,0.0,0.5990608185012977,0.0,0.0
2016-09-16,0.0,0.0,0.0,0.0,0.4021295913171241,0.0,0.0,0.597870408682876,0.0,0.0
2016-09-19,0.0,0.0,0.0,0.0,0.40167294301240586,0.0,0.0,0.598327056987594,0.0,0.0
2016-09-20,0.0,0.0,0.0,0.0,0.40203001848812997,0.0,0.0,0.59796998151187,0.0,0.0
2016-09-21,0.0,0.0,0.0,0.0,0.39973310829607794,0.0,0.0,0.6002668917039222,0.0,0.0
2016-09-22,0.0,0.0,0.0,0.0,0.39893677496360025,0.0,0.0,0.6010632250363999,0.0,0.0
2016-09-23,0.0,0.0,0.0,0.0,0.40036255612064137,0.0,0.0,0.5996374438793586,0.0,0.0
2016-09-26,0.0,0.0,0.0,0.0,0.40300578442362683,0.0,0.0,0.5969942155763731,0.0,0.0
2016-09-27,0.0,0.0,0.0,0.0,0.4019250887367576,0.0,0.0,0.5980749112632423,0.0,0.0
2016-09-28,0.0,0.0,0.0,0.0,0.4006284754053143,0.0,0.0,0.5993715245946858,0.0,0.0
2016-09-29,0.0,0.0,0.0,0.0,0.4029629138645233,0.0,0.0,0.5970370861354767,0.0,0.0
2016-09-30,0.0,0.0,0.0,0.0,0.40055525032650907,0.0,0.0,0.599444749673491,0.0,0.0
2016-10-03,0.0,0.0,0.0,0.0,0.4000185993568196,0.0,0.0,0.5999814006431804,0.0,0.0
2016-10-04,0.0,0.0,0.0,0.0,0.4001446211901431,0.0,0.0,0.599855378809857,0.0,0.0
2016-10-05,0.0,0.0,0.0,0.0,0.3985444082908079,0.0,0.0,0.6014555917091922,0.0,0.0
2016-10-06,0.0,0.0,0.0,0.0,0.39787944028335137,0.0,0.0,0.6021205597166487,0.0,0.0
2016-10-07,0.0,0.0,0.0,0.0,0.39904974546143407,0.0,0.0,0.600950254538566,0.0,0.0
2016-10-10,0.0,0.0,0.0,0.0,0.3971760643409158,0.0,0.0,0.6028239356590842,0.0,0.0
2016-10-11,0.0,0.0,0.0,0.0,0.40015785136120824,0.0,0.0,0.5998421486387918,0.0,0.0
2016-10-12,0.0,0.0,0.0,0.0,0.39984329631893484,0.0,0.0,0.6001567036810651,0.0,0.0
2016-10-13,0.0,0.0,0.0,0.0,0.4011308844633065,0.0,0.0,0.5988691155366934,0.0,0.0
2016-10-14,0.0,0.0,0.0,0.0,0.4002672127208957,0.0,0.0,0.5997327872791043,0.0,0.0
2016-10-17,0.0,0.0,0.0,0.0,0.4016250549733167,0.0,0.0,0.5983749450266834,0.0,0.0
2016-10-18,0.0,0.0,0.0,0.0,0.40060360898460684,0.0,0.0,0.5993963910153931,0.0,0.0
2016-10-19,0.0,0.0,0.0,0.0,0.4000725271082086,0.0,0.0,0.5999274728917913,0.0,0.0
2016-10-20,0.0,0.0,0.0,0.0,0.4003041292038368,0.0,0.0,0.5996958707961632,0.0,0.0
2016-10-21,0.0,0.0,0.0,0.0,0.40045211012673587,0.0,0.0,0.5995478898732641,0.0,0.0
2016-10-24,0.0,0.0,0.0,0.0,0.39910860774224877,0.0,0.0,0.6008913922577511,0.0,0.0
2016-10-25,0.0,0.0,0.0,0.0,0.39987037725277863,0.0,0.0,0.6001296227472214,0.0,0.0
2016-10-26,0.0,0.0,0.0,0.0,0.3998312280247222,0.0,0.0,0.6001687719752778,0.0,0.0
2016-10-27,0.0,0.0,0.0,0.0,0.39964423874398897,0.0,0.0,0.6003557612560111,0.0,0.0
2016-10-28,0.0,0.0,0.0,0.0,0.400398232784547,0.0,0.0,0.5996017672154531,0.0,0.0
2016-10-31,0.0,0.0,0.0,0.0,0.4005832403815639,0.0,0.0,0.5994167596184361,0.0,0.0
2016-11-01,0.10097181028457965,0.09968975378428092,0.10006700765414209,0.10115267690664691,0.10050523249384717,0.09927179934117517,0.0997455917333761,0.09977339656562736,0.10050917863596823,0.09831355260035647
2016-11-02,0.10033347244847506,0.09906277965246485,0.09995788623508632,0.10248582232375411,0.10138389729696834,0.09856895163646269,0.09951289666260503,0.09974042712346695,0.10152413461376518,0.09742973200695161
2016-11-03,0.10036458378292848,0.09915511847355062,0.1002214188363788,0.10341304879444223,0.10169337259213942,0.0984532121549466,0.09890012674954833,0.09965019545391582,0.1011166242206636,0.09703229894148609
2016-11-04,0.0997276219064161,0.09818500975566172,0.09929737793023705,0.10353067340867575,0.10204932283882519,0.09912766102405492,0.09859397898207785,0.09958156679916096,0.10206478326441845,0.09784200409047208
2016-11-07,0.09906012377489172,0.10064572246982785,0.09958628098243039,0.10057532428585365,0.10053399622692422,0.100461719052054,0.09985316849232727,0.10068587364623285,0.10011110504315435,0.09848668602630363
2016-11-08,0.09877830845068629,0.10114338585986456,0.09971511719613307,0.10000597068208521,0.10002825405235147,0.10057409400571138,0.1003554650781202,0.10098844159292295,0.09955616376461292,0.09885479931751201
2016-11-09,0.09978794910440586,0.09838317915438581,0.10034535735744637,0.1004845178831469,0.0990414425726815,0.10423515718946685,0.10136729860129962,0.10261499692279938,0.09585097722425302,0.09788912399011473
2016-11-10,0.09985256020736515,0.09643098577356395,0.10094920287152506,0.09986157405558785,0.09931374758258081,0.10683659798278562,0.10061003797944777,0.10377856901827945,0.09526826362446933,0.09709846090439511
2016-11-11,0.09838805217919509,0.09502026317499807,0.10078304718589845,0.09808909537404553,0.099554121842366,0.10978035663177954,0.10110434866056268,0.10400310231256898,0.09515705593619311,0.09812055670239248
2016-11-14,0.09823115708849636,0.09437876076606648,0.1002843496835824,0.09730729930340662,0.09902620021697718,0.11137766392755877,0.1001316768931001,0.1041356152411751,0.09463395408082409,0.10049332279881293
2016-11-15,0.0996646465271648,0.09555591433933842,0.09997144324761544,0.09741824800996314,0.09828416762971168,0.11088542505859258,0.1007598647874807,0.1041617799290019,0.09438939165657326,0.09890911881455812
2016-11-16,0.09867153566536387,0.09498272048156546,0.09914728957549464,0.09735135113970253,0.09860360428027397,0.11113284486125884,0.10159206996435624,0.10420615657362613,0.09546094162557633,0.09885148583278205
2016-11-17,0.09890741128546462,0.09515037642361023,0.09993568973745079,0.09688248611191742,0.09820064360420934,0.11182103129409345,0.10236383359871376,0.10477575472934468,0.09408679367008856,0.09787597954510718
2016-11-18,0.09992386848481619,0.09490287541980542,0.09904418459695002,0.09622513135759714,0.09796252676195116,0.11263947641602846,0.10218663157817408,0.10475171135648263,0.09400392685683816,0.09835966717135662
2016-11-21,0.10196945338798181,0.09513867302682791,0.09916355064087573,0.09588195829992047,0.09733288326357627,0.11234091262151882,0.10249829101602866,0.1047751194730316,0.09355184369358877,0.09734731457665004
2016-11-22,0.10134482860899825,0.09611809320493139,0.09893076966732382,0.09538815143393138,0.09695674326731189,0.11282048881872976,0.10231548255836416,0.10447524847351061,0.09307151550209312,0.09857867846480549
2016-11-23,0.10212072845955388,0.09543582242199486,0.09894312921786187,0.0938395274285734,0.09696195081604866,0.11394082812563862,0.10227514960754557,0.10491439651876049,0.09304939176881298,0.09851907563520956
2016-11-25,0.10125587259091624,0.09578300384762187,0.09912084122537303,0.09319699840638901,0.09676271009367747,0.11417856623252355,0.10247993119564207,0.10517757544643916,0.09307614321449108,0.09896835774692662
2016-11-28,0.10153696838350214,0.09611020983182036,0.09854266295343024,0.09412975740661679,0.09714972947328086,0.1126343328651157,0.1021904772737695,0.10462586651189618,0.09370992596930344,0.09937006933126485
2016-11-29,0.09949001847651057,0.09622251489832777,0.09914643849900404,0.09366848536542315,0.0972269210153614,0.11254727043359464,0.10251891308444541,0.10480432276503146,0.09407962406902447,0.10029549139327708
2016-11-30,0.10288684517834967,0.09672722905822942,0.09939306683458579,0.09273925618045971,0.09691800132350283,0.11239132239501586,0.10163688096956867,0.10492366316471174,0.09288367642973794,0.09950005846583834
2016-12-01,0.10239425249184274,0.09935380661893604,0.10015382842529882,0.1003544128479161,0.10015974942601537,0.10005441611146763,0.09880633667623737,0.10017382640797654,0.09948179998912698,0.09906757100518247
2016-12-02,0.10271174707354606,0.09907199170947056,0.10000284267118527,0.10049344983029193,0.10020967269897536,0.09960370238371763,0.0986098561139913,0.09982584397713191,0.0998127374073218,0.09965815613436814
2016-12-05,0.10267765970012796,0.09934744849081466,0.10044176609643521,0.09941278684435806,0.09962737742259305,0.1007653850645717,0.09883708156257587,0.09988016066604238,0.09916259731984658,0.0998477368326347
2016-12-06,0.10192250900340127,0.09959052738929372,0.10083217425534048,0.09902640759588384,0.09937595845609691,0.10155944757062628,0.098786778056759,0.09990566082544548,0.09880025762100443,0.10020027922614866
2016-12-07,0.10018953546768322,0.10031834615891001,0.10137540538438039,0.09844891761992294,0.09877060586011872,0.10158527744150961,0.09909855935566325,0.10026229618237634,0.09870893494314174,0.10124212158629373
2016-12-08,0.10023303968303975,0.10061062324635221,0.10113687429781472,0.09807272854270406,0.09824867039053915,0.10303020250820259,0.09912547831805182,0.1003570934603381,0.09739850516864118,0.10178678438431656
2016-12-09,0.10083500961732769,0.10016962946293537,0.10165531103285255,0.09712644945049338,0.09782678393775739,0.10331910959227718,0.09998756089609728,0.10104881451182078,0.09626841989473894,0.10176291160369945
2016-12-12,0.10157134411217919,0.09959320240319634,0.10129492676710243,0.09758237094394447,0.09793225122336169,0.10231910984927996,0.09962397511164682,0.10102227363105026,0.09653417716978145,0.10252636878845735
2016-12-13,0.10138172904540887,0.10025852222444101,0.10193567393148126,0.09682831068567893,0.09755693695537596,0.10187597729974762,0.10043597284755265,0.1012487203197883,0.09645198540406147,0.10202617128646393
2016-12-14,0.10176946584410873,0.09858966354461035,0.10178901113839439,0.09669447751448255,0.09805049401064583,0.10195951273641113,0.10157884224144473,0.10176682481514777,0.09666017218201815,0.10114153597273631
2016-12-15,0.10169492550833129,0.09881190990897085,0.10161769679300156,0.09542318951157593,0.0978304154512715,0.10277813202275847,0.10179551646816591,0.10224213944417138,0.09720195226194453,0.10060412262980858
2016-12-16,0.10201426101804889,0.09823138855505709,0.10155041570156308,0.09592473708966655,0.09782107335290227,0.10245094280537378,0.1012812569746734,0.10190446267375014,0.0968475275061997,0.1019739343227651
2016-12-19,0.10112734719516009,0.09727224687733188,0.1010934213263398,0.09611910517293765,0.09798358517585573,0.10281693837731276,0.1013955532057414,0.10182440104265356,0.09759982459844337,0.1027675770282239
2016-12-20,0.10141795217344701,0.09744841844363245,0.10127736970309797,0.0952563583685325,0.09761813082452975,0.10352071988913694,0.10161896003962394,0.10205154615887041,0.09695610612206695,0.10283443827706212
2016-12-21,0.10112850947165093,0.09732708083895295,0.10160178480188908,0.0955881308438513,0.09806376552428832,0.10314619459208002,0.10184008993999381,0.10206517145926727,0.09766884737630781,0.10157042515171849
2016-12-22,0.10135165331448313,0.09650659928931996,0.10172740640330494,0.0956913330212931,0.09836427275879397,0.1026145564826817,0.10190797229462213,0.10224540927452118,0.09783537381482091,0.10175542334615902
2016-12-23,0.10127902828138384,0.09681613290459666,0.10172281553146086,0.09573977412930858,0.0981984479752298,0.10288762207171807,0.10170606161238048,0.10212416982715875,0.09777533293929093,0.10175061472747196
2016-12-27,0.10249264809400277,0.09690829592277744,0.10125304274902662,0.0959703830280961,0.09772262416896735,0.10299669901624765,0.10188221761568676,0.10202863484461543,0.09712835359760891,0.10161710096297108
2016-12-28,0.10271815729223113,0.09779297340910612,0.10102430213449128,0.09638624932338243,0.09823386057111151,0.10210105955240344,0.1012477857987021,0.10134379759841387,0.0979913936336942,0.10116042068646397
2016-12-29,0.10232847242424684,0.09889749853726801,0.10075892201904384,0.09715885600453181,0.09803760482741236,0.10167518903009516,0.10059324688470041,0.10080913642777016,0.09784164441770506,0.10189942942722645
2016-12-30,0.10260695947946637,0.09827705197708429,0.10119235899159464,0.0966392362077048,0.09840925978735096,0.1013679058593032,0.09964152687346896,0.10052327773750584,0.09807029427662518,0.10327212880989572
2017-01-03,0.09838018115087042,0.10076913730947072,0.10019550106397508,0.10035584246771553,0.09952705765871932,0.10006931608834026,0.10046544831363997,0.10033636716502986,0.10000083078504443,0.09990031799719441
2017-01-04,0.0983687014610973,0.10075263754044136,0.10055108079963393,0.09993212133506221,0.09887125707430487,0.10095220039957187,0.10023139928242894,0.10015354557664129,0.09960983968053365,0.10057721685028456
2017-01-05,0.09829251333678236,0.10126071932051285,0.1008168510231649,0.100892160887473,0.09893331854001731,0.0992066347083443,0.10021204159547971,0.09949175923516787,0.10058057103636289,0.10031343031669476
2017-01-06,0.09837703936345378,0.10105411184596867,0.10069002102073016,0.10036109513184469,0.09869268048492254,0.0990524181620728,0.10130562051168826,0.10005983458852455,0.09986872191754516,0.10053845697324944
2017-01-09,0.09700972003248434,0.10109915186080534,0.1006653817245748,0.10131702002352047,0.0991953787518193,0.09852883421710905,0.10176825407189881,0.09985734044346908,0.10079927491958177,0.09975964395473697
2017-01-10,0.09649590988990454,0.1016079920981228,0.10060092250086138,0.10166623126466985,0.0990680192449287,0.0993911238520022,0.10191026949415359,0.09977644708827194,0.10065151657344781,0.0988315679936372
2017-01-11,0.09719473713695026,0.10244018229477773,0.100758494402872,0.10160632225994017,0.098816691523997,0.09920090569783964,0.10180943552621609,0.09969111481881138,0.10061971960776767,0.09786239673082808
2017-01-12,0.09846644004567337,0.1027288872747933,0.10075483037699234,0.10181507390392838,0.09871933249855365,0.09828405756992459,0.10149427461067521,0.09928657492954994,0.10024145587459016,0.098209072915319
2017-01-13,0.09819990286455041,0.10256036937319965,0.10104484450980464,0.10199908944472741,0.09842317891841519,0.09891444128006303,0.10175766480588146,0.09943246769055823,0.09968222369107936,0.09798581742172056
2017-01-17,0.09801336998888012,0.1023741734920985,0.10054384485930336,0.10333224383944765,0.09879247633958824,0.09744750400603425,0.1013230002843906,0.09895616321222979,0.10059781419422932,0.09861940978379799
2017-01-18,0.09750642223445659,0.10218995783071996,0.1006245367835522,0.10283480656469648,0.098453518095306,0.09812590703239235,0.10190256570483328,0.09953944467278565,0.0996744170498845,0.09914842403137301
2017-01-19,0.09761152854862891,0.10231649907875616,0.10079797472975958,0.10318382034957883,0.0984977017779596,0.0977409031814642,0.10228761055618787,0.09959398496141657,0.09941326988860079,0.09855670692764748
2017-01-20,0.09835676826774692,0.10212456603886182,0.10099369443292651,0.1030431033281145,0.09817083284740148,0.09787239600853188,0.10212320887412828,0.09958062870563372,0.09883833711698493,0.09889646437967005
2017-01-23,0.09794689017188078,0.10320689563513402,0.10082684530662342,0.10327370400501042,0.09827468185220008,0.09705854280715083,0.10178015027816395,0.0989076340424481,0.09941117595257952,0.09931347994880889
2017-01-24,0.09795337841254881,0.10359491227304092,0.10083339347005485,0.10255823295105405,0.09766193318981606,0.09830344767117938,0.10221417167541014,0.09929810708162905,0.09848839274817767,0.09909403052708894
2017-01-25,0.09722370022231942,0.10461430527720586,0.10176142152800237,0.10159385765224759,0.09706429664143831,0.09911291616050454,0.10312213252732248,0.10004024871606017,0.09713834317096316,0.09832877810393618
2017-01-26,0.0977997067366437,0.10432441105338168,0.10150754907245009,0.10080187813107798,0.09733932047109606,0.0988627760398196,0.10338285824014141,0.10008462937282879,0.09761068575997182,0.09828618512258887
2017-01-27,0.09714141240659666,0.10456120092650772,0.10148726457552783,0.10115479071070221,0.09760324910811913,0.09866733847423136,0.10373247708446638,0.10007414457928479,0.0981065490433434,0.09747157309122052
2017-01-30,0.09709162089499367,0.10454719833799535,0.10128671202648862,0.10211405989572081,0.09808577283148194,0.09779979614768154,0.10346284694724392,0.09997380479301474,0.09832302583423028,0.09731516229114913
2017-01-31,0.09721068562797175,0.10427271981624799,0.10098383432871595,0.10306433889890568,0.0979806777627935,0.0980416978198362,0.1027914897761827,0.09951569416328346,0.09856221882027691,0.09757664298578596
2017-02-01,0.0,0.0,0.0,0.0,0.39944478923277005,0.0,0.0,0.60055521076723,0.0,0.0
2017-02-02,0.0,0.0,0.0,0.0,0.39937858619145034,0.0,0.0,0.6006214138085496,0.0,0.0
2017-02-03,0.0,0.0,0.0,0.0,0.39791471552948865,0.0,0.0,0.6020852844705114,0.0,0.0
2017-02-06,0.0,0.0,0.0,0.0,0.39948460544749137,0.0,0.0,0.6005153945525087,0.0,0.0
2017-02-07,0.0,0.0,0.0,0.0,0.3999066768028999,0.0,0.0,0.6000933231971,0.0,0.0
2017-02-08,0.0,0.0,0.0,0.0,0.4005687936314817,0.0,0.0,0.5994312063685183,0.0,0.0
2017-02-09,0.0,0.0,0.0,0.0,0.39771958440841265,0.0,0.0,0.6022804155915874,0.0,0.0
2017-02-10,0.0,0.0,0.0,0.0,0.39661731050583005,0.0,0.0,0.60338268949417,0.0,0.0
2017-02-13,0.0,0.0,0.0,0.0,0.3949555295799588,0.0,0.0,0.6050444704200413,0.0,0.0
2017-02-14,0.0,0.0,0.0,0.0,0.3931382952347247,0.0,0.0,0.6068617047652752,0.0,0.0
2017-02-15,0.0,0.0,0.0,0.0,0.3914411606065225,0.0,0.0,0.6085588393934775,0.0,0.0
2017-02-16,0.0,0.0,0.0,0.0,0.3926002826615303,0.0,0.0,0.6073997173384695,0.0,0.0
2017-02-17,0.0,0.0,0.0,0.0,0.3928603133022741,0.0,0.0,0.6071396866977259,0.0,0.0
2017-02-21,0.0,0.0,0.0,0.0,0.39133169406078216,0.0,0.0,0.608668305939218,0.0,0.0
2017-02-22,0.0,0.0,0.0,0.0,0.391928232758556,0.0,0.0,0.608071767241444,0.0,0.0
2017-02-23,0.0,0.0,0.0,0.0,0.39239995124230675,0.0,0.0,0.6076000487576932,0.0,0.0
2017-02-24,0.0,0.0,0.0,0.0,0.39320169769487756,0.0,0.0,0.6067983023051224,0.0,0.0
2017-02-27,0.0,0.0,0.0,0.0,0.39197349595969044,0.0,0.0,0.6080265040403097,0.0,0.0
2017-02-28,0.0,0.0,0.0,0.0,0.3925050535729093,0.0,0.0,0.6074949464270907,0.0,0.0
2017-03-01,0.0,0.0,0.0,0.0,0.39499666393045274,0.0,0.0,0.6050033360695474,0.0,0.0
2017-03-02,0.0,0.0,0.0,0.0,0.3958214833450748,0.0,0.0,0.6041785166549252,0.0,0.0
2017-03-03,0.0,0.0,0.0,0.0,0.39589965070445965,0.0,0.0,0.6041003492955404,0.0,0.0
2017-03-06,0.0,0.0,0.0,0.0,0.39656744620485135,0.0,0.0,0.6034325537951487,0.0,0.0
2017-03-07,0.0,0.0,0.0,0.0,0.39693970195641853,0.0,0.0,0.6030602980435814,0.0,0.0
2017-03-08,0.0,0.0,0.0,0.0,0.39658084641181285,0.0,0.0,0.6034191535881872,0.0,0.0
2017-03-09,0.0,0.0,0.0,0.0,0.39560999033992056,0.0,0.0,0.6043900096600794,0.0,0.0
2017-03-10,0.0,0.0,0.0,0.0,0.3952800854406613,0.0,0.0,0.6047199145593387,0.0,0.0
2017-03-13,0.0,0.0,0.0,0.0,0.394561025391626,0.0,0.0,0.605438974608374,0.0,0.0
2017-03-14,0.0,0.0,0.0,0.0,0.39573084063798425,0.0,0.0,0.6042691593620156,0.0,0.0
2017-03-15,0.0,0.0,0.0,0.0,0.39575719309258006,0.0,0.0,0.6042428069074199,0.0,0.0
2017-03-16,0.0,0.0,0.0,0.0,0.39556485822199955,0.0,0.0,0.6044351417780004,0.0,0.0
2017-03-17,0.0,0.0,0.0,0.0,0.39662596082271606,0.0,0.0,0.6033740391772839,0.0,0.0
2017-03-20,0.0,0.0,0.0,0.0,0.3974593270812393,0.0,0.0,0.6025406729187607,0.0,0.0
2017-03-21,0.0,0.0,0.0,0.0,0.40135778005050565,0.0,0.0,0.5986422199494943,0.0,0.0
2017-03-22,0.0,0.0,0.0,0.0,0.40124868929334745,0.0,0.0,0.5987513107066524,0.0,0.0
2017-03-23,0.0,0.0,0.0,0.0,0.4012546585719764,0.0,0.0,0.5987453414280236,0.0,0.0
2017-03-24,0.0,0.0,0.0,0.0,0.4015660961183075,0.0,0.0,0.5984339038816925,0.0,0.0
2017-03-27,0.0,0.0,0.0,0.0,0.40240465259077657,0.0,0.0,0.5975953474092234,0.0,0.0
2017-03-28,0.0,0.0,0.0,0.0,0.399843689584997,0.0,0.0,0.600156310415003,0.0,0.0
2017-03-29,0.0,0.0,0.0,0.0,0.4003017800578331,0.0,0.0,0.599698219942167,0.0,0.0
2017-03-30,0.0,0.0,0.0,0.0,0.39885697128377096,0.0,0.0,0.601143028716229,0.0,0.0
2017-03-31,0.0,0.0,0.0,0.0,0.3998935761088152,0.0,0.0,0.6001064238911847,0.0,0.0
2017-04-03,0.0,0.0,0.0,0.0,0.40159727244329235,0.0,0.0,0.5984027275567075,0.0,0.0
2017-04-04,0.0,0.0,0.0,0.0,0.4011038311653296,0.0,0.0,0.5988961688346705,0.0,0.0
2017-04-05,0.0,0.0,0.0,0.0,0.4022732332025958,0.0,0.0,0.5977267667974042,0.0,0.0
2017-04-06,0.0,0.0,0.0,0.0,0.40143966937201064,0.0,0.0,0.5985603306279894,0.0,0.0
2017-04-07,0.0,0.0,0.0,0.0,0.40095783264109675,0.0,0.0,0.5990421673589033,0.0,0.0
2017-04-10,0.0,0.0,0.0,0.0,0.40124670758180825,0.0,0.0,0.5987532924181919,0.0,0.0
2017-04-11,0.0,0.0,0.0,0.0,0.40264360095053653,0.0,0.0,0.5973563990494635,0.0,0.0
2017-04-12,0.0,0.0,0.0,0.0,0.4044467008664913,0.0,0.0,0.5955532991335087,0.0,0.0
2017-04-13,0.0,0.0,0.0,0.0,0.4067401124407697,0.0,0.0,0.5932598875592303,0.0,0.0
2017-04-17,0.0,0.0,0.0,0.0,0.40423025388386624,0.0,0.0,0.5957697461161338,0.0,0.0
2017-04-18,0.0,0.0,0.0,0.0,0.4063237755258663,0.0,0.0,0.5936762244741337,0.0,0.0
2017-04-19,0.0,0.0,0.0,0.0,0.40613777973187226,0.0,0.0,0.5938622202681277,0.0,0.0
2017-04-20,0.0,0.0,0.0,0.0,0.4036441149395953,0.0,0.0,0.5963558850604048,0.0,0.0
2017-04-21,0.0,0.0,0.0,0.0,0.4045252475431127,0.0,0.0,0.5954747524568873,0.0,0.0
2017-04-24,0.0,0.0,0.0,0.0,0.40139827529749295,0.0,0.0,0.5986017247025069,0.0,0.0
2017-04-25,0.0,0.0,0.0,0.0,0.39876523597737457,0.0,0.0,0.6012347640226254,0.0,0.0
2017-04-26,0.0,0.0,0.0,0.0,0.39954795910212226,0.0,0.0,0.6004520408978777,0.0,0.0
2017-04-27,0.0,0.0,0.0,0.0,0.39950451516170893,0.0,0.0,0.6004954848382912,0.0,0.0
2017-04-28,0.0,0.0,0.0,0.0,0.4002758184988164,0.0,0.0,0.5997241815011836,0.0,0.0
2017-05-01,0.0,0.0,0.0,0.0,0.3988773625822152,0.0,0.0,0.6011226374177847,0.0,0.0
2017-05-02,0.0,0.0,0.0,0.0,0.39928310107852794,0.0,0.0,0.6007168989214722,0.0,0.0
2017-05-03,0.0,0.0,0.0,0.0,0.39907835360742144,0.0,0.0,0.6009216463925786,0.0,0.0
2017-05-04,0.0,0.0,0.0,0.0,0.3982547120999896,0.0,0.0,0.6017452879000104,0.0,0.0
2017-05-05,0.0,0.0,0.0,0.0,0.39735866124996966,0.0,0.0,0.6026413387500302,0.0,0.0
2017-05-08,0.0,0.0,0.0,0.0,0.3968105916210784,0.0,0.0,0.6031894083789215,0.0,0.0
2017-05-09,0.0,0.0,0.0,0.0,0.39675849666282303,0.0,0.0,0.603241503337177,0.0,0.0
2017-05-10,0.0,0.0,0.0,0.0,0.3962386863850008,0.0,0.0,0.6037613136149992,0.0,0.0
2017-05-11,0.0,0.0,0.0,0.0,0.3969091890824561,0.0,0.0,0.6030908109175438,0.0,0.0
2017-05-12,0.0,0.0,0.0,0.0,0.3985310125402795,0.0,0.0,0.6014689874597204,0.0,0.0
2017-05-15,0.0,0.0,0.0,0.0,0.39705346358861193,0.0,0.0,0.6029465364113881,0.0,0.0
2017-05-16,0.0,0.0,0.0,0.0,0.39758847612887027,0.0,0.0,0.6024115238711297,0.0,0.0
2017-05-17,0.0,0.0,0.0,0.0,0.4038010354415362,0.0,0.0,0.5961989645584637,0.0,0.0
2017-05-18,0.0,0.0,0.0,0.0,0.40276622015166974,0.0,0.0,0.5972337798483301,0.0,0.0
2017-05-19,0.0,0.0,0.0,0.0,0.40114035213031546,0.0,0.0,0.5988596478696846,0.0,0.0
2017-05-22,0.0,0.0,0.0,0.0,0.39965507046940246,0.0,0.0,0.6003449295305976,0.0,0.0
2017-05-23,0.0,0.0,0.0,0.0,0.3984961753594941,0.0,0.0,0.6015038246405059,0.0,0.0
2017-05-24,0.0,0.0,0.0,0.0,0.39843170464380356,0.0,0.0,0.6015682953561965,0.0,0.0
2017-05-25,0.0,0.0,0.0,0.0,0.3974238102792492,0.0,0.0,0.6025761897207508,0.0,0.0
2017-05-26,0.0,0.0,0.0,0.0,0.3976301175566266,0.0,0.0,0.6023698824433733,0.0,0.0
2017-05-30,0.0,0.0,0.0,0.0,0.3984421312821996,0.0,0.0,0.6015578687178005,0.0,0.0
2017-05-31,0.0,0.0,0.0,0.0,0.39861346705440687,0.0,0.0,0.6013865329455931,0.0,0.0
2017-06-01,0.0,0.0,0.0,0.0,0.39797528356374756,0.0,0.0,0.6020247164362523,0.0,0.0
2017-06-02,0.0,0.0,0.0,0.0,0.3982282887574767,0.0,0.0,0.6017717112425234,0.0,0.0
2017-06-05,0.0,0.0,0.0,0.0,0.39800366866616876,0.0,0.0,0.6019963313338312,0.0,0.0
2017-06-06,0.0,0.0,0.0,0.0,0.39952927626669155,0.0,0.0,0.6004707237333085,0.0,0.0
2017-06-07,0.0,0.0,0.0,0.0,0.39864028156742715,0.0,0.0,0.601359718432573,0.0,0.0
2017-06-08,0.0,0.0,0.0,0.0,0.39814310807702147,0.0,0.0,0.6018568919229785,0.0,0.0
2017-06-09,0.0,0.0,0.0,0.0,0.39828379520167506,0.0,0.0,0.6017162047983249,0.0,0.0
2017-06-12,0.0,0.0,0.0,0.0,0.3982882399743557,0.0,0.0,0.6017117600256443,0.0,0.0
2017-06-13,0.0,0.0,0.0,0.0,0.3972091896466985,0.0,0.0,0.6027908103533016,0.0,0.0
2017-06-14,0.0,0.0,0.0,0.0,0.3987604677029004,0.0,0.0,0.6012395322970997,0.0,0.0
2017-06-15,0.0,0.0,0.0,0.0,0.39879947658211007,0.0,0.0,0.60120052341789,0.0,0.0
2017-06-16,0.0,0.0,0.0,0.0,0.39888080966315365,0.0,0.0,0.6011191903368464,0.0,0.0
2017-06-19,0.0,0.0,0.0,0.0,0.3962270896437045,0.0,0.0,0.6037729103562954,0.0,0.0
2017-06-20,0.0,0.0,0.0,0.0,0.39844869027552327,0.0,0.0,0.6015513097244767,0.0,0.0
2017-06-21,0.0,0.0,0.0,0.0,0.3984855617806107,0.0,0.0,0.6015144382193893,0.0,0.0
2017-06-22,0.0,0.0,0.0,0.0,0.3988167340951519,0.0,0.0,0.6011832659048482,0.0,0.0
2017-06-23,0.0,0.0,0.0,0.0,0.39859728869309446,0.0,0.0,0.6014027113069055,0.0,0.0
2017-06-26,0.0,0.0,0.0,0.0,0.39863964014944075,0.0,0.0,0.6013603598505594,0.0,0.0
2017-06-27,0.0,0.0,0.0,0.0,0.3993984963688288,0.0,0.0,0.6006015036311713,0.0,0.0
2017-06-28,0.0,0.0,0.0,0.0,0.3970398950910964,0.0,0.0,0.6029601049089036,0.0,0.0
2017-06-29,0.0,0.0,0.0,0.0,0.39825944585927764,0.0,0.0,0.6017405541407224,0.0,0.0
2017-06-30,0.0,0.0,0.0,0.0,0.3972520959824182,0.0,0.0,0.6027479040175817,0.0,0.0
2017-07-03,0.0,0.0,0.0,0.0,0.39871080022547306,0.0,0.0,0.6012891997745269,0.0,0.0
2017-07-05,0.0,0.0,0.0,0.0,0.39833805636958186,0.0,0.0,0.6016619436304182,0.0,0.0
2017-07-06,0.0,0.0,0.0,0.0,0.4000890052640686,0.0,0.0,0.5999109947359315,0.0,0.0
2017-07-07,0.0,0.0,0.0,0.0,0.3981536777752299,0.0,0.0,0.6018463222247701,0.0,0.0
2017-07-10,0.0,0.0,0.0,0.0,0.39821341920579634,0.0,0.0,0.6017865807942038,0.0,0.0
2017-07-11,0.0,0.0,0.0,0.0,0.39870808509667166,0.0,0.0,0.6012919149033283,0.0,0.0
2017-07-12,0.0,0.0,0.0,0.0,0.39761348657390433,0.0,0.0,0.6023865134260956,0.0,0.0
2017-07-13,0.0,0.0,0.0,0.0,0.3969637389738921,0.0,0.0,0.603036261026108,0.0,0.0
2017-07-14,0.0,0.0,0.0,0.0,0.3961876937283795,0.0,0.0,0.6038123062716205,0.0,0.0
2017-07-17,0.0,0.0,0.0,0.0,0.3965091966794951,0.0,0.0,0.603490803320505,0.0,0.0
2017-07-18,0.0,0.0,0.0,0.0,0.39725720200888276,0.0,0.0,0.6027427979911173,0.0,0.0
2017-07-19,0.0,0.0,0.0,0.0,0.39596509879885783,0.0,0.0,0.6040349012011421,0.0,0.0
2017-07-20,0.0,0.0,0.0,0.0,0.3959256121650306,0.0,0.0,0.6040743878349695,0.0,0.0
2017-07-21,0.0,0.0,0.0,0.0,0.3965633667082815,0.0,0.0,0.6034366332917185,0.0,0.0
2017-07-24,0.0,0.0,0.0,0.0,0.3964650843648462,0.0,0.0,0.6035349156351538,0.0,0.0
2017-07-25,0.0,0.0,0.0,0.0,0.3945411472597804,0.0,0.0,0.6054588527402196,0.0,0.0
2017-07-26,0.0,0.0,0.0,0.0,0.3952934779302371,0.0,0.0,0.6047065220697628,0.0,0.0
2017-07-27,0.0,0.0,0.0,0.0,0.3951349369808752,0.0,0.0,0.6048650630191247,0.0,0.0
2017-07-28,0.0,0.0,0.0,0.0,0.39581869979073037,0.0,0.0,0.6041813002092697,0.0,0.0
2017-07-31,0.0,0.0,0.0,0.0,0.39602154780470183,0.0,0.0,0.6039784521952981,0.0,0.0
2017-08-01,0.0,0.0,0.0,0.0,0.4000610267267319,0.0,0.0,0.5999389732732681,0.0,0.0
2017-08-02,0.0,0.0,0.0,0.0,0.3997201726945071,0.0,0.0,0.6002798273054929,0.0,0.0
2017-08-03,0.0,0.0,0.0,0.0,0.4010162632475895,0.0,0.0,0.5989837367524106,0.0,0.0
2017-08-04,0.0,0.0,0.0,0.0,0.39992893454015016,0.0,0.0,0.6000710654598498,0.0,0.0
2017-08-07,0.0,0.0,0.0,0.0,0.39961775284275375,0.0,0.0,0.6003822471572463,0.0,0.0
2017-08-08,0.0,0.0,0.0,0.0,0.4000070461704072,0.0,0.0,0.5999929538295928,0.0,0.0
2017-08-09,0.0,0.0,0.0,0.0,0.4003086136269767,0.0,0.0,0.5996913863730233,0.0,0.0
2017-08-10,0.0,0.0,0.0,0.0,0.40462435251768875,0.0,0.0,0.5953756474823113,0.0,0.0
2017-08-11,0.0,0.0,0.0,0.0,0.40453780295401415,0.0,0.0,0.5954621970459858,0.0,0.0
2017-08-14,0.0,0.0,0.0,0.0,0.4015819911155968,0.0,0.0,0.5984180088844032,0.0,0.0
2017-08-15,0.0,0.0,0.0,0.0,0.40089369405972713,0.0,0.0,0.5991063059402728,0.0,0.0
2017-08-16,0.0,0.0,0.0,0.0,0.40092362014347827,0.0,0.0,0.5990763798565217,0.0,0.0
2017-08-17,0.0,0.0,0.0,0.0,0.4055567422792447,0.0,0.0,0.5944432577207552,0.0,0.0
2017-08-18,0.0,0.0,0.0,0.0,0.40597876929377597,0.0,0.0,0.5940212307062241,0.0,0.0
2017-08-21,0.0,0.0,0.0,0.0,0.40594687935182455,0.0,0.0,0.5940531206481755,0.0,0.0
2017-08-22,0.0,0.0,0.0,0.0,0.4029707593480783,0.0,0.0,0.5970292406519216,0.0,0.0
2017-08-23,0.0,0.0,0.0,0.0,0.40466323010097593,0.0,0.0,0.5953367698990241,0.0,0.0
2017-08-24,0.0,0.0,0.0,0.0,0.4048451087547282,0.0,0.0,0.5951548912452718,0.0,0.0
2017-08-25,0.0,0.0,0.0,0.0,0.4046855028346435,0.0,0.0,0.5953144971653564,0.0,0.0
2017-08-28,0.0,0.0,0.0,0.0,0.4048991526253379,0.0,0.0,0.5951008473746623,0.0,0.0
2017-08-29,0.0,0.0,0.0,0.0,0.40518106425007444,0.0,0.0,0.5948189357499255,0.0,0.0
2017-08-30,0.0,0.0,0.0,0.0,0.40384206487987545,0.0,0.0,0.5961579351201246,0.0,0.0
2017-08-31,0.0,0.0,0.0,0.0,0.4027767737384624,0.0,0.0,0.5972232262615375,0.0,0.0
2017-09-01,0.0,0.0,0.0,0.0,0.39895416292369396,0.0,0.0,0.601045837076306,0.0,0.0
2017-09-05,0.0,0.0,0.0,0.0,0.4023504877300897,0.0,0.0,0.5976495122699103,0.0,0.0
2017-09-06,0.0,0.0,0.0,0.0,0.4009549110092176,0.0,0.0,0.5990450889907825,0.0,0.0
2017-09-07,0.0,0.0,0.0,0.0,0.40202512326632905,0.0,0.0,0.597974876733671,0.0,0.0
2017-09-08,0.0,0.0,0.0,0.0,0.40213083781632014,0.0,0.0,0.5978691621836799,0.0,0.0
2017-09-11,0.0,0.0,0.0,0.0,0.39821047624181527,0.0,0.0,0.6017895237581848,0.0,0.0
2017-09-12,0.0,0.0,0.0,0.0,0.3968273214917826,0.0,0.0,0.6031726785082174,0.0,0.0
2017-09-13,0.0,0.0,0.0,0.0,0.3962235012107335,0.0,0.0,0.6037764987892665,0.0,0.0
2017-09-14,0.0,0.0,0.0,0.0,0.39634438244097475,0.0,0.0,0.6036556175590252,0.0,0.0
2017-09-15,0.0,0.0,0.0,0.0,0.39631162633812045,0.0,0.0,0.6036883736618796,0.0,0.0
2017-09-18,0.0,0.0,0.0,0.0,0.3948692805408135,0.0,0.0,0.6051307194591864,0.0,0.0
2017-09-19,0.0,0.0,0.0,0.0,0.39436291554554337,0.0,0.0,0.6056370844544566,0.0,0.0
2017-09-20,0.0,0.0,0.0,0.0,0.3938085582490176,0.0,0.0,0.6061914417509824,0.0,0.0
2017-09-21,0.0,0.0,0.0,0.0,0.39413637326758993,0.0,0.0,0.6058636267324101,0.0,0.0
2017-09-22,0.0,0.0,0.0,0.0,0.39451298658275746,0.0,0.0,0.6054870134172424,0.0,0.0
2017-09-25,0.0,0.0,0.0,0.0,0.39571579599980516,0.0,0.0,0.6042842040001948,0.0,0.0
2017-09-26,0.0,0.0,0.0,0.0,0.395371319422706,0.0,0.0,0.604628680577294,0.0,0.0
2017-09-27,0.0,0.0,0.0,0.0,0.3932146633431093,0.0,0.0,0.6067853366568907,0.0,0.0
2017-09-28,0.0,0.0,0.0,0.0,0.3928838577523879,0.0,0.0,0.6071161422476121,0.0,0.0
2017-09-29,0.0,0.0,0.0,0.0,0.3917566866196805,0.0,0.0,0.6082433133803195,0.0,0.0
2017-10-02,0.0,0.0,0.0,0.0,0.3986884238004375,0.0,0.0,0.6013115761995624,0.0,0.0
2017-10-03,0.0,0.0,0.0,0.0,0.3985141484276084,0.0,0.0,0.6014858515723915,0.0,0.0
2017-10-04,0.0,0.0,0.0,0.0,0.3981622979051167,0.0,0.0,0.6018377020948833,0.0,0.0
2017-10-05,0.0,0.0,0.0,0.0,0.3964999535713106,0.0,0.0,0.6035000464286894,0.0,0.0
2017-10-06,0.0,0.0,0.0,0.0,0.3964797166660905,0.0,0.0,0.6035202833339095,0.0,0.0
2017-10-09,0.0,0.0,0.0,0.0,0.3971457765859964,0.0,0.0,0.6028542234140036,0.0,0.0
2017-10-10,0.0,0.0,0.0,0.0,0.396605212173386,0.0,0.0,0.6033947878266139,0.0,0.0
2017-10-11,0.0,0.0,0.0,0.0,0.3964995623720823,0.0,0.0,0.6035004376279177,0.0,0.0
2017-10-12,0.0,0.0,0.0,0.0,0.39708133252884725,0.0,0.0,0.6029186674711527,0.0,0.0
2017-10-13,0.0,0.0,0.0,0.0,0.3975980272810388,0.0,0.0,0.6024019727189611,0.0,0.0
2017-10-16,0.0,0.0,0.0,0.0,0.39687520518288905,0.0,0.0,0.6031247948171109,0.0,0.0
2017-10-17,0.0,0.0,0.0,0.0,0.3966169315555216,0.0,0.0,0.6033830684444785,0.0,0.0
2017-10-18,0.0,0.0,0.0,0.0,0.39577629012341264,0.0,0.0,0.6042237098765874,0.0,0.0
2017-10-19,0.0,0.0,0.0,0.0,0.39595817491519214,0.0,0.0,0.604041825084808,0.0,0.0
2017-10-20,0.0,0.0,0.0,0.0,0.3937388433368943,0.0,0.0,0.6062611566631056,0.0,0.0
2017-10-23,0.0,0.0,0.0,0.0,0.3948947158097036,0.0,0.0,0.6051052841902964,0.0,0.0
2017-10-24,0.0,0.0,0.0,0.0,0.3937541948550439,0.0,0.0,0.6062458051449561,0.0,0.0
2017-10-25,0.0,0.0,0.0,0.0,0.39455526392673934,0.0,0.0,0.6054447360732607,0.0,0.0
2017-10-26,0.0,0.0,0.0,0.0,0.393930223390259,0.0,0.0,0.606069776609741,0.0,0.0
2017-10-27,0.0,0.0,0.0,0.0,0.39275474417209943,0.0,0.0,0.6072452558279006,0.0,0.0
2017-10-30,0.0,0.0,0.0,0.0,0.39450092377194523,0.0,0.0,0.6054990762280548,0.0,0.0
2017-10-31,0.0,0.0,0.0,0.0,0.39397168764670126,0.0,0.0,0.6060283123532988,0.0,0.0
2017-11-01,0.0,0.0,0.0,0.0,0.3998278040668046,0.0,0.0,0.6001721959331955,0.0,0.0
2017-11-02,0.0,0.0,0.0,0.0,0.40005121204067645,0.0,0.0,0.5999487879593235,0.0,0.0
2017-11-03,0.0,0.0,0.0,0.0,0.3996351783764563,0.0,0.0,0.6003648216235438,0.0,0.0
2017-11-06,0.0,0.0,0.0,0.0,0.39955713950402555,0.0,0.0,0.6004428604959744,0.0,0.0
2017-11-07,0.0,0.0,0.0,0.0,0.3998141539032874,0.0,0.0,0.6001858460967125,0.0,0.0
2017-11-08,0.0,0.0,0.0,0.0,0.3991135942079803,0.0,0.0,0.6008864057920198,0.0,0.0
2017-11-09,0.0,0.0,0.0,0.0,0.3998952039185968,0.0,0.0,0.6001047960814032,0.0,0.0
2017-11-10,0.0,0.0,0.0,0.0,0.39874872893547186,0.0,0.0,0.6012512710645281,0.0,0.0
2017-11-13,0.0,0.0,0.0,0.0,0.3984126429496917,0.0,0.0,0.6015873570503084,0.0,0.0
2017-11-14,0.0,0.0,0.0,0.0,0.3993100484705664,0.0,0.0,0.6006899515294336,0.0,0.0
2017-11-15,0.0,0.0,0.0,0.0,0.4013743427913733,0.0,0.0,0.5986256572086267,0.0,0.0
2017-11-16,0.0,0.0,0.0,0.0,0.39873219053892617,0.0,0.0,0.6012678094610738,0.0,0.0
2017-11-17,0.0,0.0,0.0,0.0,0.3997545507312886,0.0,0.0,0.6002454492687114,0.0,0.0
2017-11-20,0.0,0.0,0.0,0.0,0.3989613146620238,0.0,0.0,0.6010386853379763,0.0,0.0
2017-11-21,0.0,0.0,0.0,0.0,0.39744357960788035,0.0,0.0,0.6025564203921198,0.0,0.0
2017-11-22,0.0,0.0,0.0,0.0,0.3984226855280184,0.0,0.0,0.6015773144719815,0.0,0.0
2017-11-24,0.0,0.0,0.0,0.0,0.39766710417350914,0.0,0.0,0.6023328958264909,0.0,0.0
2017-11-27,0.0,0.0,0.0,0.0,0.39794451721209445,0.0,0.0,0.6020554827879055,0.0,0.0
2017-11-28,0.0,0.0,0.0,0.0,0.3955736358209101,0.0,0.0,0.6044263641790898,0.0,0.0
2017-11-29,0.0,0.0,0.0,0.0,0.394953818626455,0.0,0.0,0.6050461813735449,0.0,0.0
2017-11-30,0.0,0.0,0.0,0.0,0.3921295562086652,0.0,0.0,0.6078704437913347,0.0,0.0
2017-12-01,0.0,0.0,0.0,0.0,0.40138473047086876,0.0,0.0,0.5986152695291312,0.0,0.0
2017-12-04,0.0,0.0,0.0,0.0,0.4015621160429013,0.0,0.0,0.5984378839570987,0.0,0.0
2017-12-05,0.0,0.0,0.0,0.0,0.40260985936281424,0.0,0.0,0.5973901406371858,0.0,0.0
2017-12-06,0.0,0.0,0.0,0.0,0.4030631749591705,0.0,0.0,0.5969368250408296,0.0,0.0
2017-12-07,0.0,0.0,0.0,0.0,0.4018754389085311,0.0,0.0,0.5981245610914689,0.0,0.0
2017-12-08,0.0,0.0,0.0,0.0,0.40038747374666905,0.0,0.0,0.599612526253331,0.0,0.0
2017-12-11,0.0,0.0,0.0,0.0,0.39950690394647814,0.0,0.0,0.6004930960535219,0.0,0.0
2017-12-12,0.0,0.0,0.0,0.0,0.3988798762251967,0.0,0.0,0.6011201237748032,0.0,0.0
2017-12-13,0.0,0.0,0.0,0.0,0.3998804142687819,0.0,0.0,0.6001195857312182,0.0,0.0
2017-12-14,0.0,0.0,0.0,0.0,0.40077289610069244,0.0,0.0,0.5992271038993076,0.0,0.0
2017-12-15,0.0,0.0,0.0,0.0,0.39873773655924427,0.0,0.0,0.6012622634407558,0.0,0.0
2017-12-18,0.0,0.0,0.0,0.0,0.39668122038894515,0.0,0.0,0.6033187796110548,0.0,0.0
2017-12-19,0.0,0.0,0.0,0.0,0.3965145265030281,0.0,0.0,0.6034854734969719,0.0,0.0
2017-12-20,0.0,0.0,0.0,0.0,0.3959354417937493,0.0,0.0,0.6040645582062507,0.0,0.0
2017-12-21,0.0,0.0,0.0,0.0,0.3956119543682423,0.0,0.0,0.6043880456317576,0.0,0.0
2017-12-22,0.0,0.0,0.0,0.0,0.3957656488911294,0.0,0.0,0.6042343511088705,0.0,0.0
2017-12-26,0.0,0.0,0.0,0.0,0.3961428770035798,0.0,0.0,0.6038571229964201,0.0,0.0
2017-12-27,0.0,0.0,0.0,0.0,0.397049164503514,0.0,0.0,0.6029508354964859,0.0,0.0
2017-12-28,0.0,0.0,0.0,0.0,0.39626236424473255,0.0,0.0,0.6037376357552674,0.0,0.0
2017-12-29,0.0,0.0,0.0,0.0,0.3975524203009649,0.0,0.0,0.6024475796990352,0.0,0.0
2018-01-02,0.0,0.0,0.0,0.0,0.39749386076567156,0.0,0.0,0.6025061392343284,0.0,0.0
2018-01-03,0.0,0.0,0.0,0.0,0.3962347585864173,0.0,0.0,0.6037652414135827,0.0,0.0
2018-01-04,0.0,0.0,0.0,0.0,0.3951154739474821,0.0,0.0,0.604884526052518,0.0,0.0
2018-01-05,0.0,0.0,0.0,0.0,0.3932342649283453,0.0,0.0,0.6067657350716545,0.0,0.0
2018-01-08,0.0,0.0,0.0,0.0,0.3926851281050443,0.0,0.0,0.6073148718949558,0.0,0.0
2018-01-09,0.0,0.0,0.0,0.0,0.39101004602718253,0.0,0.0,0.6089899539728174,0.0,0.0
2018-01-10,0.0,0.0,0.0,0.0,0.3913062225482398,0.0,0.0,0.6086937774517602,0.0,0.0
2018-01-11,0.0,0.0,0.0,0.0,0.38973526383692064,0.0,0.0,0.6102647361630794,0.0,0.0
2018-01-12,0.0,0.0,0.0,0.0,0.3880319391330756,0.0,0.0,0.6119680608669243,0.0,0.0
2018-01-16,0.0,0.0,0.0,0.0,0.38895900555050456,0.0,0.0,0.6110409944494954,0.0,0.0
2018-01-17,0.0,0.0,0.0,0.0,0.3861849245774582,0.0,0.0,0.6138150754225417,0.0,0.0
2018-01-18,0.0,0.0,0.0,0.0,0.3858332316180807,0.0,0.0,0.6141667683819192,0.0,0.0
2018-01-19,0.0,0.0,0.0,0.0,0.3841430962193936,0.0,0.0,0.6158569037806064,0.0,0.0
2018-01-22,0.0,0.0,0.0,0.0,0.3821381712403857,0.0,0.0,0.6178618287596143,0.0,0.0
2018-01-23,0.0,0.0,0.0,0.0,0.3823193183062857,0.0,0.0,0.6176806816937144,0.0,0.0
2018-01-24,0.0,0.0,0.0,0.0,0.3819567515178398,0.0,0.0,0.6180432484821602,0.0,0.0
2018-01-25,0.0,0.0,0.0,0.0,0.38237908084583505,0.0,0.0,0.6176209191541648,0.0,0.0
2018-01-26,0.0,0.0,0.0,0.0,0.3789619596436402,0.0,0.0,0.6210380403563598,0.0,0.0
2018-01-29,0.0,0.0,0.0,0.0,0.37993766940041074,0.0,0.0,0.6200623305995893,0.0,0.0
2018-01-30,0.0,0.0,0.0,0.0,0.3818214800850529,0.0,0.0,0.6181785199149471,0.0,0.0
2018-01-31,0.0,0.0,0.0,0.0,0.38177271435173254,0.0,0.0,0.6182272856482673,0.0,0.0
2018-02-01,0.0,0.0,0.0,0.0,0.3990318176579264,0.0,0.0,0.6009681823420736,0.0,0.0
2018-02-02,0.0,0.0,0.0,0.0,0.40342812764452884,0.0,0.0,0.5965718723554712,0.0,0.0
2018-02-05,0.0,0.0,0.0,0.0,0.41573785103266586,0.0,0.0,0.5842621489673342,0.0,0.0
2018-02-06,0.0,0.0,0.0,0.0,0.4099478134253,0.0,0.0,0.5900521865746999,0.0,0.0
2018-02-07,0.0,0.0,0.0,0.0,0.41055537783920565,0.0,0.0,0.5894446221607944,0.0,0.0
2018-02-08,0.0,0.0,0.0,0.0,0.42005194357446796,0.0,0.0,0.579948056425532,0.0,0.0
2018-02-09,0.0,0.0,0.0,0.0,0.415996693833235,0.0,0.0,0.5840033061667649,0.0,0.0
2018-02-12,0.0,0.0,0.0,0.0,0.4123882961692403,0.0,0.0,0.5876117038307596,0.0,0.0
2018-02-13,0.0,0.0,0.0,0.0,0.4121893179600369,0.0,0.0,0.5878106820399631,0.0,0.0
2018-02-14,0.0,0.0,0.0,0.0,0.4074772731193676,0.0,0.0,0.5925227268806325,0.0,0.0
2018-02-15,0.0,0.0,0.0,0.0,0.4044905298450392,0.0,0.0,0.5955094701549608,0.0,0.0
2018-02-16,0.0,0.0,0.0,0.0,0.4049876130314764,0.0,0.0,0.5950123869685237,0.0,0.0
2018-02-20,0.0,0.0,0.0,0.0,0.4062416532177637,0.0,0.0,0.5937583467822363,0.0,0.0
2018-02-21,0.0,0.0,0.0,0.0,0.40673340535192537,0.0,0.0,0.5932665946480746,0.0,0.0
2018-02-22,0.0,0.0,0.0,0.0,0.40675317010165707,0.0,0.0,0.5932468298983429,0.0,0.0
2018-02-23,0.0,0.0,0.0,0.0,0.4038638583061607,0.0,0.0,0.5961361416938393,0.0,0.0
2018-02-26,0.0,0.0,0.0,0.0,0.4013692448329874,0.0,0.0,0.5986307551670126,0.0,0.0
2018-02-27,0.0,0.0,0.0,0.0,0.40363735540997325,0.0,0.0,0.5963626445900267,0.0,0.0
2018-02-28,0.0,0.0,0.0,0.0,0.406658010163086,0.0,0.0,0.593341989836914,0.0,0.0
2018-03-01,0.0,0.0,0.0,0.0,0.40455445058137834,0.0,0.0,0.5954455494186217,0.0,0.0
2018-03-02,0.0,0.0,0.0,0.0,0.4024225369134122,0.0,0.0,0.5975774630865879,0.0,0.0
2018-03-05,0.0,0.0,0.0,0.0,0.3993564368625479,0.0,0.0,0.600643563137452,0.0,0.0
2018-03-06,0.0,0.0,0.0,0.0,0.39872574388199755,0.0,0.0,0.6012742561180026,0.0,0.0
2018-03-07,0.0,0.0,0.0,0.0,0.3988136286830776,0.0,0.0,0.6011863713169224,0.0,0.0
2018-03-08,0.0,0.0,0.0,0.0,0.39814981437128566,0.0,0.0,0.6018501856287143,0.0,0.0
2018-03-09,0.0,0.0,0.0,0.0,0.39350829539123244,0.0,0.0,0.6064917046087674,0.0,0.0
2018-03-12,0.0,0.0,0.0,0.0,0.39436979912868886,0.0,0.0,0.6056302008713113,0.0,0.0
2018-03-13,0.0,0.0,0.0,0.0,0.396317012199534,0.0,0.0,0.6036829878004659,0.0,0.0
2018-03-14,0.0,0.0,0.0,0.0,0.39801620762513484,0.0,0.0,0.6019837923748652,0.0,0.0
2018-03-15,0.0,0.0,0.0,0.0,0.3981841689832631,0.0,0.0,0.601815831016737,0.0,0.0
2018-03-16,0.0,0.0,0.0,0.0,0.3976436122584233,0.0,0.0,0.6023563877415766,0.0,0.0
2018-03-19,0.0,0.0,0.0,0.0,0.40067634318360246,0.0,0.0,0.5993236568163975,0.0,0.0
2018-03-20,0.0,0.0,0.0,0.0,0.3997986657412814,0.0,0.0,0.6002013342587185,0.0,0.0
2018-03-21,0.0,0.0,0.0,0.0,0.40042427198745,0.0,0.0,0.59957572801255,0.0,0.0
2018-03-22,0.0,0.0,0.0,0.0,0.4075073033178941,0.0,0.0,0.5924926966821058,0.0,0.0
2018-03-23,0.0,0.0,0.0,0.0,0.41305019041943425,0.0,0.0,0.5869498095805658,0.0,0.0
2018-03-26,0.0,0.0,0.0,0.0,0.4058636182162517,0.0,0.0,0.5941363817837483,0.0,0.0
2018-03-27,0.0,0.0,0.0,0.0,0.4113743449944336,0.0,0.0,0.5886256550055664,0.0,0.0
2018-03-28,0.0,0.0,0.0,0.0,0.41204404427863817,0.0,0.0,0.5879559557213618,0.0,0.0
2018-03-29,0.0,0.0,0.0,0.0,0.40946416542590514,0.0,0.0,0.5905358345740949,0.0,0.0
2018-04-02,0.09983335432471535,0.09938051329884827,0.09980986432540422,0.1023868656969857,0.1013073209224957,0.09873790451671037,0.09828426600362995,0.09901971367856255,0.10140385982398262,0.09983633740866533
2018-04-03,0.09987884159118204,0.09987481390658197,0.09995761985744048,0.1011174841724349,0.10048921879124541,0.0996611481005513,0.09890415175207841,0.09979831604284713,0.1001296466626666,0.10018875912297182
2018-04-04,0.09899084643506921,0.09944155491785807,0.09982766435164524,0.10075632095624526,0.0999531078112132,0.1004482975102619,0.09998630148319589,0.10038659116485316,0.09944765797621166,0.10076165739344649
2018-04-05,0.0992621230355659,0.0994892804106943,0.10028634123405934,0.10003589247872269,0.0994987525033928,0.10107547735005884,0.10035275718007855,0.10097443657196713,0.09850666365836389,0.10051827557709643
2018-04-06,0.0994366576431626,0.09841413309412526,0.10051700379690419,0.10140393641922174,0.10082949353848107,0.09994544832813693,0.09871664255271062,0.09960706190055668,0.10047454626801258,0.10065507645868832
2018-04-09,0.1003144924509426,0.09815629163410218,0.10096984946285573,0.1013746930723154,0.10047808897159487,0.09969702080220408,0.09904433167700877,0.09972982665084394,0.10027031406792904,0.09996509121020339
2018-04-10,0.10100726747899835,0.09906747207632485,0.10102740107684777,0.10059415753404312,0.09929526593006148,0.10055791160433063,0.10021304828721635,0.10029822691394381,0.09908342463817248,0.09885582446006115
2018-04-11,0.10167044226893761,0.09901239000634286,0.10054383185877555,0.10127903079597358,0.0992952688324227,0.10067626800811942,0.09953808416810864,0.0996754614049806,0.09933869465095838,0.0989705280053807
2018-04-12,0.10133435557401024,0.09904337570662232,0.10100282798988579,0.10017411994037671,0.09901030896915554,0.10143795508623586,0.10081018549335062,0.10056881959061877,0.0986830047900876,0.0979350468596566
2018-04-13,0.10146315774847445,0.09812187190266272,0.10117277483089902,0.10090057262711671,0.09916584311788545,0.10097689727896755,0.10035754598573916,0.100343256853137,0.09898056957257706,0.09851751008254071
2018-04-16,0.10079030932089758,0.09793379037849954,0.10100834935105472,0.10072233778533142,0.09880290440284621,0.10158482664431091,0.10080152238742907,0.10084709827981872,0.09869901678216521,0.09880984466764658
2018-04-17,0.10018227465453589,0.09749081464454251,0.10079369067708605,0.10015075324301582,0.09820733294291675,0.10201109592288743,0.10229072234634073,0.10125237544346666,0.09831424899484749,0.09930669113036064
2018-04-18,0.10178863229509677,0.09808530853660406,0.10106697916395757,0.09998151955409561,0.09758276209992349,0.10203118434339199,0.1022468890809764,0.10107702853276897,0.09728692809131645,0.09885276830186877
2018-04-19,0.1020210353220657,0.09812841864950486,0.10131937709548028,0.10041391047360357,0.09792776321983297,0.10196259997961983,0.10194447169720029,0.1011487790750092,0.09710159718684713,0.0980320473008362
2018-04-20,0.10261602429499946,0.09763071649676085,0.1016988174133235,0.10040386562069455,0.09833880753392424,0.10218150928285585,0.10108942724573397,0.1010492382489504,0.09713041976903909,0.09786117409371814
2018-04-23,0.10279850033916531,0.09707348832290623,0.10180889705862799,0.09983731518033381,0.09847303802531608,0.10227042598041036,0.10107121135320628,0.10127171304934927,0.09738352435122825,0.09801188633945647
2018-04-24,0.10280292579380175,0.09712270184439369,0.10192252579171097,0.10084625883679589,0.09887048344910665,0.1022156490816902,0.09944668489767329,0.10042981552640617,0.09744618284733016,0.09889677193109116
2018-04-25,0.10321150945416925,0.09658956173793284,0.10197774360418706,0.1004159218584522,0.0988771573748187,0.10229240147437985,0.09978927625545186,0.10090389139537023,0.09701069791506307,0.09893183893017488
2018-04-26,0.10292813596081762,0.09721544684355009,0.10167636481808871,0.09927537771755633,0.09837957628333135,0.10195388781630668,0.1010874714888819,0.10112675268906009,0.09692013019488274,0.09943685618752442
2018-04-27,0.10249049893549154,0.09745548641796023,0.10140197966497681,0.09932930095469464,0.09818164577251952,0.10143420346260029,0.1007774088792408,0.10084894423378145,0.09730806640441927,0.10077246527431535
2018-04-30,0.10335099498287731,0.09712219742421974,0.10145760667780583,0.09898396316025665,0.09866163383701448,0.10091808305526195,0.10044283929005418,0.10045385089650682,0.09785054211299328,0.10075828856300974
2018-05-01,0.09942247992355571,0.09950177437456968,0.09963854751972784,0.09928566178988975,0.09983528950603351,0.1004810382625649,0.10113513578298963,0.10016957596986138,0.09963180902558562,0.10089868784522188
2018-05-02,0.09964447016673042,0.09893368291412692,0.09981853069978901,0.09945908692341036,0.10007795645568615,0.10108451208064151,0.10076314787984018,0.09971882603290959,0.09974462243058276,0.10075516441628304
2018-05-03,0.10016314889339006,0.09861268384996764,0.10002126221385697,0.09985705652924229,0.10022546714365414,0.10042611671971002,0.10064108523642946,0.09939083066178166,0.10008253319680202,0.10057981555516574
2018-05-04,0.10010534823016042,0.09833194271532064,0.09963659880473143,0.09932980614947692,0.0994979071469691,0.10093167146882666,0.10179620037217846,0.09993692509643966,0.09949678561750995,0.1009368143983867
2018-05-07,0.09985697916511008,0.09757274774004773,0.09945965600114484,0.09916329654991897,0.09925834065992512,0.10159209099258157,0.1024453541163939,0.10008284159213846,0.09914754773170308,0.10142114545103627
2018-05-08,0.10008978453473902,0.09807373763651754,0.09942440574267,0.09913010279300882,0.09904320326919908,0.10204608281860814,0.10228990875735389,0.10003328215040835,0.09900666649943787,0.10086282579805711
2018-05-09,0.10062907451234512,0.09790978072418477,0.09930349142294166,0.09856675679235342,0.09846245360839015,0.10222595096785561,0.1030321379329276,0.10063621291717427,0.09805974139098188,0.10117439973084542
2018-05-10,0.10031209161565914,0.0991381907993729,0.09913222120803497,0.09843281260988435,0.0978636541233307,0.10193697651156756,0.10325267040143263,0.10075039714689739,0.09804471722904602,0.10113626835477434
2018-05-11,0.09973248297299248,0.09900496810003437,0.0994293271825461,0.09832486715034498,0.09790677498500826,0.10216997242967513,0.10319051029196848,0.10109235282160493,0.0983256464258697,0.10082309763995545
2018-05-14,0.1005716674115312,0.09924245411583281,0.09972215977263732,0.0980345101211753,0.09780490836385733,0.10189522296823764,0.10348406791306437,0.10125496606753195,0.09791680096043588,0.10007324230569621
2018-05-15,0.10163332186603052,0.0981101545983746,0.09993495496014043,0.0973616392825371,0.09818125924303932,0.1028759466769759,0.10330347716310125,0.10150636151867651,0.09771550712566962,0.09937737756545476
2018-05-16,0.10185778084987482,0.09925685610224562,0.09974246812173991,0.09688762425798877,0.09765089269280627,0.10360288344277328,0.10364108330156697,0.10159451100085848,0.09701706289566596,0.0987488373344799
2018-05-17,0.10219942226869003,0.09796185644469371,0.10012050559692083,0.09716100546164932,0.09781190887523443,0.10431324996724523,0.10347448235685516,0.10173690295309645,0.09674393134086022,0.09847673473475461
2018-05-18,0.10229679088857557,0.09717849088562805,0.09979691566325304,0.09723970011513886,0.09823138155000952,0.1044906526908224,0.10298097649952115,0.10152323831093904,0.09761560209078556,0.09864625130532689
2018-05-21,0.10253361917411316,0.0972453567773659,0.09988853411983324,0.096774093463441,0.09777305924576107,0.10461792021871288,0.10300424319591976,0.10173860417927705,0.09714234226047049,0.0992822273651053
2018-05-22,0.10274368988431985,0.0976741774260023,0.09985847335179385,0.09681109276831423,0.09782755233870652,0.10395935963636203,0.10296788387339231,0.1015525503589518,0.0970858177241936,0.09951940263796347
2018-05-23,0.10300058882306698,0.0973446394410536,0.09846722803576954,0.09662847596773867,0.09798464104080815,0.1037877681637568,0.10353146138167836,0.10153209425900112,0.09750261456317048,0.10022048832395629
2018-05-24,0.10233435360523382,0.0968260360774087,0.09816663324548519,0.09746134602553998,0.09824124757402367,0.10383147589004613,0.1035061575811753,0.10132916158864773,0.0982846342520421,0.10001895416039738
2018-05-25,0.10092735916156706,0.0973238707272778,0.09762800993538254,0.0972616048717538,0.0987298029167375,0.10375220428654236,0.10371649450387103,0.101191688668108,0.09899815846130915,0.10047080646745082
2018-05-29,0.10030329845536805,0.09537198395690304,0.09595372125094694,0.09756494102395345,0.10012303898090513,0.1039511144759288,0.10359698171172467,0.1003561181496183,0.10149849287908223,0.10128030911556933
2018-05-30,0.100824277238183,0.09539915172899005,0.09667861448516446,0.09696558045051137,0.09893829971339019,0.10479679150454868,0.10354659933529067,0.10092311588232468,0.10005209304539635,0.10187547661620057
2018-05-31,0.10087068185165844,0.09566586146285892,0.09638028095597254,0.0970663230334123,0.09920999643098995,0.1042963778464757,0.10381438001534463,0.10062933709130495,0.10021037644969652,0.10185638486228615
2018-06-01,0.0,0.0,0.0,0.0,0.39677117425582475,0.0,0.0,0.6032288257441754,0.0,0.0
2018-06-04,0.0,0.0,0.0,0.0,0.39479158325851643,0.0,0.0,0.6052084167414835,0.0,0.0
2018-06-05,0.0,0.0,0.0,0.0,0.39522875121292433,0.0,0.0,0.6047712487870757,0.0,0.0
2018-06-06,0.0,0.0,0.0,0.0,0.3922781927005683,0.0,0.0,0.6077218072994316,0.0,0.0
2018-06-07,0.0,0.0,0.0,0.0,0.39331299043186574,0.0,0.0,0.6066870095681343,0.0,0.0
2018-06-08,0.0,0.0,0.0,0.0,0.3922807999486922,0.0,0.0,0.6077192000513079,0.0,0.0
2018-06-11,0.0,0.0,0.0,0.0,0.39172960222260145,0.0,0.0,0.6082703977773984,0.0,0.0
2018-06-12,0.0,0.0,0.0,0.0,0.39128117549206154,0.0,0.0,0.6087188245079386,0.0,0.0
2018-06-13,0.0,0.0,0.0,0.0,0.3917610032191562,0.0,0.0,0.6082389967808438,0.0,0.0
2018-06-14,0.0,0.0,0.0,0.0,0.3919122084276361,0.0,0.0,0.6080877915723638,0.0,0.0
2018-06-15,0.0,0.0,0.0,0.0,0.3924040623353022,0.0,0.0,0.6075959376646978,0.0,0.0
2018-06-18,0.0,0.0,0.0,0.0,0.3930121261780813,0.0,0.0,0.6069878738219187,0.0,0.0
2018-06-19,0.0,0.0,0.0,0.0,0.39456071530744974,0.0,0.0,0.6054392846925503,0.0,0.0
2018-06-20,0.0,0.0,0.0,0.0,0.39338105380447846,0.0,0.0,0.6066189461955216,0.0,0.0
2018-06-21,0.0,0.0,0.0,0.0,0.3955156176111415,0.0,0.0,0.6044843823888585,0.0,0.0
2018-06-22,0.0,0.0,0.0,0.0,0.3951270596679834,0.0,0.0,0.6048729403320167,0.0,0.0
2018-06-25,0.0,0.0,0.0,0.0,0.3987359671616332,0.0,0.0,0.6012640328383668,0.0,0.0
2018-06-26,0.0,0.0,0.0,0.0,0.39832307130508654,0.0,0.0,0.6016769286949135,0.0,0.0
2018-06-27,0.0,0.0,0.0,0.0,0.40123241825909556,0.0,0.0,0.5987675817409044,0.0,0.0
2018-06-28,0.0,0.0,0.0,0.0,0.39962961148171977,0.0,0.0,0.6003703885182804,0.0,0.0
2018-06-29,0.0,0.0,0.0,0.0,0.39909737255613975,0.0,0.0,0.6009026274438602,0.0,0.0
2018-07-02,0.0,0.0,0.0,0.0,0.3993233457519102,0.0,0.0,0.6006766542480899,0.0,0.0
2018-07-03,0.0,0.0,0.0,0.0,0.4007819637490063,0.0,0.0,0.5992180362509937,0.0,0.0
2018-07-05,0.0,0.0,0.0,0.0,0.39885560716274343,0.0,0.0,0.6011443928372566,0.0,0.0
2018-07-06,0.0,0.0,0.0,0.0,0.3970480152716999,0.0,0.0,0.6029519847283,0.0,0.0
2018-07-09,0.0,0.0,0.0,0.0,0.3942977894919704,0.0,0.0,0.6057022105080296,0.0,0.0
2018-07-10,0.0,0.0,0.0,0.0,0.3932538097555623,0.0,0.0,0.6067461902444377,0.0,0.0
2018-07-11,0.0,0.0,0.0,0.0,0.3954970989527892,0.0,0.0,0.6045029010472108,0.0,0.0
2018-07-12,0.0,0.0,0.0,0.0,0.3932482878957569,0.0,0.0,0.6067517121042432,0.0,0.0
2018-07-13,0.0,0.0,0.0,0.0,0.3934561478866018,0.0,0.0,0.6065438521133982,0.0,0.0
2018-07-16,0.0,0.0,0.0,0.0,0.39327400432078513,0.0,0.0,0.6067259956792149,0.0,0.0
2018-07-17,0.0,0.0,0.0,0.0,0.39217130162287395,0.0,0.0,0.607828698377126,0.0,0.0
2018-07-18,0.0,0.0,0.0,0.0,0.39148436071963044,0.0,0.0,0.6085156392803694,0.0,0.0
2018-07-19,0.0,0.0,0.0,0.0,0.39303670611216035,0.0,0.0,0.6069632938878396,0.0,0.0
2018-07-20,0.0,0.0,0.0,0.0,0.39247091246373494,0.0,0.0,0.607529087536265,0.0,0.0
2018-07-23,0.0,0.0,0.0,0.0,0.3908600030739749,0.0,0.0,0.6091399969260252,0.0,0.0
2018-07-24,0.0,0.0,0.0,0.0,0.3898292875275003,0.0,0.0,0.6101707124724998,0.0,0.0
2018-07-25,0.0,0.0,0.0,0.0,0.38764922019890374,0.0,0.0,0.6123507798010962,0.0,0.0
2018-07-26,0.0,0.0,0.0,0.0,0.3879531483846188,0.0,0.0,0.6120468516153811,0.0,0.0
2018-07-27,0.0,0.0,0.0,0.0,0.3899429207169163,0.0,0.0,0.6100570792830837,0.0,0.0
2018-07-30,0.0,0.0,0.0,0.0,0.39088516746317903,0.0,0.0,0.609114832536821,0.0,0.0
2018-07-31,0.0,0.0,0.0,0.0,0.39004258806658026,0.0,0.0,0.6099574119334198,0.0,0.0
2018-08-01,0.0,0.0,0.0,0.0,0.3998334785548856,0.0,0.0,0.6001665214451144,0.0,0.0
2018-08-02,0.0,0.0,0.0,0.0,0.3988142839741945,0.0,0.0,0.6011857160258055,0.0,0.0
2018-08-03,0.0,0.0,0.0,0.0,0.39840277326751433,0.0,0.0,0.6015972267324857,0.0,0.0
2018-08-06,0.0,0.0,0.0,0.0,0.39764345384441513,0.0,0.0,0.602356546155585,0.0,0.0
2018-08-07,0.0,0.0,0.0,0.0,0.3963597936784949,0.0,0.0,0.6036402063215053,0.0,0.0
2018-08-08,0.0,0.0,0.0,0.0,0.3966722874283413,0.0,0.0,0.6033277125716587,0.0,0.0
2018-08-09,0.0,0.0,0.0,0.0,0.3976582004669626,0.0,0.0,0.6023417995330375,0.0,0.0
2018-08-10,0.0,0.0,0.0,0.0,0.40030320243711404,0.0,0.0,0.599696797562886,0.0,0.0
2018-08-13,0.0,0.0,0.0,0.0,0.40113339786384483,0.0,0.0,0.5988666021361551,0.0,0.0
2018-08-14,0.0,0.0,0.0,0.0,0.399372019522132,0.0,0.0,0.6006279804778679,0.0,0.0
2018-08-15,0.0,0.0,0.0,0.0,0.40175818463328383,0.0,0.0,0.5982418153667162,0.0,0.0
2018-08-16,0.0,0.0,0.0,0.0,0.3997524870477085,0.0,0.0,0.6002475129522915,0.0,0.0
2018-08-17,0.0,0.0,0.0,0.0,0.3990031710517364,0.0,0.0,0.6009968289482637,0.0,0.0
2018-08-20,0.0,0.0,0.0,0.0,0.39923795616346885,0.0,0.0,0.6007620438365311,0.0,0.0
2018-08-21,0.0,0.0,0.0,0.0,0.3983497293135634,0.0,0.0,0.6016502706864367,0.0,0.0
2018-08-22,0.0,0.0,0.0,0.0,0.3989352602296623,0.0,0.0,0.6010647397703377,0.0,0.0
2018-08-23,0.0,0.0,0.0,0.0,0.39923047231317194,0.0,0.0,0.6007695276868281,0.0,0.0
2018-08-24,0.0,0.0,0.0,0.0,0.3978620514999585,0.0,0.0,0.6021379485000415,0.0,0.0
2018-08-27,0.0,0.0,0.0,0.0,0.39544454322804634,0.0,0.0,0.6045554567719537,0.0,0.0
2018-08-28,0.0,0.0,0.0,0.0,0.39479293241642904,0.0,0.0,0.6052070675835709,0.0,0.0
2018-08-29,0.0,0.0,0.0,0.0,0.3934416588497627,0.0,0.0,0.6065583411502372,0.0,0.0
2018-08-30,0.0,0.0,0.0,0.0,0.39485290751794155,0.0,0.0,0.6051470924820584,0.0,0.0
2018-08-31,0.0,0.0,0.0,0.0,0.39489134123420855,0.0,0.0,0.6051086587657915,0.0,0.0
2018-09-04,0.0,0.0,0.0,0.0,0.3998647065329795,0.0,0.0,0.6001352934670205,0.0,0.0
2018-09-05,0.0,0.0,0.0,0.0,0.40048799312916045,0.0,0.0,0.5995120068708395,0.0,0.0
2018-09-06,0.0,0.0,0.0,0.0,0.40170538782432674,0.0,0.0,0.5982946121756733,0.0,0.0
2018-09-07,0.0,0.0,0.0,0.0,0.4010907959995661,0.0,0.0,0.5989092040004339,0.0,0.0
2018-09-10,0.0,0.0,0.0,0.0,0.4008149509336293,0.0,0.0,0.5991850490663707,0.0,0.0
2018-09-11,0.0,0.0,0.0,0.0,0.3991522941844041,0.0,0.0,0.6008477058155959,0.0,0.0
2018-09-12,0.0,0.0,0.0,0.0,0.3993776148518681,0.0,0.0,0.6006223851481319,0.0,0.0
2018-09-13,0.0,0.0,0.0,0.0,0.3979402456154547,0.0,0.0,0.6020597543845452,0.0,0.0
2018-09-14,0.0,0.0,0.0,0.0,0.39745108993132655,0.0,0.0,0.6025489100686734,0.0,0.0
2018-09-17,0.0,0.0,0.0,0.0,0.3987703334615718,0.0,0.0,0.6012296665384281,0.0,0.0
2018-09-18,0.0,0.0,0.0,0.0,0.396481417313207,0.0,0.0,0.6035185826867929,0.0,0.0
2018-09-19,0.0,0.0,0.0,0.0,0.395824038532647,0.0,0.0,0.604175961467353,0.0,0.0
2018-09-20,0.0,0.0,0.0,0.0,0.3939192805512426,0.0,0.0,0.6060807194487575,0.0,0.0
2018-09-21,0.0,0.0,0.0,0.0,0.3942319658162451,0.0,0.0,0.605768034183755,0.0,0.0
2018-09-24,0.0,0.0,0.0,0.0,0.3947665826858356,0.0,0.0,0.6052334173141644,0.0,0.0
2018-09-25,0.0,0.0,0.0,0.0,0.3947513961486312,0.0,0.0,0.6052486038513688,0.0,0.0
2018-09-26,0.0,0.0,0.0,0.0,0.39624938273300614,0.0,0.0,0.6037506172669939,0.0,0.0
2018-09-27,0.0,0.0,0.0,0.0,0.3955821672513427,0.0,0.0,0.6044178327486575,0.0,0.0
2018-09-28,0.0,0.0,0.0,0.0,0.3956755420828768,0.0,0.0,0.6043244579171233,0.0,0.0
2018-10-01,0.0,0.0,0.0,0.0,0.3985591983310504,0.0,0.0,0.6014408016689495,0.0,0.0
2018-10-02,0.0,0.0,0.0,0.0,0.39931733764286986,0.0,0.0,0.6006826623571302,0.0,0.0
2018-10-03,0.0,0.0,0.0,0.0,0.3973988164685189,0.0,0.0,0.6026011835314811,0.0,0.0
2018-10-04,0.0,0.0,0.0,0.0,0.39865646573150443,0.0,0.0,0.6013435342684956,0.0,0.0
2018-10-05,0.0,0.0,0.0,0.0,0.39942600216040886,0.0,0.0,0.6005739978395911,0.0,0.0
2018-10-08,0.0,0.0,0.0,0.0,0.39952226583307254,0.0,0.0,0.6004777341669274,0.0,0.0
2018-10-09,0.0,0.0,0.0,0.0,0.40032934496165506,0.0,0.0,0.5996706550383449,0.0,0.0
2018-10-10,0.0,0.0,0.0,0.0,0.408198576344447,0.0,0.0,0.591801423655553,0.0,0.0
2018-10-11,0.0,0.0,0.0,0.0,0.41458254107123055,0.0,0.0,0.5854174589287694,0.0,0.0
2018-10-12,0.0,0.0,0.0,0.0,0.4109493033420986,0.0,0.0,0.5890506966579016,0.0,0.0
2018-10-15,0.0,0.0,0.0,0.0,0.41245853232553276,0.0,0.0,0.5875414676744672,0.0,0.0
2018-10-16,0.0,0.0,0.0,0.0,0.4072028783185222,0.0,0.0,0.5927971216814778,0.0,0.0
2018-10-17,0.0,0.0,0.0,0.0,0.4064613963791924,0.0,0.0,0.5935386036208076,0.0,0.0
2018-10-18,0.0,0.0,0.0,0.0,0.4104102520290724,0.0,0.0,0.5895897479709276,0.0,0.0
2018-10-19,0.0,0.0,0.0,0.0,0.41025178396502854,0.0,0.0,0.5897482160349715,0.0,0.0
2018-10-22,0.0,0.0,0.0,0.0,0.4113888605764031,0.0,0.0,0.5886111394235969,0.0,0.0
2018-10-23,0.0,0.0,0.0,0.0,0.41325412657516175,0.0,0.0,0.5867458734248383,0.0,0.0
2018-10-24,0.0,0.0,0.0,0.0,0.4220415770308438,0.0,0.0,0.5779584229691562,0.0,0.0
2018-10-25,0.0,0.0,0.0,0.0,0.4171315368162023,0.0,0.0,0.5828684631837977,0.0,0.0
2018-10-26,0.0,0.0,0.0,0.0,0.4225396184788595,0.0,0.0,0.5774603815211404,0.0,0.0
2018-10-29,0.0,0.0,0.0,0.0,0.4238716974441161,0.0,0.0,0.5761283025558839,0.0,0.0
2018-10-30,0.0,0.0,0.0,0.0,0.4197529727628305,0.0,0.0,0.5802470272371696,0.0,0.0
2018-10-31,0.0,0.0,0.0,0.0,0.4165645769736101,0.0,0.0,0.5834354230263898,0.0,0.0
2018-11-01,0.09823411179007063,0.10247106018714472,0.10020127262548659,0.10020568296512175,0.0990187911029894,0.101215724039872,0.1002391246922086,0.09998695949842057,0.0990258089700934,0.09940146412859237
2018-11-02,0.09837832493917044,0.10352523508137958,0.1007304029618259,0.10060898433948334,0.0988465864497122,0.10194326986229699,0.09905794774338579,0.09977767691389695,0.0981713998961268,0.09896017181272206
2018-11-05,0.09811175229145339,0.10358460026743814,0.10051728155080532,0.10015513576094014,0.098696643902296,0.10164829329320556,0.09860325559208488,0.10011585978465957,0.09834853882520664,0.10021863873191036
2018-11-06,0.09753092170583061,0.1032256023943162,0.10075238521855862,0.09969551928828063,0.09841476566016046,0.10197076411041885,0.09917557518012272,0.10057227163064113,0.09811450259119474,0.100547692220476
2018-11-07,0.09619413082372764,0.10397812527549721,0.10094079495484146,0.09855636346732738,0.09729863089025308,0.10262014273667097,0.10112641675766139,0.10156035165139446,0.09713126008858396,0.10059378335404255
2018-11-08,0.09616037805904853,0.10185572939841925,0.1005218269006637,0.0989024485671625,0.09771406993157492,0.10292746189772928,0.10105192003667997,0.1019516801747535,0.09767414528126223,0.10124033975270616
2018-11-09,0.09590358788212064,0.10079920251249332,0.10068681698469926,0.09860126967959824,0.09890776438680747,0.10185559344553226,0.10017118902263324,0.10179130259448807,0.09921774941074918,0.10206552408087824
2018-11-12,0.09661774774223718,0.10036577814320034,0.10001685079759964,0.09886512868067202,0.10018709711944392,0.10082874622987893,0.09810277379862431,0.10087917557883164,0.10085512047889413,0.10328158143061794
2018-11-13,0.09410602077153053,0.10167434671437085,0.10060574966553557,0.09905343891704246,0.10042251922509217,0.10066433105137673,0.09833774843647693,0.10084675200336178,0.10094967209920126,0.10333942111601169
2018-11-14,0.09491678272453744,0.10227050199536045,0.10066769088740568,0.09985413316961103,0.10061388367444161,0.09991059688970012,0.09756969285406672,0.10013897741740603,0.1009932511449061,0.10306448924256463
2018-11-15,0.09417116063298327,0.10392295412224015,0.10038315519252682,0.09936779277114684,0.10007991657352514,0.10072682209336353,0.09868118249491471,0.100577251201832,0.10034352615214504,0.10174623876532249
2018-11-16,0.09440245928849879,0.10373484009098616,0.10011677599387249,0.09972708528168038,0.1000099464567782,0.10058612216035977,0.09796482183954455,0.10045940091838604,0.10054455797604576,0.10245398999384786
2018-11-19,0.09521925114210875,0.10322534884410416,0.1001008588280416,0.1006334432805804,0.10102483133968605,0.09939981034342255,0.0956032603084065,0.09961467143346393,0.10169735449069023,0.10348116998949577
2018-11-20,0.09357591097650382,0.10236824159615586,0.09970154293900049,0.10199706413797274,0.10237353704378521,0.09880431002384897,0.09516471698529248,0.09909604636780658,0.10311132103863511,0.10380730889099876
2018-11-21,0.0937250266929676,0.10356583840807199,0.10042545593226852,0.10148334315667777,0.10167078694667084,0.09951685894260903,0.09524877138534987,0.0987706531482073,0.10238805444292741,0.10320521094424968
2018-11-23,0.09155416156467001,0.10299060358016097,0.10038258181433798,0.10203391275235216,0.10236246108138446,0.1000398941904317,0.09514678899413256,0.09871996931468682,0.10313110272874013,0.10363852397910323
2018-11-26,0.09123787297138712,0.10342712361156099,0.10107923653615423,0.10110467539628197,0.10146406721898858,0.10052860557019258,0.09656790653459663,0.09951187710777519,0.10207574333153051,0.10300289172153218
2018-11-27,0.09089486673587803,0.10416202622822991,0.10070697860213162,0.10051596023373535,0.10157902260436245,0.0997110085256027,0.09690797449017469,0.09986116470842721,0.10220605042885221,0.10345494744260579
2018-11-28,0.08949656647872609,0.10535949094042849,0.10089992922757207,0.09966536256305919,0.10033413572702668,0.100931855023449,0.09881070775546333,0.10091846004598957,0.10047189013489476,0.10311160210339071
2018-11-29,0.0901428230022466,0.1045143830375545,0.10045695488364581,0.1000426790322232,0.10065837942950517,0.10072684459706546,0.0985539241458258,0.1007647707562865,0.10093383207401788,0.10320540904162909
2018-11-30,0.08952679665018203,0.10417394824979315,0.09979792784428482,0.09964139203182049,0.10062591790306717,0.10101935581809159,0.09904193751545871,0.1011471311897555,0.10107986719273186,0.1039457256048148
2018-12-03,0.07190167302967668,0.0,0.0778826687768169,0.16346519296963058,0.39799323904768336,0.041133329069115855,0.0,0.056346303678391114,0.18967231309256352,0.0016052803361220735
2018-12-04,0.07191638363825924,0.0,0.07582916350530998,0.1643907268827545,0.3996572341430788,0.03936495661831178,0.0,0.054496854862682235,0.19276384907880345,0.001580831270800002
2018-12-06,0.07130380755204828,0.0,0.07510322213750636,0.16438376029505172,0.40058777547437724,0.039271187700190315,0.0,0.05440259140572123,0.1933280379457854,0.0016196174893194962
2018-12-07,0.07207312984688245,0.0,0.07428505273864393,0.1655844537106348,0.40143902752950095,0.038392101290576255,0.0,0.05309602743352519,0.19353308288003843,0.0015971245701982143
2018-12-10,0.07101663061985473,0.0,0.07380508305117857,0.16522165959160326,0.40218945810526846,0.03832936156383572,0.0,0.053265121117428774,0.19458383050204991,0.0015888554487804326
2018-12-11,0.07147510276525308,0.0,0.07408414761061709,0.16512856973172624,0.4014245805448201,0.03831331011983215,0.0,0.05331062337600381,0.1946730336608442,0.0015906321909032325
2018-12-12,0.07125523564392099,0.0,0.07518516986685599,0.16550324112473203,0.4003860938701642,0.03868470787475301,0.0,0.053586662847149615,0.19383258728604488,0.0015663014863792073
2018-12-13,0.0722012786774079,0.0,0.0750774548259724,0.1651974953410629,0.4007653803677657,0.038150866043611745,0.0,0.053587819976653135,0.19344378305028304,0.0015759217172432193
2018-12-14,0.0713112852057459,0.0,0.07433261069126697,0.16503308961625107,0.40260200525594064,0.037686988327495057,0.0,0.05275697923675755,0.1947009185613865,0.0015761231051562798
2018-12-17,0.07047349824515478,0.0,0.07373517720039696,0.16615860075789346,0.40373982947938375,0.03684402882658889,0.0,0.05171683489792616,0.1958154213827991,0.0015166092098568393
2018-12-18,0.06892368881493645,0.0,0.07371678378308082,0.16637719521768662,0.40430697661631104,0.03675941041739607,0.0,0.05160549658958389,0.1967798287367902,0.0015306198242147516
2018-12-19,0.06913019976317195,0.0,0.07293530852861976,0.16519576394588312,0.40531042309788773,0.035957406467856445,0.0,0.05078118040820398,0.19917743238269667,0.0015122854056803408
2018-12-20,0.06855891205363732,0.0,0.07271568303497214,0.16792201636123572,0.4052344702023272,0.03540232367379692,0.0,0.05000817454475767,0.1986672430819216,0.0014911770473515446
2018-12-21,0.0682489985007677,0.0,0.07175386970552937,0.16790181845982646,0.40731557640520827,0.034630494420931766,0.0,0.04919216392324629,0.19948039298740716,0.0014766855970830175
2018-12-24,0.06747755373952946,0.0,0.07090152365343586,0.169699372370103,0.40824308536490006,0.03395056613904846,0.0,0.04788079074635611,0.20042337062690097,0.001423737359726036
2018-12-26,0.06879548520121712,0.0,0.07235456640967734,0.1687424624886366,0.4052342632726508,0.03548808394931274,0.0,0.05016680452778127,0.19775086202488298,0.0014674721258410616
2018-12-27,0.06797564002218695,0.0,0.07239007007381479,0.16961377677174536,0.4052730753533603,0.035549692352254914,0.0,0.05042947313920633,0.19730455279653483,0.001463719490896637
2018-12-28,0.067119552657079,0.0,0.07245466228325516,0.1695547382339121,0.40568064414482297,0.03549499439317191,0.0,0.050143107340355354,0.19809029532911024,0.0014620056182933854
2018-12-31,0.06706653499049808,0.0,0.0723083011938742,0.16921829758445925,0.4057597101369564,0.03564591592246445,0.0,0.050402830612691546,0.1981376742234861,0.0014607353355698914
2019-01-02,0.06474765922613966,0.0,0.07744805723876923,0.16486439222551247,0.3999332973887367,0.04740287376586789,0.0,0.036586289561652906,0.20543161276652933,0.0035858178267918353
2019-01-03,0.06494792162196907,0.0,0.07635508855750611,0.16550673398469248,0.40104687472178696,0.04631597353296504,0.0,0.035530267457334196,0.20670475388420279,0.003592386239543128
2019-01-04,0.06588616375309328,0.0,0.07875481649327791,0.16429703333650592,0.3981196994621814,0.048083670686399835,0.0,0.03674914532324193,0.20447218040736478,0.003637290537934884
2019-01-07,0.06632004613767074,0.0,0.07899265217132438,0.164730719819135,0.39668991355607713,0.04888493417897026,0.0,0.03700867658242307,0.20370303830753847,0.003670019246860854
2019-01-08,0.06695971896060895,0.0,0.07947488671996285,0.16422258298326572,0.3955496848863758,0.04961560703210065,0.0,0.03734227823355136,0.20309083914321754,0.0037444020409170714
2019-01-09,0.06803296346830648,0.0,0.08006620947292273,0.16465650974725174,0.39429341278836166,0.049837507514468714,0.0,0.03737604428610903,0.20201235628528133,0.0037249964372984188
2019-01-10,0.06798423338457107,0.0,0.08053160597727162,0.16399567176890564,0.39484626504956377,0.05019000171856559,0.0,0.03757856851422783,0.20109089402976704,0.00378275955712746
2019-01-11,0.06766063525909903,0.0,0.0798602682710107,0.16403058724685288,0.3954260732006064,0.050128085221320506,0.0,0.03753625478151867,0.20157033800940943,0.0037877580101824157
2019-01-14,0.0672390060715214,0.0,0.07967459133628933,0.1647949150666884,0.3960969187583254,0.0497419971184696,0.0,0.03739206399817626,0.20127683382157618,0.003783673828953376
2019-01-15,0.06774065798123337,0.0,0.08005937245136842,0.16443977892830083,0.3955438996504931,0.050139742968471894,0.0,0.03780412043563322,0.20045428568136153,0.0038181419031375527
2019-01-16,0.06798805025044562,0.0,0.08015659199257599,0.16470775666286472,0.3946970074656521,0.05043470118339427,0.0,0.037836289485591396,0.20034063602968324,0.003838966929792549
2019-01-17,0.06801807540549076,0.0,0.080427817709046,0.16445802654085567,0.3938936560383888,0.05088128877635764,0.0,0.03811541653983287,0.20034903494762107,0.0038566840424072778
2019-01-18,0.06880795135090473,0.0,0.08133748455989546,0.16318730502745646,0.3931162370932802,0.0514668652557179,0.0,0.03866948288504946,0.19954015227500954,0.0038745215526862246
2019-01-22,0.06830732795726473,0.0,0.08006307119092777,0.1637331225838161,0.39440268383422583,0.050642400073731386,0.0,0.03813911767498358,0.2008502635417906,0.0038620131432599955
2019-01-23,0.06823827776998545,0.0,0.08045268250720805,0.16355035615663857,0.3943245128729398,0.050517036543496895,0.0,0.038229771327047475,0.20082376615561948,0.00386359666706429
2019-01-24,0.06821578230962408,0.0,0.08030965825093962,0.16281822683540284,0.39442613089791845,0.05067287367762976,0.0,0.03813861700929215,0.20155324105417674,0.0038654699650163917
2019-01-25,0.06837747805873585,0.0,0.08099787345634801,0.1647378490176607,0.3924196424666416,0.05118124936618357,0.0,0.03835415393342137,0.20002903444413786,0.0039027192568709982
2019-01-28,0.06754882412466895,0.0,0.08066808475771686,0.16554667942573095,0.393084674244841,0.050978331851511315,0.0,0.03811612846125819,0.20011070272874973,0.003946574405523011
2019-01-29,0.06795264462095314,0.0,0.08054646796922617,0.16584667743432976,0.39273656170022714,0.05066520244020673,0.0,0.037922287072200266,0.2003674667658616,0.00396269199699529
2019-01-30,0.06814497497036857,0.0,0.0810849758062225,0.16608908606897893,0.3919721175727657,0.05100247345672186,0.0,0.03835926365435861,0.19936941999453564,0.0039776884760482295
2019-01-31,0.06751875146796606,0.0,0.08079262852612407,0.1654906317302365,0.3921667400611965,0.05122726652974522,0.0,0.03853817955892473,0.20026308169183146,0.004002720433975327
2019-02-01,0.052218352837711896,0.0,0.09119227002488406,0.1627868325924838,0.3991598766439316,0.03926115114476756,0.0,0.04420067065948325,0.20797922529679466,0.003201620799943156
2019-02-04,0.05232208369093933,0.0,0.09165027350974712,0.1622990901923041,0.3988143405478463,0.03978313903767617,0.0,0.04457160130784264,0.20732955438434147,0.003229917329302735
2019-02-05,0.05194367655023702,0.0,0.09210783594940984,0.16226612411428268,0.39839597342370414,0.03971468670717301,0.0,0.044634114699858105,0.20769812685920772,0.003239461696127598
2019-02-06,0.05207358767809916,0.0,0.09175435733683653,0.16136558206322318,0.399187691716636,0.039713038312218736,0.0,0.04462954097512749,0.20805403781178422,0.0032221641060747475
2019-02-07,0.05154139160094001,0.0,0.0904757184617143,0.1616569744547171,0.4002414910422591,0.03936223625776824,0.0,0.044176561257055366,0.20929883930209334,0.0032467876234525514
2019-02-08,0.05150936043674962,0.0,0.09001247960085823,0.1619607560515957,0.40001163794662753,0.03932898120951298,0.0,0.04414596154011673,0.20979024299694848,0.0032405802175907174
2019-02-11,0.05132582268628047,0.0,0.09012864222741543,0.16152962983845076,0.40030263406630784,0.039746672704990396,0.0,0.04427026543326421,0.20943954706621107,0.0032567859770798653
2019-02-12,0.051540023353813455,0.0,0.09102452173646598,0.16160052529669178,0.3991020564715725,0.04017699507399409,0.0,0.04476508132616317,0.20855985116561157,0.0032309455756875066
2019-02-13,0.05193476142277092,0.0,0.09120637555120525,0.16125707747929255,0.39883891690729073,0.04036396543562634,0.0,0.04499298274390099,0.20815243170931572,0.003253488750597514
2019-02-14,0.05185387518355821,0.0,0.0908600985329655,0.16149179934166571,0.39906854142176934,0.04028959570771288,0.0,0.044708471193643975,0.2084771307073242,0.0032504879113602453
2019-02-15,0.05258840816238548,0.0,0.09178034221899636,0.16175321582846278,0.3969643036625729,0.04075468180663106,0.0,0.0450004098714699,0.20790036798978176,0.003258270459699705
2019-02-19,0.05249265672298918,0.0,0.09172823182123215,0.1635057416252651,0.39592896616380924,0.04069016113824533,0.0,0.04488337833619312,0.20752744405778928,0.00324342013447687
2019-02-20,0.05267132691838627,0.0,0.09201145374317686,0.16326559777262634,0.39595938626024213,0.04089333605796903,0.0,0.04498589024348796,0.20698893259118867,0.003224076412922789
2019-02-21,0.05311235146397956,0.0,0.09230505932299715,0.1622641978388865,0.396851358198273,0.040950575067038475,0.0,0.04506043570995492,0.20621201148071533,0.0032440109181550206
2019-02-22,0.053028283463737995,0.0,0.09223192637784974,0.16218615684528995,0.39641299713294575,0.04113786325486105,0.0,0.045155505035135046,0.206597353149011,0.0032499147411694683
2019-02-25,0.05233451576187214,0.0,0.0926773647295141,0.16231964533632745,0.39654326431917175,0.04122484912608561,0.0,0.04530113815765495,0.20636888896315234,0.0032303336062215774
2019-02-26,0.0524177348762661,0.0,0.09286207070495464,0.16213403475922,0.39660109066759375,0.04082558455631952,0.0,0.045141328988939904,0.20680682884969798,0.0032113265970080624
2019-02-27,0.05294487446617352,0.0,0.09295145953968581,0.16179090758873965,0.39717870667043836,0.041087431100736475,0.0,0.04534782628076898,0.2054874917196383,0.003211302633819015
2019-02-28,0.052977525042246766,0.0,0.09311149829089438,0.16138528890565246,0.3973889818675238,0.0410743361955832,0.0,0.04540480194408389,0.20542777030702047,0.003229797446995081
2019-03-01,0.04821856182017591,9.967206492874157e-18,0.11298048137030721,0.14364438521920578,0.40074793737813313,0.0073508291441882504,6.762702217877992e-18,0.06568571963103786,0.19470004595359275,0.026672039483358997
2019-03-04,0.048277898183683846,9.961999164066253e-18,0.11234340987371204,0.14299046807960558,0.40120937187270433,0.007270328788745131,6.750797291479695e-18,0.06532035421297787,0.19584684064405242,0.026741328344518586
2019-03-05,0.04846717770570231,1.0048988683426178e-17,0.11232132983421529,0.14301724998116477,0.4009886955961721,0.007228325937126859,6.748212758718758e-18,0.06515796950821763,0.19603502658058092,0.026784224856820093
2019-03-06,0.048169130105802725,9.987910629245018e-18,0.11198694798734987,0.14281721971513675,0.4019079009275786,0.007083101861701903,6.7066133196649254e-18,0.06473124293006804,0.19665729582471675,0.026647160647645333
2019-03-07,0.048033099709615584,9.800347098153197e-18,0.11052560450045763,0.14265749987818976,0.40313799298030917,0.007018993390113532,6.622343634240203e-18,0.06417072305136037,0.19787394410685225,0.02658214238310183
2019-03-08,0.04786584375654756,9.702511831786905e-18,0.11022794053810586,0.14380790141266292,0.4025653213925469,0.006997141095000897,6.593453607773376e-18,0.0638598238618183,0.1981411633230926,0.02653486462022497
2019-03-11,0.04788551237247452,9.875794460963015e-18,0.11108792115158246,0.14298295987124943,0.401913618249884,0.007113325681359245,6.7248236012082795e-18,0.06473040946346287,0.1973852550429504,0.026900998167037064
2019-03-12,0.04799830795131886,9.887776972304623e-18,0.11057971586214488,0.14327995692209655,0.4014342178755943,0.007088882506713055,6.735042196889524e-18,0.06471767813564966,0.19798375876512475,0.026917481981357988
2019-03-13,0.048188703304851435,9.876484891487284e-18,0.11127245068337852,0.14394834613876575,0.4003535001097762,0.007100441842518674,6.7699586257825074e-18,0.06499545133103415,0.19715390165635552,0.026987204933319672
2019-03-14,0.048166392580906485,9.861896808825246e-18,0.11169264945554779,0.14284562008205198,0.40135295270441473,0.007099383537033274,6.7850605196593246e-18,0.0652092732748889,0.19649941092333556,0.02713431744182135
2019-03-15,0.04794178797064496,9.959242395720848e-18,0.11237796438619586,0.14282995547894595,0.4007396300938838,0.007085045882863433,6.81609404480609e-18,0.06522585496603873,0.1968767418069818,0.026923019414445405
2019-03-18,0.04817217359541632,1.0068009519015155e-17,0.11274962401449233,0.14288004044238428,0.40011854942560304,0.0071288132103355,6.8308361955494425e-18,0.06544804794469662,0.1967205709338489,0.02678218043322274
2019-03-19,0.04829578359955888,1.0073293954250725e-17,0.11298101086612518,0.1432842721089586,0.3998779944730996,0.007093120704105964,6.854252827523766e-18,0.06546858700407283,0.1962968979338437,0.026702333310235266
2019-03-20,0.048366697686361225,1.0029259279275854e-17,0.11235809942126952,0.14335264878248197,0.4002579988605431,0.006992024971740796,6.840363738086334e-18,0.06488196851543926,0.19716647265063464,0.026624089111529626
2019-03-21,0.04809560106059975,1.0036436059769849e-17,0.11221573304501495,0.14268152974648043,0.3998054147763767,0.007079066697587366,6.942722445082342e-18,0.06557163952462698,0.19747048957484287,0.027080525574471145
2019-03-22,0.04757859775338634,9.722452966934821e-18,0.10983254910764012,0.1427213348680666,0.4019295151497276,0.006807413780933297,6.7762360739985606e-18,0.0641770966374634,0.20012481165423662,0.026828681048546077
2019-03-25,0.047625117760034585,9.718312768520873e-18,0.10968093973222114,0.14341580923268044,0.40183157279485804,0.006818461873749222,6.744558132147316e-18,0.06395080732304341,0.19988895665611672,0.026788334627296493
2019-03-26,0.0477047976599128,9.746053611347216e-18,0.11020371426641415,0.1426752201628373,0.4014112050949478,0.0068887580317546744,6.77460169428882e-18,0.06441449735610374,0.19970480995761705,0.026996997470412426
2019-03-27,0.04736107731310625,9.625542084395643e-18,0.11007843606662587,0.1417021220159265,0.40193554964998535,0.0068510210110569675,6.7203234524131804e-18,0.06397520560244477,0.201220214778805,0.026876373562049416
2019-03-28,0.047265556996956296,9.700292931554335e-18,0.10992977108040691,0.13985355331501031,0.402424709535943,0.006919925815756924,6.743377994547286e-18,0.0642898337016442,0.20214898975779147,0.027167659796491
2019-03-29,0.04728654527943548,9.7989509609281e-18,0.110368877424341,0.13995384808784495,0.40170998528622265,0.006939949230515104,6.793176579880907e-18,0.06468320394397933,0.20191993672374575,0.027137654023915575
2019-04-01,0.0,0.0,0.0,0.0,0.39552307564416006,0.0,0.0,0.60447692435584,0.0,0.0
2019-04-02,0.0,0.0,0.0,0.0,0.3958125752339643,0.0,0.0,0.6041874247660358,0.0,0.0
2019-04-03,0.0,0.0,0.0,0.0,0.3946907644353762,0.0,0.0,0.6053092355646237,0.0,0.0
2019-04-04,0.0,0.0,0.0,0.0,0.39430656438044176,0.0,0.0,0.6056934356195582,0.0,0.0
2019-04-05,0.0,0.0,0.0,0.0,0.39326674462343264,0.0,0.0,0.6067332553765673,0.0,0.0
2019-04-08,0.0,0.0,0.0,0.0,0.3927012259044612,0.0,0.0,0.6072987740955388,0.0,0.0
2019-04-09,0.0,0.0,0.0,0.0,0.3943565851719037,0.0,0.0,0.6056434148280964,0.0,0.0
2019-04-10,0.0,0.0,0.0,0.0,0.39410728497432734,0.0,0.0,0.6058927150256727,0.0,0.0
2019-04-11,0.0,0.0,0.0,0.0,0.39363251896741325,0.0,0.0,0.6063674810325868,0.0,0.0
2019-04-12,0.0,0.0,0.0,0.0,0.39091784460454815,0.0,0.0,0.6090821553954517,0.0,0.0
2019-04-15,0.0,0.0,0.0,0.0,0.39139035682860923,0.0,0.0,0.6086096431713907,0.0,0.0
2019-04-16,0.0,0.0,0.0,0.0,0.39041984161795895,0.0,0.0,0.6095801583820409,0.0,0.0
2019-04-17,0.0,0.0,0.0,0.0,0.39104845725564136,0.0,0.0,0.6089515427443586,0.0,0.0
2019-04-18,0.0,0.0,0.0,0.0,0.39114581757193156,0.0,0.0,0.6088541824280685,0.0,0.0
2019-04-22,0.0,0.0,0.0,0.0,0.3906013099176188,0.0,0.0,0.6093986900823812,0.0,0.0
2019-04-23,0.0,0.0,0.0,0.0,0.3889016948899375,0.0,0.0,0.6110983051100626,0.0,0.0
2019-04-24,0.0,0.0,0.0,0.0,0.39033111749917,0.0,0.0,0.6096688825008301,0.0,0.0
2019-04-25,0.0,0.0,0.0,0.0,0.39018504839710044,0.0,0.0,0.6098149516028996,0.0,0.0
2019-04-26,0.0,0.0,0.0,0.0,0.3897096597654661,0.0,0.0,0.610290340234534,0.0,0.0
2019-04-29,0.0,0.0,0.0,0.0,0.38884278366451097,0.0,0.0,0.611157216335489,0.0,0.0
2019-04-30,0.0,0.0,0.0,0.0,0.3891933757124287,0.0,0.0,0.6108066242875713,0.0,0.0
2019-05-01,0.0,0.0,0.0,0.0,0.40170288396517445,0.0,0.0,0.5982971160348256,0.0,0.0
2019-05-02,0.0,0.0,0.0,0.0,0.4015389139101047,0.0,0.0,0.5984610860898953,0.0,0.0
2019-05-03,0.0,0.0,0.0,0.0,0.39951906006285176,0.0,0.0,0.6004809399371481,0.0,0.0
2019-05-06,0.0,0.0,0.0,0.0,0.4011227116077904,0.0,0.0,0.5988772883922097,0.0,0.0
2019-05-07,0.0,0.0,0.0,0.0,0.4059942342573563,0.0,0.0,0.5940057657426436,0.0,0.0
2019-05-08,0.0,0.0,0.0,0.0,0.4058744992782059,0.0,0.0,0.5941255007217942,0.0,0.0
2019-05-09,0.0,0.0,0.0,0.0,0.40724269368055965,0.0,0.0,0.5927573063194403,0.0,0.0
2019-05-10,0.0,0.0,0.0,0.0,0.40587468146046535,0.0,0.0,0.5941253185395347,0.0,0.0
2019-05-13,0.0,0.0,0.0,0.0,0.4132338775367775,0.0,0.0,0.5867661224632226,0.0,0.0
2019-05-14,0.0,0.0,0.0,0.0,0.41082552454705273,0.0,0.0,0.5891744754529473,0.0,0.0
2019-05-15,0.0,0.0,0.0,0.0,0.4101831622126053,0.0,0.0,0.5898168377873947,0.0,0.0
2019-05-16,0.0,0.0,0.0,0.0,0.40747980998781913,0.0,0.0,0.5925201900121808,0.0,0.0
2019-05-17,0.0,0.0,0.0,0.0,0.40916002826737674,0.0,0.0,0.5908399717326231,0.0,0.0
2019-05-20,0.0,0.0,0.0,0.0,0.4103562122109755,0.0,0.0,0.5896437877890245,0.0,0.0
2019-05-21,0.0,0.0,0.0,0.0,0.4079142384794499,0.0,0.0,0.59208576152055,0.0,0.0
2019-05-22,0.0,0.0,0.0,0.0,0.4093831023304371,0.0,0.0,0.5906168976695629,0.0,0.0
2019-05-23,0.0,0.0,0.0,0.0,0.41383068027064823,0.0,0.0,0.5861693197293517,0.0,0.0
2019-05-24,0.0,0.0,0.0,0.0,0.41321352719836507,0.0,0.0,0.586786472801635,0.0,0.0
2019-05-28,0.0,0.0,0.0,0.0,0.41654199045965856,0.0,0.0,0.5834580095403414,0.0,0.0
2019-05-29,0.0,0.0,0.0,0.0,0.4180891514378957,0.0,0.0,0.5819108485621043,0.0,0.0
2019-05-30,0.0,0.0,0.0,0.0,0.41830406006697357,0.0,0.0,0.5816959399330264,0.0,0.0
2019-05-31,0.0,0.0,0.0,0.0,0.4232272732568417,0.0,0.0,0.5767727267431584,0.0,0.0
2019-06-03,0.046138513872934724,0.0,0.09650520033527893,0.13125942035581917,0.3997834964731127,0.0,0.0,0.10606605517535754,0.2072895681903836,0.012957745597113142
2019-06-04,0.046421360335115104,0.0,0.09762567008464089,0.1313225572850028,0.3983835063517155,0.0,0.0,0.10838587439185932,0.20495922780548134,0.012901803746184997
2019-06-05,0.04549973292885431,0.0,0.0976533342378809,0.13173650013812369,0.3986200109466963,0.0,0.0,0.10938962991205274,0.2039218513259024,0.013178940510489654
2019-06-06,0.046160040758309706,0.0,0.09775954553937394,0.13177934323179752,0.39737783063113874,0.0,0.0,0.10977804236015878,0.20397967136101897,0.013165526118202254
2019-06-07,0.04600825778936361,0.0,0.09834701461394295,0.13165149173810978,0.39632585094790473,0.0,0.0,0.11014776085762805,0.20439197698269987,0.013127647070351202
2019-06-10,0.0460981657472683,0.0,0.09907098240215273,0.13094109219624658,0.39618197176683856,0.0,0.0,0.1111625232796833,0.20340015821686128,0.013145106390949087
2019-06-11,0.04636674568257762,0.0,0.09949084151949342,0.1306826272751142,0.39587374975399636,0.0,0.0,0.1110491337868025,0.20336649038526983,0.013170411596746028
2019-06-12,0.04571255358218668,0.0,0.09872087636603631,0.13131849877295917,0.39676445423506856,0.0,0.0,0.11081709723237226,0.20345599593800517,0.013210523873371825
2019-06-13,0.04612156277400402,0.0,0.09844993773890208,0.13163903339923894,0.3962934266072743,0.0,0.0,0.11086754320501624,0.20341023940073988,0.013218256874824478
2019-06-14,0.046298527674606134,0.0,0.09771951796425286,0.13158329580711642,0.39654096776543307,0.0,0.0,0.11073316059482048,0.20390032690413964,0.013224203289631316
2019-06-17,0.046075094551867785,0.0,0.09776624830858503,0.13146820243804277,0.39637230629310144,0.0,0.0,0.11074832943302068,0.20420732727675664,0.013362491698625757
2019-06-18,0.04636828632564511,0.0,0.09853172904085551,0.13141797473274028,0.39498345572742194,0.0,0.0,0.11130203341387085,0.20411957873095515,0.013276942028511244
2019-06-19,0.04613883611932872,0.0,0.09884327519213185,0.13181686773938345,0.39487562373735,0.0,0.0,0.11121818212577853,0.2037985363651394,0.013308678720888102
2019-06-20,0.046723392456544256,0.0,0.09897345615538762,0.1341388618868083,0.3926051763780944,0.0,0.0,0.1114525389682046,0.20282933947849735,0.01327723467646342
2019-06-21,0.0470118043995293,0.0,0.09890701791287532,0.1355163074770892,0.3924103433339718,0.0,0.0,0.11169220845720894,0.20132498666647797,0.013137331752847427
2019-06-24,0.04698113017692112,0.0,0.09861448358394892,0.1368290251378745,0.39176790068759726,0.0,0.0,0.11098778654557497,0.20179409346570365,0.013025580402379496
2019-06-25,0.047140590853633,0.0,0.09804926177334694,0.1371251902253665,0.39246128254314,0.0,0.0,0.10992371876782674,0.20246417701470715,0.012835778821979563
2019-06-26,0.04757709701357379,0.0,0.0985802235035262,0.1364365317025222,0.39249134189958934,0.0,0.0,0.11027330589980709,0.20200957549071108,0.012631924490270246
2019-06-27,0.04742215233159987,0.0,0.09850028464686941,0.13585923815864925,0.3923908362987254,0.0,0.0,0.1103039377078055,0.2027706757953105,0.012752875061040262
2019-06-28,0.04686491279612813,0.0,0.09895191382333877,0.13608163094569825,0.39214912296078364,0.0,0.0,0.11075286123957899,0.2024164552959098,0.012783102938562448
2019-07-01,0.0,0.0,0.0,0.0,0.39753175759100035,0.0,0.0,0.6024682424089997,0.0,0.0
2019-07-02,0.0,0.0,0.0,0.0,0.39775867631316597,0.0,0.0,0.602241323686834,0.0,0.0
2019-07-03,0.0,0.0,0.0,0.0,0.3963086887792469,0.0,0.0,0.603691311220753,0.0,0.0
2019-07-05,0.0,0.0,0.0,0.0,0.3950583699585382,0.0,0.0,0.6049416300414617,0.0,0.0
2019-07-08,0.0,0.0,0.0,0.0,0.3961357901968345,0.0,0.0,0.6038642098031656,0.0,0.0
2019-07-09,0.0,0.0,0.0,0.0,0.3956848506324341,0.0,0.0,0.604315149367566,0.0,0.0
2019-07-10,0.0,0.0,0.0,0.0,0.39467659721627046,0.0,0.0,0.6053234027837294,0.0,0.0
2019-07-11,0.0,0.0,0.0,0.0,0.3929371778202577,0.0,0.0,0.6070628221797423,0.0,0.0
2019-07-12,0.0,0.0,0.0,0.0,0.39213450349507506,0.0,0.0,0.6078654965049248,0.0,0.0
2019-07-15,0.0,0.0,0.0,0.0,0.3925575141364885,0.0,0.0,0.6074424858635115,0.0,0.0
2019-07-16,0.0,0.0,0.0,0.0,0.3928035879372003,0.0,0.0,0.6071964120627996,0.0,0.0
2019-07-17,0.0,0.0,0.0,0.0,0.39554855604873695,0.0,0.0,0.604451443951263,0.0,0.0
2019-07-18,0.0,0.0,0.0,0.0,0.3952633474425066,0.0,0.0,0.6047366525574933,0.0,0.0
2019-07-19,0.0,0.0,0.0,0.0,0.39615958770878634,0.0,0.0,0.6038404122912135,0.0,0.0
2019-07-22,0.0,0.0,0.0,0.0,0.3956818920026929,0.0,0.0,0.604318107997307,0.0,0.0
2019-07-23,0.0,0.0,0.0,0.0,0.3935873657933752,0.0,0.0,0.6064126342066248,0.0,0.0
2019-07-24,0.0,0.0,0.0,0.0,0.3928171813615082,0.0,0.0,0.6071828186384918,0.0,0.0
2019-07-25,0.0,0.0,0.0,0.0,0.3935458511291119,0.0,0.0,0.6064541488708881,0.0,0.0
2019-07-26,0.0,0.0,0.0,0.0,0.391909704827184,0.0,0.0,0.608090295172816,0.0,0.0
2019-07-29,0.0,0.0,0.0,0.0,0.39256202931422074,0.0,0.0,0.6074379706857793,0.0,0.0
2019-07-30,0.0,0.0,0.0,0.0,0.393257019810742,0.0,0.0,0.606742980189258,0.0,0.0
2019-07-31,0.0,0.0,0.0,0.0,0.3964953388511356,0.0,0.0,0.6035046611488645,0.0,0.0
2019-08-01,0.08150833571316207,3.2839482836242276e-18,0.09543543064811787,0.07373837522486476,0.40154442521149775,1.1393128794562404e-17,2.016631414032817e-17,0.10403830698219114,0.23946399773568647,0.004271128484479845
2019-08-02,0.08151319256199742,3.247767792346676e-18,0.09446968883745523,0.07336459944922105,0.40186948215539514,1.1252645307883582e-17,1.9844292248282407e-17,0.103124623639835,0.24137203960367062,0.004286373752425428
2019-08-05,0.0806177000277028,3.1200591451126295e-18,0.09188873005183931,0.0742103411576256,0.40435947843927406,1.0888454139072781e-17,1.9096772100114208e-17,0.0997813247578722,0.24495068047621213,0.004191745089474017
2019-08-06,0.07980118066406852,3.149535905490499e-18,0.0920638280254244,0.0744526420571611,0.4030548451090817,1.0935502629034981e-17,1.927068676585051e-17,0.10069238994660396,0.2457173778956779,0.004217736301982391
2019-08-07,0.07873389998745027,3.1617708865979068e-18,0.09235650508108498,0.07553393173017639,0.4027902254193549,1.092540021716761e-17,1.93620673059389e-17,0.10068571345808998,0.2456438119340551,0.004255912389788213
2019-08-08,0.0788209109180338,3.1869474399337035e-18,0.09285312649905582,0.07558786778034882,0.40109437224648503,1.1113014804728182e-17,1.9698417174993433e-17,0.1022198704918383,0.24511180776881486,0.004312044295423354
2019-08-09,0.07967179678169134,3.1608354755568157e-18,0.09239347007997391,0.07548831500497198,0.40129035570736343,1.0995149200449505e-17,1.9552348426012183e-17,0.1017272288562034,0.24511336585793445,0.00431546771186156
2019-08-12,0.07862845471984284,3.1047307772702633e-18,0.09112967824904418,0.07577986454208871,0.40149722376039004,1.0790068155287417e-17,1.9216261886284815e-17,0.09990800100967373,0.24877758837760425,0.004279189341356495
2019-08-13,0.08035850988048437,3.1392814674051892e-18,0.0918485815699123,0.07521183066476302,0.3994556173051574,1.0889335897085797e-17,1.960703752958588e-17,0.10130494873907406,0.24754180716193455,0.00427870467867425
2019-08-14,0.0789871270946349,3.042821505563483e-18,0.08915305426036929,0.07557843778799779,0.4013341989117295,1.0564298984460834e-17,1.8983920047489706e-17,0.09811749574004053,0.25262428667331094,0.0042053995319170775
2019-08-15,0.07789876622949976,3.0454639886438996e-18,0.08893925155626536,0.07563982670738531,0.4015429772551825,1.0461278290494053e-17,1.8852046252207716e-17,0.0978057312421007,0.25395081428892563,0.0042226327206405226
2019-08-16,0.07792979828991452,3.090945154346009e-18,0.09010581329630649,0.07523620635476955,0.4009153046763385,1.0698525326079483e-17,1.9175182714048122e-17,0.09935539406069863,0.25218675940836194,0.004270723913610496
2019-08-19,0.07863156841824726,3.116688375497209e-18,0.09104250544635056,0.07467333683169955,0.4007113084976861,1.0852585490617666e-17,1.9563233761779346e-17,0.10098120851277298,0.24964009026059494,0.00431998203264863
2019-08-20,0.07852558390067281,3.110409179048673e-18,0.0903723072221737,0.07495279328778844,0.40086463632910535,1.0738380850766751e-17,1.9333592470177805e-17,0.09980442747468114,0.25120809480993533,0.004272156975643153
2019-08-21,0.07888626913030918,3.144022242592707e-18,0.09112240484574752,0.07480842795539405,0.4003024707332461,1.0840387480401785e-17,1.952947047042228e-17,0.10074138416127544,0.24984375417879479,0.0042952889952329164
2019-08-22,0.07877677327306641,3.113545331307327e-18,0.09124833532849716,0.0748644832197329,0.4007359151119658,1.0850816363640748e-17,1.953049741980462e-17,0.1010424405073053,0.24900283559405226,0.00432921696538006
2019-08-23,0.07789359278725186,3.0553419503166217e-18,0.08976542726782538,0.0760358908106611,0.4018705033915069,1.0477450815585064e-17,1.8839312285246244e-17,0.09806620324955603,0.2521163816771973,0.004252000816001245
2019-08-26,0.07780937725091154,3.0705244194315303e-18,0.09046753808420434,0.0760155487033027,0.40131886400719513,1.0588416688698908e-17,1.911609580721667e-17,0.099110366781954,0.2509952287038377,0.004283076468594586
2019-08-27,0.0778386986852843,3.056507210816748e-18,0.0898222847354169,0.07625675086945191,0.4004947340191549,1.0365323436114993e-17,1.895486776028296e-17,0.09809589642082453,0.2532478063571865,0.004243828912680954
2019-08-28,0.07838965036454014,3.060052772306501e-18,0.08967565017240973,0.07591783247658415,0.39998087218036077,1.0469136840737254e-17,1.8991653176611107e-17,0.09862541161604389,0.2531597375170659,0.004250845672995509
2019-08-29,0.07859797133503164,3.0941781442247276e-18,0.09045111306071325,0.07537363008798115,0.39920890241645235,1.0652700199381634e-17,1.9281953624223584e-17,0.0998847454538189,0.25219980162400174,0.004283836022000944
2019-08-30,0.0774200860796813,3.1212076382072956e-18,0.0908969710430047,0.07525189937870787,0.39969515286079627,1.0643565212622818e-17,1.9254147226544597e-17,0.09993570617649854,0.2525090009066454,0.004291183554665923
2019-09-03,0.10920549270615039,3.597422946562952e-18,0.10490895253800689,0.08057753173334002,0.4004677088709369,2.055716686307934e-17,7.509754795546547e-18,0.09274905108631222,0.19984776787805889,0.012243495187194618
2019-09-04,0.11105716018898494,3.633570516380582e-18,0.10568500438714402,0.0805441889428346,0.3984459319269156,2.058545938250615e-17,7.567760745227195e-18,0.09318115770429494,0.1988222090376806,0.012264347812145221
2019-09-05,0.1117164986387515,3.701449507599463e-18,0.10701916201494173,0.07918262749950754,0.3981113905633883,2.1120846963981325e-17,7.762429190105868e-18,0.09506531356588266,0.19664092907994804,0.0122640786375802
2019-09-06,0.11182083156477801,3.711299625093097e-18,0.1071845301904933,0.07837318071826356,0.3976745564954253,2.0988020883059488e-17,7.741446433033924e-18,0.09497563238818388,0.19770063683266237,0.012270631810193564
2019-09-09,0.11341421500585189,3.7414031824430024e-18,0.10803165221557486,0.07846655075004817,0.39717386709933505,2.137462400809615e-17,7.763479631545072e-18,0.0954932786966758,0.19514851030840039,0.012271925924113952
2019-09-10,0.11434024114673771,3.769745150959534e-18,0.10895603154475758,0.07832757974353538,0.3969829696579642,2.179577613574749e-17,7.794139854177223e-18,0.09612434757405408,0.19304044504752801,0.012228385285422923
2019-09-11,0.11349209310580984,3.7953085495180615e-18,0.10953692491401996,0.07878516424878435,0.39650526601865743,2.2237123780078057e-17,7.86558886719058e-18,0.09678658148227973,0.19265499641624936,0.0122389738141992
2019-09-12,0.11320136035969028,3.827961535626117e-18,0.11032956753229152,0.07905762723542019,0.3961717969253949,2.227391277621026e-17,7.909337419980405e-18,0.09725770496821332,0.19166067177174828,0.012321271207241611
2019-09-13,0.11410799481204811,3.880669185890211e-18,0.11184075770332498,0.07903102878879852,0.3956921669105834,2.2490914391626074e-17,7.944212739719633e-18,0.09797155908311529,0.1890692818364662,0.012287210865663471
2019-09-16,0.11814554419111985,3.817324741214215e-18,0.10988931570957346,0.07900724674952044,0.3940024356547364,2.2381613128719697e-17,7.840893184627354e-18,0.09683117977016183,0.1898361124285871,0.01228816549630099
2019-09-17,0.11581631609685979,3.814587475582153e-18,0.11018019567165772,0.07910701912812372,0.3947485240022065,2.2307504929708378e-17,7.872876969209466e-18,0.09700676338241901,0.19072899103806176,0.01241219068067134
2019-09-18,0.11511569498711631,3.800683572117353e-18,0.11009120595748272,0.07864227749125312,0.39505372303448044,2.2179264077861714e-17,7.87285809805983e-18,0.09710488846412996,0.19161741957883666,0.012374790486700761
2019-09-19,0.11547445730018281,3.777352668203517e-18,0.11023192708985133,0.07879706976836393,0.3944114028573575,2.202578855001677e-17,7.869586245842054e-18,0.0968970418053976,0.1917952157594608,0.012392885419385873
2019-09-20,0.11502892201545753,3.761533414441178e-18,0.10941442531007685,0.0793182641815877,0.3946371428681735,2.1866030359656633e-17,7.746273644156295e-18,0.09594302934322389,0.19332909569666193,0.01232912058481864
2019-09-23,0.11521356564215371,3.7614733176179905e-18,0.10902414353654435,0.07968427819476605,0.3948148291422825,2.1827818083614422e-17,7.742123219322643e-18,0.09582680694565222,0.1930995226836201,0.012336853854981063
2019-09-24,0.113628696470838,3.71361036742393e-18,0.10837018328597284,0.07993066929878015,0.3959200277038536,2.1451420426235105e-17,7.622622418150007e-18,0.09486730360203828,0.19500051110267036,0.012282608535846689
2019-09-25,0.11379634129567102,3.738314766569198e-18,0.10885216971991579,0.07902772889108821,0.3962257162005709,2.1846610258613553e-17,7.765119852202355e-18,0.09613325390008697,0.19356742410071195,0.012397365891955031
2019-09-26,0.11352636711933607,3.728540554782892e-18,0.10899521594786907,0.0788180010246213,0.3961328599743351,2.155151572913237e-17,7.718168359468815e-18,0.09570538402636519,0.1943502953556876,0.012471876551785563
2019-09-27,0.11316602234685932,3.683351034149466e-18,0.10871027504225654,0.0784720647636167,0.3970003845296111,2.1395278906379505e-17,7.628214019153441e-18,0.09526248080823405,0.19497670936709213,0.012412063142330072
2019-09-30,0.11212418415646336,3.7066978348159715e-18,0.10918555561973779,0.07730593007975399,0.39758676208270255,2.1435225976287542e-17,7.706013276985422e-18,0.09576889617164051,0.1955868798267598,0.01244179206294208
2019-10-01,0.09003606974820676,3.368514405382577e-17,0.1567322269476766,0.0707023479408623,0.40138923291115414,0.01235294155949766,0.0,0.06707880664205505,0.1911383299810618,0.010570044269485629
2019-10-02,0.08949207279132626,3.351573044730778e-17,0.15393195969742277,0.07171583027594826,0.4038386946410586,0.012291936122010788,0.0,0.0660671956429611,0.19210921424055422,0.010553096588718044
2019-10-03,0.08885905274863881,3.375368612267341e-17,0.15406483666992807,0.07162731285633164,0.40361735280820027,0.012262060929739053,0.0,0.06622619656799536,0.19274912674986702,0.010594060669299766
2019-10-04,0.08911158795273248,3.372699735503702e-17,0.15447024025711564,0.07125622585092353,0.4023041344143462,0.012314129706116651,0.0,0.06677464100781201,0.19316631838947151,0.010602722421482153
2019-10-07,0.0893677246192891,3.358802913174971e-17,0.154927684945491,0.0709462849516306,0.40265026407382193,0.012344455726174649,0.0,0.0667666703133724,0.19237230899113938,0.010624606379080852
2019-10-08,0.08938071845950878,3.337542339628953e-17,0.1536021758247319,0.07162475770169782,0.40383033418300096,0.012153678586425656,0.0,0.06578359991235451,0.19304737527021323,0.010577360062067095
2019-10-09,0.08961977156949501,3.363198292455123e-17,0.15471542349080786,0.07169054424637937,0.4028011048636478,0.012209306613337887,0.0,0.06640847226425418,0.19195746222878293,0.010597914723294861
2019-10-10,0.09056152238838087,3.4109300965111744e-17,0.1563993974700486,0.07133625333233395,0.40180817687049053,0.012305112184761763,0.0,0.06711306133983914,0.18982089496166826,0.010655581452476774
2019-10-11,0.09170633864768851,3.4682389412069195e-17,0.1593068767615317,0.07099217235445282,0.3993494331424761,0.01252236267382913,0.0,0.06785764365991358,0.18760650068641083,0.010658672073697287
2019-10-14,0.0911443169706042,3.4478999802366175e-17,0.15840358936974963,0.07116506658193407,0.39983202704915133,0.012457088602345495,0.0,0.0676764728682759,0.18867479318046512,0.01064664537747412
2019-10-15,0.09111154419558128,3.486515977017329e-17,0.1606122526168228,0.07082974865943742,0.39881300748667164,0.01262890173917291,0.0,0.06850196906590438,0.18681795332041973,0.010684622915989806
2019-10-16,0.09107796836072096,3.4906095132189e-17,0.16058461586517042,0.0711156765478976,0.39892597418876935,0.012620962849841339,0.0,0.06827680389300218,0.18673022322175245,0.010667775072845494
2019-10-17,0.09137599339752168,3.5015380913515504e-17,0.16086481405855832,0.0711690734533332,0.39851496102379014,0.012761441028767348,0.0,0.06843209333734787,0.18615124998853336,0.010730373712147873
2019-10-18,0.09132800078971649,3.483736195901543e-17,0.16081295385649397,0.07110241325279959,0.3989232236135576,0.012702344419508441,0.0,0.06814143122743527,0.1861754925312789,0.010814140309209587
2019-10-21,0.09137119446412373,3.5215522339337927e-17,0.16197541399163623,0.07088968055789677,0.3981723925641969,0.012844276650616947,0.0,0.06872596382204917,0.18510510149350368,0.01091597645597645
2019-10-22,0.09133527101688352,3.5180407844208054e-17,0.16131109721279444,0.07097644310357887,0.39842050360559955,0.01283653935743805,0.0,0.06838470420503771,0.18587010016068647,0.010865341337981402
2019-10-23,0.09221989777666831,3.5092313990790846e-17,0.16174049046990951,0.07094862094748483,0.39747131290296794,0.012817148023228586,0.0,0.06839580568478001,0.1855471897664997,0.010859534428461094
2019-10-24,0.09261480269620014,3.506091780356797e-17,0.16188595560881944,0.07138955795414409,0.3970444696427193,0.012787434124579099,0.0,0.06844628659666899,0.18500903018001422,0.010822463196854763
2019-10-25,0.09321031350075952,3.533115134542124e-17,0.1621569117500369,0.07160091636245713,0.3964410479658979,0.012863509286412413,0.0,0.06876968319631863,0.18422075706325033,0.010736860874867183
2019-10-28,0.0931297896597148,3.5644303729791276e-17,0.16336995727489423,0.07119747707691837,0.39613014405543545,0.01301352573363742,0.0,0.06936418750446696,0.1830911546247106,0.010703764070222095
2019-10-29,0.0929373102015694,3.545683780732528e-17,0.16329897522479886,0.07099025773221289,0.39643178169657445,0.013054184926715869,0.0,0.06933403143555153,0.18318596609481264,0.010767492687764323
2019-10-30,0.09185317977838853,3.542731427800108e-17,0.1631165148839412,0.0710048550411025,0.3962623168949988,0.012942518962724506,0.0,0.0691811719637985,0.1848898534717006,0.010749589003345387
2019-10-31,0.0909060031476937,3.4988461353725e-17,0.16199779683456358,0.07139197520088253,0.39698361649767133,0.012811733196883553,0.0,0.06868633230040057,0.18654060167138134,0.010681941150523226
2019-11-01,0.09316851626244291,4.112721120781005e-18,0.19924689046729296,0.038803021200756314,0.39803605497419164,0.04165611128565517,4.554493518559286e-18,0.02542828385422712,0.19866525880632008,0.004995863149113628
2019-11-04,0.09403208901573135,4.165454203751267e-18,0.2008418331795495,0.038801480807913444,0.39713919213433396,0.04199919870018324,4.595697214494253e-18,0.025603065140599283,0.19660813997117627,0.004975001050512829
2019-11-05,0.09476212226860932,4.211112848789385e-18,0.2015032139674027,0.03837233784908494,0.39705895717539424,0.042270884975927,4.622154328732605e-18,0.025707843250668407,0.19540868138713968,0.004915959125773703
2019-11-06,0.09363134206238105,4.192849214936979e-18,0.20118264474339262,0.038492586637635474,0.3977453162341232,0.041978127320651884,4.606453754156313e-18,0.02568408886859024,0.19636492500984598,0.004920969123379654
2019-11-07,0.09419523342505182,4.2516758405861336e-18,0.2031477859713554,0.03814783108010299,0.3971954555119566,0.042370231007847634,4.652725750548908e-18,0.025946297307276735,0.19409279429422036,0.004904371402188527
2019-11-08,0.09456097411391166,4.218614109218716e-18,0.20329508439958313,0.03795471560020978,0.3971756764379993,0.04254075894394242,4.677418196312872e-18,0.026044365024254657,0.19352945847462003,0.004898967005479011
2019-11-11,0.09400430874135182,4.1908631841331455e-18,0.20313358562360861,0.03788333503003554,0.3978157594647257,0.04248271540288298,4.673583441951887e-18,0.026008212836700496,0.19375979526485648,0.0049122876358385316
2019-11-12,0.09393780362591066,4.158180019429614e-18,0.2029482151603984,0.0379342705316623,0.39745805957122043,0.04243866931007304,4.680738151808729e-18,0.02602782494088072,0.19438658557560384,0.004868571284250565
2019-11-13,0.0939471695214558,4.118784733517891e-18,0.20186521611325534,0.03801639940725995,0.39780890373669153,0.04217965039767688,4.673333401392585e-18,0.025988600296603923,0.19528987771450512,0.00490418281255126
2019-11-14,0.09332904101616636,4.107764341039608e-18,0.20062245505387857,0.03804735657072681,0.3984715592252625,0.042024009368343926,4.65386317695388e-18,0.025938598124093926,0.19664139450315887,0.004925586138368852
2019-11-15,0.09366533593770082,4.13398586829009e-18,0.20158027394056025,0.037892433457056014,0.3975320993773314,0.04217648986997932,4.6807916171689125e-18,0.026085807529585572,0.19612291979738136,0.00494464009040533
2019-11-18,0.09267016457403825,4.125795661907166e-18,0.20174386214478784,0.03799119618117704,0.3980686713163294,0.04205523504063497,4.68280198522822e-18,0.026095673736191906,0.19640832183269832,0.004966875174142355
2019-11-19,0.0916951831845603,4.1284037119947165e-18,0.2011852348060126,0.03795507804236353,0.3982389731989862,0.042150347859930236,4.682896212001757e-18,0.026050188620743722,0.19775682173645023,0.004968172550953099
2019-11-20,0.09259867582106789,4.097096671503671e-18,0.19928030165949673,0.03785294652430068,0.39842573482117805,0.04185727442346237,4.639936907415651e-18,0.025870418749643128,0.199164999237283,0.004949648763568228
2019-11-21,0.09364159159417364,4.0975048627742835e-18,0.1994536775160266,0.03772840143410467,0.3983033581977162,0.04174288778752946,4.639787401168693e-18,0.025885598503244168,0.1983536764404374,0.004890808526767909
2019-11-22,0.09350856684981378,4.094305483916215e-18,0.19985656037543498,0.037627917172141555,0.3979210844009656,0.041839870293118905,4.6391538699816674e-18,0.02592289801503234,0.19845419410703408,0.004868908786458688
2019-11-25,0.09320361032072269,4.1218855106790926e-18,0.20078717291885015,0.037325490153173775,0.3968010242991189,0.04258905590061651,4.678779152820186e-18,0.026038621903612117,0.19838662303639187,0.004868401467513829
2019-11-26,0.09349250137246969,4.098616861880809e-18,0.20013803556908846,0.037405784894284054,0.3964930609057935,0.042505070793271635,4.675288397875734e-18,0.026028424758769122,0.19901712570351845,0.004919996002804876
2019-11-27,0.09313857673396807,4.108767133763887e-18,0.20092830553291732,0.03725652779195047,0.39598667827654477,0.0428611163681172,4.7141627905714145e-18,0.026178881928033578,0.19870014547018172,0.004949767898286847
2019-11-29,0.0916718310480047,4.061031700426953e-18,0.20035785321948782,0.03764441697248225,0.39732166968640176,0.04276015947717179,4.712276980374722e-18,0.026190847745784354,0.19910561642539762,0.004947605425269723
2019-12-02,0.0,0.0,0.0,0.0,0.40118477348035014,0.0,0.0,0.5988152265196498,0.0,0.0
2019-12-03,0.0,0.0,0.0,0.0,0.4049400692042808,0.0,0.0,0.5950599307957192,0.0,0.0
2019-12-04,0.0,0.0,0.0,0.0,0.4025332379503558,0.0,0.0,0.5974667620496442,0.0,0.0
2019-12-05,0.0,0.0,0.0,0.0,0.4015406300846426,0.0,0.0,0.5984593699153575,0.0,0.0
2019-12-06,0.0,0.0,0.0,0.0,0.39862388350886235,0.0,0.0,0.6013761164911376,0.0,0.0
2019-12-09,0.0,0.0,0.0,0.0,0.3995735370553655,0.0,0.0,0.6004264629446345,0.0,0.0
2019-12-10,0.0,0.0,0.0,0.0,0.3995603069599661,0.0,0.0,0.600439693040034,0.0,0.0
2019-12-11,0.0,0.0,0.0,0.0,0.3998730921155621,0.0,0.0,0.600126907884438,0.0,0.0
2019-12-12,0.0,0.0,0.0,0.0,0.39591681256023314,0.0,0.0,0.604083187439767,0.0,0.0
2019-12-13,0.0,0.0,0.0,0.0,0.39717695912971573,0.0,0.0,0.6028230408702843,0.0,0.0
2019-12-16,0.0,0.0,0.0,0.0,0.39441844935448606,0.0,0.0,0.605581550645514,0.0,0.0
2019-12-17,0.0,0.0,0.0,0.0,0.3943875740049531,0.0,0.0,0.6056124259950468,0.0,0.0
2019-12-18,0.0,0.0,0.0,0.0,0.3937242800131364,0.0,0.0,0.6062757199868636,0.0,0.0
2019-12-19,0.0,0.0,0.0,0.0,0.39293456586357406,0.0,0.0,0.607065434136426,0.0,0.0
2019-12-20,0.0,0.0,0.0,0.0,0.39189145652722435,0.0,0.0,0.6081085434727757,0.0,0.0
2019-12-23,0.0,0.0,0.0,0.0,0.39131166095284575,0.0,0.0,0.6086883390471542,0.0,0.0
2019-12-24,0.0,0.0,0.0,0.0,0.39171464535517986,0.0,0.0,0.6082853546448201,0.0,0.0
2019-12-26,0.0,0.0,0.0,0.0,0.3907951705828437,0.0,0.0,0.6092048294171564,0.0,0.0
2019-12-27,0.0,0.0,0.0,0.0,0.39119854164253587,0.0,0.0,0.6088014583574642,0.0,0.0
2019-12-30,0.0,0.0,0.0,0.0,0.3923650523376421,0.0,0.0,0.6076349476623579,0.0,0.0
2019-12-31,0.0,0.0,0.0,0.0,0.39092394668859426,0.0,0.0,0.6090760533114057,0.0,0.0
2020-01-02,0.0,0.0,0.0,0.0,0.3988744203350583,0.0,0.0,0.6011255796649416,0.0,0.0
2020-01-03,0.0,0.0,0.0,0.0,0.40229892915801524,0.0,0.0,0.5977010708419848,0.0,0.0
2020-01-06,0.0,0.0,0.0,0.0,0.40112490915606647,0.0,0.0,0.5988750908439335,0.0,0.0
2020-01-07,0.0,0.0,0.0,0.0,0.40145595764694325,0.0,0.0,0.5985440423530568,0.0,0.0
2020-01-08,0.0,0.0,0.0,0.0,0.39961752445384935,0.0,0.0,0.6003824755461507,0.0,0.0
2020-01-09,0.0,0.0,0.0,0.0,0.39817008000908993,0.0,0.0,0.6018299199909102,0.0,0.0
2020-01-10,0.0,0.0,0.0,0.0,0.399378849877407,0.0,0.0,0.600621150122593,0.0,0.0
2020-01-13,0.0,0.0,0.0,0.0,0.39745594425459074,0.0,0.0,0.6025440557454094,0.0,0.0
2020-01-14,0.0,0.0,0.0,0.0,0.39829512467188716,0.0,0.0,0.6017048753281128,0.0,0.0
2020-01-15,0.0,0.0,0.0,0.0,0.3983560954146056,0.0,0.0,0.6016439045853945,0.0,0.0
2020-01-16,0.0,0.0,0.0,0.0,0.39587907428195507,0.0,0.0,0.6041209257180449,0.0,0.0
2020-01-17,0.0,0.0,0.0,0.0,0.3949428708884893,0.0,0.0,0.6050571291115107,0.0,0.0
2020-01-21,0.0,0.0,0.0,0.0,0.3963549074309697,0.0,0.0,0.6036450925690304,0.0,0.0
2020-01-22,0.0,0.0,0.0,0.0,0.3963688888844767,0.0,0.0,0.6036311111155234,0.0,0.0
2020-01-23,0.0,0.0,0.0,0.0,0.396693491481182,0.0,0.0,0.6033065085188182,0.0,0.0
2020-01-24,0.0,0.0,0.0,0.0,0.39968801101000556,0.0,0.0,0.6003119889899944,0.0,0.0
2020-01-27,0.0,0.0,0.0,0.0,0.4051939423989489,0.0,0.0,0.5948060576010511,0.0,0.0
2020-01-28,0.0,0.0,0.0,0.0,0.40187545543976316,0.0,0.0,0.5981245445602369,0.0,0.0
2020-01-29,0.0,0.0,0.0,0.0,0.40322259392103516,0.0,0.0,0.5967774060789649,0.0,0.0
2020-01-30,0.0,0.0,0.0,0.0,0.4026764786230099,0.0,0.0,0.5973235213769901,0.0,0.0
2020-01-31,0.0,0.0,0.0,0.0,0.4083018164904953,0.0,0.0,0.5916981835095046,0.0,0.0
2020-02-03,0.0,0.0,0.0,0.0,0.3980208728026702,0.0,0.0,0.6019791271973299,0.0,0.0
2020-02-04,0.0,0.0,0.0,0.0,0.3930137677771976,0.0,0.0,0.6069862322228023,0.0,0.0
2020-02-05,0.0,0.0,0.0,0.0,0.3892455878578718,0.0,0.0,0.6107544121421283,0.0,0.0
2020-02-06,0.0,0.0,0.0,0.0,0.3886159278955706,0.0,0.0,0.6113840721044294,0.0,0.0
2020-02-07,0.0,0.0,0.0,0.0,0.3910240129830591,0.0,0.0,0.6089759870169409,0.0,0.0
2020-02-10,0.0,0.0,0.0,0.0,0.3897157532714632,0.0,0.0,0.6102842467285369,0.0,0.0
2020-02-11,0.0,0.0,0.0,0.0,0.388737760508098,0.0,0.0,0.6112622394919021,0.0,0.0
2020-02-12,0.0,0.0,0.0,0.0,0.38660444994477283,0.0,0.0,0.6133955500552272,0.0,0.0
2020-02-13,0.0,0.0,0.0,0.0,0.3870676268005845,0.0,0.0,0.6129323731994154,0.0,0.0
2020-02-14,0.0,0.0,0.0,0.0,0.38727478256778053,0.0,0.0,0.6127252174322195,0.0,0.0
2020-02-18,0.0,0.0,0.0,0.0,0.3882643114502838,0.0,0.0,0.6117356885497163,0.0,0.0
2020-02-19,0.0,0.0,0.0,0.0,0.38709005760803805,0.0,0.0,0.612909942391962,0.0,0.0
2020-02-20,0.0,0.0,0.0,0.0,0.3887572517569564,0.0,0.0,0.6112427482430437,0.0,0.0
2020-02-21,0.0,0.0,0.0,0.0,0.39218118134018276,0.0,0.0,0.6078188186598172,0.0,0.0
2020-02-24,0.0,0.0,0.0,0.0,0.40211381868394336,0.0,0.0,0.5978861813160566,0.0,0.0
2020-02-25,0.0,0.0,0.0,0.0,0.41020472253684903,0.0,0.0,0.589795277463151,0.0,0.0
2020-02-26,0.0,0.0,0.0,0.0,0.41097070454067536,0.0,0.0,0.5890292954593246,0.0,0.0
2020-02-27,0.0,0.0,0.0,0.0,0.42331932328115696,0.0,0.0,0.576680676718843,0.0,0.0
2020-02-28,0.0,0.0,0.0,0.0,0.42707308052584936,0.0,0.0,0.5729269194741505,0.0,0.0
2020-03-02,0.10468742529141621,0.0,0.20015002084243894,0.054933457400047354,0.3968503749301944,0.06364569373266224,1.3723533027377142e-17,0.03363061272700617,0.1461024150762346,1.0682154715453761e-18
2020-03-03,0.10439604889746196,0.0,0.19755245567881152,0.0563810459301523,0.3994836430476698,0.062040515172361345,1.3218000414821147e-17,0.03250671739383506,0.14763957387970805,1.0604999922711852e-18
2020-03-04,0.10376854981870406,0.0,0.20209258176407438,0.056100261389665056,0.39592650822614345,0.06337696281575711,1.3676917734227235e-17,0.03364534404025487,0.14508979194540106,1.093140245935796e-18
2020-03-05,0.10278442674200818,0.0,0.19697725894541185,0.057385145315714675,0.39995464830151223,0.061439248345305356,1.3278289506571829e-17,0.03256838684822051,0.14889088550182722,1.0710828413968033e-18
2020-03-06,0.09906151251384689,0.0,0.19329455777190271,0.057191269777095904,0.4024967304578152,0.05999515598759182,1.3005196254044101e-17,0.031909619665180744,0.15605115382656665,1.0486676761913278e-18
2020-03-09,0.09350987277659428,0.0,0.1825160140649232,0.05864002324365453,0.41570850747863,0.05544235973046712,1.238791522097805e-17,0.030113164400725728,0.16407005830500512,9.907049984432915e-19
2020-03-10,0.09688663434915826,0.0,0.19006229392044946,0.05765054297863594,0.4098397697547952,0.057420248767525814,1.3118855874517859e-17,0.03180814131244407,0.15633236891699126,1.0370203690709028e-18
2020-03-11,0.09774212832660129,0.0,0.18532198881302248,0.05902055324275855,0.41687646096982955,0.055242648008305154,1.2891539697340485e-17,0.031087271766652668,0.1547089488728304,1.001436362009483e-18
2020-03-12,0.09718344100265693,0.0,0.1708571504412064,0.05869395132052938,0.4320124321596972,0.0508964831821856,1.2128486024040874e-17,0.029118868160643418,0.16123767373308104,9.321911185765412e-19
2020-03-13,0.097357556421769,0.0,0.17957565151399338,0.05639283209884465,0.425349442836883,0.05381890123157217,1.3037922967852901e-17,0.031324826960297196,0.1561807889366407,1.004466218131798e-18
2020-03-16,0.09281242700728418,0.0,0.16337450127387662,0.056553903531602036,0.4429023987205967,0.047354145227373835,1.1642178291574472e-17,0.028300769910429947,0.16870185432883675,8.383535416768715e-19
2020-03-17,0.09239806118217059,0.0,0.17330431977490188,0.05798172356274058,0.43677836265954206,0.05009617145731434,1.266961823788963e-17,0.030172863784948066,0.15926849757838246,8.970458569731382e-19
2020-03-18,0.09254699216814549,0.0,0.16923236245530965,0.058862780967572685,0.4461488110390694,0.04786897556376011,1.2724419559722646e-17,0.029671520321344385,0.1556685574847983,8.407963398218707e-19
2020-03-19,0.0934731153078492,0.0,0.1699759685111769,0.05711488778678777,0.4426906340007963,0.049189486432512,1.2660023743433624e-17,0.02940758386302802,0.15814832409784982,8.344732183383661e-19
2020-03-20,0.09078208748760719,0.0,0.16482635567781276,0.05691999356121314,0.4457361890452447,0.04714888433900958,1.1943446288810584e-17,0.027629928963576737,0.1669565609255359,7.7850933545527e-19
2020-03-23,0.0907341062350216,0.0,0.1609014801388493,0.0587056814323158,0.44547939794442915,0.045881657150527236,1.1805470576200017e-17,0.026593250388445018,0.17170442671041203,7.332693997256533e-19
2020-03-24,0.09098793838302763,0.0,0.171309107795103,0.06041703247724619,0.434271526824648,0.04915385814328902,1.2484569423421936e-17,0.028466651288936988,0.16539388508774913,7.844675858417809e-19
2020-03-25,0.0918563187993791,0.0,0.1756169210684278,0.05916474071128637,0.43142502139940364,0.04940967460557538,1.2303700339081154e-17,0.028686638529021348,0.16384068488690634,8.208082975757767e-19
2020-03-26,0.0901933784630928,0.0,0.18078105001074354,0.05904389767716722,0.4261222811427261,0.05171262610605049,1.2761532062843309e-17,0.02991604059410596,0.16223072600611385,8.6579683931914625e-19
2020-03-27,0.08998027328317994,0.0,0.1758298190541591,0.05872883148038013,0.42976611300574863,0.04988752130564987,1.2336572507752728e-17,0.029057818526006248,0.16674962334487603,8.676437386316623e-19
2020-03-30,0.08927553521097681,0.0,0.17845277363793088,0.05867942210454481,0.4285125294849489,0.05072056878425748,1.2718566841237027e-17,0.02984491647508254,0.16451425430225866,8.819672266991246e-19
2020-03-31,0.08869080636417051,0.0,0.17792589309889859,0.05714093134505963,0.4317856310543132,0.05075822624378944,1.2683261064773665e-17,0.029570978551457953,0.1641275333423106,8.656544023651284e-19
2020-04-01,0.0,0.0,0.0,0.13551788663971526,0.40227277881590956,0.0,0.18715685007068952,0.0,0.2750524844736858,0.0
2020-04-02,0.0,0.0,0.0,0.13666917152664665,0.3992123741905893,0.0,0.18947135594103295,0.0,0.2746470983417311,0.0
2020-04-03,0.0,0.0,0.0,0.1374905017349691,0.3999335111984985,0.0,0.18698153611019216,0.0,0.2755944509563401,0.0
2020-04-06,0.0,0.0,0.0,0.1392596569117113,0.392379459234686,0.0,0.19745607577406657,0.0,0.2709048080795361,0.0
2020-04-07,0.0,0.0,0.0,0.13926722880626113,0.39275833215598865,0.0,0.19844900028003373,0.0,0.2695254387577164,0.0
2020-04-08,0.0,0.0,0.0,0.13795431586911217,0.39206520425396874,0.0,0.2025563657977612,0.0,0.2674241140791579,0.0
2020-04-09,0.0,0.0,0.0,0.14082205464298936,0.3908666114929151,0.0,0.20179436938196274,0.0,0.26651696448213297,0.0
2020-04-13,0.0,0.0,0.0,0.14304693460735488,0.38951216339637706,0.0,0.20370555534202914,0.0,0.263735346654239,0.0
2020-04-14,0.0,0.0,0.0,0.1426832675574505,0.3859998213921968,0.0,0.2103693150852492,0.0,0.26094759596510353,0.0
2020-04-15,0.0,0.0,0.0,0.14093764693135544,0.3866572757164795,0.0,0.20646558737549428,0.0,0.2659394899766708,0.0
2020-04-16,0.0,0.0,0.0,0.13982625744304636,0.3843495633598078,0.0,0.20875421554019383,0.0,0.26706996365695185,0.0
2020-04-17,0.0,0.0,0.0,0.1378425041474646,0.38538661574793587,0.0,0.21187535631466506,0.0,0.26489552378993453,0.0
2020-04-20,0.0,0.0,0.0,0.138600719413033,0.3857759329798634,0.0,0.20902790455604356,0.0,0.26659544305106014,0.0
2020-04-21,0.0,0.0,0.0,0.13823916403385986,0.3884929630514888,0.0,0.20216957213439032,0.0,0.27109830078026115,0.0
2020-04-22,0.0,0.0,0.0,0.14029304346198773,0.3854587573020668,0.0,0.20718617955949276,0.0,0.26706201967645266,0.0
2020-04-23,0.0,0.0,0.0,0.14131868530024258,0.3847015832298259,0.0,0.20620296750366868,0.0,0.2677767639662628,0.0
2020-04-24,0.0,0.0,0.0,0.14024056093367782,0.383503929026327,0.0,0.2087515460146913,0.0,0.26750396402530396,0.0
2020-04-27,0.0,0.0,0.0,0.14018859461046185,0.3838708549235757,0.0,0.21175882609176044,0.0,0.26418172437420195,0.0
2020-04-28,0.0,0.0,0.0,0.139549551934048,0.3855059868694646,0.0,0.2077491558859022,0.0,0.26719530531058516,0.0
2020-04-29,0.0,0.0,0.0,0.1394067917358105,0.38280394562475173,0.0,0.21371346903037738,0.0,0.26407579360906025,0.0
2020-04-30,0.0,0.0,0.0,0.13779161962827718,0.3844337712575451,0.0,0.21504650423944124,0.0,0.26272810487473647,0.0
2020-05-01,4.759535487978251e-13,2.2069502312686855e-13,2.777101497525971e-13,0.18595958283412808,0.401256884422402,2.839372692885795e-13,0.18554388265202235,0.0,0.22723965008988295,3.0637034912630485e-13
2020-05-04,4.808327512222623e-13,2.2266606220507192e-13,2.771076944719832e-13,0.18627386074530558,0.40059692423899296,2.8464681428888095e-13,0.1873674034620716,0.0,0.22576181155206043,3.0431920003083167e-13
2020-05-05,4.926179512781574e-13,2.2365114432392588e-13,2.7728344320533517e-13,0.18684470972625977,0.3998317139882622,2.8650769393761893e-13,0.18926962641936937,0.0,0.22405394986452332,3.0545803508739337e-13
2020-05-06,4.859924168515633e-13,2.2438647273255014e-13,2.772375135494674e-13,0.18561787551459982,0.40089079413584083,2.862158878633167e-13,0.1916481407920039,0.0,0.2218431895559797,3.018865367733758e-13
2020-05-07,4.835522543059138e-13,2.2363921097317418e-13,2.7822501156648317e-13,0.18632979751734455,0.39876432857632965,2.86841244606864e-13,0.19191447777865536,0.0,0.22299139612609545,3.0271942584435457e-13
2020-05-08,4.949795985050353e-13,2.289675333422424e-13,2.837194487832014e-13,0.1857107867435774,0.39853101664380114,2.9872086244061375e-13,0.19507077024536154,0.0,0.22068742636564276,3.107484347197353e-13
2020-05-11,4.894819274278726e-13,2.279892302311447e-13,2.841095622952408e-13,0.18496958996744603,0.39831287410244226,2.979019978262423e-13,0.197258584096301,0.0,0.21945895183220443,3.0692274080646637e-13
2020-05-12,4.854372008894346e-13,2.270815569037173e-13,2.804636650927204e-13,0.18565990854922054,0.399564986703586,2.8715793775828496e-13,0.1930983191912317,0.0,0.22167678555438888,2.929220645416851e-13
2020-05-13,4.797513837873057e-13,2.2625148234605285e-13,2.7782874293494974e-13,0.1871204418825457,0.39969016806122565,2.770633135922664e-13,0.19034994278684306,0.0,0.22283944726783947,2.853240569167923e-13
2020-05-14,4.849033009129965e-13,2.2562795208126038e-13,2.7337219563918563e-13,0.1875347349084178,0.39768027782191656,2.761380345816952e-13,0.19124456582812213,0.0,0.22354042143999922,2.844354759687251e-13
2020-05-15,4.889971395831744e-13,2.2221433984499958e-13,2.732201988339053e-13,0.18831746168699282,0.3968385069408893,2.8012387727991817e-13,0.19220460955668917,0.0,0.2226394218138813,2.82909525540526e-13
2020-05-18,5.05583164096373e-13,2.3211087932416633e-13,2.857437217099772e-13,0.1878645603241767,0.3964483356616156,2.986892231590947e-13,0.1968035637498172,0.0,0.21888354026276716,3.0120330604110843e-13
2020-05-19,5.026325951275213e-13,2.2950500570358136e-13,2.808971577679174e-13,0.18906290577945026,0.39627236479207,2.9184241266071096e-13,0.19567424864204044,0.0,0.21899048078483838,2.961897551551717e-13
2020-05-20,5.087819215104134e-13,2.3135076877444056e-13,2.85295560472749e-13,0.1885483731501953,0.3943551288012005,2.9915475435102895e-13,0.198566951087219,0.0,0.2185295469597634,2.973073640981811e-13
2020-05-21,5.086943267623656e-13,2.296500136963948e-13,2.831498707568472e-13,0.186565990114821,0.3962414377261642,3.0092603649596197e-13,0.19721410941470677,0.0,0.21997846274268668,2.987800810256591e-13
2020-05-22,5.028216375460823e-13,2.2403234825982588e-13,2.8127164368458903e-13,0.1869487794206149,0.3954652045019812,3.0122130947249266e-13,0.19713445567799237,0.0,0.22045156039780045,3.0165016562117457e-13
2020-05-26,5.117219723588692e-13,2.3060877336661865e-13,2.9141568712825165e-13,0.18562487107851272,0.397280993995349,3.1215051873143497e-13,0.19802488139633986,0.0,0.21906925352813725,3.151900137715649e-13
2020-05-27,5.044687769646239e-13,2.310425470687354e-13,2.9455305353588525e-13,0.18571065193724265,0.3970758668978226,3.2141420030671573e-13,0.19883922709296414,0.0,0.21837425407029804,3.2103729077810946e-13
2020-05-28,5.075019193644015e-13,2.29617816011857e-13,2.9757301455739583e-13,0.18648192785849685,0.39703430371657494,3.1405044052104193e-13,0.1987391059380928,0.0,0.2177446624851638,3.2282134551531935e-13
2020-05-29,5.126206534675938e-13,2.319301573876063e-13,2.9443453484089416e-13,0.18652732151329815,0.3954949861750598,3.100466471913257e-13,0.20022691351360578,0.0,0.21775077879637003,3.173444645343836e-13
2020-06-01,3.859820550075536e-15,2.2939612596327707e-15,2.3779501410760432e-15,0.19865267020006053,0.399766883866145,2.3693603926469686e-15,0.2208903455097741,1.2696218288716248e-16,0.18069010042400574,3.4801793756747386e-15
2020-06-02,3.9065338285101684e-15,2.3512654793123212e-15,2.4028687324679732e-15,0.19758703570992672,0.3995572776281519,2.391635872348394e-15,0.22262098654426055,1.2815676566908264e-16,0.1802347001176461,3.5122226347223253e-15
2020-06-03,3.9356851451937655e-15,2.42395530116534e-15,2.4786248563707842e-15,0.19538874798725014,0.4001547905641029,2.4675936487085117e-15,0.22529116649275666,1.3083139684168526e-16,0.1791652949558752,3.651859911593316e-15
2020-06-04,3.9833031186611185e-15,2.3986817439291e-15,2.4771867976472307e-15,0.1981800956401867,0.4000484031835853,2.4731834840421574e-15,0.22454346832860478,1.3097325216348162e-16,0.17722803284760816,3.628979596655178e-15
2020-06-05,4.073940861888961e-15,2.4688210638402754e-15,2.5269615018494146e-15,0.19471153736829913,0.39918097307521516,2.5760698339771985e-15,0.22964377242151923,1.3471021035994196e-16,0.17646371713495093,3.777061314784174e-15
2020-06-08,4.027347138742976e-15,2.4715445692943607e-15,2.5470879392259643e-15,0.19583939091619262,0.39762585631890296,2.6129190849891666e-15,0.23027427764700573,1.3566019376108235e-16,0.17626047511788318,3.851459018490197e-15
2020-06-09,4.012482292456395e-15,2.43770881885325e-15,2.4965560623547983e-15,0.196356150366441,0.3962839910189566,2.5468291878235333e-15,0.23033378689038284,1.3371464353540554e-16,0.1770260717242042,3.761285099721245e-15
2020-06-10,3.994025278640446e-15,2.4284777866480763e-15,2.4635701516247027e-15,0.1969695520520513,0.3948392610453191,2.4503135324953172e-15,0.2305240956059305,1.3150019653235245e-16,0.1776670912966838,3.625175955470672e-15
2020-06-11,3.89626918259174e-15,2.3204784886293736e-15,2.350631867364286e-15,0.1971424395593223,0.39946930809833364,2.281862816840906e-15,0.22088765472461871,1.249293293061738e-16,0.18250059761771087,3.420097405244227e-15
2020-06-12,3.9149513280430436e-15,2.371262053097694e-15,2.3926635071898706e-15,0.1975424280513896,0.39882645983605236,2.338045298065377e-15,0.22277945666996896,1.2650281488366421e-16,0.18085165544257442,3.5448498396359967e-15
2020-06-15,3.9424101631819415e-15,2.344732702146626e-15,2.3973734644919195e-15,0.196770980381093,0.397650939142343,2.3870155625783855e-15,0.22501074924954123,1.2741237925943274e-16,0.18056733122700797,3.58732722402763e-15
2020-06-16,3.9742290093238666e-15,2.359234225552063e-15,2.4265670138271114e-15,0.19663892054343737,0.39676030245801025,2.443973440538825e-15,0.2288339496446986,1.2984159416439644e-16,0.17776682735383895,3.657308075385618e-15
2020-06-17,3.945018477936447e-15,2.3760731064596315e-15,2.4296786195062306e-15,0.19653154539762505,0.39640898663135177,2.393908447546124e-15,0.22899663253624336,1.2898522187383697e-16,0.17806283543476517,3.595395884497989e-15
2020-06-18,3.955853367794478e-15,2.3701491371134552e-15,2.4094449523442326e-15,0.19555765213114687,0.39610281888871685,2.3859019645353842e-15,0.2289298465366677,1.2864870052591783e-16,0.17940968244345382,3.5453727056825155e-15
2020-06-19,3.978673166138409e-15,2.363895559305506e-15,2.3919337761249526e-15,0.19724299456249839,0.39528674445148787,2.367943306955308e-15,0.22834566283217575,1.2760794575245982e-16,0.17912459815382323,3.485550207990907e-15
2020-06-22,4.005891356098962e-15,2.3841445586366386e-15,2.4116713744345368e-15,0.19779030039600512,0.39348201117478426,2.3828614575796213e-15,0.23023745432996232,1.2795606392783647e-16,0.17849023409923342,3.4693124852203083e-15
2020-06-23,3.977551529333091e-15,2.4016892814328683e-15,2.4194411812877716e-15,0.19900284264960127,0.39245940742556334,2.3874699656399245e-15,0.23166987795811575,1.2825334733067863e-16,0.17686787196670473,3.447159624664555e-15
2020-06-24,3.88911289289515e-15,2.3766241540529677e-15,2.3641912759399834e-15,0.19887203676616422,0.39431850419598763,2.316554832062109e-15,0.2275374789513295,1.2533630498939843e-16,0.17927198008650422,3.358452946227117e-15
2020-06-25,3.914212560414056e-15,2.3804056341380586e-15,2.3915027739533297e-15,0.19823128582819985,0.3933495596012631,2.3453842512214946e-15,0.22910151420774885,1.263479527006411e-16,0.17931764036277373,3.3924334500315126e-15
2020-06-26,3.872046044214057e-15,2.3551798357662306e-15,2.3604591622639403e-15,0.1994229524819685,0.3950246809341453,2.2857796578202427e-15,0.22403607635042513,1.2353712533128454e-16,0.18151629023344673,3.332449325165988e-15
2020-06-29,3.927010474775739e-15,2.3602042637301173e-15,2.373957022689997e-15,0.19905922847597457,0.39447891403370433,2.354961583131738e-15,0.22594438180003512,1.2505659302324683e-16,0.1805174756902715,3.3887606920802043e-15
2020-06-30,3.931598123346603e-15,2.343824521911296e-15,2.3608790400884143e-15,0.19920110536248345,0.3923066874509335,2.3801325802585975e-15,0.22951816061856295,1.2618838979593675e-16,0.17897404656800567,3.416203897155057e-15
2020-07-01,0.0,0.0,0.0,0.0,0.3979516194577666,0.0,0.0,0.6020483805422334,0.0,0.0
2020-07-02,0.0,0.0,0.0,0.0,0.39693171946747174,0.0,0.0,0.6030682805325283,0.0,0.0
2020-07-06,0.0,0.0,0.0,0.0,0.3929173916856904,0.0,0.0,0.6070826083143096,0.0,0.0
2020-07-07,0.0,0.0,0.0,0.0,0.3961592160480308,0.0,0.0,0.6038407839519693,0.0,0.0
2020-07-08,0.0,0.0,0.0,0.0,0.39396555363498426,0.0,0.0,0.6060344463650158,0.0,0.0
2020-07-09,0.0,0.0,0.0,0.0,0.3960944377920052,0.0,0.0,0.6039055622079949,0.0,0.0
2020-07-10,0.0,0.0,0.0,0.0,0.3931974559616534,0.0,0.0,0.6068025440383468,0.0,0.0
2020-07-13,0.0,0.0,0.0,0.0,0.3955292061942146,0.0,0.0,0.6044707938057855,0.0,0.0
2020-07-14,0.0,0.0,0.0,0.0,0.3924353935392041,0.0,0.0,0.607564606460796,0.0,0.0
2020-07-15,0.0,0.0,0.0,0.0,0.3901790611101257,0.0,0.0,0.6098209388898744,0.0,0.0
2020-07-16,0.0,0.0,0.0,0.0,0.3911399276164407,0.0,0.0,0.6088600723835592,0.0,0.0
2020-07-17,0.0,0.0,0.0,0.0,0.39039217366349754,0.0,0.0,0.6096078263365025,0.0,0.0
2020-07-20,0.0,0.0,0.0,0.0,0.38863405821351626,0.0,0.0,0.6113659417864837,0.0,0.0
2020-07-21,0.0,0.0,0.0,0.0,0.3883818950376009,0.0,0.0,0.6116181049623991,0.0,0.0
2020-07-22,0.0,0.0,0.0,0.0,0.3871121271377136,0.0,0.0,0.6128878728622864,0.0,0.0
2020-07-23,0.0,0.0,0.0,0.0,0.39019729715015256,0.0,0.0,0.6098027028498475,0.0,0.0
2020-07-24,0.0,0.0,0.0,0.0,0.39161881369430723,0.0,0.0,0.6083811863056928,0.0,0.0
2020-07-27,0.0,0.0,0.0,0.0,0.38951952661345546,0.0,0.0,0.6104804733865445,0.0,0.0
2020-07-28,0.0,0.0,0.0,0.0,0.3915983128464497,0.0,0.0,0.6084016871535504,0.0,0.0
2020-07-29,0.0,0.0,0.0,0.0,0.3890002649706075,0.0,0.0,0.6109997350293925,0.0,0.0
2020-07-30,0.0,0.0,0.0,0.0,0.39017979543521747,0.0,0.0,0.6098202045647825,0.0,0.0
2020-07-31,0.0,0.0,0.0,0.0,0.38836653617145417,0.0,0.0,0.6116334638285459,0.0,0.0
2020-08-03,0.0,0.0,0.0,0.0,0.3982212200493114,0.0,0.0,0.6017787799506886,0.0,0.0
2020-08-04,0.0,0.0,0.0,0.0,0.3981166472398236,0.0,0.0,0.6018833527601765,0.0,0.0
2020-08-05,0.0,0.0,0.0,0.0,0.39583553975574665,0.0,0.0,0.6041644602442535,0.0,0.0
2020-08-06,0.0,0.0,0.0,0.0,0.394515840948987,0.0,0.0,0.605484159051013,0.0,0.0
2020-08-07,0.0,0.0,0.0,0.0,0.39383832533398255,0.0,0.0,0.6061616746660174,0.0,0.0
2020-08-10,0.0,0.0,0.0,0.0,0.39287287718060404,0.0,0.0,0.6071271228193958,0.0,0.0
2020-08-11,0.0,0.0,0.0,0.0,0.3940307398165971,0.0,0.0,0.6059692601834029,0.0,0.0
2020-08-12,0.0,0.0,0.0,0.0,0.39002622775801304,0.0,0.0,0.609973772241987,0.0,0.0
2020-08-13,0.0,0.0,0.0,0.0,0.38996713877400274,0.0,0.0,0.6100328612259972,0.0,0.0
2020-08-14,0.0,0.0,0.0,0.0,0.390077629201872,0.0,0.0,0.6099223707981279,0.0,0.0
2020-08-17,0.0,0.0,0.0,0.0,0.3897146121359908,0.0,0.0,0.6102853878640091,0.0,0.0
2020-08-18,0.0,0.0,0.0,0.0,0.389611601359393,0.0,0.0,0.6103883986406069,0.0,0.0
2020-08-19,0.0,0.0,0.0,0.0,0.39029151712673504,0.0,0.0,0.609708482873265,0.0,0.0
2020-08-20,0.0,0.0,0.0,0.0,0.39023546116111013,0.0,0.0,0.6097645388388898,0.0,0.0
2020-08-21,0.0,0.0,0.0,0.0,0.38956831583126905,0.0,0.0,0.6104316841687311,0.0,0.0
2020-08-24,0.0,0.0,0.0,0.0,0.38684296645420224,0.0,0.0,0.6131570335457978,0.0,0.0
2020-08-25,0.0,0.0,0.0,0.0,0.3854505955489564,0.0,0.0,0.6145494044510434,0.0,0.0
2020-08-26,0.0,0.0,0.0,0.0,0.3829932189969344,0.0,0.0,0.6170067810030655,0.0,0.0
2020-08-27,0.0,0.0,0.0,0.0,0.3816409403553125,0.0,0.0,0.6183590596446875,0.0,0.0
2020-08-28,0.0,0.0,0.0,0.0,0.38051119953830315,0.0,0.0,0.6194888004616969,0.0,0.0
2020-08-31,0.0,0.0,0.0,0.0,0.3816196243691666,0.0,0.0,0.6183803756308335,0.0,0.0
2020-09-01,0.0,0.0,0.0,0.0,0.39853647832147837,0.0,0.0,0.6014635216785215,0.0,0.0
2020-09-02,0.0,0.0,0.0,0.0,0.39543262407449686,0.0,0.0,0.6045673759255031,0.0,0.0
2020-09-03,0.0,0.0,0.0,0.0,0.4041502690177779,0.0,0.0,0.5958497309822222,0.0,0.0
2020-09-04,0.0,0.0,0.0,0.0,0.404780282626125,0.0,0.0,0.595219717373875,0.0,0.0
2020-09-08,0.0,0.0,0.0,0.0,0.411990033743773,0.0,0.0,0.5880099662562269,0.0,0.0
2020-09-09,0.0,0.0,0.0,0.0,0.4071419928176898,0.0,0.0,0.5928580071823103,0.0,0.0
2020-09-10,0.0,0.0,0.0,0.0,0.41167530789346146,0.0,0.0,0.5883246921065385,0.0,0.0
2020-09-11,0.0,0.0,0.0,0.0,0.4119294931887974,0.0,0.0,0.5880705068112027,0.0,0.0
2020-09-14,0.0,0.0,0.0,0.0,0.4085451926125166,0.0,0.0,0.5914548073874836,0.0,0.0
2020-09-15,0.0,0.0,0.0,0.0,0.40720930477934414,0.0,0.0,0.5927906952206559,0.0,0.0
2020-09-16,0.0,0.0,0.0,0.0,0.4080307007115398,0.0,0.0,0.5919692992884602,0.0,0.0
2020-09-17,0.0,0.0,0.0,0.0,0.41024571965236095,0.0,0.0,0.589754280347639,0.0,0.0
2020-09-18,0.0,0.0,0.0,0.0,0.4128311020343727,0.0,0.0,0.5871688979656273,0.0,0.0
2020-09-21,0.0,0.0,0.0,0.0,0.41598546229751265,0.0,0.0,0.5840145377024875,0.0,0.0
2020-09-22,0.0,0.0,0.0,0.0,0.41352589771649156,0.0,0.0,0.5864741022835084,0.0,0.0
2020-09-23,0.0,0.0,0.0,0.0,0.4192277573258814,0.0,0.0,0.5807722426741185,0.0,0.0
2020-09-24,0.0,0.0,0.0,0.0,0.41869953792907,0.0,0.0,0.58130046207093,0.0,0.0
2020-09-25,0.0,0.0,0.0,0.0,0.41500028581659854,0.0,0.0,0.5849997141834015,0.0,0.0
2020-09-28,0.0,0.0,0.0,0.0,0.4109670185660819,0.0,0.0,0.5890329814339181,0.0,0.0
2020-09-29,0.0,0.0,0.0,0.0,0.41246815479801485,0.0,0.0,0.5875318452019851,0.0,0.0
2020-09-30,0.0,0.0,0.0,0.0,0.4099844250708395,0.0,0.0,0.5900155749291605,0.0,0.0
2020-10-01,0.0,0.0,0.0,0.0,0.39860092758282234,0.0,0.0,0.6013990724171776,0.0,0.0
2020-10-02,0.0,0.0,0.0,0.0,0.40065322287764493,0.0,0.0,0.5993467771223551,0.0,0.0
2020-10-05,0.0,0.0,0.0,0.0,0.3949218897761297,0.0,0.0,0.6050781102238703,0.0,0.0
2020-10-06,0.0,0.0,0.0,0.0,0.39890291157829655,0.0,0.0,0.6010970884217034,0.0,0.0
2020-10-07,0.0,0.0,0.0,0.0,0.3940816481476452,0.0,0.0,0.6059183518523548,0.0,0.0
2020-10-08,0.0,0.0,0.0,0.0,0.3924102714361873,0.0,0.0,0.6075897285638128,0.0,0.0
2020-10-09,0.0,0.0,0.0,0.0,0.39017461549816373,0.0,0.0,0.6098253845018363,0.0,0.0
2020-10-12,0.0,0.0,0.0,0.0,0.3866385994120696,0.0,0.0,0.6133614005879303,0.0,0.0
2020-10-13,0.0,0.0,0.0,0.0,0.38872139512192744,0.0,0.0,0.6112786048780726,0.0,0.0
2020-10-14,0.0,0.0,0.0,0.0,0.3902985980108558,0.0,0.0,0.6097014019891441,0.0,0.0
2020-10-15,0.0,0.0,0.0,0.0,0.3903379694273699,0.0,0.0,0.60966203057263,0.0,0.0
2020-10-16,0.0,0.0,0.0,0.0,0.3903445208845783,0.0,0.0,0.6096554791154216,0.0,0.0
2020-10-19,0.0,0.0,0.0,0.0,0.39360228369107214,0.0,0.0,0.6063977163089278,0.0,0.0
2020-10-20,0.0,0.0,0.0,0.0,0.3921358094072981,0.0,0.0,0.6078641905927019,0.0,0.0
2020-10-21,0.0,0.0,0.0,0.0,0.3922714417907942,0.0,0.0,0.6077285582092058,0.0,0.0
2020-10-22,0.0,0.0,0.0,0.0,0.390138065463291,0.0,0.0,0.609861934536709,0.0,0.0
2020-10-23,0.0,0.0,0.0,0.0,0.3896678481566794,0.0,0.0,0.6103321518433207,0.0,0.0
2020-10-26,0.0,0.0,0.0,0.0,0.39474717283256516,0.0,0.0,0.6052528271674349,0.0,0.0
2020-10-27,0.0,0.0,0.0,0.0,0.39610683492965804,0.0,0.0,0.603893165070342,0.0,0.0
2020-10-28,0.0,0.0,0.0,0.0,0.4044351454097753,0.0,0.0,0.5955648545902247,0.0,0.0
2020-10-29,0.0,0.0,0.0,0.0,0.4009864882766713,0.0,0.0,0.5990135117233287,0.0,0.0
2020-10-30,0.0,0.0,0.0,0.0,0.40272596082774653,0.0,0.0,0.5972740391722534,0.0,0.0
2020-11-02,0.10063039394350311,0.10009340277422711,0.10012136693251643,0.0997925872803358,0.09900306233043285,0.1005958871901537,0.09905352896701884,0.09994120245902037,0.099573702681514,0.10119486544127793
2020-11-03,0.1000806964207966,0.09936913978039812,0.10155354207885621,0.09919478112935905,0.09763466925598684,0.10224917195979051,0.09959785104582738,0.10052579568692352,0.09784755672107054,0.10194679592099126
2020-11-04,0.09964769413507532,0.10095948706401878,0.10113073946874337,0.09765549382148149,0.09698332223602149,0.10083193502357019,0.10248651120366688,0.10123421873743757,0.09847377024247153,0.10059682806751341
2020-11-05,0.0986292594923174,0.10116843407434142,0.10203452459375904,0.09842818191259531,0.09553867303483825,0.10212702639368819,0.10360913850016545,0.1016880088330741,0.09719165666033111,0.09958509650488988
2020-11-06,0.09849842923062163,0.10188725588075084,0.10250456367996447,0.09881276096856206,0.09545105891507391,0.10157963967827922,0.10394389705683246,0.10191716287521155,0.09625544404207872,0.09914978767262517
2020-11-09,0.09928957423400045,0.10216584541102482,0.10505767269037292,0.09404892719227552,0.09435552431719428,0.10482723811974973,0.10140027373340627,0.10277239555326693,0.0938441330312885,0.10223841571742064
2020-11-10,0.10096242912206935,0.10072959146320125,0.10571280993152364,0.09410646899829887,0.09383401118391284,0.10648733942662038,0.09931561182579478,0.10234541347936164,0.09305181420502386,0.10345451036419341
2020-11-11,0.10039756544245301,0.10089142897722943,0.10608660741884407,0.09324399638184253,0.09352679720957562,0.10592695226056283,0.10104389110691643,0.10260467074704452,0.09293382839174756,0.10334426206378398
2020-11-12,0.1000695069599476,0.10062658602768317,0.10505428110898946,0.09426957718710542,0.0945208654901392,0.10481282685014644,0.10106326575246002,0.10210806179654519,0.09497928529699033,0.10249574352999324
2020-11-13,0.09861790174330254,0.10101292840455743,0.10559396893806358,0.09395605372709806,0.09344378665932804,0.10590527755485087,0.10092252097819651,0.1024785346109791,0.0938974820386847,0.10417154534493928
2020-11-16,0.09864667559765797,0.1013855010077125,0.10577029955883058,0.09314094062643816,0.09256887706313406,0.10749168352708831,0.10083328658992524,0.10286338309046286,0.09286450169682069,0.10443485124192954
2020-11-17,0.09890860069418032,0.10125015530819095,0.10563157487292284,0.09277010456126789,0.09277912241879968,0.10796011672358528,0.10048195025958925,0.10227807732997156,0.09344148076070001,0.10449881707079212
2020-11-18,0.09971036415875513,0.10156553579905639,0.10576854904424739,0.09284948300189577,0.09336185867400187,0.10715196532740993,0.10039917423681488,0.10171569445367214,0.0943320918565342,0.10314528344761233
2020-11-19,0.09933679527472072,0.10135121207839116,0.10611359863924798,0.0923276731459752,0.09311271994162083,0.1075695189248588,0.1008056847149807,0.10176125838492885,0.09446250803642267,0.10315903085885304
2020-11-20,0.09976658822392938,0.10182620777755401,0.10634161579136471,0.0925290007241476,0.09319665135649303,0.10759404682675251,0.10003176014873755,0.1009792684625158,0.09522008113355154,0.10251477955495383
2020-11-23,0.09998022932194894,0.10201458305472179,0.10612085387324298,0.09063441440492565,0.09293688442003793,0.10951910029407204,0.09995545394609716,0.10150354798287656,0.09470821992189163,0.10262671278018524
2020-11-24,0.10127084907216286,0.10253786640152976,0.1068259361539265,0.08851526493195117,0.09203115349260588,0.11066586372921686,0.10053088201850979,0.1022956545956819,0.09299882822782139,0.10232770137659389
2020-11-25,0.1021426161640817,0.10196129647451342,0.10669046617222075,0.08847296751141442,0.09206126040396087,0.11028674252050887,0.10114821453622869,0.10213732744794538,0.09271197259564233,0.10238713617348363
2020-11-27,0.10162074107530687,0.10262127600431624,0.1071043317594671,0.08731422961258281,0.09206196634552044,0.11042521243188906,0.10177594481042036,0.10211649600336539,0.09333273780419786,0.10162706415293389
2020-11-30,0.10202780375281602,0.10091087335879806,0.10579774718643517,0.08757856788032216,0.09289948511273895,0.10947778625054783,0.10297972524159771,0.10265742363316635,0.09412674715597288,0.10154384042760492
2020-12-01,0.0,0.0,0.0,0.0,0.3961155420763457,0.0,0.0,0.6038844579236543,0.0,0.0
2020-12-02,0.0,0.0,0.0,0.0,0.3952130778349548,0.0,0.0,0.6047869221650451,0.0,0.0
2020-12-03,0.0,0.0,0.0,0.0,0.3959178355574747,0.0,0.0,0.6040821644425253,0.0,0.0
2020-12-04,0.0,0.0,0.0,0.0,0.3929292323134485,0.0,0.0,0.6070707676865515,0.0,0.0
2020-12-07,0.0,0.0,0.0,0.0,0.3941590370776223,0.0,0.0,0.6058409629223778,0.0,0.0
2020-12-08,0.0,0.0,0.0,0.0,0.3937009040382685,0.0,0.0,0.6062990959617315,0.0,0.0
2020-12-09,0.0,0.0,0.0,0.0,0.3955138510211453,0.0,0.0,0.6044861489788548,0.0,0.0
2020-12-10,0.0,0.0,0.0,0.0,0.3961313008421189,0.0,0.0,0.6038686991578811,0.0,0.0
2020-12-11,0.0,0.0,0.0,0.0,0.3968903811853709,0.0,0.0,0.603109618814629,0.0,0.0
2020-12-14,0.0,0.0,0.0,0.0,0.397825395123021,0.0,0.0,0.6021746048769789,0.0,0.0
2020-12-15,0.0,0.0,0.0,0.0,0.3943739192037676,0.0,0.0,0.6056260807962325,0.0,0.0
2020-12-16,0.0,0.0,0.0,0.0,0.3938005269586092,0.0,0.0,0.6061994730413909,0.0,0.0
2020-12-17,0.0,0.0,0.0,0.0,0.3922967777702935,0.0,0.0,0.6077032222297065,0.0,0.0
2020-12-18,0.0,0.0,0.0,0.0,0.3930516275274277,0.0,0.0,0.6069483724725723,0.0,0.0
2020-12-21,0.0,0.0,0.0,0.0,0.39406606724937826,0.0,0.0,0.6059339327506217,0.0,0.0
2020-12-22,0.0,0.0,0.0,0.0,0.3948678227270775,0.0,0.0,0.6051321772729225,0.0,0.0
2020-12-23,0.0,0.0,0.0,0.0,0.39415465476543704,0.0,0.0,0.6058453452345629,0.0,0.0
2020-12-24,0.0,0.0,0.0,0.0,0.3935666282232934,0.0,0.0,0.6064333717767066,0.0,0.0
2020-12-28,0.0,0.0,0.0,0.0,0.39154673983845284,0.0,0.0,0.6084532601615472,0.0,0.0
2020-12-29,0.0,0.0,0.0,0.0,0.39196197532047494,0.0,0.0,0.6080380246795251,0.0,0.0
2020-12-30,0.0,0.0,0.0,0.0,0.39178131053797427,0.0,0.0,0.6082186894620256,0.0,0.0
2020-12-31,0.0,0.0,0.0,0.0,0.3907332108866215,0.0,0.0,0.6092667891133785,0.0,0.0
2021-01-04,0.0,0.0,0.0,0.0,0.40335440805793543,0.0,0.0,0.5966455919420646,0.0,0.0
2021-01-05,0.0,0.0,0.0,0.0,0.40114226382557017,0.0,0.0,0.5988577361744299,0.0,0.0
2021-01-06,0.0,0.0,0.0,0.0,0.39830474069241384,0.0,0.0,0.6016952593075862,0.0,0.0
2021-01-07,0.0,0.0,0.0,0.0,0.39393120231684936,0.0,0.0,0.6060687976831507,0.0,0.0
2021-01-08,0.0,0.0,0.0,0.0,0.3918910084202408,0.0,0.0,0.6081089915797593,0.0,0.0
2021-01-11,0.0,0.0,0.0,0.0,0.393039403286963,0.0,0.0,0.6069605967130369,0.0,0.0
2021-01-12,0.0,0.0,0.0,0.0,0.3929485701684701,0.0,0.0,0.6070514298315298,0.0,0.0
2021-01-13,0.0,0.0,0.0,0.0,0.3931345610831778,0.0,0.0,0.6068654389168223,0.0,0.0
2021-01-14,0.0,0.0,0.0,0.0,0.3934268593255019,0.0,0.0,0.6065731406744981,0.0,0.0
2021-01-15,0.0,0.0,0.0,0.0,0.3958218851228574,0.0,0.0,0.6041781148771427,0.0,0.0
2021-01-19,0.0,0.0,0.0,0.0,0.3940938437611936,0.0,0.0,0.6059061562388064,0.0,0.0
2021-01-20,0.0,0.0,0.0,0.0,0.3909174214508222,0.0,0.0,0.6090825785491778,0.0,0.0
2021-01-21,0.0,0.0,0.0,0.0,0.3903588944777958,0.0,0.0,0.6096411055222041,0.0,0.0
2021-01-22,0.0,0.0,0.0,0.0,0.3915648742147216,0.0,0.0,0.6084351257852784,0.0,0.0
2021-01-25,0.0,0.0,0.0,0.0,0.3915896115271276,0.0,0.0,0.6084103884728724,0.0,0.0
2021-01-26,0.0,0.0,0.0,0.0,0.3918817959155267,0.0,0.0,0.6081182040844734,0.0,0.0
2021-01-27,0.0,0.0,0.0,0.0,0.3980757185439849,0.0,0.0,0.6019242814560152,0.0,0.0
2021-01-28,0.0,0.0,0.0,0.0,0.39540268550155605,0.0,0.0,0.604597314498444,0.0,0.0
2021-01-29,0.0,0.0,0.0,0.0,0.3998228209898088,0.0,0.0,0.6001771790101911,0.0,0.0
2021-02-01,0.0,0.0,0.0,0.0,0.3963429819638154,0.0,0.0,0.6036570180361845,0.0,0.0
2021-02-02,0.0,0.0,0.0,0.0,0.392384998912031,0.0,0.0,0.6076150010879691,0.0,0.0
2021-02-03,0.0,0.0,0.0,0.0,0.3916132787528513,0.0,0.0,0.6083867212471488,0.0,0.0
2021-02-04,0.0,0.0,0.0,0.0,0.3888434739316022,0.0,0.0,0.6111565260683977,0.0,0.0
2021-02-05,0.0,0.0,0.0,0.0,0.38740719772625803,0.0,0.0,0.6125928022737419,0.0,0.0
2021-02-08,0.0,0.0,0.0,0.0,0.3858014241807275,0.0,0.0,0.6141985758192724,0.0,0.0
2021-02-09,0.0,0.0,0.0,0.0,0.3861401140379153,0.0,0.0,0.6138598859620846,0.0,0.0
2021-02-10,0.0,0.0,0.0,0.0,0.3868456956244791,0.0,0.0,0.6131543043755209,0.0,0.0
2021-02-11,0.0,0.0,0.0,0.0,0.38628242815858915,0.0,0.0,0.6137175718414108,0.0,0.0
2021-02-12,0.0,0.0,0.0,0.0,0.38433244221925905,0.0,0.0,0.6156675577807411,0.0,0.0
2021-02-16,0.0,0.0,0.0,0.0,0.3828249143043758,0.0,0.0,0.6171750856956242,0.0,0.0
2021-02-17,0.0,0.0,0.0,0.0,0.3829322881404376,0.0,0.0,0.6170677118595624,0.0,0.0
2021-02-18,0.0,0.0,0.0,0.0,0.3839203821052475,0.0,0.0,0.6160796178947525,0.0,0.0
2021-02-19,0.0,0.0,0.0,0.0,0.38338663473062234,0.0,0.0,0.6166133652693776,0.0,0.0
2021-02-22,0.0,0.0,0.0,0.0,0.3848271962871172,0.0,0.0,0.6151728037128829,0.0,0.0
2021-02-23,0.0,0.0,0.0,0.0,0.38472305796098644,0.0,0.0,0.6152769420390136,0.0,0.0
2021-02-24,0.0,0.0,0.0,0.0,0.3818075664092881,0.0,0.0,0.6181924335907119,0.0,0.0
2021-02-25,0.0,0.0,0.0,0.0,0.38440042962859233,0.0,0.0,0.6155995703714077,0.0,0.0
2021-02-26,0.0,0.0,0.0,0.0,0.38774328270599345,0.0,0.0,0.6122567172940065,0.0,0.0
2021-03-01,0.09803133105861807,0.10150806172682843,0.10071526855670161,0.09868752131103602,0.09874750860657701,0.102372613616155,0.10183244850626559,0.10125493980325656,0.0975529555824124,0.09929735123214936
2021-03-02,0.09897073067370589,0.10105133885368378,0.10114572523841449,0.09975509928562731,0.0994552858930751,0.10093899320321857,0.10073429344998533,0.10100140454000284,0.09808088949232772,0.09886623936995903
2021-03-03,0.10045302383269342,0.10174754517333663,0.10142483157672318,0.09953576214410725,0.0998051698769262,0.10073713093699328,0.09868357130022255,0.10055265634055596,0.09788259302348476,0.09917771579495684
2021-03-04,0.10311292427930345,0.10045051949516023,0.10154770995489237,0.09962089081168764,0.10038350495462288,0.09897892745260156,0.0981166444797589,0.10038071258698622,0.0983014560794611,0.09910670990552564
2021-03-05,0.1041405927557886,0.1004901988281616,0.10114376123150882,0.0986484258575569,0.09920239588684168,0.10002788305637506,0.0985601174491825,0.10116585922881906,0.09747017036216336,0.09915059534360239
2021-03-08,0.10359612771690856,0.09863492137142198,0.10166920534618275,0.09847584761103888,0.09967282741739268,0.10137636919963015,0.09660353139292102,0.10153884820349755,0.09755463199423525,0.10087768974677123
2021-03-09,0.1020137927374464,0.09926081589446255,0.10146251111085482,0.09903441852361813,0.09861544871894762,0.10192726413978735,0.09887996879354992,0.1014154844189465,0.09739580369715539,0.09999449196523139
2021-03-10,0.10219212914952201,0.09835692852794153,0.10142014773515973,0.09907711009071064,0.09836326706554796,0.10321649622703805,0.09813989217439285,0.10157291461705578,0.09713778587180204,0.1005233285408293
2021-03-11,0.10259528645021689,0.10034465029632707,0.10083758233429203,0.09790531091471853,0.09725024690552123,0.10433051227343589,0.09929871318428588,0.10147717881105993,0.09537915430404417,0.1005813645260983
2021-03-12,0.10244590514819259,0.09886416116352365,0.1014057689429714,0.09819348271059258,0.0968487481696206,0.10527448018853587,0.09880145663199753,0.10193184845100396,0.0936472246014214,0.10258692399214038
2021-03-15,0.10162289001216362,0.09864581970478299,0.10101815972253465,0.09817099980107126,0.09652124147235713,0.10516200103819509,0.09939707893815163,0.10206749682513229,0.09376403800437279,0.10363027448123849
2021-03-16,0.10140444129293068,0.09925230174617723,0.10138146968765166,0.09844753196003546,0.0966867203555451,0.10359893633586494,0.1001315471818468,0.1021314574387297,0.09356377930094434,0.10340181470027415
2021-03-17,0.1011788226072232,0.09915903417937709,0.10175115604825578,0.09893033334758171,0.0963107804990084,0.10418013128081346,0.10032017022304654,0.10225169483639648,0.0926569968507063,0.10326088012759092
2021-03-18,0.0981908149143292,0.09916543081091017,0.10271921333429461,0.10020318470512339,0.09750789408067635,0.10290706768875264,0.09907409543234036,0.10265688253600404,0.09344173378308081,0.10413368271448838
2021-03-19,0.09992642114909026,0.09997975064779424,0.10258067361430324,0.10021053847894544,0.09704876136057933,0.10325941151837235,0.09901644436431835,0.10204754120306972,0.09363601868188744,0.10229443898163962
2021-03-22,0.09940468270372603,0.09934054429980865,0.10232091458857756,0.09971849387973776,0.09703102084603017,0.10212832520334408,0.10052581239892641,0.10250803782768121,0.09435912797344614,0.10266304027872192
2021-03-23,0.09765789672900306,0.09848583952051387,0.10198314159579272,0.10005000489268022,0.09855384778058146,0.09947716212789565,0.10115851759087523,0.10278975500261747,0.09622997752822449,0.1036138572318157
2021-03-24,0.10066341409546846,0.09664940422015117,0.10190878415621504,0.10083097272048366,0.09911091164493278,0.09759730174798925,0.09988308872989737,0.10271004805134534,0.09716679207346285,0.10347928256005412
2021-03-25,0.09823994592166921,0.09695897766797497,0.10252183177219565,0.1003204876343427,0.09883860989119835,0.09976801446315386,0.09956712035404987,0.1031396959808924,0.09626235743166699,0.10438295888285616
2021-03-26,0.09928499590227173,0.09820019797814518,0.10251438959122866,0.09931138791096195,0.09724166672395547,0.10027994063736156,0.09976045287525295,0.10345343455255952,0.09469126972590224,0.10526226410236064
2021-03-29,0.10008397331067434,0.09818576774664713,0.1028119967321906,0.09880182442437807,0.09757125219751873,0.09812438318476477,0.10041483158513487,0.10410912773017768,0.09453034633831693,0.10536649675019687
2021-03-30,0.09864228389329223,0.09866910917906414,0.10285218866615924,0.09727856541694009,0.09765112583141015,0.09994652308095084,0.10007962389687627,0.10400982334703024,0.0951875352254932,0.1056832214627835
2021-03-31,0.09877900743287855,0.09877048330357326,0.10199303617228274,0.09835512176342555,0.0971190342948206,0.10088060477916844,0.10120065177203828,0.10400954100021947,0.09427402040291655,0.10461849907867656
2021-04-01,0.0,0.0,0.0,0.0,0.39848393051682757,0.0,0.0,0.6015160694831724,0.0,0.0
2021-04-05,0.0,0.0,0.0,0.0,0.39439771088582987,0.0,0.0,0.6056022891141701,0.0,0.0
2021-04-06,0.0,0.0,0.0,0.0,0.3956988616902815,0.0,0.0,0.6043011383097184,0.0,0.0
2021-04-07,0.0,0.0,0.0,0.0,0.39527491408118004,0.0,0.0,0.60472508591882,0.0,0.0
2021-04-08,0.0,0.0,0.0,0.0,0.394962890196022,0.0,0.0,0.605037109803978,0.0,0.0
2021-04-09,0.0,0.0,0.0,0.0,0.3926041174889928,0.0,0.0,0.6073958825110072,0.0,0.0
2021-04-12,0.0,0.0,0.0,0.0,0.3923702392354496,0.0,0.0,0.6076297607645503,0.0,0.0
2021-04-13,0.0,0.0,0.0,0.0,0.392649565986427,0.0,0.0,0.6073504340135731,0.0,0.0
2021-04-14,0.0,0.0,0.0,0.0,0.39317247883495926,0.0,0.0,0.6068275211650407,0.0,0.0
2021-04-15,0.0,0.0,0.0,0.0,0.39214833488025785,0.0,0.0,0.6078516651197422,0.0,0.0
2021-04-16,0.0,0.0,0.0,0.0,0.39070816494220023,0.0,0.0,0.6092918350577998,0.0,0.0
2021-04-19,0.0,0.0,0.0,0.0,0.39163098725031903,0.0,0.0,0.608369012749681,0.0,0.0
2021-04-20,0.0,0.0,0.0,0.0,0.3940929912211301,0.0,0.0,0.6059070087788699,0.0,0.0
2021-04-21,0.0,0.0,0.0,0.0,0.3919713269980751,0.0,0.0,0.608028673001925,0.0,0.0
2021-04-22,0.0,0.0,0.0,0.0,0.3943477003947311,0.0,0.0,0.6056522996052689,0.0,0.0
2021-04-23,0.0,0.0,0.0,0.0,0.3914631883673163,0.0,0.0,0.6085368116326836,0.0,0.0
2021-04-26,0.0,0.0,0.0,0.0,0.39071683074317076,0.0,0.0,0.6092831692568292,0.0,0.0
2021-04-27,0.0,0.0,0.0,0.0,0.3898299940719717,0.0,0.0,0.6101700059280283,0.0,0.0
2021-04-28,0.0,0.0,0.0,0.0,0.39021152710528123,0.0,0.0,0.6097884728947188,0.0,0.0
2021-04-29,0.0,0.0,0.0,0.0,0.38828402530983147,0.0,0.0,0.6117159746901685,0.0,0.0
2021-04-30,0.0,0.0,0.0,0.0,0.39005991880669294,0.0,0.0,0.609940081193307,0.0,0.0
2021-05-03,0.0,0.0,0.0,0.0,0.39989124895042466,0.0,0.0,0.6001087510495753,0.0,0.0
2021-05-04,0.0,0.0,0.0,0.0,0.40169296542083477,0.0,0.0,0.5983070345791652,0.0,0.0
2021-05-05,0.0,0.0,0.0,0.0,0.40191207919705035,0.0,0.0,0.5980879208029496,0.0,0.0
2021-05-06,0.0,0.0,0.0,0.0,0.4001065228760529,0.0,0.0,0.5998934771239471,0.0,0.0
2021-05-07,0.0,0.0,0.0,0.0,0.3984510270463885,0.0,0.0,0.6015489729536114,0.0,0.0
2021-05-10,0.0,0.0,0.0,0.0,0.4003558636959009,0.0,0.0,0.5996441363040991,0.0,0.0
2021-05-11,0.0,0.0,0.0,0.0,0.40210981028185167,0.0,0.0,0.5978901897181483,0.0,0.0
2021-05-12,0.0,0.0,0.0,0.0,0.40611691719005966,0.0,0.0,0.5938830828099403,0.0,0.0
2021-05-13,0.0,0.0,0.0,0.0,0.4040446535041453,0.0,0.0,0.5959553464958547,0.0,0.0
2021-05-14,0.0,0.0,0.0,0.0,0.4009072819234478,0.0,0.0,0.5990927180765522,0.0,0.0
2021-05-17,0.0,0.0,0.0,0.0,0.40128769198861336,0.0,0.0,0.5987123080113866,0.0,0.0
2021-05-18,0.0,0.0,0.0,0.0,0.40336839120060364,0.0,0.0,0.5966316087993964,0.0,0.0
2021-05-19,0.0,0.0,0.0,0.0,0.40328158155544697,0.0,0.0,0.596718418444553,0.0,0.0
2021-05-20,0.0,0.0,0.0,0.0,0.4017002389862405,0.0,0.0,0.5982997610137595,0.0,0.0
2021-05-21,0.0,0.0,0.0,0.0,0.40198126396854056,0.0,0.0,0.5980187360314594,0.0,0.0
2021-05-24,0.0,0.0,0.0,0.0,0.3997765376522301,0.0,0.0,0.6002234623477699,0.0,0.0
2021-05-25,0.0,0.0,0.0,0.0,0.4011902755123186,0.0,0.0,0.5988097244876814,0.0,0.0
2021-05-26,0.0,0.0,0.0,0.0,0.40044185671726285,0.0,0.0,0.5995581432827373,0.0,0.0
2021-05-27,0.0,0.0,0.0,0.0,0.39989673061889347,0.0,0.0,0.6001032693811066,0.0,0.0
2021-05-28,0.0,0.0,0.0,0.0,0.3994468594185802,0.0,0.0,0.6005531405814198,0.0,0.0
2021-06-01,0.0,0.0,0.0,0.0,0.40016748609556274,0.0,0.0,0.5998325139044373,0.0,0.0
2021-06-02,0.0,0.0,0.0,0.0,0.40006313087966583,0.0,0.0,0.5999368691203342,0.0,0.0
2021-06-03,0.0,0.0,0.0,0.0,0.4003465827049694,0.0,0.0,0.5996534172950306,0.0,0.0
2021-06-04,0.0,0.0,0.0,0.0,0.39948262696106235,0.0,0.0,0.6005173730389377,0.0,0.0
2021-06-07,0.0,0.0,0.0,0.0,0.39952729851421115,0.0,0.0,0.6004727014857889,0.0,0.0
2021-06-08,0.0,0.0,0.0,0.0,0.4001655886875408,0.0,0.0,0.5998344113124592,0.0,0.0
2021-06-09,0.0,0.0,0.0,0.0,0.4012748037910877,0.0,0.0,0.5987251962089123,0.0,0.0
2021-06-10,0.0,0.0,0.0,0.0,0.4010129023683902,0.0,0.0,0.5989870976316097,0.0,0.0
2021-06-11,0.0,0.0,0.0,0.0,0.40026349658331906,0.0,0.0,0.599736503416681,0.0,0.0
2021-06-14,0.0,0.0,0.0,0.0,0.3989787012434092,0.0,0.0,0.6010212987565909,0.0,0.0
2021-06-15,0.0,0.0,0.0,0.0,0.39946066044948914,0.0,0.0,0.6005393395505109,0.0,0.0
2021-06-16,0.0,0.0,0.0,0.0,0.39915409435809573,0.0,0.0,0.6008459056419042,0.0,0.0
2021-06-17,0.0,0.0,0.0,0.0,0.40009132695231375,0.0,0.0,0.5999086730476861,0.0,0.0
2021-06-18,0.0,0.0,0.0,0.0,0.40471423830628234,0.0,0.0,0.5952857616937176,0.0,0.0
2021-06-21,0.0,0.0,0.0,0.0,0.40052399420716983,0.0,0.0,0.5994760057928301,0.0,0.0
2021-06-22,0.0,0.0,0.0,0.0,0.399681487756711,0.0,0.0,0.600318512243289,0.0,0.0
2021-06-23,0.0,0.0,0.0,0.0,0.3994920718619802,0.0,0.0,0.6005079281380198,0.0,0.0
2021-06-24,0.0,0.0,0.0,0.0,0.39803626498721045,0.0,0.0,0.6019637350127895,0.0,0.0
2021-06-25,0.0,0.0,0.0,0.0,0.3966874501343883,0.0,0.0,0.6033125498656117,0.0,0.0
2021-06-28,0.0,0.0,0.0,0.0,0.39695428117531545,0.0,0.0,0.6030457188246846,0.0,0.0
2021-06-29,0.0,0.0,0.0,0.0,0.39695005073089984,0.0,0.0,0.6030499492691,0.0,0.0
2021-06-30,0.0,0.0,0.0,0.0,0.3971221891919697,0.0,0.0,0.6028778108080303,0.0,0.0
2021-07-01,0.0,0.0,0.0,0.0,0.3985030372225649,0.0,0.0,0.6014969627774351,0.0,0.0
2021-07-02,0.0,0.0,0.0,0.0,0.39754961412920364,0.0,0.0,0.6024503858707964,0.0,0.0
2021-07-06,0.0,0.0,0.0,0.0,0.3992463895749037,0.0,0.0,0.6007536104250963,0.0,0.0
2021-07-07,0.0,0.0,0.0,0.0,0.39910005504965884,0.0,0.0,0.6008999449503412,0.0,0.0
2021-07-08,0.0,0.0,0.0,0.0,0.40168052434608315,0.0,0.0,0.5983194756539169,0.0,0.0
2021-07-09,0.0,0.0,0.0,0.0,0.3979195571028579,0.0,0.0,0.6020804428971421,0.0,0.0
2021-07-12,0.0,0.0,0.0,0.0,0.39693972462093485,0.0,0.0,0.603060275379065,0.0,0.0
2021-07-13,0.0,0.0,0.0,0.0,0.3970154061245828,0.0,0.0,0.6029845938754173,0.0,0.0
2021-07-14,0.0,0.0,0.0,0.0,0.3976884267107117,0.0,0.0,0.6023115732892882,0.0,0.0
2021-07-15,0.0,0.0,0.0,0.0,0.3995148167437267,0.0,0.0,0.6004851832562733,0.0,0.0
2021-07-16,0.0,0.0,0.0,0.0,0.40136428761133625,0.0,0.0,0.5986357123886638,0.0,0.0
2021-07-19,0.0,0.0,0.0,0.0,0.4069973829173945,0.0,0.0,0.5930026170826055,0.0,0.0
2021-07-20,0.0,0.0,0.0,0.0,0.4032616158068482,0.0,0.0,0.5967383841931518,0.0,0.0
2021-07-21,0.0,0.0,0.0,0.0,0.39993256019085144,0.0,0.0,0.6000674398091487,0.0,0.0
2021-07-22,0.0,0.0,0.0,0.0,0.3999831917290369,0.0,0.0,0.6000168082709632,0.0,0.0
2021-07-23,0.0,0.0,0.0,0.0,0.3971618200743622,0.0,0.0,0.6028381799256378,0.0,0.0
2021-07-26,0.0,0.0,0.0,0.0,0.3964115961498372,0.0,0.0,0.6035884038501629,0.0,0.0
2021-07-27,0.0,0.0,0.0,0.0,0.3985255689096517,0.0,0.0,0.6014744310903484,0.0,0.0
2021-07-28,0.0,0.0,0.0,0.0,0.39882756225871435,0.0,0.0,0.6011724377412857,0.0,0.0
2021-07-29,0.0,0.0,0.0,0.0,0.3971023057937113,0.0,0.0,0.6028976942062886,0.0,0.0
2021-07-30,0.0,0.0,0.0,0.0,0.39894142496793467,0.0,0.0,0.6010585750320654,0.0,0.0
2021-08-02,0.0,0.0,0.0,0.0,0.40155547448111567,0.0,0.0,0.5984445255188844,0.0,0.0
2021-08-03,0.0,0.0,0.0,0.0,0.39967090686021634,0.0,0.0,0.6003290931397838,0.0,0.0
2021-08-04,0.0,0.0,0.0,0.0,0.40079355113624515,0.0,0.0,0.5992064488637548,0.0,0.0
2021-08-05,0.0,0.0,0.0,0.0,0.39840429106852215,0.0,0.0,0.6015957089314778,0.0,0.0
2021-08-06,0.0,0.0,0.0,0.0,0.39660091801020964,0.0,0.0,0.6033990819897904,0.0,0.0
2021-08-09,0.0,0.0,0.0,0.0,0.39628396309789016,0.0,0.0,0.60371603690211,0.0,0.0
2021-08-10,0.0,0.0,0.0,0.0,0.39553574065945046,0.0,0.0,0.6044642593405496,0.0,0.0
2021-08-11,0.0,0.0,0.0,0.0,0.3952089533731351,0.0,0.0,0.6047910466268649,0.0,0.0
2021-08-12,0.0,0.0,0.0,0.0,0.39424816605105006,0.0,0.0,0.6057518339489499,0.0,0.0
2021-08-13,0.0,0.0,0.0,0.0,0.3951830157582814,0.0,0.0,0.6048169842417185,0.0,0.0
2021-08-16,0.0,0.0,0.0,0.0,0.39515030210741936,0.0,0.0,0.6048496978925807,0.0,0.0
2021-08-17,0.0,0.0,0.0,0.0,0.39660102953083193,0.0,0.0,0.6033989704691681,0.0,0.0
2021-08-18,0.0,0.0,0.0,0.0,0.3991151538451259,0.0,0.0,0.6008848461548741,0.0,0.0
2021-08-19,0.0,0.0,0.0,0.0,0.3992746971965351,0.0,0.0,0.600725302803465,0.0,0.0
2021-08-20,0.0,0.0,0.0,0.0,0.3971513066659236,0.0,0.0,0.6028486933340764,0.0,0.0
2021-08-23,0.0,0.0,0.0,0.0,0.3951173046380379,0.0,0.0,0.6048826953619622,0.0,0.0
2021-08-24,0.0,0.0,0.0,0.0,0.39408717860809267,0.0,0.0,0.6059128213919073,0.0,0.0
2021-08-25,0.0,0.0,0.0,0.0,0.39264891494647547,0.0,0.0,0.6073510850535246,0.0,0.0
2021-08-26,0.0,0.0,0.0,0.0,0.39406169780321704,0.0,0.0,0.605938302196783,0.0,0.0
2021-08-27,0.0,0.0,0.0,0.0,0.3927128965547518,0.0,0.0,0.6072871034452484,0.0,0.0
2021-08-30,0.0,0.0,0.0,0.0,0.39213423788063706,0.0,0.0,0.6078657621193629,0.0,0.0
2021-08-31,0.0,0.0,0.0,0.0,0.3920405061047928,0.0,0.0,0.6079594938952072,0.0,0.0
2021-09-01,0.0,0.0,0.0,0.0,0.3999749850053381,0.0,0.0,0.600025014994662,0.0,0.0
2021-09-02,0.0,0.0,0.0,0.0,0.39952450872172063,0.0,0.0,0.6004754912782795,0.0,0.0
2021-09-03,0.0,0.0,0.0,0.0,0.3990094833299979,0.0,0.0,0.6009905166700021,0.0,0.0
2021-09-07,0.0,0.0,0.0,0.0,0.3989237359099338,0.0,0.0,0.6010762640900661,0.0,0.0
2021-09-08,0.0,0.0,0.0,0.0,0.3998738660298208,0.0,0.0,0.6001261339701793,0.0,0.0
2021-09-09,0.0,0.0,0.0,0.0,0.40158117466804055,0.0,0.0,0.5984188253319596,0.0,0.0
2021-09-10,0.0,0.0,0.0,0.0,0.4027240000724172,0.0,0.0,0.5972759999275828,0.0,0.0
2021-09-13,0.0,0.0,0.0,0.0,0.40239730893843745,0.0,0.0,0.5976026910615624,0.0,0.0
2021-09-14,0.0,0.0,0.0,0.0,0.4046034423514127,0.0,0.0,0.5953965576485873,0.0,0.0
2021-09-15,0.0,0.0,0.0,0.0,0.4021913500282484,0.0,0.0,0.5978086499717515,0.0,0.0
2021-09-16,0.0,0.0,0.0,0.0,0.40181257212439897,0.0,0.0,0.5981874278756011,0.0,0.0
2021-09-17,0.0,0.0,0.0,0.0,0.4034659349158771,0.0,0.0,0.5965340650841229,0.0,0.0
2021-09-20,0.0,0.0,0.0,0.0,0.40873977691972546,0.0,0.0,0.5912602230802745,0.0,0.0
2021-09-21,0.0,0.0,0.0,0.0,0.4088236904878478,0.0,0.0,0.5911763095121522,0.0,0.0
2021-09-22,0.0,0.0,0.0,0.0,0.40670634397254213,0.0,0.0,0.5932936560274578,0.0,0.0
2021-09-23,0.0,0.0,0.0,0.0,0.40160865086213465,0.0,0.0,0.5983913491378654,0.0,0.0
2021-09-24,0.0,0.0,0.0,0.0,0.4004878784894007,0.0,0.0,0.5995121215105993,0.0,0.0
2021-09-27,0.0,0.0,0.0,0.0,0.40053158491318136,0.0,0.0,0.5994684150868186,0.0,0.0
2021-09-28,0.0,0.0,0.0,0.0,0.4045087799788453,0.0,0.0,0.5954912200211546,0.0,0.0
2021-09-29,0.0,0.0,0.0,0.0,0.4043550124561347,0.0,0.0,0.5956449875438654,0.0,0.0
2021-09-30,0.0,0.0,0.0,0.0,0.4076139133314594,0.0,0.0,0.5923860866685406,0.0,0.0
2021-10-01,0.0,0.0,0.0,0.0,0.3981437232217648,0.0,0.0,0.6018562767782352,0.0,0.0
2021-10-04,0.0,0.0,0.0,0.0,0.4009670961664096,0.0,0.0,0.5990329038335904,0.0,0.0
2021-10-05,0.0,0.0,0.0,0.0,0.397735176272297,0.0,0.0,0.6022648237277031,0.0,0.0
2021-10-06,0.0,0.0,0.0,0.0,0.39680449599878637,0.0,0.0,0.6031955040012135,0.0,0.0
2021-10-07,0.0,0.0,0.0,0.0,0.39378978163858946,0.0,0.0,0.6062102183614106,0.0,0.0
2021-10-08,0.0,0.0,0.0,0.0,0.3937045965880907,0.0,0.0,0.6062954034119094,0.0,0.0
2021-10-11,0.0,0.0,0.0,0.0,0.3948547138156114,0.0,0.0,0.6051452861843886,0.0,0.0
2021-10-12,0.0,0.0,0.0,0.0,0.39653093181927923,0.0,0.0,0.6034690681807208,0.0,0.0
2021-10-13,0.0,0.0,0.0,0.0,0.39613037189801587,0.0,0.0,0.6038696281019841,0.0,0.0
2021-10-14,0.0,0.0,0.0,0.0,0.3927068018900246,0.0,0.0,0.6072931981099754,0.0,0.0
2021-10-15,0.0,0.0,0.0,0.0,0.38971813729760096,0.0,0.0,0.610281862702399,0.0,0.0
2021-10-18,0.0,0.0,0.0,0.0,0.38868320917337246,0.0,0.0,0.6113167908266276,0.0,0.0
2021-10-19,0.0,0.0,0.0,0.0,0.3860076261228719,0.0,0.0,0.613992373877128,0.0,0.0
2021-10-20,0.0,0.0,0.0,0.0,0.38497509690776616,0.0,0.0,0.6150249030922337,0.0,0.0
2021-10-21,0.0,0.0,0.0,0.0,0.3837350154690639,0.0,0.0,0.616264984530936,0.0,0.0
2021-10-22,0.0,0.0,0.0,0.0,0.38458305179758734,0.0,0.0,0.6154169482024126,0.0,0.0
2021-10-25,0.0,0.0,0.0,0.0,0.38360824305002283,0.0,0.0,0.6163917569499773,0.0,0.0
2021-10-26,0.0,0.0,0.0,0.0,0.3836854888217698,0.0,0.0,0.6163145111782303,0.0,0.0
2021-10-27,0.0,0.0,0.0,0.0,0.38605929581164866,0.0,0.0,0.6139407041883513,0.0,0.0
2021-10-28,0.0,0.0,0.0,0.0,0.38316759305625914,0.0,0.0,0.616832406943741,0.0,0.0
2021-10-29,0.0,0.0,0.0,0.0,0.38279173856840193,0.0,0.0,0.6172082614315981,0.0,0.0
2021-11-01,0.0,0.0,0.0,0.0,0.39956869959178165,0.0,0.0,0.6004313004082182,0.0,0.0
2021-11-02,0.0,0.0,0.0,0.0,0.39918647208890806,0.0,0.0,0.600813527911092,0.0,0.0
2021-11-03,0.0,0.0,0.0,0.0,0.39697562618786436,0.0,0.0,0.6030243738121357,0.0,0.0
2021-11-04,0.0,0.0,0.0,0.0,0.39714330360908384,0.0,0.0,0.6028566963909162,0.0,0.0
2021-11-05,0.0,0.0,0.0,0.0,0.39762124880570227,0.0,0.0,0.6023787511942976,0.0,0.0
2021-11-08,0.0,0.0,0.0,0.0,0.39638026275987115,0.0,0.0,0.6036197372401289,0.0,0.0
2021-11-09,0.0,0.0,0.0,0.0,0.39827222076019764,0.0,0.0,0.6017277792398023,0.0,0.0
2021-11-10,0.0,0.0,0.0,0.0,0.3981492221332435,0.0,0.0,0.6018507778667564,0.0,0.0
2021-11-11,0.0,0.0,0.0,0.0,0.39729806069340257,0.0,0.0,0.6027019393065974,0.0,0.0
2021-11-12,0.0,0.0,0.0,0.0,0.39600042299653265,0.0,0.0,0.6039995770034673,0.0,0.0
2021-11-15,0.0,0.0,0.0,0.0,0.39497807051408024,0.0,0.0,0.6050219294859197,0.0,0.0
2021-11-16,0.0,0.0,0.0,0.0,0.3938253040357646,0.0,0.0,0.6061746959642355,0.0,0.0
2021-11-17,0.0,0.0,0.0,0.0,0.39526345409114866,0.0,0.0,0.6047365459088514,0.0,0.0
2021-11-18,0.0,0.0,0.0,0.0,0.39459923832502436,0.0,0.0,0.6054007616749756,0.0,0.0
2021-11-19,0.0,0.0,0.0,0.0,0.3956729819013826,0.0,0.0,0.6043270180986174,0.0,0.0
2021-11-22,0.0,0.0,0.0,0.0,0.3945924614630641,0.0,0.0,0.605407538536936,0.0,0.0
2021-11-23,0.0,0.0,0.0,0.0,0.3932897950772481,0.0,0.0,0.606710204922752,0.0,0.0
2021-11-24,0.0,0.0,0.0,0.0,0.3933879882319887,0.0,0.0,0.6066120117680113,0.0,0.0
2021-11-26,0.0,0.0,0.0,0.0,0.401861784556242,0.0,0.0,0.598138215443758,0.0,0.0
2021-11-29,0.0,0.0,0.0,0.0,0.3983938467338126,0.0,0.0,0.6016061532661874,0.0,0.0
2021-11-30,0.0,0.0,0.0,0.0,0.4045513882803798,0.0,0.0,0.5954486117196202,0.0,0.0
2021-12-01,0.0,0.0,0.0,0.0,0.4031364985544571,0.0,0.0,0.5968635014455429,0.0,0.0
2021-12-02,0.0,0.0,0.0,0.0,0.39896662408910993,0.0,0.0,0.6010333759108901,0.0,0.0
2021-12-03,0.0,0.0,0.0,0.0,0.40247290362302296,0.0,0.0,0.597527096376977,0.0,0.0
2021-12-06,0.0,0.0,0.0,0.0,0.398446429990461,0.0,0.0,0.601553570009539,0.0,0.0
2021-12-07,0.0,0.0,0.0,0.0,0.3926410534053897,0.0,0.0,0.6073589465946104,0.0,0.0
2021-12-08,0.0,0.0,0.0,0.0,0.39124523129975464,0.0,0.0,0.6087547687002453,0.0,0.0
2021-12-09,0.0,0.0,0.0,0.0,0.3934607306900388,0.0,0.0,0.6065392693099612,0.0,0.0
2021-12-10,0.0,0.0,0.0,0.0,0.39139224139040607,0.0,0.0,0.608607758609594,0.0,0.0
2021-12-13,0.0,0.0,0.0,0.0,0.3946497518648137,0.0,0.0,0.6053502481351862,0.0,0.0
2021-12-14,0.0,0.0,0.0,0.0,0.3958871921436069,0.0,0.0,0.6041128078563931,0.0,0.0
2021-12-15,0.0,0.0,0.0,0.0,0.39183468919761316,0.0,0.0,0.6081653108023868,0.0,0.0
2021-12-16,0.0,0.0,0.0,0.0,0.394641776134535,0.0,0.0,0.6053582238654651,0.0,0.0
2021-12-17,0.0,0.0,0.0,0.0,0.3977381772827469,0.0,0.0,0.6022618227172531,0.0,0.0
2021-12-20,0.0,0.0,0.0,0.0,0.40009482759195797,0.0,0.0,0.599905172408042,0.0,0.0
2021-12-21,0.0,0.0,0.0,0.0,0.3949266141534883,0.0,0.0,0.6050733858465116,0.0,0.0
2021-12-22,0.0,0.0,0.0,0.0,0.3927787937118581,0.0,0.0,0.607221206288142,0.0,0.0
2021-12-23,0.0,0.0,0.0,0.0,0.3908052555626705,0.0,0.0,0.6091947444373295,0.0,0.0
2021-12-27,0.0,0.0,0.0,0.0,0.38754710110909196,0.0,0.0,0.6124528988909081,0.0,0.0
2021-12-28,0.0,0.0,0.0,0.0,0.3877000868199609,0.0,0.0,0.6122999131800392,0.0,0.0
2021-12-29,0.0,0.0,0.0,0.0,0.3861801369729383,0.0,0.0,0.6138198630270617,0.0,0.0
2021-12-30,0.0,0.0,0.0,0.0,0.3876210859498786,0.0,0.0,0.6123789140501213,0.0,0.0
2021-12-31,0.0,0.0,0.0,0.0,0.38795192349200264,0.0,0.0,0.6120480765079973,0.0,0.0
2022-01-03,0.0,0.0,0.0,0.0,0.39637649092007465,0.0,0.0,0.6036235090799253,0.0,0.0
2022-01-04,0.0,0.0,0.0,0.0,0.39633056144125833,0.0,0.0,0.6036694385587417,0.0,0.0
2022-01-05,0.0,0.0,0.0,0.0,0.39996444765060024,0.0,0.0,0.6000355523493998,0.0,0.0
2022-01-06,0.0,0.0,0.0,0.0,0.39959666720113385,0.0,0.0,0.6004033327988662,0.0,0.0
2022-01-07,0.0,0.0,0.0,0.0,0.3997610364168532,0.0,0.0,0.6002389635831469,0.0,0.0
2022-01-10,0.0,0.0,0.0,0.0,0.39999588388459417,0.0,0.0,0.6000041161154058,0.0,0.0
2022-01-11,0.0,0.0,0.0,0.0,0.3983952030053623,0.0,0.0,0.6016047969946378,0.0,0.0
2022-01-12,0.0,0.0,0.0,0.0,0.3977906347639153,0.0,0.0,0.6022093652360848,0.0,0.0
2022-01-13,0.0,0.0,0.0,0.0,0.4018833346394638,0.0,0.0,0.5981166653605362,0.0,0.0
2022-01-14,0.0,0.0,0.0,0.0,0.40012660619216145,0.0,0.0,0.5998733938078384,0.0,0.0
2022-01-18,0.0,0.0,0.0,0.0,0.40259891146114407,0.0,0.0,0.5974010885388559,0.0,0.0
2022-01-19,0.0,0.0,0.0,0.0,0.4056936267117109,0.0,0.0,0.5943063732882891,0.0,0.0
2022-01-20,0.0,0.0,0.0,0.0,0.4088970532173843,0.0,0.0,0.5911029467826157,0.0,0.0
2022-01-21,0.0,0.0,0.0,0.0,0.4150989335867948,0.0,0.0,0.5849010664132053,0.0,0.0
2022-01-24,0.0,0.0,0.0,0.0,0.41385534459695167,0.0,0.0,0.5861446554030484,0.0,0.0
2022-01-25,0.0,0.0,0.0,0.0,0.41651485999514126,0.0,0.0,0.5834851400048588,0.0,0.0
2022-01-26,0.0,0.0,0.0,0.0,0.4153935038356944,0.0,0.0,0.5846064961643057,0.0,0.0
2022-01-27,0.0,0.0,0.0,0.0,0.41761589693693557,0.0,0.0,0.5823841030630644,0.0,0.0
2022-01-28,0.0,0.0,0.0,0.0,0.41222176302750785,0.0,0.0,0.5877782369724921,0.0,0.0
2022-01-31,0.0,0.0,0.0,0.0,0.40790355317383914,0.0,0.0,0.5920964468261609,0.0,0.0
2022-02-01,0.10003795159063478,0.1002500031089182,0.10058416564435824,0.09972096691486519,0.09950331428160232,0.10068763322012607,0.10031586432119581,0.1003112219076256,0.09930727620774157,0.09928160280293226
2022-02-02,0.10004344563585253,0.09969370659760107,0.1009352186473435,0.0996894726124091,0.09931547237634554,0.09929596538810272,0.10073377724305113,0.10088786252771195,0.09925227306991675,0.10015280590166557
2022-02-03,0.10160308576233715,0.09995359517626953,0.10066420356048035,0.10087649967438451,0.1002118580285121,0.09871722285570299,0.09793968730228217,0.09983146722605307,0.09979193675899632,0.10041044365498179
2022-02-04,0.10237527113975685,0.10016620363478554,0.10086824225754817,0.10099728247388517,0.09940855448487707,0.09910790420715779,0.09914102319632104,0.10026637433807128,0.09828690058479822,0.09938224368279898
2022-02-07,0.10257309115324931,0.09993465056091075,0.1010146259532542,0.10171876197073038,0.09940981617115176,0.09957190067283271,0.098318221512453,0.09991887336491694,0.09832529260109918,0.09921476603940187
2022-02-08,0.10136421003904052,0.10059199383836574,0.10121979705087829,0.10171633965022608,0.09878371585523048,0.1009590222479494,0.09911749365688156,0.10043159611798516,0.09736793148036552,0.09844790006307717
2022-02-09,0.10111583738817881,0.10089819179750376,0.1015764353145891,0.10078989573371802,0.09768437831491816,0.10159368209231893,0.09995621194999826,0.1006313104681436,0.09633516242688017,0.09941889451375126
2022-02-10,0.10193972442938498,0.1015782943060636,0.10163381039286518,0.10175833984540719,0.09808928914079972,0.1013810257300888,0.09900851527676224,0.10015320764118527,0.09607984854777088,0.09837794468967216
2022-02-11,0.10389817050679354,0.10046145158527583,0.10052294769176984,0.10413596934054209,0.09952505307665295,0.10077894518356391,0.09627332143928367,0.09859360834010288,0.09791698012816595,0.0978935527078495
2022-02-14,0.10481535822152775,0.10012160028791889,0.10023373577936234,0.10507225862283283,0.09919341369395253,0.1007922818320393,0.09674164160675959,0.09862709574169383,0.0970488830856381,0.09735373112827479
2022-02-15,0.10233715137138524,0.10153544453951181,0.10131589768138374,0.10330176978735624,0.0981629535536227,0.10272640749512625,0.09841127689722905,0.0994739538087938,0.09523510451570717,0.097500040349884
2022-02-16,0.1020790174607865,0.10188331914103925,0.10131021774262623,0.1039645387787997,0.09799146686721169,0.10254661965095777,0.09800969955029346,0.09920413883898377,0.09543273820102942,0.09757824376827215
2022-02-17,0.10375763116874796,0.10151013988906052,0.10048115683316383,0.10623707311560808,0.09931179708268183,0.10072686727769926,0.09586288715531117,0.09786946648229354,0.09691942472793698,0.09732355626749688
2022-02-18,0.10447001930799726,0.10079648550383044,0.10035176777413413,0.10647301268330694,0.09992886971539959,0.10015601849708748,0.09504970928722865,0.09752322874267633,0.0982292590595685,0.09702162942877071
2022-02-22,0.10642639288953967,0.09980888830120162,0.09961807593686864,0.10716781190114462,0.10036227291939344,0.09918225907664689,0.09451164220279798,0.09690378543152649,0.09892115801163705,0.09709771332924368
2022-02-23,0.10850615784554955,0.09964047664257504,0.09979839841406463,0.10873700038892256,0.1008461455527136,0.09830830854958504,0.0930198757124023,0.09614521630436107,0.0985421480900832,0.09645627249974305
2022-02-24,0.10837452182706886,0.09705606552146834,0.0979277259287888,0.10745176035579296,0.10053688777671661,0.10034075210535606,0.09562613703990731,0.09706467385790767,0.09807413416272853,0.0975473414242647
2022-02-25,0.10562529336809652,0.09782159381509523,0.09932951325421328,0.10597815411587035,0.09946255445615294,0.10153157663703549,0.09609731278278073,0.09817276311332626,0.09712333007698264,0.0988579083804466
2022-02-28,0.10721517167226416,0.09635173721305777,0.0972490538439185,0.10686702181105585,0.1003960722913277,0.10174314587329099,0.09619488212829758,0.09772988909986134,0.09905782792353031,0.09719519814339561
2022-03-01,0.10412675736125893,0.0987728176068856,0.09791350871001178,0.1019190960252709,0.10107588023569246,0.0982152943211535,0.09856824678301156,0.0985763486209709,0.10125829287186301,0.09957375746388133
2022-03-02,0.10683681279777703,0.09831221750197337,0.09851068187235192,0.10021431409821036,0.09892084446943517,0.09991163284867603,0.09958206220516817,0.09974859273148318,0.09717239337931552,0.10079044809560916
2022-03-03,0.1082660876689178,0.09716438911290466,0.0968029639596605,0.10105601402043735,0.09958855422218733,0.09896781681037872,0.09839817547333123,0.09949327895392761,0.09840077546859892,0.10186194430965585
2022-03-04,0.11273280074992097,0.09512877397989572,0.09392610335352423,0.10258736056289028,0.1004997445461514,0.09734385302074951,0.09689813356574832,0.09860961143071757,0.10002310292656019,0.10225051586384186
2022-03-07,0.1169098154188727,0.09293124265195618,0.09229985624574333,0.10566164984337936,0.10156223816404104,0.09633602233913316,0.09471343665275274,0.09712706486918041,0.10073728367040063,0.10172139014454049
2022-03-08,0.11852427497759228,0.09293901597470731,0.09280606079096346,0.10820881242643804,0.10058390616346215,0.09656146065659149,0.09397478159577678,0.09608551664455625,0.09940824791685465,0.10090792285305777
2022-03-09,0.10883386615822065,0.09533007595547097,0.09644477985326935,0.10472980545546953,0.09971172860684102,0.09903335540204998,0.09711286379923692,0.0984135843430032,0.09818661097155298,0.10220332945488529
2022-03-10,0.10831152924516427,0.09422583663327867,0.09598556893257275,0.10582201071394258,0.09997707372267342,0.0995754971357192,0.09673404828332241,0.09868287803719894,0.09748093538042829,0.1032046219156995
2022-03-11,0.11098359903609853,0.09292812420126151,0.09564232942921015,0.10584640889937955,0.10068053494969398,0.09870287122095678,0.09542037991127406,0.0981403040766227,0.09852212730269388,0.10313332097280885
2022-03-14,0.10939433477246693,0.09207571779300584,0.09800599191944996,0.10585586968618178,0.10093603959746937,0.09817447980919478,0.09502865337424712,0.09892291071248907,0.09770312617748445,0.10390287615801061
2022-03-15,0.10632157162153323,0.0918782815523131,0.09858508082856196,0.10350354199230832,0.1005282528867652,0.09938104444555523,0.09765820518046124,0.10073597507624037,0.097183029199941,0.10422501721632031
2022-03-16,0.10317343475341605,0.097167390003422,0.09995288187953115,0.10193823557263934,0.09825668014645382,0.10032955337055947,0.09912774430100767,0.10078150760080572,0.0960506977858078,0.103221874586357
2022-03-17,0.10699905713913843,0.09566378060514064,0.09974506744537279,0.1013701111999265,0.09704634507238122,0.10084356942992123,0.09928328262897107,0.10098001824402207,0.0943422482058684,0.10372652002925761
2022-03-18,0.10669205938907679,0.09630213053467179,0.09995596012044254,0.09972241426931219,0.09659892166833951,0.10113815615603618,0.10055243543417104,0.10131726172472955,0.09477526449941293,0.1029453962038076
2022-03-21,0.11097515511771053,0.09506703520941855,0.09959568390867447,0.10075043295054481,0.09559371832661724,0.10051061195903437,0.10053837507415833,0.1015558227146796,0.0928257487426227,0.1025874159965394
2022-03-22,0.11023986322545525,0.09636708906115135,0.1000925005715068,0.09958157444916278,0.09465311324701337,0.10107355201716385,0.10206496499080048,0.10229389500269202,0.09123488557373648,0.10239856186131749
2022-03-23,0.1130784412443621,0.09581618422446944,0.09888163553088782,0.10103136258109913,0.09537425237662545,0.09940810676958241,0.10068739213751994,0.10106608215680717,0.09331699044817214,0.10133955253047432
2022-03-24,0.11136407066710559,0.09581495981104618,0.09927350118129794,0.10122574956853035,0.09434081407411572,0.10001845107217613,0.10238004323717988,0.10204605861070275,0.09209556755479992,0.10144078422304563
2022-03-25,0.11227154135558151,0.09512426055236702,0.09939935955841177,0.10088426812806991,0.09344029618404145,0.10022710622671967,0.10236881063621998,0.10261878324136818,0.09088375450537661,0.10278181961184397
2022-03-28,0.10764041783026689,0.09566019985919957,0.09930346634711172,0.0992752654096544,0.0938667852238859,0.10049141641379242,0.10419143083907084,0.10358604603688679,0.09187129663255361,0.10411367540757782
2022-03-29,0.10653435000513967,0.09592088783428412,0.100076890724513,0.09792215068313902,0.09300736384180298,0.1017299039852273,0.1044932839850011,0.10339197207293481,0.09126268549183432,0.10566051137612364
2022-03-30,0.10861709131708591,0.09579323498687402,0.0998136793104537,0.09885748887513425,0.09351313060811259,0.09983737002562457,0.1034942556367012,0.10290780099738205,0.09211282731292926,0.10505312092970248
2022-03-31,0.10767496747688707,0.09529163870345095,0.09913818343527944,0.09988139253305911,0.09462117079710138,0.09976794280596114,0.10323009113357097,0.10233371650948819,0.0932567291054778,0.10480416749972402
2022-04-01,0.10010134577212672,0.10110459266918917,0.10038491814007822,0.09881946996522717,0.09880499382798592,0.10056689538198472,0.09926329216790959,0.09973441332857824,0.0998311398770249,0.10138893886989538
2022-04-04,0.10136226181793646,0.10223598698904125,0.1001508060588933,0.09866839988744908,0.09811366155937153,0.10009251052889935,0.10066421412331007,0.09995058258362334,0.09850835064782094,0.1002532258036548
2022-04-05,0.10200133695849463,0.10182444196530085,0.10024262862386663,0.09948727141476862,0.09836531983484334,0.09915614673935233,0.09987160383711978,0.10013445109355223,0.09769391465042328,0.10122288488227832
2022-04-06,0.10196995496828183,0.10126319696495002,0.09980385714831327,0.10048571618355256,0.09877199883701117,0.09849952160585727,0.09845309085172124,0.09989397993888142,0.09764687571610063,0.10321180778533064
2022-04-07,0.10246695443332038,0.10060293576396834,0.10016826577793839,0.10101199597207562,0.09866987466561916,0.0983216665204532,0.09883000028495559,0.10054262730609903,0.09705158942268585,0.10233408985288452
2022-04-08,0.10393242356885699,0.10087128922353461,0.10038737080317185,0.10182533882194023,0.09834455083852524,0.09771098689687964,0.09762141790886503,0.10045176001271235,0.09617080606783068,0.10268405585768338
2022-04-11,0.10416515223838413,0.10066595758209408,0.10037574988973202,0.1034109193766009,0.0989059318936515,0.09807907403936855,0.09631840259796069,0.099777413754878,0.09564838864972107,0.10265300997760902
2022-04-12,0.10699690456243068,0.1000924194010681,0.09937012737900944,0.10393904271565782,0.09912960294031596,0.09813756702866851,0.09566695648537868,0.09915420837465883,0.09527279159469601,0.10224037951811583
2022-04-13,0.10812566551536602,0.10027019218857314,0.099315117180003,0.10326806660334752,0.09823675187199463,0.09888508074684825,0.09651924005023779,0.09916760431082217,0.09439816461368804,0.10181411691911937
2022-04-14,0.10991748717392814,0.09986056687852024,0.09974933688818266,0.10385063013154155,0.09822577101034129,0.09880413975219654,0.0951585519724172,0.09881167562609193,0.09333609847283345,0.10228574209394692
2022-04-18,0.11128732170525697,0.09962763132970724,0.0992729828794288,0.10428294657643333,0.09804493314489637,0.09824292780598351,0.09533284599086242,0.09895732906702116,0.09297099184527086,0.10198008965513927
2022-04-19,0.10820092414622005,0.09892206654414186,0.0995347681965829,0.10249108729063801,0.0971938343825532,0.09999105861521253,0.09725877707802819,0.10034344734385939,0.09208065570592752,0.10398338069683642
2022-04-20,0.1078944510134689,0.09795102385479597,0.09980698054112014,0.10258992305075268,0.09756955280613276,0.09998045733984685,0.0954654335989831,0.09987684441475231,0.0935664508655722,0.10529888251457516
2022-04-21,0.1089537018479397,0.09714717403381463,0.09984539259369099,0.10337770484526917,0.09812518760901831,0.09884418282239447,0.09454438364908051,0.09949275740856517,0.09392151061929602,0.10574800457093095
2022-04-22,0.10857740811335893,0.09782439301533152,0.0997861866512326,0.10401062086037285,0.09974373830880919,0.09782619853354596,0.09354178362227984,0.0983109601652742,0.09482365509798973,0.1055550556318051
2022-04-25,0.10779704445173226,0.09712637421137575,0.09932267526698825,0.10215990193357333,0.10040262290701447,0.09843799194533322,0.09476050334932111,0.09889880130712003,0.09578928464976573,0.10530479997777589
2022-04-26,0.11070563611246252,0.09624440858765894,0.09780899034683342,0.10365332175684626,0.10239397437331992,0.09658169181320961,0.09237587679294432,0.09729010652903357,0.09801847985515665,0.10492751383253462
2022-04-27,0.11160991576089985,0.09748441577597519,0.09837222466344282,0.10299400798003303,0.10194615584093233,0.0962963464161583,0.0923764071640208,0.09768126581487896,0.09687796983599814,0.10436129074766058
2022-04-28,0.11101636285045649,0.09754796306156087,0.09841226835087236,0.1021453149920341,0.1004175144883042,0.0967632565525475,0.09435958927436242,0.09879010450741281,0.09570613226935015,0.10484149365309917
2022-04-29,0.1123020914030964,0.09978359852857117,0.09914147386801025,0.1041047289710871,0.10181067585788924,0.09578222597365034,0.09185253554311422,0.0969752253727988,0.09628748806146653,0.1019599564203158
2022-05-02,0.1017586883986255,0.10008767304880632,0.09998134097872188,0.09837126566961221,0.09948288238550927,0.10128088166163529,0.10190299360260534,0.10083290293234777,0.09849221267025489,0.09780915865188144
2022-05-03,0.09996363982689942,0.10044388576196177,0.10034945679835357,0.09826310583094383,0.09922759328756371,0.10176606587608165,0.10163039861125031,0.10091638344968498,0.09878551548419394,0.09865395507306686
2022-05-04,0.10121319621924273,0.09968616245989453,0.1002576013510687,0.09742844788151718,0.09805794171362368,0.10258662114183417,0.10316095246045878,0.10210338070936117,0.09752811787018038,0.09797757819281888
2022-05-05,0.10347982969812977,0.09867865897189511,0.09972876683572535,0.09975720706755725,0.0997750545879527,0.10116340675771503,0.1006907033809519,0.10121382384126844,0.09749483562250376,0.09801771323630074
2022-05-06,0.10450011315234169,0.09817872690263274,0.0996278366026972,0.10080063203556514,0.10007777558450838,0.10035416525240563,0.10035871638631233,0.10149397231777334,0.09690248676572336,0.09770557500004018
2022-05-09,0.10245052595967045,0.09790643286960087,0.099213727485167,0.10200640732216429,0.10352529461177168,0.09871211158122942,0.09901927054275743,0.10088030527116042,0.10037773737055539,0.095908186985923
2022-05-10,0.10177080440088236,0.09830383909798719,0.09988720586237258,0.10107238335852506,0.10379641863193986,0.09866948906243073,0.10015033414535224,0.10104085497194142,0.10121546975294948,0.09409320071561919
2022-05-11,0.10454273167223614,0.09786859915681285,0.09955280116895682,0.10216290943654689,0.10470806223176526,0.09646644241615426,0.09743285531332849,0.09969437557555327,0.10343448126830918,0.09413674176033673
2022-05-12,0.10506534838043229,0.09725364666519581,0.09933623106248499,0.10062391148798172,0.10508305341232659,0.09762409769884713,0.0972291064686898,0.09961756612441618,0.1032698080455216,0.09489723065410383
2022-05-13,0.10487479069476141,0.0984104078383884,0.10052796544275253,0.09827623419039756,0.10292882519748837,0.09917234104898391,0.09928501606050133,0.10043391795031985,0.10018200685400129,0.09590849472240541
2022-05-16,0.10659043320509835,0.09801653392560823,0.10061287212351082,0.09920857216488205,0.10335485341336006,0.09869390854792377,0.09812915216900721,0.10002129501753504,0.10007326745589043,0.09529911197718396
2022-05-17,0.10444642396368452,0.09948511021114789,0.10153183365959267,0.09766530611998465,0.10161498145294638,0.10076283113561267,0.0997310254895489,0.10112587168288961,0.09794110266729328,0.09569551361729942
2022-05-18,0.1042160496399218,0.09903105731917904,0.1010781439965343,0.09965896489093803,0.1043739718606399,0.0991640224524857,0.09671968727297364,0.09897778898912686,0.10201663321150593,0.09476368036669477
2022-05-19,0.10505925221256966,0.10014521411368114,0.10158449156621434,0.10066392623289078,0.10427270794557196,0.09887562657936012,0.09576406238870461,0.09792434633123036,0.10179609731696829,0.09391427531280869
2022-05-20,0.10488867928628622,0.1002538302568882,0.10196657886961867,0.10042676300818325,0.10443722797516401,0.09832259113777292,0.09517509870455575,0.09766812595205572,0.10263729431423983,0.09422381049523537
2022-05-23,0.1049303805467122,0.10029613825604862,0.10296476749084235,0.10018145862019003,0.10307075063199767,0.09880940586092918,0.0960744861865629,0.09879304185649186,0.10023572742009605,0.09464384313012911
2022-05-24,0.10504730428407878,0.09873387043614149,0.10298810300336736,0.10111928080106053,0.1041493500308288,0.09752334262774204,0.09420340823315812,0.09821786384119656,0.10240026149279627,0.09561721524963002
2022-05-25,0.10516076759358617,0.09862516132011255,0.10240175850719223,0.09990825520706885,0.10373514192775861,0.09868471446330433,0.09495037490803385,0.09849284906826687,0.10219014528072297,0.0958508317239537
2022-05-26,0.1052533312819962,0.09917105946381356,0.10250274081456208,0.09873171366562741,0.102654178808379,0.09988438369718523,0.09661064231382337,0.09946171819580889,0.10071595423428106,0.09501427752452322
2022-05-27,0.10493746134565157,0.0988425018112394,0.10221605628248645,0.09733202316716308,0.10129169098909903,0.10106708397126618,0.0982984570583094,0.10040645571317985,0.09947870618488393,0.09612956347672108
2022-05-31,0.10498326460960825,0.10096946781495646,0.10235678129413724,0.09708071242780711,0.10097442219764874,0.10054911866481947,0.09876160526700366,0.10058032731575418,0.09809249002292855,0.09565181038533634
2022-06-01,0.10091578032076036,0.09972100752711036,0.09936607612738561,0.10106721273647534,0.0998621152540201,0.09985854004124778,0.09968480800520456,0.09961527313879615,0.10031281980212249,0.09959636704687724
2022-06-02,0.10159553172034366,0.09984653033621102,0.09983805895352627,0.10070378703699387,0.0984367898259115,0.10069001832001459,0.10080564493993698,0.09991739379142608,0.09878771400123947,0.0993785310743965
2022-06-03,0.10359360477531175,0.099217007684361,0.09940714368055333,0.10068940788627222,0.09923865966141111,0.10079218383602187,0.0991755637837616,0.09927134416521663,0.09957211046095517,0.09904297406613533
2022-06-06,0.10413591701405868,0.0998434171143985,0.09989437474956975,0.10033426200988184,0.09858031686932289,0.10131777698943072,0.09959350674842782,0.09966127470607875,0.0978216731515558,0.09881748064727526
2022-06-07,0.10397556454665498,0.09933188983771712,0.09937753780852893,0.10016522126870826,0.09817074593752098,0.10211280071808254,0.09963389667951345,0.09979720761779763,0.09807230679900887,0.09936282878646727
2022-06-08,0.10563599803622567,0.10056259806016594,0.09867296443688678,0.10077003292794397,0.0984873473648502,0.10123553519955873,0.09960632848610355,0.09940020317932881,0.09788082117220764,0.09774817113672868
2022-06-09,0.10729077958203641,0.09955771122765002,0.09795334072427386,0.10185569523046822,0.09977806468862876,0.10052499338822254,0.0982956640557013,0.09839482295849153,0.09958183869319993,0.09676708945132746
2022-06-10,0.10795781484432246,0.1000518094054195,0.0971379151014022,0.10489429266232278,0.10039805654910636,0.09938245910966068,0.09636520404053357,0.0970898616566858,0.10056775356135342,0.09615483306919323
2022-06-13,0.11041872128238683,0.09987303150702025,0.0971582683051019,0.10563984891017587,0.10200918054133853,0.09797446634433406,0.09504813414719687,0.09661933062959564,0.1007658448867359,0.09449317344611424
2022-06-14,0.10974757756858872,0.101765087380442,0.0967247304691325,0.10532021142971834,0.10170243848920425,0.09799169618468331,0.09569848378309397,0.09681153637955146,0.09999406824398775,0.09424417007159754
2022-06-15,0.10816432310751621,0.10154928412910583,0.09704841551860013,0.10508443508522554,0.10156561283507354,0.09792583899826389,0.09660783216015151,0.09670973665199836,0.10032229807495961,0.09502222343910553
2022-06-16,0.1104360521051841,0.10006344965761306,0.09648063166317591,0.10802303285793279,0.10391935833192467,0.09493444788942598,0.09424301052281785,0.09505521987050226,0.10279075533173937,0.09405404176968402
2022-06-17,0.10667420355605914,0.10061143187215149,0.09625078391159682,0.10731416200265186,0.10412451279174373,0.09583603269784437,0.09554865465561314,0.09541963094196133,0.10329467313100978,0.09492591443936836
2022-06-21,0.1055714601607752,0.10142558865151323,0.09693355542238292,0.10606708845473556,0.10276443838108956,0.09678140769723338,0.09718409985873169,0.09704755154318223,0.10074003097341924,0.09548477885693683
2022-06-22,0.10359890826945053,0.09952877641746304,0.09619889778849798,0.10639872732006417,0.10397444917879596,0.09651462696316442,0.09695939204360846,0.09678878547264397,0.10342191590622549,0.09661552064008601
2022-06-23,0.10086657529306654,0.09942906190447355,0.09570392174368374,0.1053214218061399,0.10414121636367876,0.09727790679036569,0.09800777948560946,0.09734460537021818,0.1038522735339097,0.09805523770885442
2022-06-24,0.1002376663089455,0.10019868798411269,0.0970293527851625,0.10357879903913271,0.10215682834797421,0.09873000014515013,0.09978832020757578,0.09887645936552447,0.1008208252215439,0.0985830605948781
2022-06-27,0.10031615695947761,0.100618436222469,0.09690411901297681,0.10376889572553645,0.10188145416519041,0.09938939361778337,0.0993494747615772,0.09878989459360807,0.10025640078241461,0.0987257741589665
2022-06-28,0.10230779130715159,0.10078249849485951,0.0970006658302892,0.10440811890528366,0.10281096677192021,0.09828581724250343,0.09707597833377793,0.09752818758675476,0.10151130331711909,0.09828867221034054
2022-06-29,0.1007323748304591,0.10056386869077355,0.09680484359970651,0.10451518561837222,0.10382373346576629,0.09746282444921753,0.09733920717429882,0.0976234812152255,0.10328058755919516,0.09785389339698528
2022-06-30,0.0982054823149706,0.10069230547905877,0.09686073039828015,0.10450554042427355,0.10525136075079974,0.09728569528988223,0.09671072615030542,0.09741343901503939,0.10481494174529431,0.09825977843209577
2022-07-01,0.09980450328076423,0.09870061871400257,0.09955823148050005,0.09923728914517696,0.10038450617258456,0.10052203277066246,0.09997541974095424,0.10037027189861412,0.10033952646398943,0.10110760033275142
2022-07-05,0.09385437174447932,0.09873302653128066,0.09822455996809858,0.09792616919027229,0.10157730163520709,0.10218294451472894,0.10251787827178528,0.1013815159682794,0.10195421586210165,0.10164801631376677
2022-07-06,0.09301989249811268,0.09872405438503508,0.09889604135988818,0.09695456637085759,0.10132050587246717,0.10203634939227708,0.10379588826266402,0.1023358521511717,0.10084532281091474,0.10207152689661175
2022-07-07,0.09569679701056653,0.09948193278020517,0.0991723313159246,0.09582676044274668,0.09947266658001815,0.10317889237002806,0.10472566452824804,0.10260335829680457,0.09874032949173489,0.10110126718372325
2022-07-08,0.09741310273855125,0.09951814995214872,0.09931993187412125,0.09590301422379507,0.09890467031277925,0.1032047080238399,0.10489519004747659,0.10255628920731506,0.09768221502745245,0.10060272859252041
2022-07-11,0.09803090066510524,0.09766360822435688,0.09851969685668555,0.09617833027435199,0.10050921883637398,0.10196681447767136,0.10350367833875647,0.10222376012838766,0.10018903157223989,0.10121496062607108
2022-07-12,0.09424653442117766,0.09797564979679081,0.09919972604384324,0.0964979898364782,0.10145694819583344,0.10233527632365681,0.10322534145515176,0.10203515095542544,0.10149656764293329,0.10153081532870935
2022-07-13,0.09468391721001344,0.09765203563411881,0.0990530633983279,0.09686403018580206,0.10179150602856034,0.10214456268448524,0.10291061821630484,0.10139886392301324,0.10255871838212305,0.10094268433725118
2022-07-14,0.09454395168118532,0.09752560679797942,0.09842526393320827,0.09624838740244719,0.10201770071198182,0.10188384094834683,0.10408377331865108,0.10194169022283556,0.10251552262938367,0.10081426235398086
2022-07-15,0.09465965331586729,0.0969002788788213,0.09883313975203803,0.09494505466015823,0.10118344539252679,0.10280302593960991,0.1047471629069023,0.10268872648967405,0.10190113010525904,0.10133838255914314
2022-07-18,0.09654590564334785,0.09769050881251996,0.09935042104909399,0.09514462806359675,0.10100478712885268,0.10263066996600038,0.10398091705524516,0.1019587142035641,0.10095620686169736,0.10073724121608187
2022-07-19,0.09538873037521926,0.09772496653470508,0.10044126879138006,0.09386117618935566,0.09894894160609634,0.10456892756867361,0.10548105089442208,0.10305498190678188,0.09882112069601566,0.1017088354373505
2022-07-20,0.09513853256877967,0.09712533214576985,0.09959112785259842,0.09280720609316384,0.09866959386056579,0.10601158687156052,0.10695598135257418,0.10352048351833859,0.09889774990334069,0.10128240583330853
2022-07-21,0.09274229608328637,0.0973959089249784,0.09976017231277327,0.09331238475561295,0.09894017952338992,0.10564414221835092,0.10756412574663025,0.10368092490083522,0.09974647862554284,0.10121338690859989
2022-07-22,0.09194093048028322,0.09673649229538724,0.0998382321659273,0.0938547197926056,0.10040424630366608,0.10430277243683583,0.10602757180304397,0.10305873257210882,0.10175885229666035,0.10207744985348167
2022-07-25,0.09347205551840498,0.09694408951292818,0.10046891554739913,0.09346658691694533,0.09990763417208967,0.10469630758081913,0.10527597646928913,0.10303941751113982,0.10062199037627971,0.10210702639470488
2022-07-26,0.09420228287654042,0.0967449199775971,0.0996467043256244,0.09389979340276554,0.10052858002750119,0.10465862648997623,0.10380885411050758,0.10241371050317923,0.10128596360854204,0.10281056467776613
2022-07-27,0.09474874353324807,0.09690231251694985,0.10030382628032715,0.093275664859621,0.09905339179202934,0.10525628167464136,0.10639306896330877,0.10332232435063278,0.09903882780134285,0.10170555822789885
2022-07-28,0.09379169331488768,0.0962572487962492,0.09972195657372783,0.09338668126885817,0.09894681618470008,0.1055433646451299,0.10626633950636952,0.10348179898703862,0.09874284332749736,0.10386125739554176
2022-07-29,0.09364888592055033,0.09521623299198721,0.10048863469863688,0.09307686108876713,0.09837953609164568,0.10564306132826864,0.1075430155833992,0.10434877203034616,0.09787266551980935,0.10378233474658952
2022-08-01,0.09800796045191855,0.09918743633606343,0.10017561491385206,0.10060556405440595,0.10062367896672529,0.10000121481456795,0.09997835696310904,0.09974236784228464,0.10244789628732286,0.09922990936975022
2022-08-02,0.0984008537920568,0.09961371996504273,0.099478014077614,0.10092192518273646,0.10013917561030951,0.1008178970463247,0.10059107459278183,0.09998967944076069,0.10119643886754018,0.09885122142483303
2022-08-03,0.09669225402110322,0.09951389725532638,0.09918168652110733,0.10027821529664598,0.09966829829149115,0.10140076111196046,0.10242162396437131,0.1006622861268487,0.10188568243511144,0.09829529497603393
2022-08-04,0.0954338130553965,0.0999806893994328,0.0994510333107505,0.10169843224221788,0.09993918419937696,0.10095039531161669,0.10265995987480299,0.1003590289161959,0.10161336365851933,0.0979141000316904
2022-08-05,0.09565537270087424,0.10067597004596239,0.09933974402821241,0.10115290500638024,0.09907973761309688,0.10232857797721813,0.10242705136917964,0.10078540837474893,0.09978468134445116,0.09877055153987603
2022-08-08,0.09622439412924562,0.10019270113206862,0.09896744128852887,0.10139341087826301,0.09906115677824139,0.10278720641375237,0.10147920925030028,0.10006025932890275,0.10078280649086437,0.09905141430983265
2022-08-09,0.09730774886981365,0.10010659187266116,0.09872044560071123,0.1019976918529151,0.09905198625834195,0.10167835967078624,0.1006206668467959,0.09995107731268604,0.1006813612249602,0.09988407049032859
2022-08-10,0.09735580927551775,0.10002979798833728,0.09962041436538122,0.1004070765988463,0.09780932887522995,0.10320964075203758,0.10207255416219888,0.1007120067252099,0.09871186409576713,0.10007150716147398
2022-08-11,0.09938597911091587,0.10056530367091597,0.09972913315048605,0.10028171865399646,0.09729540887807818,0.10373916504815553,0.10163461099896696,0.1008523388015996,0.09654532412549116,0.09997101756139422
2022-08-12,0.09776892328046262,0.10051278037476191,0.09939223195570898,0.10009170035554445,0.09660806428978885,0.1046942372353146,0.10247460148252385,0.10143234077193473,0.09645236067337834,0.10057275958058147
2022-08-15,0.09669558462633616,0.10017792081415819,0.09892542438471506,0.09893254890378922,0.09704187195967502,0.10520213866503215,0.10343733455491853,0.10198302475733803,0.0964944553844154,0.10110969594962226
2022-08-16,0.09573936262669945,0.10029161288630567,0.09903207749876781,0.09889569836538345,0.09706365371800567,0.10530539175253437,0.10333749119481836,0.1023238031316938,0.09702935190867477,0.10098155691711672
2022-08-17,0.09683360739297994,0.10062082926688717,0.098975288539722,0.09899051597210369,0.09713023074250925,0.10430846389467718,0.10292250648488524,0.10235698588281882,0.09673440656130948,0.10112716526210713
2022-08-18,0.09819050536356046,0.09993037148525784,0.09852456421380269,0.09861154943019326,0.09720026872632105,0.10487234885722649,0.10304469581667453,0.10252975381079654,0.09676002226495398,0.10033592003121307
2022-08-19,0.09940125128682067,0.0998255043271537,0.09840874465596512,0.09913486000511015,0.09758920298081292,0.10392656896194864,0.10232081940727372,0.10243867186344732,0.0964130084778601,0.10054136803360772
2022-08-22,0.10152450353306444,0.10017590257758671,0.09793400051300438,0.09969708554936905,0.09836457536588634,0.1030467583352177,0.10086144286852584,0.10154848977328218,0.09727951913357571,0.09956772235048764
2022-08-23,0.10311655419040831,0.10063479475315185,0.09790916367254834,0.10032125839235939,0.09805239700117195,0.10313950045650203,0.10070498936611799,0.1012293573828277,0.09667401468602926,0.09821797009888333
2022-08-24,0.10395069298467645,0.10036760673863293,0.0977966184570384,0.10037522865017534,0.09748990933438394,0.10367827440383219,0.10075394983872327,0.10130929660470711,0.09573576708024287,0.09854265590758755
2022-08-25,0.10143391618519622,0.10149018736937894,0.09785991872518457,0.09965273606473801,0.09711093111489864,0.10421236266589486,0.10148658880393151,0.10168856741148788,0.0960770019015285,0.09898778975776086
2022-08-26,0.10369693884879996,0.10179928366102524,0.09701544284051113,0.10022225028517046,0.09875124476635339,0.10261140546796517,0.09908723102823593,0.10002354516314796,0.09855210739165482,0.09824055054713589
2022-08-29,0.10565038426300838,0.10158125316058701,0.0971988646957621,0.10069862372955062,0.09859529774650604,0.10208675891760763,0.09851611270055133,0.09977277407686334,0.09814063266853866,0.09775929804102487
2022-08-30,0.10380046179387915,0.10143845583555262,0.09751690559316252,0.10091124114615083,0.09960501504107121,0.1017191953288875,0.0984458092270095,0.09971752613299426,0.09942145622904103,0.09742393367225126
2022-08-31,0.10234578850538222,0.10251965998773524,0.09754241250277593,0.10083963706372197,0.09989363820268227,0.10181696099966911,0.09856547782660169,0.09965846164425192,0.09916712293152333,0.09765084033565628
2022-09-01,0.09868310146338198,0.10004665953777475,0.0994829389937159,0.09995305738344712,0.10003777152716775,0.09974036951799942,0.10088323409714439,0.10115586627408271,0.09899326082594007,0.10102374037934589
2022-09-02,0.09970691097458016,0.09948249414667001,0.09918463931922016,0.10119576001770378,0.10096000466145107,0.09932145505337611,0.09981562420727598,0.10044920053221779,0.0999113298274624,0.09997258126004253
2022-09-06,0.09985380757839654,0.09903289511433579,0.0996743845671761,0.10135300553214176,0.10057760145068995,0.09907109832309967,0.09983570959912566,0.10081438304151756,0.09816124467495319,0.10162587011856372
2022-09-07,0.09645441521430345,0.09886553730584126,0.09949699285654039,0.10131124321347276,0.10017490149409798,0.10016660687734925,0.1007856935713502,0.10155060148554011,0.09866929099854306,0.10252471698296163
2022-09-08,0.09682403305889362,0.09830523889599956,0.09953913601811042,0.10067961208481797,0.09978115609780815,0.10097868498291654,0.10128455784755963,0.10219047405523621,0.09763439628078266,0.10278271067787519
2022-09-09,0.09815155444233059,0.09834296814752315,0.10061974408558537,0.09977060408811879,0.09837040997573329,0.10154041010450468,0.10202528834272305,0.10230051379494243,0.09645808768191133,0.10242041933662725
2022-09-12,0.0986923361811232,0.09899081736221524,0.1011889199239673,0.09945771954273806,0.09733253301478256,0.10193147931886305,0.10239523638716497,0.10255597891693924,0.09488456132997776,0.10257041802222856
2022-09-13,0.10088472326291559,0.09856860141920835,0.10034919135268972,0.10085364238633333,0.09943666626326247,0.1006278401947515,0.09943230123569759,0.10078474985177509,0.09771157898081935,0.10135070505254694
2022-09-14,0.1011502444286875,0.09889276411475417,0.10051088836573363,0.10029922102876623,0.09932224331037304,0.1008526011490387,0.10005516414939655,0.10100176810036678,0.09788500281847168,0.10003010253441173
2022-09-15,0.099449758566789,0.09908549229129683,0.10089280386690123,0.09967765261078669,0.10023989905813925,0.10139292688038991,0.09964032894896827,0.1011251765702563,0.09906582562344271,0.09943013558302997
2022-09-16,0.09958092745807895,0.09866132545378184,0.10077400917851737,0.10072602951329306,0.1008169120648281,0.10041286967857839,0.09952040576679647,0.10084956974667363,0.09872546416824275,0.09993248697120952
2022-09-19,0.09957479224899375,0.09865129025101775,0.10079404456173945,0.10047430261398616,0.10020243323361382,0.1009403918380408,0.09996774059014286,0.10129966930674682,0.0986327095967248,0.09946262575899378
2022-09-20,0.1004909698446955,0.09912662226601437,0.1001131430672938,0.10094144760228727,0.10061845784007008,0.10060184016878926,0.10020380686347019,0.10117985312052694,0.09866640524904421,0.09805745397780831
2022-09-21,0.10066084938848269,0.0982259134179813,0.09956859023043368,0.1021964459468182,0.10180301909866253,0.09983321659604578,0.09917261757347971,0.1001857598974057,0.1010972138695166,0.09725637398117387
2022-09-22,0.10198584111737524,0.09875664737118603,0.10030420942932047,0.10319034068698345,0.10130207300589264,0.09859020398940378,0.09896180112449682,0.10036833186436271,0.09952993402599926,0.09701061738497957
2022-09-23,0.10026934617230648,0.09801247450560557,0.09881074893079321,0.10318884671504291,0.10320944497691999,0.09793384762263474,0.09906056409376246,0.10042018133539364,0.10169193997736335,0.09740260567017761
2022-09-26,0.09945589078570598,0.09832167907329888,0.09886455156534774,0.10357681573521446,0.10307388341400124,0.09809728983847506,0.10018710123183087,0.10097527785908483,0.10130207465633406,0.0961454358407068
2022-09-27,0.10092435910041174,0.09860983735197168,0.09859145956777661,0.10421059073813507,0.1027858753255656,0.09883161093760343,0.10063427625313175,0.10112651293643628,0.0990351749158884,0.09525030287307953
2022-09-28,0.1014084770702574,0.09724015029664645,0.09870573012249781,0.10399110641745213,0.10274413197407885,0.09967084085600432,0.1003342939392864,0.10080374169196864,0.10005572807063239,0.09504579956117551
2022-09-29,0.10231894307094279,0.0965156168096244,0.09902860968521018,0.10555438271926582,0.1038234006384265,0.09892018727554934,0.09892591063497597,0.10020119110137325,0.10105371177035634,0.09365804629427554
2022-09-30,0.10170626155398575,0.09678071084063708,0.09931604373818795,0.10624564070867476,0.10422516053894185,0.09883639717427978,0.09787902163191212,0.09929137131503131,0.10039583264374681,0.09532355985460245
2022-10-03,0.1002042090907525,0.09959244283365243,0.0999330964571972,0.10037325810453379,0.09915404292265752,0.10058766688227948,0.10028998909608661,0.10057819991216932,0.09954812494241008,0.0997389697582611
2022-10-04,0.10053563325071659,0.10047918164703785,0.10154226594580273,0.09946325114431895,0.09706701010023103,0.1021626828591824,0.1010574040647621,0.1013031706409612,0.09698052199137978,0.09940887835560733
2022-10-05,0.10281110453066904,0.10099948303622949,0.10093060170445785,0.09937031052901722,0.0965928460444193,0.1018775392856949,0.10147125037990827,0.10153520622596056,0.09649797588111785,0.09791368238252561
2022-10-06,0.10429455550589814,0.10120789839531942,0.09996701686450728,0.1000642037812753,0.09684063071581327,0.10212848046815555,0.10148969263125504,0.1013035727370931,0.09674063057638647,0.09596331832429657
2022-10-07,0.10722607591613856,0.10082233402961578,0.10008890311429382,0.1006919612420527,0.0980443800645806,0.10085182514998901,0.09932382801781596,0.10019404490304412,0.09747107831515643,0.09528556924731293
2022-10-10,0.10710227138056529,0.10041392481927287,0.10053213056375875,0.10016444352528912,0.09845380885375968,0.10130414229833641,0.09932570221253759,0.10043489857824354,0.09692647982954056,0.09534219793869625
2022-10-11,0.10606660157721655,0.09928807502259579,0.09990602378729746,0.10043770596114542,0.09917681318170228,0.10182035021676898,0.09843098226729002,0.10027748210808902,0.09782237926765515,0.0967735866102395
2022-10-12,0.1061218908520915,0.09945471466429057,0.0996361634304161,0.10102761541345216,0.09955264954770844,0.10159404076628153,0.09844854830347037,0.09999880882171262,0.09835360542773415,0.09581196277284258
2022-10-13,0.10642149430739552,0.09866026148079067,0.10059009857488843,0.09924012440475623,0.09805931969886578,0.10297965185763909,0.09966472830628038,0.10152482576473018,0.09635628110452228,0.09650321450013145
2022-10-14,0.10623495290324389,0.09897839220861705,0.10091687147728193,0.09981420282017495,0.0993125593042796,0.10207340663188046,0.09845488639368073,0.10104403112057089,0.09732673466267937,0.09584396247759107
2022-10-17,0.10415001939869338,0.09994038072875254,0.10161618037662563,0.09837122802204613,0.097699640080826,0.10350838516945927,0.09994823810319388,0.1018493228816101,0.09517885497884733,0.09773775025994569
2022-10-18,0.10255880819653582,0.09951151850595044,0.10187397756919343,0.0981318666700168,0.09750005109334589,0.10425602066270592,0.1002778183364261,0.10257463773323613,0.09496566663740924,0.09834963459518017
2022-10-19,0.10381340796435336,0.09893516039973047,0.10189453277156914,0.09804088192512048,0.09769944976932793,0.10377965546479521,0.10117506800773592,0.10313515891080503,0.09441528334148513,0.0971114014450772
2022-10-20,0.1044342039636827,0.10008046718577449,0.102188118763364,0.09839185786261949,0.09747037779373957,0.1029879827693651,0.10117930517235742,0.10279909321387504,0.09328121547272981,0.09718737780249236
2022-10-21,0.10335461445421204,0.10043569342626833,0.10283635847280222,0.0989911964226656,0.09656421689274733,0.1040107541493738,0.10235773381026526,0.10408312098216398,0.0905438148943903,0.09682249649511114
2022-10-24,0.10383940322378628,0.09680071056272387,0.10304661400033269,0.09885478969013649,0.09662030525788613,0.10465194229217907,0.10367745981330014,0.10555391480611416,0.08996358065937521,0.09699127969416597
2022-10-25,0.10255559298070112,0.09585502803358999,0.10343819936048745,0.09730898051479726,0.09607663432622364,0.10558437752812638,0.10393063739296894,0.10532261987927828,0.09092779019568531,0.09900013978814168
2022-10-26,0.10403385737268543,0.0970111524087909,0.10397274300422076,0.09751311351714795,0.09615698518367927,0.10565609761686393,0.10120335786071752,0.1040860335550069,0.09184684054861253,0.09851981893227499
2022-10-27,0.10443700430899135,0.0964798595763715,0.10323731994186523,0.09758668818733003,0.09706094601362635,0.10592345784046037,0.09959003168258909,0.10376901041359966,0.09302263534943539,0.09889304668573105
2022-10-28,0.10247705360089192,0.09520871570083189,0.10352123492459916,0.09590141453726213,0.09587334337613372,0.10755810217871789,0.1019055728637394,0.10548007818763995,0.09172435488769026,0.1003501297424938
2022-10-31,0.10234175065572744,0.09548505251730655,0.10315141861083668,0.09567381617364583,0.09599566427319285,0.10828618336630871,0.10130840624467284,0.10532927872375249,0.09160201042901692,0.10082641900553957
2022-11-01,0.10103529189544448,0.1013636536265183,0.10031838216620641,0.10054521281478808,0.09951170614207179,0.09966540425241896,0.09851268348917187,0.09909415293324021,0.10045982962766731,0.09949368305247262
2022-11-02,0.10345743674165667,0.10200913712496712,0.10032349908406199,0.10132385032259533,0.10081494944451383,0.09778720550659083,0.09654586638811322,0.09803899501854867,0.10150616567309438,0.09819289469585797
2022-11-03,0.10393818270767793,0.10315695143539123,0.10001197315830603,0.10148614131757204,0.10092026225899693,0.09765884226396224,0.09517372587603803,0.09755621720475591,0.10150638331512322,0.09859132046217646
2022-11-04,0.10548449302862495,0.10555111053897011,0.10211078918453927,0.1026828700209565,0.09885757631096255,0.09716183415396105,0.09493091132597405,0.097145299143,0.09797054152436287,0.09810457476864863
2022-11-07,0.10455658259533039,0.10559412677932385,0.10241531312678265,0.10226119551919678,0.09849411721514757,0.09758815451065997,0.09596073614564572,0.0980603564413323,0.09697904402124397,0.09809037364533685
2022-11-08,0.10264088940941643,0.10568703159778185,0.1029271867037123,0.10396904103374481,0.09853002892603976,0.09701567488328297,0.09605552942952146,0.09797285681560652,0.0974264093857421,0.0977753518151517
2022-11-09,0.10163627116048203,0.1052717874861421,0.10286870089372085,0.10485174918005719,0.10020867955890599,0.09563289457539774,0.09511283314949384,0.09725705924906232,0.0990736674442544,0.09808635730248356
2022-11-10,0.09812178073344226,0.1043729871239527,0.10394417192255805,0.1033728837555996,0.09802777376713986,0.09713098457670004,0.09771567641477942,0.09816599539828164,0.09843737468528055,0.10071037162226582
2022-11-11,0.09896250014837721,0.10610306576132826,0.1049220254391292,0.10298085618779924,0.09681334747243439,0.09691575722700282,0.09848817659468827,0.09809219571644873,0.09706352656385102,0.09965854888894086
2022-11-14,0.09833968445854094,0.10638645753527531,0.10472455139417708,0.10410930055624237,0.09742642141082432,0.09667061842968937,0.09848059819990237,0.09810884169329635,0.09767288338284097,0.09808064293921095
2022-11-15,0.09833967513650305,0.10757383934488528,0.10420621873930973,0.1032727266491494,0.09701926769517916,0.09697449860524841,0.09869402464371507,0.09780656383608147,0.09811065359836377,0.09800253175156468
2022-11-16,0.09774588478734011,0.10639973320877145,0.10450163595605583,0.10356594861760339,0.09823672663412968,0.09575856158864085,0.09784796344075997,0.09755999728919865,0.10077222062730604,0.09761132785019416
2022-11-17,0.09669864109886842,0.10724221153185581,0.1050878217087777,0.10343773112950583,0.09816179491536912,0.09544605812157789,0.0982249634572622,0.09785220930894414,0.10031440419552531,0.09753416453231356
2022-11-18,0.0960637889276313,0.1066831822921424,0.10535502547173548,0.1027803479425267,0.09786883462982042,0.09611510969409945,0.09828165032802971,0.09834977180201254,0.0996785259667965,0.09882376294520559
2022-11-21,0.09610928757720288,0.10576489320589967,0.10498770464807151,0.1026212943835757,0.09820537732179128,0.09600154553012058,0.09766603897145298,0.0983905193326872,0.1005055853694743,0.09974775365972395
2022-11-22,0.0962283269392333,0.10506014357405766,0.10548686919336513,0.10181310463831189,0.09787486781849263,0.0961488975509337,0.09817720786533556,0.09881330234927617,0.10101060037017758,0.09938667970081638
2022-11-23,0.09437437601335855,0.1053401717974818,0.10605616227844492,0.10188157502210667,0.09785797929208773,0.0958661608152567,0.09861472342804196,0.09888660540712015,0.10220460048759072,0.09891764545851069
2022-11-25,0.09362897312692015,0.10493665022023002,0.10669792079331493,0.1020625126248917,0.09791744355092684,0.09615611053260444,0.09805581162774633,0.09895512701523364,0.10195152481889601,0.09963792568923595
2022-11-28,0.09405106405848407,0.10557482844739983,0.10644017598913277,0.1023322770851031,0.09899912971692869,0.09521988178656304,0.09764414227282703,0.09841125379338894,0.10332569869602437,0.0980015481541482
2022-11-29,0.09492560417671987,0.10745483616226983,0.10635736000115219,0.10246180033020051,0.09822083192297712,0.09514821877709713,0.0965506596969465,0.0978829854358411,0.10174074820656918,0.09925695529022663
2022-11-30,0.0949286834122679,0.10813470126125321,0.1058695975533146,0.10149495111630082,0.09693003588741687,0.09561231234823274,0.098737325784851,0.09875138272403587,0.1002405758871817,0.09930043402514535
2022-12-01,0.09890946403662348,0.09908946375869608,0.1003792384647475,0.10124424102805736,0.10050234753007199,0.09919893762076959,0.09953850315629457,0.09934333656407462,0.1025924416795294,0.09920202616113537
2022-12-02,0.0978399241099184,0.09945006055823316,0.10028830750032668,0.10087738145838716,0.10068948966176197,0.09976049534338333,0.09912532882026141,0.0992120026179617,0.10386512190847351,0.09889188802129271
2022-12-05,0.0969724354063109,0.10003816208915793,0.10070162052467087,0.10088085995786987,0.10141266372696528,0.09870959640449273,0.09916658634530641,0.09913160623526761,0.10420181510101123,0.09878465420894722
2022-12-06,0.09598279986229932,0.10049421048815788,0.10083556175800304,0.10174831017054403,0.10263206739421499,0.09776636110502786,0.09767947007203377,0.09827377753438928,0.10616089351260147,0.09842654810272838
2022-12-07,0.09525707511455707,0.09964401160101091,0.10057498994184219,0.10240271636670611,0.10326260813786485,0.09722669480982468,0.09702929811081387,0.09785305944588327,0.10838148681283563,0.09836805965866145
2022-12-08,0.09471167825791471,0.10044117907133443,0.1006784757041233,0.1020727138899674,0.10226232153566786,0.09753301123970849,0.09777893159730645,0.09821914534410138,0.10764556201081146,0.09865698134906435
2022-12-09,0.09544332603176416,0.10042102077841142,0.10138958608699869,0.10309630991874166,0.10216091137184034,0.09695812133190701,0.09778317690804682,0.09811528845729815,0.10552261176138628,0.09910964735360536
2022-12-12,0.09600885324198463,0.09962252325865575,0.10119525233616855,0.10174459392864411,0.10151574790946895,0.0976182309043917,0.09852620106637772,0.09904304052011068,0.10534226083309911,0.09938329600109874
2022-12-13,0.09645303825903943,0.09915878216481064,0.10142741248873166,0.10226946751038067,0.10122931354009763,0.09727301955432484,0.09841801868332926,0.09862298932317674,0.10511269563815927,0.10003526283794983
2022-12-14,0.0973441518540998,0.09935874018008317,0.10148939160455668,0.10217340509663562,0.10165858085169402,0.09677953139020572,0.09783464143797609,0.09813916993995536,0.10571971567985869,0.09950267196493486
2022-12-15,0.09778462124359585,0.0987030764452772,0.10056253254525019,0.10219439757297079,0.10357168250283108,0.09594620103241083,0.09614193999373201,0.0973507789529186,0.10791951272706198,0.09982525698395149
2022-12-16,0.09730211035371816,0.09976634900630114,0.10045962790347557,0.10389188087722648,0.10411906077977567,0.09597674210543475,0.09597121211107577,0.09695501209649404,0.10754986437309424,0.09800814039340425
2022-12-19,0.09790405485069206,0.10065174023066262,0.10102320915070828,0.10443573457294447,0.10410831273814804,0.09544231144329997,0.09538659359584283,0.09690919097017286,0.10659642062012749,0.09754243182740145
2022-12-20,0.0983311134753747,0.10060239447784958,0.10140274046674522,0.10614477898797456,0.10332919564722041,0.09592555471252048,0.09529078346831459,0.09701986648427777,0.10467988771641021,0.09727368456331256
2022-12-21,0.09873238271564586,0.1006249272257651,0.10156572101457421,0.1050490714253134,0.10255877995929548,0.09673158373570127,0.09583385569074257,0.09761569482299391,0.10403198229549337,0.09725600111447485
2022-12-22,0.09843338550220428,0.10070702881405828,0.10172511252160076,0.10479721244628952,0.1035325435192464,0.09640292948042922,0.09440605356505763,0.09716670746715461,0.10503188977413375,0.09779713690982543
2022-12-23,0.09999120723404069,0.10033239147730694,0.10183621297063115,0.10485892281179719,0.10281625132510447,0.0966089738392634,0.09439108245154874,0.09749086796455224,0.10324345372451592,0.0984306362012392
2022-12-27,0.1010786714152389,0.10201087317236728,0.1021831699573211,0.10594236447803884,0.10214783522959593,0.0961418630865501,0.0932321031834427,0.09728961517276516,0.10139293484851027,0.09858056945616984
2022-12-28,0.10101048985840498,0.10160377969462711,0.10218758694970957,0.10660033881815287,0.10299994052602786,0.09566773502852663,0.09299155926307319,0.09711479798364009,0.10188063838923685,0.09794313348860079
2022-12-29,0.09949141208471651,0.10186864376553614,0.10236417266109377,0.1057146484835105,0.1020742727358399,0.09673473144575193,0.09394090262621026,0.09749568994454161,0.10161215263408507,0.09870337361871433
2022-12-30,0.10078202137386535,0.1008587023699607,0.10171291523359023,0.1066267937930527,0.10204939013638535,0.09684285575817746,0.09425358898766312,0.09762115400249718,0.10087679348535816,0.0983757848594498
2023-01-03,0.09747856410654299,0.10071215879221541,0.1007513900935512,0.10070490597618384,0.10065092939215273,0.09931907099435759,0.09919384677330768,0.0994484962197965,0.10177485271236339,0.09996578493952885
2023-01-04,0.09474327263715934,0.10266626802594618,0.10103120410338493,0.10059820330214019,0.10037038916501713,0.09951312163690934,0.09863246853382075,0.09917664092684364,0.10209890333773068,0.10116952833104785
2023-01-05,0.09514074640951381,0.10330735803150096,0.10095469057380278,0.1002715904858993,0.10116013850253212,0.09936508042225098,0.09799338224548604,0.09895854122416757,0.10348138424030416,0.09936708786454224
2023-01-06,0.09377009118620293,0.10337461300464294,0.1014853972774374,0.10012219576334427,0.10043054251467042,0.0995820529945619,0.09870167328475046,0.09922089273260902,0.10329568254566732,0.10001685869611357
2023-01-09,0.09449020741843646,0.10371990284713081,0.10149790121004575,0.09993395570423584,0.10027132421102651,0.09933969225974286,0.09893169968539797,0.09875648612099883,0.10341822614432751,0.0996406043986575
2023-01-10,0.0942743039577639,0.10422628080396036,0.10156199323706132,0.1000721359466544,0.0994132992692765,0.10057811347619097,0.09954114567727063,0.09922179371927871,0.10147422398835075,0.09963670992419243
2023-01-11,0.09474499006324674,0.10332713537696465,0.10102644528125543,0.0987279120492253,0.09877624521557857,0.1005329866814892,0.09997163827189173,0.09919521904587535,0.1018080736671475,0.10188935434732546
2023-01-12,0.09451351262453672,0.10273575865179604,0.10143323874647958,0.09881437626558524,0.09860410520414113,0.1011412615053392,0.09944954766124593,0.09850406599662696,0.10271461783174417,0.10208951551250504
2023-01-13,0.09515861307537428,0.10310963709019115,0.10167022383054246,0.09970812147270769,0.09779238061513025,0.10150777198765064,0.0998411962793965,0.0985972577623248,0.10145456416952231,0.1011602337171599
2023-01-17,0.09591045243671023,0.10264169677906337,0.1020930446700842,0.0991581717054962,0.09758713563749598,0.10148803217730566,0.1001474395029068,0.09851863819656469,0.10090320567582285,0.10155218321855003
2023-01-18,0.0953106196391789,0.10241218486312964,0.10220157663627029,0.09932952423203811,0.09936862404921382,0.10030805430602165,0.09930151517989619,0.0974105102368263,0.10382502410102915,0.10053236675639601
2023-01-19,0.09636025021942185,0.10328111961899064,0.10213175020110796,0.10099436391209655,0.099266955164139,0.09943479242186748,0.09841229260731073,0.09678633061065398,0.10326572105859333,0.10006642418581849
2023-01-20,0.0961972187469453,0.10406098950533176,0.10224209582550267,0.09988644959176059,0.09785528590287149,0.10029923912774867,0.10033100731587104,0.09783411981739792,0.10081346968804629,0.10048012447852436
2023-01-23,0.09586194978482986,0.10419463965744007,0.10205779282357878,0.09948917697679313,0.09696770420936028,0.10094520400138036,0.10195869862390541,0.09842755789562965,0.09975056397630583,0.10034671205077668
2023-01-24,0.09518680811032101,0.10411421767054761,0.10177764322116926,0.09970094331027962,0.09738207112148387,0.10058012082859934,0.10159948104329179,0.09817595201609283,0.10103479060213694,0.10044797207607777
2023-01-25,0.09478270452960172,0.10406204145387694,0.10230078355959196,0.10001467489646747,0.09734838322954391,0.10071361156192285,0.10122694089890409,0.09807028008078195,0.10113288981751523,0.10034768997179389
2023-01-26,0.0947708194142962,0.10457636581360824,0.1019240346959426,0.0986614357528075,0.09655823749474467,0.10085247222168063,0.10273454608766676,0.09870036312100308,0.10020783106050758,0.10101389433774272
2023-01-27,0.09365167506375092,0.10401778708111986,0.1016601772835723,0.09846109835287782,0.0963506214379005,0.10133328100057412,0.10369094843168025,0.09886397265183185,0.09989109885100664,0.10207933984568567
2023-01-30,0.09346242052975308,0.10305294410082362,0.1021222433177115,0.09929265793407702,0.09710942701158537,0.10102538704830807,0.10271611352653665,0.09870138308131973,0.10062485099070734,0.10189257245917761
2023-01-31,0.09401419672926922,0.10168944529139323,0.10157238046216618,0.09854916679185938,0.09651952793901054,0.10233192206310003,0.10309988327148253,0.0990425357784744,0.10030508029312259,0.10287586138012188
2023-02-01,0.07075304441082851,0.09134536678789362,6.981080302676665e-17,0.3119696093684584,0.39970385070330533,0.0,7.532998673579326e-18,0.0795521121650887,0.04667601656442526,0.0
2023-02-02,0.07068939153359148,0.09139248070568523,7.016900812467996e-17,0.3074891781555857,0.40215070734755826,0.0,7.854276830536241e-18,0.08123683286351334,0.047041409394065946,0.0
2023-02-03,0.07009815403518785,0.09131660945950941,7.071649212623583e-17,0.30498870138267564,0.40469872678670893,0.0,7.847816242722844e-18,0.0817603159631449,0.047137492372773225,0.0
2023-02-06,0.0706477096647835,0.0904136673326275,7.033388976700724e-17,0.30710713826844777,0.403159943101918,0.0,7.81925277777958e-18,0.0816556309402892,0.0470159106919339,0.0
2023-02-07,0.07186913759257069,0.09062011194748486,7.081152712408361e-17,0.3068726748384965,0.4014935714675249,0.0,7.967831078923203e-18,0.08258440426700005,0.04656009988692307,0.0
2023-02-08,0.07190328997378709,0.09036382570404172,7.026234345224511e-17,0.3071409211026876,0.4023336362151142,0.0,7.813683455171957e-18,0.0815511797288165,0.04670714727555281,0.0
2023-02-09,0.07173487791465502,0.09129361698476578,7.078258425086924e-17,0.30640462066515123,0.402751396440952,0.0,7.78767996300593e-18,0.08129362588882545,0.04652186210565054,0.0
2023-02-10,0.07286448284919167,0.09055658811967168,7.058283657316332e-17,0.3074655681075635,0.40143081023086186,0.0,7.748578219856872e-18,0.0816098404010182,0.04607271029169298,0.0
2023-02-13,0.07261809215784842,0.09117879177752361,7.11972132293501e-17,0.3054982039852842,0.4018481691554477,0.0,7.862213537579301e-18,0.08245810173482214,0.04639864118907384,0.0
2023-02-14,0.07297791104692133,0.09117189383298706,7.144489803566047e-17,0.3062343455377177,0.40069088292351784,0.0,7.93341521255119e-18,0.08255653562887282,0.04636843102998324,0.0
2023-02-15,0.0726320403999504,0.0909477912257314,7.155177928005286e-17,0.3050012734671228,0.40188592025679715,0.0,8.042142704002613e-18,0.08332139844138081,0.04621157620901743,0.0
2023-02-16,0.07268079072297194,0.09129670330786958,7.145533494128139e-17,0.3058442970106199,0.40198912690349725,0.0,7.91953618805663e-18,0.08246885997951298,0.04572022207552828,0.0
2023-02-17,0.07208978340189837,0.0902371327554385,7.159063330696353e-17,0.3065596924061903,0.40285768019469537,0.0,7.858577806205969e-18,0.08220971134950261,0.04604599989227472,0.0
2023-02-21,0.07284507714679965,0.08992048390135411,7.1456329281345e-17,0.3082262535477617,0.40213916811971484,0.0,7.743174426211045e-18,0.08130227489757193,0.045566742386797705,0.0
2023-02-22,0.07205026964463261,0.08967213370233658,7.120864350648913e-17,0.3071349828834555,0.4037012686330527,0.0,7.76522256096281e-18,0.0813605619764021,0.046080783160120514,0.0
2023-02-23,0.07236380821694391,0.08981534283629256,7.134229815350957e-17,0.30597126207082553,0.4039435156127918,0.0,7.807505841928953e-18,0.08152669797152386,0.04637937329162242,0.0
2023-02-24,0.07272948126550322,0.08853994306606058,7.074622322348759e-17,0.3063367805983275,0.4048932375499161,0.0,7.74164832114324e-18,0.08133733473349435,0.04616322278669829,0.0
2023-02-27,0.0725470547885858,0.08870411915785759,7.134665500292048e-17,0.3065073787768956,0.4047643774910938,0.0,7.770963042127427e-18,0.08134093213077824,0.04613613765478893,0.0
2023-02-28,0.07265006383443559,0.08794721588436472,7.071740926688055e-17,0.30743256747453757,0.404779080534387,0.0,7.749039149520262e-18,0.08091627430818733,0.04627479796408772,0.0
2023-03-01,0.10164552947450521,0.10206452775991746,0.10045439848499703,0.10049806396741649,0.09912244568387756,0.10004876209327711,0.09911802141681564,0.09953800245102772,0.0988478847322538,0.09866236393591199
2023-03-02,0.10108172388149171,0.1022429909219849,0.10047190644595608,0.1002554044569966,0.09853401890817406,0.1001041785198605,0.09975543153999862,0.10012854175820994,0.09779209050344109,0.09963371306388649
2023-03-03,0.10118066895521695,0.10165294826393849,0.10045341881747147,0.09985388941583286,0.09787982797173309,0.10001912339685365,0.10033407189310402,0.10025194644922507,0.098701660560298,0.09967244427632647
2023-03-06,0.10111139999724493,0.1017227054251023,0.10062337289014751,0.09977169646631494,0.09811948160730032,0.09897478048269084,0.10087401456601446,0.10074697595683942,0.09835182128828922,0.0997037513200561
2023-03-07,0.10032322123190998,0.10132042586110171,0.10023165141330972,0.09930341492275965,0.09940689094974153,0.09909924516968906,0.10093343172942572,0.10049371437035655,0.10024284056356311,0.09864516378814295
2023-03-08,0.09954850704700119,0.1015067706574654,0.10054959405787481,0.09902985080768076,0.09914879153450357,0.09892087628242847,0.10120609906426806,0.10042808755744999,0.10011246084686151,0.09954896214446622
2023-03-09,0.09942429365462505,0.10036639901665172,0.10092584210103205,0.10111720594542226,0.10087400345418723,0.09723887365152739,0.10055843644297228,0.09967125578355021,0.10147415801530965,0.09834953193472208
2023-03-10,0.10067876414633553,0.10003060962180602,0.10004146132350113,0.10349614256307836,0.10292913263764406,0.09461700949803725,0.09933681101555111,0.0984218795547682,0.10517537725005509,0.09527281238922339
2023-03-13,0.09974125746557391,0.0998892874075467,0.09905911524542531,0.10555425148264312,0.10386518599702516,0.09279706744474238,0.09977396348270445,0.09798740057696206,0.10509888860098296,0.09623358229639394
2023-03-14,0.09814099081661658,0.0996090353446497,0.10004683192420126,0.10459336253439745,0.10254181836545492,0.09420094885024542,0.10172671380511406,0.09927531271798759,0.10302651900486585,0.0968384666364672
2023-03-15,0.09629309436346063,0.09834531148388144,0.09738735917841036,0.10588735241703473,0.10449498962983762,0.09306789004945737,0.10272381198196788,0.09910151190469384,0.10549194073736515,0.09720673825389102
2023-03-16,0.0958932886702707,0.0991288612307954,0.09818649098523848,0.10533561602774236,0.10280825772936597,0.09365762494119384,0.10467089402897282,0.10011259291989476,0.10391138768213141,0.09629498578439423
2023-03-17,0.09584769523472998,0.09878344114607103,0.0972699044296733,0.10868588839550289,0.10429535398415664,0.09136745424146084,0.10444806253107311,0.09920019646457619,0.10574622736217178,0.09435577621058422
2023-03-20,0.09579257896409506,0.0987024548455107,0.09834315991083127,0.1082352575359291,0.10340494922775798,0.09213320849697018,0.1043443749976643,0.09970083726114072,0.10434160848347179,0.09500157027662887
2023-03-21,0.09584633896369392,0.09929845906110105,0.09953405333546039,0.10587989895004128,0.10220389910398388,0.09355694300872605,0.10552331495801118,0.10071280765846133,0.10314074811191126,0.09430353684860969
2023-03-22,0.09653312593961166,0.10014087117406964,0.09963825818472534,0.10816960571288238,0.1040180866343042,0.0913151654866968,0.10455970204602624,0.09944425190511162,0.10498922463004622,0.09119170828652594
2023-03-23,0.0959316899732678,0.10116118149529839,0.09929187025794971,0.10912926875335262,0.1042364217900474,0.09058067537439748,0.10541650386586766,0.09935202737510092,0.10460906497321619,0.09029129614150185
2023-03-24,0.0960745938438619,0.10056642861111845,0.09866230651842227,0.1075443369015906,0.10392280272731497,0.0910976466194165,0.10545444155277738,0.09967313024984455,0.10470392831073566,0.09230038466491786
2023-03-27,0.09808758640540023,0.10023867231265711,0.09981161349328672,0.10678145147829365,0.102867186873663,0.09231159289201872,0.10496059870767853,0.10007752117860134,0.10246754001642144,0.0923962366419793
2023-03-28,0.09837198576346062,0.10148963374962465,0.09967547282300106,0.10746264770180819,0.10262011920684865,0.09201326663007506,0.10421566341699372,0.09967363007272846,0.10246986577215335,0.09200771486330614
2023-03-29,0.09712439475938295,0.1011305593261201,0.10024062115221927,0.10625162476983921,0.10179370837444646,0.09246836492210116,0.10544314915654651,0.10048127489229863,0.10161568863223015,0.09345061401481561
2023-03-30,0.09713700877925661,0.1014137040675215,0.1006892924113449,0.10645100815834642,0.10122508631576202,0.0916863146613164,0.10568561974896763,0.10035213701637635,0.10135856550713292,0.09400126333397522
2023-03-31,0.09710592151896046,0.10031462101308927,0.1002287729454764,0.10488123324349055,0.10080411168907814,0.09247673417915159,0.10641346650852966,0.10079121671570913,0.1018910167578043,0.09509290542871053
2023-04-03,0.0,0.0,0.0,0.0,0.40021510599479515,0.0,0.0,0.5997848940052047,0.0,0.0
2023-04-04,0.0,0.0,0.0,0.0,0.40309480546121673,0.0,0.0,0.5969051945387832,0.0,0.0
2023-04-05,0.0,0.0,0.0,0.0,0.4047348611392883,0.0,0.0,0.5952651388607116,0.0,0.0
2023-04-06,0.0,0.0,0.0,0.0,0.4038690767294398,0.0,0.0,0.5961309232705602,0.0,0.0
2023-04-10,0.0,0.0,0.0,0.0,0.4012409928643109,0.0,0.0,0.5987590071356891,0.0,0.0
2023-04-11,0.0,0.0,0.0,0.0,0.40107990393591514,0.0,0.0,0.5989200960640848,0.0,0.0
2023-04-12,0.0,0.0,0.0,0.0,0.4027616079481709,0.0,0.0,0.597238392051829,0.0,0.0
2023-04-13,0.0,0.0,0.0,0.0,0.39879685403525467,0.0,0.0,0.6012031459647453,0.0,0.0
2023-04-14,0.0,0.0,0.0,0.0,0.398198607771055,0.0,0.0,0.601801392228945,0.0,0.0
2023-04-17,0.0,0.0,0.0,0.0,0.3958117533870037,0.0,0.0,0.6041882466129963,0.0,0.0
2023-04-18,0.0,0.0,0.0,0.0,0.3960447769005128,0.0,0.0,0.603955223099487,0.0,0.0
2023-04-19,0.0,0.0,0.0,0.0,0.3955745481771148,0.0,0.0,0.6044254518228853,0.0,0.0
2023-04-20,0.0,0.0,0.0,0.0,0.39826924606986586,0.0,0.0,0.6017307539301342,0.0,0.0
2023-04-21,0.0,0.0,0.0,0.0,0.39750055687874425,0.0,0.0,0.6024994431212558,0.0,0.0
2023-04-24,0.0,0.0,0.0,0.0,0.39841472944277107,0.0,0.0,0.601585270557229,0.0,0.0
2023-04-25,0.0,0.0,0.0,0.0,0.40462552351672587,0.0,0.0,0.5953744764832741,0.0,0.0
2023-04-26,0.0,0.0,0.0,0.0,0.4047070392129429,0.0,0.0,0.5952929607870571,0.0,0.0
2023-04-27,0.0,0.0,0.0,0.0,0.39839722214295575,0.0,0.0,0.6016027778570443,0.0,0.0
2023-04-28,0.0,0.0,0.0,0.0,0.3981453488583403,0.0,0.0,0.6018546511416597,0.0,0.0
2023-05-01,0.0,0.0,0.0,0.0,0.39740374215660296,0.0,0.0,0.6025962578433971,0.0,0.0
2023-05-02,0.0,0.0,0.0,0.0,0.40322218429912626,0.0,0.0,0.5967778157008737,0.0,0.0
2023-05-03,0.0,0.0,0.0,0.0,0.40644901055781424,0.0,0.0,0.5935509894421858,0.0,0.0
2023-05-04,0.0,0.0,0.0,0.0,0.4081168240517946,0.0,0.0,0.5918831759482054,0.0,0.0
2023-05-05,0.0,0.0,0.0,0.0,0.4023936744348768,0.0,0.0,0.5976063255651233,0.0,0.0
2023-05-08,0.0,0.0,0.0,0.0,0.4008546355258627,0.0,0.0,0.5991453644741372,0.0,0.0
2023-05-09,0.0,0.0,0.0,0.0,0.40161926392605746,0.0,0.0,0.5983807360739426,0.0,0.0
2023-05-10,0.0,0.0,0.0,0.0,0.4022895542928109,0.0,0.0,0.597710445707189,0.0,0.0
2023-05-11,0.0,0.0,0.0,0.0,0.4036006814696069,0.0,0.0,0.5963993185303931,0.0,0.0
2023-05-12,0.0,0.0,0.0,0.0,0.4024692405314726,0.0,0.0,0.5975307594685274,0.0,0.0
2023-05-15,0.0,0.0,0.0,0.0,0.40110919812267615,0.0,0.0,0.5988908018773239,0.0,0.0
2023-05-16,0.0,0.0,0.0,0.0,0.4019444395248703,0.0,0.0,0.5980555604751296,0.0,0.0
2023-05-17,0.0,0.0,0.0,0.0,0.3982707924563913,0.0,0.0,0.6017292075436086,0.0,0.0
2023-05-18,0.0,0.0,0.0,0.0,0.3944922956069775,0.0,0.0,0.6055077043930225,0.0,0.0
2023-05-19,0.0,0.0,0.0,0.0,0.3939366916619639,0.0,0.0,0.6060633083380361,0.0,0.0
2023-05-22,0.0,0.0,0.0,0.0,0.3933993008813651,0.0,0.0,0.6066006991186349,0.0,0.0
2023-05-23,0.0,0.0,0.0,0.0,0.39648839230588245,0.0,0.0,0.6035116076941176,0.0,0.0
2023-05-24,0.0,0.0,0.0,0.0,0.3976151338944818,0.0,0.0,0.6023848661055182,0.0,0.0
2023-05-25,0.0,0.0,0.0,0.0,0.39404999080631914,0.0,0.0,0.6059500091936809,0.0,0.0
2023-05-26,0.0,0.0,0.0,0.0,0.3914244310804642,0.0,0.0,0.6085755689195358,0.0,0.0
2023-05-30,0.0,0.0,0.0,0.0,0.3931955977097697,0.0,0.0,0.6068044022902302,0.0,0.0
2023-05-31,0.0,0.0,0.0,0.0,0.39542646018428457,0.0,0.0,0.6045735398157154,0.0,0.0
2023-06-01,0.0,0.0,0.0,0.0,0.3983979454232914,0.0,0.0,0.6016020545767086,0.0,0.0
2023-06-02,0.0,0.0,0.0,0.0,0.39305584050076664,0.0,0.0,0.6069441594992333,0.0,0.0
2023-06-05,0.0,0.0,0.0,0.0,0.39343994959711887,0.0,0.0,0.6065600504028811,0.0,0.0
2023-06-06,0.0,0.0,0.0,0.0,0.3930680521895413,0.0,0.0,0.6069319478104588,0.0,0.0
2023-06-07,0.0,0.0,0.0,0.0,0.39214849250720524,0.0,0.0,0.6078515074927947,0.0,0.0
2023-06-08,0.0,0.0,0.0,0.0,0.39230893756960794,0.0,0.0,0.6076910624303922,0.0,0.0
2023-06-09,0.0,0.0,0.0,0.0,0.3910230594818955,0.0,0.0,0.6089769405181045,0.0,0.0
2023-06-12,0.0,0.0,0.0,0.0,0.3892667076445346,0.0,0.0,0.6107332923554654,0.0,0.0
2023-06-13,0.0,0.0,0.0,0.0,0.3860140286921401,0.0,0.0,0.61398597130786,0.0,0.0
2023-06-14,0.0,0.0,0.0,0.0,0.3860513331579044,0.0,0.0,0.6139486668420956,0.0,0.0
2023-06-15,0.0,0.0,0.0,0.0,0.3849657648640329,0.0,0.0,0.615034235135967,0.0,0.0
2023-06-16,0.0,0.0,0.0,0.0,0.3847492962104821,0.0,0.0,0.6152507037895178,0.0,0.0
2023-06-20,0.0,0.0,0.0,0.0,0.38669002844817063,0.0,0.0,0.6133099715518293,0.0,0.0
2023-06-21,0.0,0.0,0.0,0.0,0.3881289220142263,0.0,0.0,0.6118710779857737,0.0,0.0
2023-06-22,0.0,0.0,0.0,0.0,0.3859285221805767,0.0,0.0,0.6140714778194233,0.0,0.0
2023-06-23,0.0,0.0,0.0,0.0,0.3887089265771259,0.0,0.0,0.6112910734228741,0.0,0.0
2023-06-26,0.0,0.0,0.0,0.0,0.3902694112987736,0.0,0.0,0.6097305887012263,0.0,0.0
2023-06-27,0.0,0.0,0.0,0.0,0.3868476667711957,0.0,0.0,0.6131523332288044,0.0,0.0
2023-06-28,0.0,0.0,0.0,0.0,0.38768028187398557,0.0,0.0,0.6123197181260145,0.0,0.0
2023-06-29,0.0,0.0,0.0,0.0,0.38430180004507036,0.0,0.0,0.6156981999549296,0.0,0.0
2023-06-30,0.0,0.0,0.0,0.0,0.3820434403173093,0.0,0.0,0.6179565596826906,0.0,0.0
2023-07-03,0.0,0.0,0.0,0.0,0.3986815408586904,0.0,0.0,0.6013184591413095,0.0,0.0
2023-07-05,0.0,0.0,0.0,0.0,0.39788649537177506,0.0,0.0,0.602113504628225,0.0,0.0
2023-07-06,0.0,0.0,0.0,0.0,0.3978048913821595,0.0,0.0,0.6021951086178404,0.0,0.0
2023-07-07,0.0,0.0,0.0,0.0,0.398106769511918,0.0,0.0,0.601893230488082,0.0,0.0
2023-07-10,0.0,0.0,0.0,0.0,0.39873931826386194,0.0,0.0,0.6012606817361381,0.0,0.0
2023-07-11,0.0,0.0,0.0,0.0,0.3977214285914995,0.0,0.0,0.6022785714085005,0.0,0.0
2023-07-12,0.0,0.0,0.0,0.0,0.3981287064044129,0.0,0.0,0.6018712935955872,0.0,0.0
2023-07-13,0.0,0.0,0.0,0.0,0.3982186131273145,0.0,0.0,0.6017813868726856,0.0,0.0
2023-07-14,0.0,0.0,0.0,0.0,0.3971797321126701,0.0,0.0,0.6028202678873299,0.0,0.0
2023-07-17,0.0,0.0,0.0,0.0,0.396746444690561,0.0,0.0,0.6032535553094391,0.0,0.0
2023-07-18,0.0,0.0,0.0,0.0,0.3952476170433927,0.0,0.0,0.6047523829566074,0.0,0.0
2023-07-19,0.0,0.0,0.0,0.0,0.3955302500959412,0.0,0.0,0.6044697499040588,0.0,0.0
2023-07-20,0.0,0.0,0.0,0.0,0.3952188827996635,0.0,0.0,0.6047811172003366,0.0,0.0
2023-07-21,0.0,0.0,0.0,0.0,0.39541722085814696,0.0,0.0,0.604582779141853,0.0,0.0
2023-07-24,0.0,0.0,0.0,0.0,0.3937820099022678,0.0,0.0,0.606217990097732,0.0,0.0
2023-07-25,0.0,0.0,0.0,0.0,0.39268465498939364,0.0,0.0,0.6073153450106064,0.0,0.0
2023-07-26,0.0,0.0,0.0,0.0,0.39346647004979457,0.0,0.0,0.6065335299502055,0.0,0.0
2023-07-27,0.0,0.0,0.0,0.0,0.3924395850060508,0.0,0.0,0.6075604149939493,0.0,0.0
2023-07-28,0.0,0.0,0.0,0.0,0.3908920669128092,0.0,0.0,0.6091079330871907,0.0,0.0
2023-07-31,0.0,0.0,0.0,0.0,0.3907376796838265,0.0,0.0,0.6092623203161736,0.0,0.0
2023-08-01,0.0,0.0,0.0,0.0,0.39928163788529974,0.0,0.0,0.6007183621147002,0.0,0.0
2023-08-02,0.0,0.0,0.0,0.0,0.40216459847282326,0.0,0.0,0.5978354015271767,0.0,0.0
2023-08-03,0.0,0.0,0.0,0.0,0.40107225853294537,0.0,0.0,0.5989277414670546,0.0,0.0
2023-08-04,0.0,0.0,0.0,0.0,0.40470707480606355,0.0,0.0,0.5952929251939364,0.0,0.0
2023-08-07,0.0,0.0,0.0,0.0,0.4020324968639786,0.0,0.0,0.5979675031360214,0.0,0.0
2023-08-08,0.0,0.0,0.0,0.0,0.40429621741435473,0.0,0.0,0.5957037825856453,0.0,0.0
2023-08-09,0.0,0.0,0.0,0.0,0.4060645203529785,0.0,0.0,0.5939354796470215,0.0,0.0
2023-08-10,0.0,0.0,0.0,0.0,0.40412610824217193,0.0,0.0,0.595873891757828,0.0,0.0
2023-08-11,0.0,0.0,0.0,0.0,0.40299125615380826,0.0,0.0,0.5970087438461917,0.0,0.0
2023-08-14,0.0,0.0,0.0,0.0,0.40128440879589283,0.0,0.0,0.5987155912041071,0.0,0.0
2023-08-15,0.0,0.0,0.0,0.0,0.4036411508076674,0.0,0.0,0.5963588491923326,0.0,0.0
2023-08-16,0.0,0.0,0.0,0.0,0.404488743823133,0.0,0.0,0.5955112561768671,0.0,0.0
2023-08-17,0.0,0.0,0.0,0.0,0.4060225520871383,0.0,0.0,0.5939774479128618,0.0,0.0
2023-08-18,0.0,0.0,0.0,0.0,0.4066291600108151,0.0,0.0,0.5933708399891849,0.0,0.0
2023-08-21,0.0,0.0,0.0,0.0,0.4035683958546234,0.0,0.0,0.5964316041453765,0.0,0.0
2023-08-22,0.0,0.0,0.0,0.0,0.40432497011237023,0.0,0.0,0.5956750298876298,0.0,0.0
2023-08-23,0.0,0.0,0.0,0.0,0.40425714629520937,0.0,0.0,0.5957428537047906,0.0,0.0
2023-08-24,0.0,0.0,0.0,0.0,0.40672290897406,0.0,0.0,0.59327709102594,0.0,0.0
2023-08-25,0.0,0.0,0.0,0.0,0.4049517201675399,0.0,0.0,0.59504827983246,0.0,0.0
2023-08-28,0.0,0.0,0.0,0.0,0.40409660530133434,0.0,0.0,0.5959033946986656,0.0,0.0
2023-08-29,0.0,0.0,0.0,0.0,0.40235314004061834,0.0,0.0,0.5976468599593816,0.0,0.0
2023-08-30,0.0,0.0,0.0,0.0,0.4013397722383703,0.0,0.0,0.5986602277616297,0.0,0.0
2023-08-31,0.0,0.0,0.0,0.0,0.4021738912454522,0.0,0.0,0.5978261087545477,0.0,0.0
2023-09-01,0.0,0.0,0.0,0.0,0.39808279705731764,0.0,0.0,0.6019172029426824,0.0,0.0
2023-09-05,0.0,0.0,0.0,0.0,0.39766298760609053,0.0,0.0,0.6023370123939096,0.0,0.0
2023-09-06,0.0,0.0,0.0,0.0,0.39866279676925553,0.0,0.0,0.6013372032307445,0.0,0.0
2023-09-07,0.0,0.0,0.0,0.0,0.4002229562732314,0.0,0.0,0.5997770437267685,0.0,0.0
2023-09-08,0.0,0.0,0.0,0.0,0.3999131987086227,0.0,0.0,0.6000868012913774,0.0,0.0
2023-09-11,0.0,0.0,0.0,0.0,0.3979306420407882,0.0,0.0,0.6020693579592119,0.0,0.0
2023-09-12,0.0,0.0,0.0,0.0,0.3995831678892233,0.0,0.0,0.6004168321107767,0.0,0.0
2023-09-13,0.0,0.0,0.0,0.0,0.39958572902343714,0.0,0.0,0.6004142709765627,0.0,0.0
2023-09-14,0.0,0.0,0.0,0.0,0.39698981076188394,0.0,0.0,0.603010189238116,0.0,0.0
2023-09-15,0.0,0.0,0.0,0.0,0.3991489326220429,0.0,0.0,0.6008510673779571,0.0,0.0
2023-09-18,0.0,0.0,0.0,0.0,0.3992401864081324,0.0,0.0,0.6007598135918676,0.0,0.0
2023-09-19,0.0,0.0,0.0,0.0,0.3988613638791245,0.0,0.0,0.6011386361208756,0.0,0.0
2023-09-20,0.0,0.0,0.0,0.0,0.4008966784348986,0.0,0.0,0.5991033215651014,0.0,0.0
2023-09-21,0.0,0.0,0.0,0.0,0.40310851431908795,0.0,0.0,0.5968914856809121,0.0,0.0
2023-09-22,0.0,0.0,0.0,0.0,0.4045898607063253,0.0,0.0,0.5954101392936746,0.0,0.0
2023-09-25,0.0,0.0,0.0,0.0,0.40180361569331735,0.0,0.0,0.5981963843066828,0.0,0.0
2023-09-26,0.0,0.0,0.0,0.0,0.40528725079210837,0.0,0.0,0.5947127492078916,0.0,0.0
2023-09-27,0.0,0.0,0.0,0.0,0.40411174698271646,0.0,0.0,0.5958882530172835,0.0,0.0
2023-09-28,0.0,0.0,0.0,0.0,0.40337833394059674,0.0,0.0,0.5966216660594033,0.0,0.0
2023-09-29,0.0,0.0,0.0,0.0,0.4040158396344849,0.0,0.0,0.595984160365515,0.0,0.0
2023-10-02,0.1001213941362284,0.10038426584093567,0.09941090634135195,0.09983017510049667,0.1000710319046402,0.09936525803662766,0.1017313862080882,0.10084926587326697,0.09920047213430985,0.09903584442405443
2023-10-03,0.10099067122542392,0.10036073430731604,0.0994606057749705,0.10085397070225824,0.10055088746843222,0.09898047395210562,0.10126347627258778,0.1008108563300478,0.09834600465273552,0.09838231931412234
2023-10-04,0.09792691893032879,0.09982186554203927,0.0993970472476467,0.10059757838116154,0.10094340186739877,0.09878666488336652,0.10239270776212299,0.10129878990041488,0.09949169886834572,0.09934332661717495
2023-10-05,0.09730881922904243,0.10015053900425121,0.10022243858991275,0.10036560106254938,0.10108523121891769,0.09881481799705093,0.10204261350889178,0.10121261670263484,0.09894877960256634,0.09984854308418249
2023-10-06,0.0971144051430823,0.10101634929296126,0.10074864166095476,0.10030242299120903,0.09991573293527789,0.0991923705471474,0.10315549897335739,0.10182511798870247,0.09718745446530119,0.09954200600200615
2023-10-09,0.09819781926389078,0.09957585050978186,0.09964113307767856,0.10117130240219133,0.10022535058492314,0.09881326619602859,0.10269172568842853,0.10149863422206946,0.09851876114228936,0.0996661569127183
2023-10-10,0.09749389862218238,0.10052699520435006,0.10053299358710903,0.10052449349090536,0.0995551519069684,0.09946002413629672,0.10277274329797183,0.1015450342161304,0.09791791584208,0.09967074969600591
2023-10-11,0.09630499818090453,0.10050272624565462,0.10029867690080417,0.10060199066666944,0.09945277862706217,0.0986465914500569,0.10283482404128971,0.10129979632072185,0.09931480233065772,0.10074281523617898
2023-10-12,0.09729952999402898,0.10044592832167067,0.10053211239143667,0.10137278671989267,0.09955498920671782,0.09745320176500023,0.10357850059710046,0.10176398916577652,0.09765869789571982,0.10034026394265619
2023-10-13,0.09946968611659275,0.0996730526751093,0.09919968370823781,0.10421059145794001,0.09978857571893598,0.09625255450653278,0.10186486871896137,0.10084953733050962,0.09900596379080422,0.09968548597637604
2023-10-16,0.09881284684691924,0.10006930319632397,0.09958526426400388,0.1033515326519458,0.09886124778551411,0.09747505891616721,0.10266684440888318,0.10156463835225807,0.09708180031197934,0.1005314632660052
2023-10-17,0.09920837357872601,0.09992406261156268,0.09975997120644978,0.10366467978019128,0.09800602946285296,0.09867802631255779,0.10245064426035726,0.1016791474129891,0.09612456091102951,0.10050450446328359
2023-10-18,0.10100090860773117,0.09929899429928467,0.0989193104174885,0.10612504953605924,0.09843841155165085,0.09752999221355729,0.10202990890802759,0.10124032174489629,0.09614884323137297,0.09926825948993147
2023-10-19,0.1028005927208951,0.0994430436178128,0.09876581919734775,0.10821903515833443,0.09867545594326893,0.09668314776502594,0.10181981818306021,0.10109005685652157,0.09487421177099177,0.0976288187867416
2023-10-20,0.10265657187598298,0.09884550184160695,0.0984854889415206,0.10918184018888724,0.09986262188043621,0.09602001662111462,0.10091764875973525,0.1004618341493326,0.0959996519973053,0.09756882374407831
2023-10-23,0.10210985163575641,0.098868381780335,0.09866274164288086,0.10892714349339079,0.10043654203990436,0.09530634016732184,0.1013282477095168,0.10039280243022328,0.09725471566629594,0.09671323343437471
2023-10-24,0.1004046771766051,0.09953660289346027,0.09863502260492205,0.1082670988628787,0.10001657619295708,0.09556585719264506,0.10170512028966208,0.10054777892549353,0.09794983201774889,0.09737143384362726
2023-10-25,0.10231196633625454,0.09936833286947351,0.09906669327851544,0.1099865576750507,0.10029154404024183,0.09507965366007853,0.1003690832825081,0.10025668766703252,0.09688251877188145,0.09638696241896344
2023-10-26,0.10151609747805992,0.09894749786595898,0.09841747362716971,0.11023368560303537,0.101123019899901,0.09538718252014257,0.09852101908919497,0.09912226126030653,0.09843426619358155,0.09829749646264944
2023-10-27,0.10294329478145048,0.0989328399561411,0.0981854743230182,0.11159074890780536,0.10134860314019435,0.09432904794663222,0.09906068895286248,0.09873938087583854,0.09808200966090456,0.09678791145515264
2023-10-30,0.10102776246803559,0.09969708797646205,0.09917462926792694,0.11066726384017844,0.1007433772650285,0.09460105934065488,0.09991116452904224,0.09965509685951232,0.09738148901465477,0.09714106943850431
2023-10-31,0.10048711774546512,0.09896142543250705,0.09936247100533958,0.10987638769661731,0.10035937119357605,0.09525670641905369,0.10021839777651412,0.1001105711459928,0.09674145269054865,0.0986260988943857
2023-11-01,0.09926715308696707,0.10002356309341669,0.10003842869685148,0.09879317117653012,0.10024687742564434,0.09967165589681969,0.1008255717785887,0.10016233826815844,0.10125422270082396,0.09971701787619953
2023-11-02,0.0985649832989091,0.0999998273717701,0.10029784019869205,0.09738901507641724,0.09910500006245859,0.10053959462513302,0.1008615700232064,0.100297602840716,0.10175233803084102,0.10119222847185659
2023-11-03,0.09691967786078479,0.10086797595480607,0.10019307568027948,0.09661807250425397,0.09871814991897128,0.1020850145730307,0.10087168962665455,0.1000473804593967,0.10126263099692384,0.10241633242489878
2023-11-06,0.09767533905484879,0.1020602690160431,0.10006148174627338,0.09622273465060188,0.09851321419760273,0.10118560227958037,0.10166094479850639,0.10065155300898386,0.10065441464671045,0.10131444660084914
2023-11-07,0.09569887678427506,0.10199603943182109,0.09957233630565326,0.09593680292146155,0.09919228774207986,0.10094622823059138,0.10274285496844299,0.10105695551045193,0.10225945167243343,0.1005981664327895
2023-11-08,0.09475644182198276,0.10144253494770811,0.09957158609130723,0.09510405601333721,0.09972239903147828,0.10000017999940838,0.10294270897548252,0.10126247878078537,0.10413657231099073,0.1010610420275193
2023-11-09,0.09537087351536264,0.10139787424496256,0.10045400514276213,0.09634305782518814,0.09962540769834712,0.09933890029696853,0.10307075971161299,0.10137792404937596,0.10265787866350755,0.10036331885191252
2023-11-10,0.09516117382284991,0.10138365017842287,0.10018223178753366,0.09460783052881178,0.09901877196881793,0.09972847154091007,0.10463141368483636,0.1022207195504831,0.10249159542066329,0.10057414151667102
2023-11-13,0.09648553857075444,0.10129308607085398,0.10037965302230577,0.0950746651555867,0.09890180085833603,0.09970074242805134,0.10423910157495415,0.10205864880938209,0.10219395939881763,0.09967280411095775
2023-11-14,0.09397941497372585,0.10145329415864988,0.1004350339910104,0.09358463599813868,0.09794177619638735,0.10261227885754946,0.10388759084821052,0.10150283609331126,0.1019631019561659,0.10264003692685082
2023-11-15,0.09351083463456628,0.10246708217686243,0.10043952858034419,0.09348687965971127,0.09733445665180292,0.10295448919939405,0.10413163306910579,0.10187998939172466,0.10069251824576828,0.10310258839072008
2023-11-16,0.09144497978648869,0.10168202853436775,0.10056254203772795,0.09472454692973163,0.09825557902076075,0.10148571980740878,0.10442200061862711,0.10220158311462174,0.10214061951359947,0.10308040063666613
2023-11-17,0.09231835095583672,0.10132459217249172,0.10143705983902672,0.094261394093817,0.09784922957067492,0.10238446820426537,0.10394698609493895,0.10183943978376862,0.1021286498269126,0.10250982945826752
2023-11-20,0.09284298091408794,0.10189265404407848,0.10113012632051119,0.09347140494482285,0.09732448974419886,0.10228570038413452,0.10450144642092861,0.10192978245947652,0.10205801511856377,0.10256339964919706
2023-11-21,0.09359172277145766,0.10148412496253018,0.10096698406352823,0.09469594282410682,0.09767253239192737,0.10119816663943557,0.10413103251108016,0.10193934841755813,0.102245391182034,0.1020747542363419
2023-11-22,0.09268286085360809,0.10116665014405934,0.10109352162996248,0.0941876309573448,0.09753253585341162,0.10171963148471812,0.10444116320914716,0.10221930497454307,0.10249279774182042,0.10246390315138501
2023-11-24,0.0920801197127204,0.10122942314903344,0.10187730848300373,0.09468839058231235,0.09703891502359831,0.10241661446193737,0.10430582062100814,0.1022938930756414,0.10129752665366237,0.10277198823708257
2023-11-27,0.09133450959252974,0.10067402503342691,0.10137950928886852,0.09518855629604904,0.0976336832928793,0.10192635927944749,0.10406410071360181,0.10196205118622219,0.10284069220489285,0.1029965131120822
2023-11-28,0.09202624515359129,0.10105822477002738,0.1009486334038942,0.09602105790902764,0.09762044253228411,0.10107335894265675,0.10386464872728646,0.10160108035360157,0.10257708790463498,0.10320922030299573
2023-11-29,0.09236979013460943,0.10014304759191918,0.10082585983072544,0.09584740805292091,0.09781054666196999,0.10127341811191523,0.10342282766086085,0.10119627112472956,0.10352554854482868,0.10358528228552076
2023-11-30,0.09101607860222287,0.10057084544462219,0.10096816139193009,0.095661813333815,0.09754935201400117,0.10188599119248794,0.1033940010334785,0.10182241239034996,0.10255903109828302,0.10457231349880931
2023-12-01,0.0,0.0,0.0,0.0,0.40083848382622417,0.0,0.0,0.5991615161737759,0.0,0.0
2023-12-04,0.0,0.0,0.0,0.0,0.4011044477671386,0.0,0.0,0.5988955522328614,0.0,0.0
2023-12-05,0.0,0.0,0.0,0.0,0.4028400627804077,0.0,0.0,0.5971599372195924,0.0,0.0
2023-12-06,0.0,0.0,0.0,0.0,0.4048056897475188,0.0,0.0,0.5951943102524813,0.0,0.0
2023-12-07,0.0,0.0,0.0,0.0,0.4026196572517241,0.0,0.0,0.597380342748276,0.0,0.0
2023-12-08,0.0,0.0,0.0,0.0,0.4000340207670042,0.0,0.0,0.5999659792329959,0.0,0.0
2023-12-11,0.0,0.0,0.0,0.0,0.3991283006085587,0.0,0.0,0.6008716993914412,0.0,0.0
2023-12-12,0.0,0.0,0.0,0.0,0.3985455158484417,0.0,0.0,0.6014544841515582,0.0,0.0
2023-12-13,0.0,0.0,0.0,0.0,0.39880027032733983,0.0,0.0,0.6011997296726602,0.0,0.0
2023-12-14,0.0,0.0,0.0,0.0,0.40001741180460093,0.0,0.0,0.5999825881953992,0.0,0.0
2023-12-15,0.0,0.0,0.0,0.0,0.40021298489046964,0.0,0.0,0.5997870151095305,0.0,0.0
2023-12-18,0.0,0.0,0.0,0.0,0.3983421933439967,0.0,0.0,0.6016578066560032,0.0,0.0
2023-12-19,0.0,0.0,0.0,0.0,0.3973396880952372,0.0,0.0,0.6026603119047628,0.0,0.0
2023-12-20,0.0,0.0,0.0,0.0,0.4018597668747683,0.0,0.0,0.5981402331252317,0.0,0.0
2023-12-21,0.0,0.0,0.0,0.0,0.3992200853744023,0.0,0.0,0.6007799146255977,0.0,0.0
2023-12-22,0.0,0.0,0.0,0.0,0.39851446161360143,0.0,0.0,0.6014855383863984,0.0,0.0
2023-12-26,0.0,0.0,0.0,0.0,0.3976541969022676,0.0,0.0,0.6023458030977324,0.0,0.0
2023-12-27,0.0,0.0,0.0,0.0,0.3990815787492636,0.0,0.0,0.6009184212507365,0.0,0.0
2023-12-28,0.0,0.0,0.0,0.0,0.39807488669193863,0.0,0.0,0.6019251133080614,0.0,0.0
2023-12-29,0.0,0.0,0.0,0.0,0.3981737652447458,0.0,0.0,0.6018262347552542,0.0,0.0
2024-01-02,0.0,0.0,0.0,0.0,0.4004489222449522,0.0,0.0,0.5995510777550478,0.0,0.0
2024-01-03,0.0,0.0,0.0,0.0,0.4029947467094897,0.0,0.0,0.5970052532905104,0.0,0.0
2024-01-04,0.0,0.0,0.0,0.0,0.402317081371219,0.0,0.0,0.597682918628781,0.0,0.0
2024-01-05,0.0,0.0,0.0,0.0,0.40110731471728706,0.0,0.0,0.5988926852827129,0.0,0.0
2024-01-08,0.0,0.0,0.0,0.0,0.3985100553439954,0.0,0.0,0.6014899446560047,0.0,0.0
2024-01-09,0.0,0.0,0.0,0.0,0.3987737272605776,0.0,0.0,0.6012262727394225,0.0,0.0
2024-01-10,0.0,0.0,0.0,0.0,0.397046452604239,0.0,0.0,0.602953547395761,0.0,0.0
2024-01-11,0.0,0.0,0.0,0.0,0.3984284862130089,0.0,0.0,0.6015715137869909,0.0,0.0
2024-01-12,0.0,0.0,0.0,0.0,0.3989110113035693,0.0,0.0,0.6010889886964308,0.0,0.0
2024-01-16,0.0,0.0,0.0,0.0,0.3978418550757889,0.0,0.0,0.6021581449242112,0.0,0.0
2024-01-17,0.0,0.0,0.0,0.0,0.39839815323949096,0.0,0.0,0.601601846760509,0.0,0.0
2024-01-18,0.0,0.0,0.0,0.0,0.3957495591376523,0.0,0.0,0.6042504408623478,0.0,0.0
2024-01-19,0.0,0.0,0.0,0.0,0.3928158461079858,0.0,0.0,0.6071841538920141,0.0,0.0
2024-01-22,0.0,0.0,0.0,0.0,0.3930395901838494,0.0,0.0,0.6069604098161506,0.0,0.0
2024-01-23,0.0,0.0,0.0,0.0,0.3917436603596466,0.0,0.0,0.6082563396403534,0.0,0.0
2024-01-24,0.0,0.0,0.0,0.0,0.39080543609225754,0.0,0.0,0.6091945639077425,0.0,0.0
2024-01-25,0.0,0.0,0.0,0.0,0.3905423716406393,0.0,0.0,0.6094576283593608,0.0,0.0
2024-01-26,0.0,0.0,0.0,0.0,0.3904192132983209,0.0,0.0,0.6095807867016791,0.0,0.0
2024-01-29,0.0,0.0,0.0,0.0,0.38996628030083724,0.0,0.0,0.6100337196991628,0.0,0.0
2024-01-30,0.0,0.0,0.0,0.0,0.3904739576753713,0.0,0.0,0.6095260423246286,0.0,0.0
2024-01-31,0.0,0.0,0.0,0.0,0.3963874536284272,0.0,0.0,0.6036125463715727,0.0,0.0
2024-02-01,0.0,0.0,0.0,0.0,0.3983622816612977,0.0,0.0,0.6016377183387024,0.0,0.0
2024-02-02,0.0,0.0,0.0,0.0,0.3927266936771632,0.0,0.0,0.6072733063228367,0.0,0.0
2024-02-05,0.0,0.0,0.0,0.0,0.39126521275758597,0.0,0.0,0.6087347872424139,0.0,0.0
2024-02-06,0.0,0.0,0.0,0.0,0.39185512172744585,0.0,0.0,0.6081448782725541,0.0,0.0
2024-02-07,0.0,0.0,0.0,0.0,0.3894522200213632,0.0,0.0,0.6105477799786367,0.0,0.0
2024-02-08,0.0,0.0,0.0,0.0,0.38857017926553394,0.0,0.0,0.6114298207344661,0.0,0.0
2024-02-09,0.0,0.0,0.0,0.0,0.3867754307198229,0.0,0.0,0.6132245692801771,0.0,0.0
2024-02-12,0.0,0.0,0.0,0.0,0.38710543333786884,0.0,0.0,0.6128945666621312,0.0,0.0
2024-02-13,0.0,0.0,0.0,0.0,0.3877728467238244,0.0,0.0,0.6122271532761755,0.0,0.0
2024-02-14,0.0,0.0,0.0,0.0,0.3865125000031877,0.0,0.0,0.6134874999968122,0.0,0.0
2024-02-15,0.0,0.0,0.0,0.0,0.3855382386823137,0.0,0.0,0.6144617613176864,0.0,0.0
2024-02-16,0.0,0.0,0.0,0.0,0.38568702413972017,0.0,0.0,0.6143129758602799,0.0,0.0
2024-02-20,0.0,0.0,0.0,0.0,0.387400567084852,0.0,0.0,0.6125994329151481,0.0,0.0
2024-02-21,0.0,0.0,0.0,0.0,0.3864266495797751,0.0,0.0,0.6135733504202249,0.0,0.0
2024-02-22,0.0,0.0,0.0,0.0,0.381606473548027,0.0,0.0,0.618393526451973,0.0,0.0
2024-02-23,0.0,0.0,0.0,0.0,0.38252571456602186,0.0,0.0,0.6174742854339782,0.0,0.0
2024-02-26,0.0,0.0,0.0,0.0,0.38304065102180646,0.0,0.0,0.6169593489781936,0.0,0.0
2024-02-27,0.0,0.0,0.0,0.0,0.38207339201736207,0.0,0.0,0.6179266079826379,0.0,0.0
2024-02-28,0.0,0.0,0.0,0.0,0.38324145840965995,0.0,0.0,0.61675854159034,0.0,0.0
2024-02-29,0.0,0.0,0.0,0.0,0.38287049568030984,0.0,0.0,0.6171295043196902,0.0,0.0
2024-03-01,0.0,0.0,0.0,0.0,0.3988510380534596,0.0,0.0,0.6011489619465403,0.0,0.0
2024-03-04,0.0,0.0,0.0,0.0,0.3985743372550758,0.0,0.0,0.6014256627449241,0.0,0.0
2024-03-05,0.0,0.0,0.0,0.0,0.40245999715451075,0.0,0.0,0.5975400028454891,0.0,0.0
2024-03-06,0.0,0.0,0.0,0.0,0.4018276293065679,0.0,0.0,0.598172370693432,0.0,0.0
2024-03-07,0.0,0.0,0.0,0.0,0.39985950514584623,0.0,0.0,0.6001404948541538,0.0,0.0
2024-03-08,0.0,0.0,0.0,0.0,0.40148175260861424,0.0,0.0,0.5985182473913858,0.0,0.0
2024-03-11,0.0,0.0,0.0,0.0,0.40138547655923446,0.0,0.0,0.5986145234407655,0.0,0.0
2024-03-12,0.0,0.0,0.0,0.0,0.39783251807187564,0.0,0.0,0.6021674819281244,0.0,0.0
2024-03-13,0.0,0.0,0.0,0.0,0.3976766730136548,0.0,0.0,0.6023233269863453,0.0,0.0
2024-03-14,0.0,0.0,0.0,0.0,0.39637061009086727,0.0,0.0,0.6036293899091327,0.0,0.0
2024-03-15,0.0,0.0,0.0,0.0,0.39761141655464893,0.0,0.0,0.6023885834453512,0.0,0.0
2024-03-18,0.0,0.0,0.0,0.0,0.39591200840504714,0.0,0.0,0.6040879915949529,0.0,0.0
2024-03-19,0.0,0.0,0.0,0.0,0.3952759898550827,0.0,0.0,0.6047240101449172,0.0,0.0
2024-03-20,0.0,0.0,0.0,0.0,0.39363638428859665,0.0,0.0,0.6063636157114035,0.0,0.0
2024-03-21,0.0,0.0,0.0,0.0,0.3928745566330476,0.0,0.0,0.6071254433669523,0.0,0.0
2024-03-22,0.0,0.0,0.0,0.0,0.39449223687008234,0.0,0.0,0.6055077631299176,0.0,0.0
2024-03-25,0.0,0.0,0.0,0.0,0.3945204023981563,0.0,0.0,0.6054795976018437,0.0,0.0
2024-03-26,0.0,0.0,0.0,0.0,0.3953168438595403,0.0,0.0,0.6046831561404596,0.0,0.0
2024-03-27,0.0,0.0,0.0,0.0,0.3942268339640655,0.0,0.0,0.6057731660359345,0.0,0.0
2024-03-28,0.0,0.0,0.0,0.0,0.39404556313568884,0.0,0.0,0.6059544368643112,0.0,0.0
2024-04-01,0.0,0.0,0.0,0.0,0.3982377336219791,0.0,0.0,0.6017622663780209,0.0,0.0
2024-04-02,0.0,0.0,0.0,0.0,0.3992537277252748,0.0,0.0,0.6007462722747252,0.0,0.0
2024-04-03,0.0,0.0,0.0,0.0,0.3992729353418486,0.0,0.0,0.6007270646581515,0.0,0.0
2024-04-04,0.0,0.0,0.0,0.0,0.4030445268542375,0.0,0.0,0.5969554731457626,0.0,0.0
2024-04-05,0.0,0.0,0.0,0.0,0.39895461732739457,0.0,0.0,0.6010453826726054,0.0,0.0
2024-04-08,0.0,0.0,0.0,0.0,0.3982794280037244,0.0,0.0,0.6017205719962756,0.0,0.0
2024-04-09,0.0,0.0,0.0,0.0,0.3989548937877608,0.0,0.0,0.6010451062122392,0.0,0.0
2024-04-10,0.0,0.0,0.0,0.0,0.39815999317277034,0.0,0.0,0.6018400068272297,0.0,0.0
2024-04-11,0.0,0.0,0.0,0.0,0.3960218060982482,0.0,0.0,0.6039781939017517,0.0,0.0
2024-04-12,0.0,0.0,0.0,0.0,0.4003408273174868,0.0,0.0,0.5996591726825131,0.0,0.0
2024-04-15,0.0,0.0,0.0,0.0,0.40182906984056926,0.0,0.0,0.5981709301594307,0.0,0.0
2024-04-16,0.0,0.0,0.0,0.0,0.4013226455404708,0.0,0.0,0.5986773544595291,0.0,0.0
2024-04-17,0.0,0.0,0.0,0.0,0.404272842655036,0.0,0.0,0.595727157344964,0.0,0.0
2024-04-18,0.0,0.0,0.0,0.0,0.40392925378786404,0.0,0.0,0.596070746212136,0.0,0.0
2024-04-19,0.0,0.0,0.0,0.0,0.40635748239211034,0.0,0.0,0.5936425176078897,0.0,0.0
2024-04-22,0.0,0.0,0.0,0.0,0.4041742959890354,0.0,0.0,0.5958257040109645,0.0,0.0
2024-04-23,0.0,0.0,0.0,0.0,0.40165073221763786,0.0,0.0,0.5983492677823621,0.0,0.0
2024-04-24,0.0,0.0,0.0,0.0,0.4010314292298582,0.0,0.0,0.5989685707701419,0.0,0.0
2024-04-25,0.0,0.0,0.0,0.0,0.40102603157476796,0.0,0.0,0.598973968425232,0.0,0.0
2024-04-26,0.0,0.0,0.0,0.0,0.3994194033413845,0.0,0.0,0.6005805966586154,0.0,0.0
2024-04-29,0.0,0.0,0.0,0.0,0.39953952334755816,0.0,0.0,0.6004604766524418,0.0,0.0
2024-04-30,0.0,0.0,0.0,0.0,0.4022477620294489,0.0,0.0,0.597752237970551,0.0,0.0
2024-05-01,0.0,0.0,0.0,0.0,0.4017303193955173,0.0,0.0,0.5982696806044827,0.0,0.0
2024-05-02,0.0,0.0,0.0,0.0,0.40061988641095087,0.0,0.0,0.5993801135890491,0.0,0.0
2024-05-03,0.0,0.0,0.0,0.0,0.3989909788591067,0.0,0.0,0.6010090211408932,0.0,0.0
2024-05-06,0.0,0.0,0.0,0.0,0.3967369669144032,0.0,0.0,0.6032630330855968,0.0,0.0
2024-05-07,0.0,0.0,0.0,0.0,0.3970929875674508,0.0,0.0,0.6029070124325493,0.0,0.0
2024-05-08,0.0,0.0,0.0,0.0,0.3963981288554868,0.0,0.0,0.6036018711445131,0.0,0.0
2024-05-09,0.0,0.0,0.0,0.0,0.39574675552440414,0.0,0.0,0.6042532444755958,0.0,0.0
2024-05-10,0.0,0.0,0.0,0.0,0.3946650637697086,0.0,0.0,0.6053349362302914,0.0,0.0
2024-05-13,0.0,0.0,0.0,0.0,0.3949170310753421,0.0,0.0,0.605082968924658,0.0,0.0
2024-05-14,0.0,0.0,0.0,0.0,0.39451884118305497,0.0,0.0,0.605481158816945,0.0,0.0
2024-05-15,0.0,0.0,0.0,0.0,0.39337312149720804,0.0,0.0,0.6066268785027918,0.0,0.0
2024-05-16,0.0,0.0,0.0,0.0,0.39340520107442695,0.0,0.0,0.6065947989255731,0.0,0.0
2024-05-17,0.0,0.0,0.0,0.0,0.39232077461628273,0.0,0.0,0.6076792253837172,0.0,0.0
2024-05-20,0.0,0.0,0.0,0.0,0.3916877660739896,0.0,0.0,0.6083122339260105,0.0,0.0
2024-05-21,0.0,0.0,0.0,0.0,0.3917183873705089,0.0,0.0,0.608281612629491,0.0,0.0
2024-05-22,0.0,0.0,0.0,0.0,0.3920985316169846,0.0,0.0,0.6079014683830155,0.0,0.0
2024-05-23,0.0,0.0,0.0,0.0,0.3929999056310725,0.0,0.0,0.6070000943689274,0.0,0.0
2024-05-24,0.0,0.0,0.0,0.0,0.391735846534429,0.0,0.0,0.6082641534655711,0.0,0.0
2024-05-28,0.0,0.0,0.0,0.0,0.3902325945698003,0.0,0.0,0.6097674054301997,0.0,0.0
2024-05-29,0.0,0.0,0.0,0.0,0.3907426425391347,0.0,0.0,0.6092573574608653,0.0,0.0
2024-05-30,0.0,0.0,0.0,0.0,0.39351921800176626,0.0,0.0,0.6064807819982337,0.0,0.0
2024-05-31,0.0,0.0,0.0,0.0,0.39246420587544234,0.0,0.0,0.6075357941245576,0.0,0.0
2024-06-03,0.0,0.0,0.0,0.0,0.4013719987625171,0.0,0.0,0.5986280012374828,0.0,0.0
2024-06-04,0.0,0.0,0.0,0.0,0.4024161868564373,0.0,0.0,0.5975838131435627,0.0,0.0
2024-06-05,0.0,0.0,0.0,0.0,0.4004480694454905,0.0,0.0,0.5995519305545096,0.0,0.0
2024-06-06,0.0,0.0,0.0,0.0,0.4003503726798499,0.0,0.0,0.59964962732015,0.0,0.0
2024-06-07,0.0,0.0,0.0,0.0,0.39810097385913906,0.0,0.0,0.601899026140861,0.0,0.0
2024-06-10,0.0,0.0,0.0,0.0,0.39684639230174396,0.0,0.0,0.6031536076982561,0.0,0.0
2024-06-11,0.0,0.0,0.0,0.0,0.3975319929671619,0.0,0.0,0.6024680070328381,0.0,0.0
2024-06-12,0.0,0.0,0.0,0.0,0.396905213895643,0.0,0.0,0.6030947861043572,0.0,0.0
2024-06-13,0.0,0.0,0.0,0.0,0.39800186526835235,0.0,0.0,0.6019981347316478,0.0,0.0
2024-06-14,0.0,0.0,0.0,0.0,0.398414069593362,0.0,0.0,0.601585930406638,0.0,0.0
2024-06-17,0.0,0.0,0.0,0.0,0.39540059996465127,0.0,0.0,0.6045994000353488,0.0,0.0
2024-06-18,0.0,0.0,0.0,0.0,0.3958326913415265,0.0,0.0,0.6041673086584736,0.0,0.0
2024-06-20,0.0,0.0,0.0,0.0,0.39587552807273235,0.0,0.0,0.6041244719272676,0.0,0.0
2024-06-21,0.0,0.0,0.0,0.0,0.396247129346875,0.0,0.0,0.603752870653125,0.0,0.0
2024-06-24,0.0,0.0,0.0,0.0,0.397229299866579,0.0,0.0,0.602770700133421,0.0,0.0
2024-06-25,0.0,0.0,0.0,0.0,0.3965120078960579,0.0,0.0,0.6034879921039422,0.0,0.0
2024-06-26,0.0,0.0,0.0,0.0,0.3947673001484615,0.0,0.0,0.6052326998515385,0.0,0.0
2024-06-27,0.0,0.0,0.0,0.0,0.3949244182492037,0.0,0.0,0.6050755817507962,0.0,0.0
2024-06-28,0.0,0.0,0.0,0.0,0.39459426097569955,0.0,0.0,0.6054057390243005,0.0,0.0
2024-07-01,0.0,0.0,0.0,0.0,0.3977155060118802,0.0,0.0,0.6022844939881198,0.0,0.0
2024-07-02,0.0,0.0,0.0,0.0,0.39701210678711035,0.0,0.0,0.6029878932128896,0.0,0.0
2024-07-03,0.0,0.0,0.0,0.0,0.39753655918042285,0.0,0.0,0.602463440819577,0.0,0.0
2024-07-05,0.0,0.0,0.0,0.0,0.3974858392338585,0.0,0.0,0.6025141607661414,0.0,0.0
2024-07-08,0.0,0.0,0.0,0.0,0.3972859684049779,0.0,0.0,0.6027140315950222,0.0,0.0
2024-07-09,0.0,0.0,0.0,0.0,0.39672256734733186,0.0,0.0,0.6032774326526682,0.0,0.0
2024-07-10,0.0,0.0,0.0,0.0,0.3945968145649358,0.0,0.0,0.6054031854350642,0.0,0.0
2024-07-11,0.0,0.0,0.0,0.0,0.39818882602850864,0.0,0.0,0.6018111739714913,0.0,0.0
2024-07-12,0.0,0.0,0.0,0.0,0.39718775311744803,0.0,0.0,0.6028122468825519,0.0,0.0
2024-07-15,0.0,0.0,0.0,0.0,0.39577339526410965,0.0,0.0,0.6042266047358904,0.0,0.0
2024-07-16,0.0,0.0,0.0,0.0,0.3954183804178192,0.0,0.0,0.6045816195821808,0.0,0.0
2024-07-17,0.0,0.0,0.0,0.0,0.3990005732056079,0.0,0.0,0.6009994267943921,0.0,0.0
2024-07-18,0.0,0.0,0.0,0.0,0.4001696602460711,0.0,0.0,0.599830339753929,0.0,0.0
2024-07-19,0.0,0.0,0.0,0.0,0.40100911644618176,0.0,0.0,0.5989908835538184,0.0,0.0
2024-07-22,0.0,0.0,0.0,0.0,0.39831965399685065,0.0,0.0,0.6016803460031492,0.0,0.0
2024-07-23,0.0,0.0,0.0,0.0,0.39887349605262534,0.0,0.0,0.6011265039473747,0.0,0.0
2024-07-24,0.0,0.0,0.0,0.0,0.4038470080065986,0.0,0.0,0.5961529919934014,0.0,0.0
2024-07-25,0.0,0.0,0.0,0.0,0.4056412654913413,0.0,0.0,0.5943587345086587,0.0,0.0
2024-07-26,0.0,0.0,0.0,0.0,0.4041016502646069,0.0,0.0,0.5958983497353931,0.0,0.0
2024-07-29,0.0,0.0,0.0,0.0,0.404365300329779,0.0,0.0,0.595634699670221,0.0,0.0
2024-07-30,0.0,0.0,0.0,0.0,0.4060955547661812,0.0,0.0,0.5939044452338188,0.0,0.0
2024-07-31,0.0,0.0,0.0,0.0,0.4039723116726436,0.0,0.0,0.5960276883273563,0.0,0.0
2024-08-01,0.0,0.0,0.0,0.0,0.4044536579838757,0.0,0.0,0.5955463420161243,0.0,0.0
2024-08-02,0.0,0.0,0.0,0.0,0.4127091985379766,0.0,0.0,0.5872908014620233,0.0,0.0
2024-08-05,0.0,0.0,0.0,0.0,0.42014035632474317,0.0,0.0,0.5798596436752569,0.0,0.0
2024-08-06,0.0,0.0,0.0,0.0,0.4157336773884784,0.0,0.0,0.5842663226115216,0.0,0.0
2024-08-07,0.0,0.0,0.0,0.0,0.41648408309102225,0.0,0.0,0.5835159169089777,0.0,0.0
2024-08-08,0.0,0.0,0.0,0.0,0.4102128462352137,0.0,0.0,0.5897871537647864,0.0,0.0
2024-08-09,0.0,0.0,0.0,0.0,0.41012642455689324,0.0,0.0,0.5898735754431069,0.0,0.0
2024-08-12,0.0,0.0,0.0,0.0,0.4106742753298929,0.0,0.0,0.589325724670107,0.0,0.0
2024-08-13,0.0,0.0,0.0,0.0,0.40780086658598197,0.0,0.0,0.592199133414018,0.0,0.0
2024-08-14,0.0,0.0,0.0,0.0,0.407362491877121,0.0,0.0,0.5926375081228791,0.0,0.0
2024-08-15,0.0,0.0,0.0,0.0,0.4017566439048041,0.0,0.0,0.598243356095196,0.0,0.0
2024-08-16,0.0,0.0,0.0,0.0,0.4016892814276338,0.0,0.0,0.5983107185723661,0.0,0.0
2024-08-19,0.0,0.0,0.0,0.0,0.39972544687876244,0.0,0.0,0.6002745531212375,0.0,0.0
2024-08-20,0.0,0.0,0.0,0.0,0.4010775326437371,0.0,0.0,0.598922467356263,0.0,0.0
2024-08-21,0.0,0.0,0.0,0.0,0.40074533050362143,0.0,0.0,0.5992546694963787,0.0,0.0
2024-08-22,0.0,0.0,0.0,0.0,0.4015301440121668,0.0,0.0,0.5984698559878333,0.0,0.0
2024-08-23,0.0,0.0,0.0,0.0,0.40009956449742806,0.0,0.0,0.599900435502572,0.0,0.0
2024-08-26,0.0,0.0,0.0,0.0,0.400377687618315,0.0,0.0,0.599622312381685,0.0,0.0
2024-08-27,0.0,0.0,0.0,0.0,0.39994997694920326,0.0,0.0,0.6000500230507968,0.0,0.0
2024-08-28,0.0,0.0,0.0,0.0,0.4012249911958827,0.0,0.0,0.5987750088041174,0.0,0.0
2024-08-29,0.0,0.0,0.0,0.0,0.40078463553219423,0.0,0.0,0.5992153644678058,0.0,0.0
2024-08-30,0.0,0.0,0.0,0.0,0.3976673284742386,0.0,0.0,0.6023326715257613,0.0,0.0
2024-09-03,0.0,0.0,0.0,0.0,0.4065850940862513,0.0,0.0,0.5934149059137487,0.0,0.0
2024-09-04,0.0,0.0,0.0,0.0,0.408488345441302,0.0,0.0,0.591511654558698,0.0,0.0
2024-09-05,0.0,0.0,0.0,0.0,0.40964368427664083,0.0,0.0,0.5903563157233591,0.0,0.0
2024-09-06,0.0,0.0,0.0,0.0,0.4141002637587147,0.0,0.0,0.5858997362412853,0.0,0.0
2024-09-09,0.0,0.0,0.0,0.0,0.4117460021193678,0.0,0.0,0.5882539978806323,0.0,0.0
2024-09-10,0.0,0.0,0.0,0.0,0.4117237555832354,0.0,0.0,0.5882762444167646,0.0,0.0
2024-09-11,0.0,0.0,0.0,0.0,0.409082830462043,0.0,0.0,0.5909171695379569,0.0,0.0
2024-09-12,0.0,0.0,0.0,0.0,0.40666582417713315,0.0,0.0,0.5933341758228668,0.0,0.0
2024-09-13,0.0,0.0,0.0,0.0,0.40587318545908646,0.0,0.0,0.5941268145409137,0.0,0.0
2024-09-16,0.0,0.0,0.0,0.0,0.4061506309407638,0.0,0.0,0.5938493690592364,0.0,0.0
2024-09-17,0.0,0.0,0.0,0.0,0.40561381108409944,0.0,0.0,0.5943861889159006,0.0,0.0
2024-09-18,0.0,0.0,0.0,0.0,0.40528014711419197,0.0,0.0,0.5947198528858081,0.0,0.0
2024-09-19,0.0,0.0,0.0,0.0,0.40101332297326786,0.0,0.0,0.598986677026732,0.0,0.0
2024-09-20,0.0,0.0,0.0,0.0,0.4013557078543388,0.0,0.0,0.5986442921456612,0.0,0.0
2024-09-23,0.0,0.0,0.0,0.0,0.4006098550125218,0.0,0.0,0.5993901449874782,0.0,0.0
2024-09-24,0.0,0.0,0.0,0.0,0.4001921338854586,0.0,0.0,0.5998078661145414,0.0,0.0
2024-09-25,0.0,0.0,0.0,0.0,0.3997451814242144,0.0,0.0,0.6002548185757857,0.0,0.0
2024-09-26,0.0,0.0,0.0,0.0,0.39862494484439126,0.0,0.0,0.6013750551556086,0.0,0.0
2024-09-27,0.0,0.0,0.0,0.0,0.39992572469145127,0.0,0.0,0.6000742753085486,0.0,0.0
2024-09-30,0.0,0.0,0.0,0.0,0.39830756808923334,0.0,0.0,0.6016924319107667,0.0,0.0
2024-10-01,0.0,0.0,0.0,0.0,0.40303527594573707,0.0,0.0,0.5969647240542628,0.0,0.0
2024-10-02,0.0,0.0,0.0,0.0,0.40224690896744214,0.0,0.0,0.5977530910325579,0.0,0.0
2024-10-03,0.0,0.0,0.0,0.0,0.4014561185911728,0.0,0.0,0.5985438814088272,0.0,0.0
2024-10-04,0.0,0.0,0.0,0.0,0.3969607622981332,0.0,0.0,0.6030392377018668,0.0,0.0
2024-10-07,0.0,0.0,0.0,0.0,0.39826540854387965,0.0,0.0,0.6017345914561203,0.0,0.0
2024-10-08,0.0,0.0,0.0,0.0,0.39621070439837247,0.0,0.0,0.6037892956016274,0.0,0.0
2024-10-09,0.0,0.0,0.0,0.0,0.39366540404318834,0.0,0.0,0.6063345959568116,0.0,0.0
2024-10-10,0.0,0.0,0.0,0.0,0.3940586701078396,0.0,0.0,0.6059413298921603,0.0,0.0
2024-10-11,0.0,0.0,0.0,0.0,0.3927085956543155,0.0,0.0,0.6072914043456845,0.0,0.0
2024-10-14,0.0,0.0,0.0,0.0,0.3903453496913456,0.0,0.0,0.6096546503086543,0.0,0.0
2024-10-15,0.0,0.0,0.0,0.0,0.39342133218233843,0.0,0.0,0.6065786678176616,0.0,0.0
2024-10-16,0.0,0.0,0.0,0.0,0.3927583807045842,0.0,0.0,0.6072416192954158,0.0,0.0
2024-10-17,0.0,0.0,0.0,0.0,0.3914975805251,0.0,0.0,0.6085024194749,0.0,0.0
2024-10-18,0.0,0.0,0.0,0.0,0.39085642466404974,0.0,0.0,0.6091435753359503,0.0,0.0
2024-10-21,0.0,0.0,0.0,0.0,0.38940515169879913,0.0,0.0,0.6105948483012009,0.0,0.0
2024-10-22,0.0,0.0,0.0,0.0,0.389306605865925,0.0,0.0,0.610693394134075,0.0,0.0
2024-10-23,0.0,0.0,0.0,0.0,0.3909395925737209,0.0,0.0,0.6090604074262791,0.0,0.0
2024-10-24,0.0,0.0,0.0,0.0,0.3909515840311144,0.0,0.0,0.6090484159688855,0.0,0.0
2024-10-25,0.0,0.0,0.0,0.0,0.3905075411714703,0.0,0.0,0.6094924588285298,0.0,0.0
2024-10-28,0.0,0.0,0.0,0.0,0.3892211798595264,0.0,0.0,0.6107788201404737,0.0,0.0
2024-10-29,0.0,0.0,0.0,0.0,0.3889372312081449,0.0,0.0,0.6110627687918552,0.0,0.0
2024-10-30,0.0,0.0,0.0,0.0,0.38930582541014735,0.0,0.0,0.6106941745898526,0.0,0.0
2024-10-31,0.0,0.0,0.0,0.0,0.3938965637443658,0.0,0.0,0.6061034362556341,0.0,0.0
2024-11-01,0.0,0.0,0.0,0.0,0.39756626168052006,0.0,0.0,0.6024337383194799,0.0,0.0
2024-11-04,0.0,0.0,0.0,0.0,0.3993591727842986,0.0,0.0,0.6006408272157013,0.0,0.0
2024-11-05,0.0,0.0,0.0,0.0,0.39660660664767045,0.0,0.0,0.6033933933523297,0.0,0.0
2024-11-06,0.0,0.0,0.0,0.0,0.3882832211717826,0.0,0.0,0.6117167788282174,0.0,0.0
2024-11-07,0.0,0.0,0.0,0.0,0.3883564697848489,0.0,0.0,0.6116435302151509,0.0,0.0
2024-11-08,0.0,0.0,0.0,0.0,0.38783469704397844,0.0,0.0,0.6121653029560215,0.0,0.0
2024-11-11,0.0,0.0,0.0,0.0,0.3869528359713237,0.0,0.0,0.6130471640286763,0.0,0.0
2024-11-12,0.0,0.0,0.0,0.0,0.3861965089817177,0.0,0.0,0.6138034910182822,0.0,0.0
2024-11-13,0.0,0.0,0.0,0.0,0.38592893603539624,0.0,0.0,0.6140710639646038,0.0,0.0
2024-11-14,0.0,0.0,0.0,0.0,0.38743347144544266,0.0,0.0,0.6125665285545573,0.0,0.0
2024-11-15,0.0,0.0,0.0,0.0,0.39059934074735386,0.0,0.0,0.6094006592526461,0.0,0.0
2024-11-18,0.0,0.0,0.0,0.0,0.39016120305796204,0.0,0.0,0.609838796942038,0.0,0.0
2024-11-19,0.0,0.0,0.0,0.0,0.3898013329481824,0.0,0.0,0.6101986670518175,0.0,0.0
2024-11-20,0.0,0.0,0.0,0.0,0.38936531011606385,0.0,0.0,0.6106346898839362,0.0,0.0
2024-11-21,0.0,0.0,0.0,0.0,0.38796623917684586,0.0,0.0,0.6120337608231542,0.0,0.0
2024-11-22,0.0,0.0,0.0,0.0,0.3873838219560847,0.0,0.0,0.6126161780439153,0.0,0.0
2024-11-25,0.0,0.0,0.0,0.0,0.3891286530171014,0.0,0.0,0.6108713469828986,0.0,0.0
2024-11-26,0.0,0.0,0.0,0.0,0.38738914954851933,0.0,0.0,0.6126108504514807,0.0,0.0
2024-11-27,0.0,0.0,0.0,0.0,0.3890639478006511,0.0,0.0,0.6109360521993489,0.0,0.0
2024-11-29,0.0,0.0,0.0,0.0,0.3885929976927693,0.0,0.0,0.6114070023072307,0.0,0.0
2024-12-02,0.0,0.0,0.0,0.0,0.39954998631987615,0.0,0.0,0.6004500136801239,0.0,0.0
2024-12-03,0.0,0.0,0.0,0.0,0.3987554094859865,0.0,0.0,0.6012445905140136,0.0,0.0
2024-12-04,0.0,0.0,0.0,0.0,0.3981818657071945,0.0,0.0,0.6018181342928055,0.0,0.0
2024-12-05,0.0,0.0,0.0,0.0,0.3985513559559678,0.0,0.0,0.6014486440440322,0.0,0.0
2024-12-06,0.0,0.0,0.0,0.0,0.39885345703394093,0.0,0.0,0.601146542966059,0.0,0.0
2024-12-09,0.0,0.0,0.0,0.0,0.39925946519491046,0.0,0.0,0.6007405348050895,0.0,0.0
2024-12-10,0.0,0.0,0.0,0.0,0.39957654255277214,0.0,0.0,0.6004234574472279,0.0,0.0
2024-12-11,0.0,0.0,0.0,0.0,0.39702179389063424,0.0,0.0,0.6029782061093658,0.0,0.0
2024-12-12,0.0,0.0,0.0,0.0,0.39734480015151546,0.0,0.0,0.6026551998484846,0.0,0.0
2024-12-13,0.0,0.0,0.0,0.0,0.39627090988238445,0.0,0.0,0.6037290901176154,0.0,0.0
2024-12-16,0.0,0.0,0.0,0.0,0.39532849347274046,0.0,0.0,0.6046715065272595,0.0,0.0
2024-12-17,0.0,0.0,0.0,0.0,0.3963158365138548,0.0,0.0,0.6036841634861452,0.0,0.0
2024-12-18,0.0,0.0,0.0,0.0,0.4017106444310616,0.0,0.0,0.5982893555689385,0.0,0.0
2024-12-19,0.0,0.0,0.0,0.0,0.40069342807594144,0.0,0.0,0.5993065719240586,0.0,0.0
2024-12-20,0.0,0.0,0.0,0.0,0.3987111608739648,0.0,0.0,0.6012888391260354,0.0,0.0
2024-12-23,0.0,0.0,0.0,0.0,0.3962186945153193,0.0,0.0,0.6037813054846808,0.0,0.0
2024-12-24,0.0,0.0,0.0,0.0,0.39370681933322754,0.0,0.0,0.6062931806667724,0.0,0.0
2024-12-26,0.0,0.0,0.0,0.0,0.39387198728540185,0.0,0.0,0.6061280127145983,0.0,0.0
2024-12-27,0.0,0.0,0.0,0.0,0.3957785224334606,0.0,0.0,0.6042214775665393,0.0,0.0
2024-12-30,0.0,0.0,0.0,0.0,0.39992886110171016,0.0,0.0,0.6000711388982898,0.0,0.0
2024-12-31,0.0,0.0,0.0,0.0,0.40036270659363143,0.0,0.0,0.5996372934063686,0.0,0.0
2025-01-02,0.0,0.0,0.0,0.0,0.4007204137073073,0.0,0.0,0.5992795862926927,0.0,0.0
2025-01-03,0.0,0.0,0.0,0.0,0.3973514107296733,0.0,0.0,0.6026485892703267,0.0,0.0
2025-01-06,0.0,0.0,0.0,0.0,0.39574362781829336,0.0,0.0,0.6042563721817066,0.0,0.0
2025-01-07,0.0,0.0,0.0,0.0,0.39737213112395786,0.0,0.0,0.6026278688760421,0.0,0.0
2025-01-08,0.0,0.0,0.0,0.0,0.3974394262671369,0.0,0.0,0.6025605737328631,0.0,0.0
2025-01-10,0.0,0.0,0.0,0.0,0.399375052235554,0.0,0.0,0.600624947764446,0.0,0.0
2025-01-13,0.0,0.0,0.0,0.0,0.3985830274182681,0.0,0.0,0.601416972581732,0.0,0.0
2025-01-14,0.0,0.0,0.0,0.0,0.39833234716570637,0.0,0.0,0.6016676528342938,0.0,0.0
2025-01-15,0.0,0.0,0.0,0.0,0.3965230719559554,0.0,0.0,0.6034769280440445,0.0,0.0
2025-01-16,0.0,0.0,0.0,0.0,0.3975546647649182,0.0,0.0,0.6024453352350819,0.0,0.0
2025-01-17,0.0,0.0,0.0,0.0,0.39534555914271097,0.0,0.0,0.604654440857289,0.0,0.0
2025-01-21,0.0,0.0,0.0,0.0,0.3939684953593743,0.0,0.0,0.6060315046406256,0.0,0.0
2025-01-22,0.0,0.0,0.0,0.0,0.39201316491783555,0.0,0.0,0.6079868350821643,0.0,0.0
2025-01-23,0.0,0.0,0.0,0.0,0.39009847965567884,0.0,0.0,0.6099015203443211,0.0,0.0
2025-01-24,0.0,0.0,0.0,0.0,0.3912840477469677,0.0,0.0,0.6087159522530322,0.0,0.0
2025-01-27,0.0,0.0,0.0,0.0,0.39622875834156074,0.0,0.0,0.6037712416584392,0.0,0.0
2025-01-28,0.0,0.0,0.0,0.0,0.39420938571210296,0.0,0.0,0.605790614287897,0.0,0.0
2025-01-29,0.0,0.0,0.0,0.0,0.3950002644032116,0.0,0.0,0.6049997355967883,0.0,0.0
2025-01-30,0.0,0.0,0.0,0.0,0.39423494653015423,0.0,0.0,0.6057650534698458,0.0,0.0
2025-01-31,0.0,0.0,0.0,0.0,0.39512477214619157,0.0,0.0,0.6048752278538084,0.0,0.0
2025-02-03,0.0,0.0,0.0,0.0,0.4017927188735519,0.0,0.0,0.5982072811264482,0.0,0.0
2025-02-04,0.0,0.0,0.0,0.0,0.4007811272807423,0.0,0.0,0.5992188727192576,0.0,0.0
2025-02-05,0.0,0.0,0.0,0.0,0.4011995676250763,0.0,0.0,0.5988004323749239,0.0,0.0
2025-02-06,0.0,0.0,0.0,0.0,0.4000839548889687,0.0,0.0,0.5999160451110314,0.0,0.0
2025-02-07,0.0,0.0,0.0,0.0,0.40149436883383727,0.0,0.0,0.5985056311661627,0.0,0.0
2025-02-10,0.0,0.0,0.0,0.0,0.3998175630023916,0.0,0.0,0.6001824369976084,0.0,0.0
2025-02-11,0.0,0.0,0.0,0.0,0.39901613392270174,0.0,0.0,0.6009838660772983,0.0,0.0
2025-02-12,0.0,0.0,0.0,0.0,0.39813215699508003,0.0,0.0,0.60186784300492,0.0,0.0
2025-02-13,0.0,0.0,0.0,0.0,0.3974015782602988,0.0,0.0,0.6025984217397011,0.0,0.0
2025-02-14,0.0,0.0,0.0,0.0,0.39841665684085703,0.0,0.0,0.6015833431591429,0.0,0.0
2025-02-18,0.0,0.0,0.0,0.0,0.39642816586904533,0.0,0.0,0.6035718341309546,0.0,0.0
2025-02-19,0.0,0.0,0.0,0.0,0.3962517071540185,0.0,0.0,0.6037482928459814,0.0,0.0
2025-02-20,0.0,0.0,0.0,0.0,0.39773850656287146,0.0,0.0,0.6022614934371285,0.0,0.0
2025-02-21,0.0,0.0,0.0,0.0,0.40329403201445235,0.0,0.0,0.5967059679855476,0.0,0.0
2025-02-24,0.0,0.0,0.0,0.0,0.40490567200597266,0.0,0.0,0.5950943279940274,0.0,0.0
2025-02-25,0.0,0.0,0.0,0.0,0.4080019970639998,0.0,0.0,0.5919980029360002,0.0,0.0
2025-02-26,0.0,0.0,0.0,0.0,0.408542737684306,0.0,0.0,0.5914572623156941,0.0,0.0
2025-02-27,0.0,0.0,0.0,0.0,0.4121555154975159,0.0,0.0,0.587844484502484,0.0,0.0
2025-02-28,0.0,0.0,0.0,0.0,0.4097312136329936,0.0,0.0,0.5902687863670065,0.0,0.0
2025-03-03,0.0,0.0,0.0,0.0,0.4051224166136209,0.0,0.0,0.5948775833863791,0.0,0.0
2025-03-04,0.0,0.0,0.0,0.0,0.40723470874207573,0.0,0.0,0.5927652912579243,0.0,0.0
2025-03-05,0.0,0.0,0.0,0.0,0.40331089866100384,0.0,0.0,0.5966891013389961,0.0,0.0
2025-03-06,0.0,0.0,0.0,0.0,0.40750073446243634,0.0,0.0,0.5924992655375636,0.0,0.0
2025-03-07,0.0,0.0,0.0,0.0,0.4058455234041895,0.0,0.0,0.5941544765958104,0.0,0.0
2025-03-10,0.0,0.0,0.0,0.0,0.41406107326718944,0.0,0.0,0.5859389267328106,0.0,0.0
2025-03-11,0.0,0.0,0.0,0.0,0.41521739319567263,0.0,0.0,0.5847826068043274,0.0,0.0
2025-03-12,0.0,0.0,0.0,0.0,0.41321481001759,0.0,0.0,0.5867851899824101,0.0,0.0
2025-03-13,0.0,0.0,0.0,0.0,0.417448822092279,0.0,0.0,0.5825511779077209,0.0,0.0
2025-03-14,0.0,0.0,0.0,0.0,0.41164068126021236,0.0,0.0,0.5883593187397875,0.0,0.0
2025-03-17,0.0,0.0,0.0,0.0,0.40998622867534845,0.0,0.0,0.5900137713246515,0.0,0.0
2025-03-18,0.0,0.0,0.0,0.0,0.4128993624186033,0.0,0.0,0.5871006375813966,0.0,0.0
2025-03-19,0.0,0.0,0.0,0.0,0.4110162543502674,0.0,0.0,0.5889837456497327,0.0,0.0
2025-03-20,0.0,0.0,0.0,0.0,0.4120743286489455,0.0,0.0,0.5879256713510546,0.0,0.0
2025-03-21,0.0,0.0,0.0,0.0,0.4117904951597076,0.0,0.0,0.5882095048402923,0.0,0.0
2025-03-24,0.0,0.0,0.0,0.0,0.40609713597376684,0.0,0.0,0.593902864026233,0.0,0.0
2025-03-25,0.0,0.0,0.0,0.0,0.40592624350786244,0.0,0.0,0.5940737564921376,0.0,0.0
2025-03-26,0.0,0.0,0.0,0.0,0.4082632900868571,0.0,0.0,0.5917367099131429,0.0,0.0
2025-03-27,0.0,0.0,0.0,0.0,0.4087010654051418,0.0,0.0,0.5912989345948582,0.0,0.0
2025-03-28,0.0,0.0,0.0,0.0,0.4155739678368583,0.0,0.0,0.5844260321631416,0.0,0.0
2025-03-31,0.0,0.0,0.0,0.0,0.414663491042656,0.0,0.0,0.585336508957344,0.0,0.0
2025-04-01,0.24379190104035897,0.0,0.02655433295464365,0.021305109434519263,0.40020141767974665,1.312971267069631e-17,0.0,0.19644047721290317,0.10927454820139969,0.002432213476428729
2025-04-02,0.24471342218050762,0.0,0.026551445135203362,0.021297062328357097,0.3988545402772442,1.3304680473854792e-17,0.0,0.19720434792063007,0.10893813312142135,0.0024410490366362204
2025-04-03,0.23863229937755878,0.0,0.026409872124960997,0.02150648533278428,0.40939008805789945,1.2649382686805858e-17,0.0,0.19047977889749684,0.11118608417265258,0.002395392036647119
2025-04-04,0.2346093363816921,0.0,0.025165827729325352,0.02142797639523636,0.41883683714098646,1.2329409249069938e-17,0.0,0.18295358627032746,0.11466868158654984,0.0023377544958823717
2025-04-07,0.2340967011026583,0.0,0.02489716800624918,0.02125659373477255,0.41955310107192617,1.2386221191787826e-17,0.0,0.18514503075422892,0.11274363239310918,0.002307772937055689
2025-04-08,0.23174628753869286,0.0,0.02512349467978849,0.02164049051263264,0.4226805236774928,1.221125102459135e-17,0.0,0.18453196616105505,0.11200320730546004,0.00227403012487808
2025-04-09,0.2331505214813639,0.0,0.026274724241731818,0.021788027067724924,0.40908477615359995,1.2863713596339522e-17,0.0,0.19797812944396473,0.10938424568284516,0.0023395759287695925
2025-04-10,0.23427413044717715,0.0,0.026206823506973415,0.02271039306127661,0.4136416681204596,1.2538650575413945e-17,0.0,0.19261250365412,0.10822834073967481,0.0023261404703183715
2025-04-11,0.23621186090267654,0.0,0.026697311312339867,0.023000808364986972,0.40876811558412873,1.2642878315966844e-17,0.0,0.19483750310777348,0.10814437792498717,0.0023400228031072506
2025-04-14,0.23485505022447642,0.0,0.026816857240422858,0.022727344174116274,0.4094841830930608,1.2712141126008181e-17,0.0,0.19550428019682484,0.10823870882714769,0.002373576243951218
2025-04-15,0.23409307205477262,0.0,0.02703551750520109,0.02282664363381178,0.4103478617243943,1.271688589392906e-17,0.0,0.1947892994023574,0.10852884414386633,0.0023787615355963226
2025-04-16,0.23662659229269614,0.0,0.026888275934547866,0.023531648854985304,0.4114667009757816,1.2574807070911537e-17,0.0,0.1901540947051123,0.10895940410502973,0.0023732831318470492
2025-04-17,0.23889113989342764,0.0,0.02715746925871628,0.02340903981279695,0.4099588239662962,1.2667022750052669e-17,0.0,0.19026861138130421,0.10790811113804136,0.0024068045494173382
2025-04-21,0.23929799165941418,0.0,0.027285963723241914,0.02437966560236504,0.4119145320221356,1.2539739912089345e-17,0.0,0.1876365270531055,0.10710461331657349,0.0023807066231642674
2025-04-22,0.23871327008979165,0.0,0.027652342656685574,0.023862242691705185,0.4092820255552375,1.2772606254484035e-17,0.0,0.1911459419507597,0.1069345747803086,0.002409602275511704
2025-04-23,0.2364029822672734,0.0,0.02770268186938644,0.023239305686709264,0.4088234311179373,1.2933765219538315e-17,0.0,0.19368484530075492,0.1077379645701469,0.0024087891877916357
2025-04-24,0.23610540370131491,0.0,0.027786149624316858,0.023338050392369115,0.40685774146297976,1.3058749247335007e-17,0.0,0.1957525470519627,0.10776700390734471,0.0023931038597117984
2025-04-25,0.23550810279554427,0.0,0.027795863810915294,0.022994269132114085,0.40679630182512766,1.3011431105783391e-17,0.0,0.19639181286275179,0.10813405643802866,0.0023795931355182617
2025-04-28,0.2338142162144678,0.0,0.027936674995079586,0.023284889850238116,0.40777425295336595,1.3045739661634909e-17,0.0,0.19615612549986394,0.10864326384941517,0.0023905766375694856
2025-04-29,0.23074302027525034,0.0,0.027980924801755853,0.023048373708214227,0.40900905966016904,1.3117152998706029e-17,0.0,0.1973083325097713,0.10950789503374907,0.002402394011090232
2025-04-30,0.22750950845640652,0.0,0.02807876034360496,0.022982991790536967,0.41156606680032204,1.3095883530524155e-17,0.0,0.19831050163782166,0.10913003181587178,0.0024221391554359907
2025-05-01,0.23154229032564003,9.38236082014682e-18,0.0,0.09089362924555354,0.399385885498403,1.401922830009561e-18,1.25688602644997e-17,0.0940113609957611,0.18416683393464234,2.4436035619709156e-18
2025-05-02,0.23304263701291733,9.67085260451396e-18,0.0,0.09124523302705893,0.39754440076726855,1.4364885891570103e-18,1.2782426799333182e-17,0.0956087869655734,0.1825589422271818,2.4788942865035123e-18
2025-05-05,0.23190504972132062,9.752730561293753e-18,0.0,0.09405548318062333,0.39718957949904005,1.4267428280709272e-18,1.2718082524747893e-17,0.09514648052976002,0.18170340706925606,2.4756043562793374e-18
2025-05-06,0.23376672495737807,9.647100224199218e-18,0.0,0.09602526134037505,0.39545502788724163,1.4014597582214758e-18,1.2512992608866732e-17,0.09370131161884769,0.18105167419615753,2.43959941619494e-18
2025-05-07,0.2313602785702225,9.556452537718981e-18,0.0,0.09478823859931877,0.39734789322258574,1.4091023867363196e-18,1.2589036675127979e-17,0.09429700405763539,0.18220658555023753,2.4475799179882616e-18
2025-05-08,0.23515933800880964,9.581807086731642e-18,0.0,0.09323063908872305,0.3955653273714131,1.4407176642853303e-18,1.2761338496506248e-17,0.09526999228297706,0.18077470324807726,2.4460579622719635e-18
2025-05-09,0.2362659462049333,9.618215899950117e-18,0.0,0.09363413595946325,0.3947087585481297,1.4338894317157007e-18,1.2715918703104204e-17,0.09487214932996318,0.18051900995751063,2.455197414114339e-18
2025-05-12,0.23833928271722998,9.846909943771567e-18,0.0,0.09118857820118664,0.39303507471538734,1.4874668497121639e-18,1.326219022931027e-17,0.09821640522265411,0.17922065914354193,2.472574841192267e-18
2025-05-13,0.2411427966385363,9.82756379494947e-18,0.0,0.0912379424094099,0.39128769342951375,1.4873785032883732e-18,1.341447500743857e-17,0.09849903631292661,0.17783253120961343,2.432079335072434e-18
2025-05-14,0.2412808466104869,9.958813569437276e-18,0.0,0.08982729420233182,0.3920464685090854,1.4825871908897412e-18,1.3571737398298126e-17,0.09918672949675161,0.17765866118134416,2.4218775044085638e-18
2025-05-15,0.23804510933132678,9.91797878856252e-18,0.0,0.09092635800418161,0.39316056667857524,1.4867898441994527e-18,1.3536790161111106e-17,0.09930539641701278,0.17856256956890357,2.4570674166462403e-18
2025-05-16,0.23733076910237652,9.919116125993526e-18,0.0,0.08989588612386007,0.3935862493666405,1.5002208578555488e-18,1.3606086390721223e-17,0.10001067453048307,0.1791764208766398,2.4895451702996197e-18
2025-05-19,0.23694668545183797,9.938540896187122e-18,0.0,0.09103532880421913,0.39329711013543217,1.493626625337907e-18,1.3616366743222381e-17,0.10009975177824768,0.17862112383026288,2.4895910200599582e-18
2025-05-20,0.23934956691989123,9.90215025786252e-18,0.0,0.0924908235973798,0.39177886832484365,1.4905483998620081e-18,1.3535886711838976e-17,0.0995052179732157,0.1768755231846696,2.468582202281268e-18
2025-05-21,0.24071562897330726,9.94678381383845e-18,0.0,0.09383641850521661,0.3918330834344666,1.4590115072131408e-18,1.3442780610799249e-17,0.09852475456245909,0.1750901145245504,2.4199761460180515e-18
2025-05-22,0.23939220132284741,9.910917714422287e-18,0.0,0.09297144885679662,0.3931638633277125,1.458415034564827e-18,1.3463094597077635e-17,0.09852819518786231,0.17594429130478112,2.4080341989526606e-18
2025-05-23,0.2397488171571932,9.910782741727575e-18,0.0,0.09461633938175476,0.3926733043209782,1.4478267697160716e-18,1.3283414692245034e-17,0.0974521559623238,0.17550938317774994,2.4005855785078066e-18
2025-05-27,0.23705759035659937,9.863749209776009e-18,0.0,0.09279206378756852,0.3933712860248592,1.4810444357572295e-18,1.3563662800280274e-17,0.09924230902851058,0.17753675080246226,2.436690320426039e-18
2025-05-28,0.2370861678950511,9.852520845456954e-18,0.0,0.09289940869132204,0.3936308487817911,1.4704556426257248e-18,1.3549876084967586e-17,0.09900663037998561,0.17737694425185008,2.442566322587638e-18
2025-05-29,0.2351512596112084,9.859576551329803e-18,0.0,0.09317172183689036,0.3940894970938716,1.4704313925175144e-18,1.3536111049885369e-17,0.0991016752695365,0.17848584618849309,2.4573069458717278e-18
2025-05-30,0.23361351529702165,9.750210267831168e-18,0.0,0.09265829517253772,0.3956840576967413,1.464511538347379e-18,1.3529267914875677e-17,0.09909709221852163,0.17894703961517774,2.4599447681875822e-18
2025-06-02,0.10138849681913507,0.10001589137133214,0.10035822092033891,0.10193544002783797,0.09895895282300228,0.09960592768646502,0.1000803069244391,0.09985537353637014,0.09837194844704251,0.09942944144403687
2025-06-03,0.10187762537423382,0.10008231229007215,0.09942553585337023,0.1008578677710817,0.0986930049009113,0.10103829887350284,0.10068805775203106,0.10025097906158077,0.09802872501059201,0.09905759311262415
2025-06-04,0.10104107240619363,0.10086756404885362,0.09942254186950299,0.10105077740393313,0.09897121886389587,0.10029970256225622,0.10051437531561827,0.09977303292260223,0.09917171165718676,0.09888800294995728
2025-06-05,0.10162354524739893,0.10149756314300436,0.09946339173047337,0.10064930376844407,0.09878490005662004,0.10045159797069934,0.09986578650671268,0.09939831186092873,0.09934799993014176,0.09891759978557677
2025-06-06,0.10220490075566964,0.10160147780752904,0.09960208726446694,0.0990828664879734,0.09778559904557892,0.10185281557947826,0.10062252870097974,0.10020046931994901,0.09787041093276298,0.09917684410561216
2025-06-09,0.10201666077789238,0.10218452892790603,0.0993158257528635,0.09927533529272146,0.09769270194448312,0.10227123659787182,0.10049220837639772,0.10001368037418085,0.09770293195039453,0.09903489000528869
2025-06-10,0.10139497280776634,0.10237752925710575,0.09907118842041587,0.09892756533189745,0.09748812158528398,0.10243220544334503,0.10077291546028777,0.10019898769060376,0.09783333477166405,0.09950317923163003
2025-06-11,0.10287589595438146,0.10264760779401515,0.09875170237020411,0.09930803524518028,0.09774078747368774,0.1018530676611801,0.10027689747348378,0.09975755618170021,0.09797665303249606,0.0988117968136711
2025-06-12,0.10241809675742537,0.10236188774994762,0.09906850746697307,0.10009405000120039,0.09772919411884293,0.10099636578949787,0.10006503656808448,0.09970833337028946,0.09870696465659469,0.09885156352114413
2025-06-13,0.10610844915315258,0.10123323256356609,0.09827911700760471,0.10190510035343088,0.09784765785418771,0.09963861519033892,0.099295727874336,0.09907948247097952,0.0982375741951363,0.09837504333726728
2025-06-16,0.10563891853639272,0.1022465341041265,0.09842852012580323,0.10022877290190307,0.09735062422462937,0.10058928926148726,0.10045316443211456,0.09979985113459679,0.09703143925208677,0.0982328860268599
2025-06-17,0.10808131987777735,0.10109022162779661,0.09740018952175417,0.10046495788428267,0.09800715327138293,0.09971316972810483,0.09965688405459085,0.09912934653056996,0.0983931970090752,0.09806356049466543
2025-06-18,0.10825917855430216,0.10097235094742177,0.09747535399634666,0.09982880575977994,0.09797607724246644,0.10014371902400736,0.09954510335880531,0.09902009144933563,0.09847003726212476,0.09830928240541002
2025-06-20,0.10903569470726811,0.10058575526263042,0.09679348709798541,0.09998421394450732,0.09823202797510143,0.1001310749515023,0.09933460741820412,0.09898280821104775,0.09848247597501132,0.0984378544567418
2025-06-23,0.10466997518501757,0.10108788836983673,0.09721178809407986,0.09997118760718887,0.09826088233693116,0.10103364463591696,0.10003650297482358,0.09964226479739713,0.09848675226845952,0.09959911373034853
2025-06-24,0.1016439536277211,0.10319611482660378,0.09791220989602248,0.0979154142920464,0.09811715125022163,0.10181819071768879,0.10106639578081957,0.10024721004988849,0.09871358264121283,0.09936977691777489
2025-06-25,0.10184951507884488,0.10363336302963069,0.09770941132297338,0.09854668257312765,0.09849205724852321,0.1009734364425059,0.1016692121780556,0.10064436304208009,0.09917381551091083,0.09730814357334773
2025-06-26,0.10159433190211288,0.10368348053400872,0.0981956041368337,0.09783243065575985,0.09823579038003274,0.10198127573508207,0.10198898504506163,0.1008082221312621,0.09905970414400483,0.09662017533584158
2025-06-27,0.10124296911919085,0.10343758129104509,0.09923839312310007,0.09621014993582008,0.09813281292544168,0.10217456996690587,0.10249882127667653,0.1014681295677339,0.09858351709953718,0.09701305569454866
2025-06-30,0.10079956613464948,0.10325842258533106,0.09881373380088478,0.09689232063230549,0.09804728038540869,0.10182672431000353,0.10266379345551636,0.10146020405523513,0.09907219590871502,0.09716575873195032
2025-07-01,0.0,0.0,0.0,0.0,0.3996323314139431,0.0,0.0,0.600367668586057,0.0,0.0
2025-07-02,0.0,0.0,0.0,0.0,0.398044092025862,0.0,0.0,0.601955907974138,0.0,0.0
2025-07-03,0.0,0.0,0.0,0.0,0.3953333216356676,0.0,0.0,0.6046666783643324,0.0,0.0
2025-07-07,0.0,0.0,0.0,0.0,0.3963637663861204,0.0,0.0,0.6036362336138795,0.0,0.0
2025-07-08,0.0,0.0,0.0,0.0,0.3961400448108439,0.0,0.0,0.6038599551891561,0.0,0.0
2025-07-09,0.0,0.0,0.0,0.0,0.39594935469501896,0.0,0.0,0.604050645304981,0.0,0.0
2025-07-10,0.0,0.0,0.0,0.0,0.39514992331161414,0.0,0.0,0.6048500766883859,0.0,0.0
2025-07-11,0.0,0.0,0.0,0.0,0.3948792872527332,0.0,0.0,0.6051207127472668,0.0,0.0
2025-07-14,0.0,0.0,0.0,0.0,0.39432250736215807,0.0,0.0,0.6056774926378419,0.0,0.0
2025-07-15,0.0,0.0,0.0,0.0,0.39440616889842256,0.0,0.0,0.6055938311015774,0.0,0.0
2025-07-16,0.0,0.0,0.0,0.0,0.3942692963425839,0.0,0.0,0.6057307036574161,0.0,0.0
2025-07-17,0.0,0.0,0.0,0.0,0.3927372577861091,0.0,0.0,0.6072627422138909,0.0,0.0
2025-07-18,0.0,0.0,0.0,0.0,0.39357004779333626,0.0,0.0,0.6064299522066638,0.0,0.0
2025-07-21,0.0,0.0,0.0,0.0,0.3939508903479835,0.0,0.0,0.6060491096520165,0.0,0.0
2025-07-22,0.0,0.0,0.0,0.0,0.39459638645375594,0.0,0.0,0.605403613546244,0.0,0.0
2025-07-23,0.0,0.0,0.0,0.0,0.39171986510820167,0.0,0.0,0.6082801348917984,0.0,0.0
2025-07-24,0.0,0.0,0.0,0.0,0.3912883637653204,0.0,0.0,0.6087116362346796,0.0,0.0
2025-07-25,0.0,0.0,0.0,0.0,0.3908381570950737,0.0,0.0,0.6091618429049265,0.0,0.0
2025-07-28,0.0,0.0,0.0,0.0,0.3903697657732412,0.0,0.0,0.6096302342267589,0.0,0.0
2025-07-29,0.0,0.0,0.0,0.0,0.3925562214634607,0.0,0.0,0.6074437785365393,0.0,0.0
2025-07-30,0.0,0.0,0.0,0.0,0.3920283894982873,0.0,0.0,0.6079716105017127,0.0,0.0
2025-07-31,0.0,0.0,0.0,0.0,0.3931256872931277,0.0,0.0,0.6068743127068723,0.0,0.0
2025-08-01,0.0,0.0,0.0,0.0,0.40673196481737894,0.0,0.0,0.5932680351826211,0.0,0.0
2025-08-04,0.0,0.0,0.0,0.0,0.4034237156846377,0.0,0.0,0.5965762843153622,0.0,0.0
2025-08-05,0.0,0.0,0.0,0.0,0.4044715689247796,0.0,0.0,0.5955284310752204,0.0,0.0
2025-08-06,0.0,0.0,0.0,0.0,0.4024590236668224,0.0,0.0,0.5975409763331777,0.0,0.0
2025-08-07,0.0,0.0,0.0,0.0,0.4024845042877222,0.0,0.0,0.5975154957122779,0.0,0.0
2025-08-08,0.0,0.0,0.0,0.0,0.400064918911282,0.0,0.0,0.5999350810887181,0.0,0.0
2025-08-11,0.0,0.0,0.0,0.0,0.4006155747605553,0.0,0.0,0.5993844252394447,0.0,0.0
2025-08-12,0.0,0.0,0.0,0.0,0.39802515527972115,0.0,0.0,0.601974844720279,0.0,0.0
2025-08-13,0.0,0.0,0.0,0.0,0.3980589014348068,0.0,0.0,0.6019410985651932,0.0,0.0
2025-08-14,0.0,0.0,0.0,0.0,0.39725971692861634,0.0,0.0,0.6027402830713837,0.0,0.0
2025-08-15,0.0,0.0,0.0,0.0,0.3973437210543728,0.0,0.0,0.6026562789456272,0.0,0.0
2025-08-18,0.0,0.0,0.0,0.0,0.39716946083926785,0.0,0.0,0.6028305391607323,0.0,0.0
2025-08-19,0.0,0.0,0.0,0.0,0.399076690641311,0.0,0.0,0.6009233093586891,0.0,0.0
2025-08-20,0.0,0.0,0.0,0.0,0.40006686215366366,0.0,0.0,0.5999331378463364,0.0,0.0
2025-08-21,0.0,0.0,0.0,0.0,0.40032712330567927,0.0,0.0,0.5996728766943207,0.0,0.0
2025-08-22,0.0,0.0,0.0,0.0,0.39800300373671754,0.0,0.0,0.6019969962632824,0.0,0.0
2025-08-25,0.0,0.0,0.0,0.0,0.3985841644527982,0.0,0.0,0.6014158355472018,0.0,0.0
2025-08-26,0.0,0.0,0.0,0.0,0.39820882384805956,0.0,0.0,0.6017911761519406,0.0,0.0
2025-08-27,0.0,0.0,0.0,0.0,0.3981131021433467,0.0,0.0,0.6018868978566532,0.0,0.0
2025-08-28,0.0,0.0,0.0,0.0,0.3978145188804,0.0,0.0,0.6021854811196,0.0,0.0
2025-08-29,0.0,0.0,0.0,0.0,0.39904886035741616,0.0,0.0,0.6009511396425838,0.0,0.0
2025-09-02,0.0,0.0,0.0,0.0,0.40106825651649197,0.0,0.0,0.5989317434835081,0.0,0.0
2025-09-03,0.0,0.0,0.0,0.0,0.4005981916293035,0.0,0.0,0.5994018083706965,0.0,0.0
2025-09-04,0.0,0.0,0.0,0.0,0.3996746175785867,0.0,0.0,0.6003253824214133,0.0,0.0
2025-09-05,0.0,0.0,0.0,0.0,0.40154006002919196,0.0,0.0,0.598459939970808,0.0,0.0
2025-09-08,0.0,0.0,0.0,0.0,0.4016941501262049,0.0,0.0,0.5983058498737952,0.0,0.0
2025-09-09,0.0,0.0,0.0,0.0,0.4005696047449049,0.0,0.0,0.5994303952550951,0.0,0.0
2025-09-10,0.0,0.0,0.0,0.0,0.40052023198984993,0.0,0.0,0.5994797680101499,0.0,0.0
2025-09-11,0.0,0.0,0.0,0.0,0.3989048388742725,0.0,0.0,0.6010951611257275,0.0,0.0
2025-09-12,0.0,0.0,0.0,0.0,0.3982939817993365,0.0,0.0,0.6017060182006635,0.0,0.0
2025-09-15,0.0,0.0,0.0,0.0,0.39741680156377723,0.0,0.0,0.6025831984362228,0.0,0.0
2025-09-16,0.0,0.0,0.0,0.0,0.39789476633154613,0.0,0.0,0.6021052336684539,0.0,0.0
2025-09-17,0.0,0.0,0.0,0.0,0.39767437684676404,0.0,0.0,0.602325623153236,0.0,0.0
2025-09-18,0.0,0.0,0.0,0.0,0.39576779761552955,0.0,0.0,0.6042322023844705,0.0,0.0
2025-09-19,0.0,0.0,0.0,0.0,0.39448805123342423,0.0,0.0,0.6055119487665758,0.0,0.0
2025-09-22,0.0,0.0,0.0,0.0,0.392965807445924,0.0,0.0,0.607034192554076,0.0,0.0
2025-09-23,0.0,0.0,0.0,0.0,0.39493632103196563,0.0,0.0,0.6050636789680343,0.0,0.0
2025-09-24,0.0,0.0,0.0,0.0,0.39505474599309376,0.0,0.0,0.6049452540069062,0.0,0.0
2025-09-25,0.0,0.0,0.0,0.0,0.39563922121151657,0.0,0.0,0.6043607787884834,0.0,0.0
2025-09-26,0.0,0.0,0.0,0.0,0.3941500291706368,0.0,0.0,0.6058499708293632,0.0,0.0
2025-09-29,0.0,0.0,0.0,0.0,0.3941737262345048,0.0,0.0,0.6058262737654952,0.0,0.0
2025-09-30,0.0,0.0,0.0,0.0,0.3931773387491998,0.0,0.0,0.6068226612508002,0.0,0.0
2025-10-01,0.0,0.0,0.0,0.0,0.3999908230762091,0.0,0.0,0.6000091769237909,0.0,0.0
2025-10-02,0.0,0.0,0.0,0.0,0.39996313619437457,0.0,0.0,0.6000368638056254,0.0,0.0
2025-10-03,0.0,0.0,0.0,0.0,0.3994942403832694,0.0,0.0,0.6005057596167305,0.0,0.0
2025-10-06,0.0,0.0,0.0,0.0,0.3979386737051577,0.0,0.0,0.6020613262948422,0.0,0.0
2025-10-07,0.0,0.0,0.0,0.0,0.3994270185754815,0.0,0.0,0.6005729814245185,0.0,0.0
2025-10-08,0.0,0.0,0.0,0.0,0.39805135116436235,0.0,0.0,0.6019486488356377,0.0,0.0
2025-10-09,0.0,0.0,0.0,0.0,0.39857252739580024,0.0,0.0,0.6014274726041997,0.0,0.0
2025-10-10,0.0,0.0,0.0,0.0,0.4066561734175567,0.0,0.0,0.5933438265824433,0.0,0.0
2025-10-13,0.0,0.0,0.0,0.0,0.4031113099787842,0.0,0.0,0.5968886900212158,0.0,0.0
2025-10-14,0.0,0.0,0.0,0.0,0.40402537780369474,0.0,0.0,0.5959746221963054,0.0,0.0
2025-10-15,0.0,0.0,0.0,0.0,0.4026868371992708,0.0,0.0,0.5973131628007293,0.0,0.0
2025-10-16,0.0,0.0,0.0,0.0,0.4054457211993169,0.0,0.0,0.5945542788006831,0.0,0.0
2025-10-17,0.0,0.0,0.0,0.0,0.4036867624676928,0.0,0.0,0.5963132375323072,0.0,0.0
2025-10-20,0.0,0.0,0.0,0.0,0.40151905539792804,0.0,0.0,0.5984809446020719,0.0,0.0
2025-10-21,0.0,0.0,0.0,0.0,0.40196586570102194,0.0,0.0,0.598034134298978,0.0,0.0
2025-10-22,0.0,0.0,0.0,0.0,0.40326875342397717,0.0,0.0,0.5967312465760228,0.0,0.0
2025-10-23,0.0,0.0,0.0,0.0,0.4010586554566475,0.0,0.0,0.5989413445433526,0.0,0.0
2025-10-24,0.0,0.0,0.0,0.0,0.3993266037418923,0.0,0.0,0.6006733962581076,0.0,0.0
2025-10-27,0.0,0.0,0.0,0.0,0.39651664973169387,0.0,0.0,0.6034833502683062,0.0,0.0
2025-10-28,0.0,0.0,0.0,0.0,0.3961028336459938,0.0,0.0,0.6038971663540061,0.0,0.0
2025-10-29,0.0,0.0,0.0,0.0,0.39443977403838465,0.0,0.0,0.6055602259616153,0.0,0.0
2025-10-30,0.0,0.0,0.0,0.0,0.3967384596249163,0.0,0.0,0.6032615403750837,0.0,0.0
2025-10-31,0.0,0.0,0.0,0.0,0.39605375793213715,0.0,0.0,0.6039462420678628,0.0,0.0
2025-11-03,0.0,0.0,0.0,0.0,0.3994357673128129,0.0,0.0,0.6005642326871872,0.0,0.0
2025-11-04,0.0,0.0,0.0,0.0,0.4025985367960268,0.0,0.0,0.5974014632039731,0.0,0.0
2025-11-05,0.0,0.0,0.0,0.0,0.40062029186582276,0.0,0.0,0.5993797081341773,0.0,0.0
2025-11-06,0.0,0.0,0.0,0.0,0.40443701787782316,0.0,0.0,0.5955629821221768,0.0,0.0
2025-11-07,0.0,0.0,0.0,0.0,0.40429965499200515,0.0,0.0,0.5957003450079948,0.0,0.0
2025-11-10,0.0,0.0,0.0,0.0,0.40025308664136766,0.0,0.0,0.5997469133586323,0.0,0.0
2025-11-11,0.0,0.0,0.0,0.0,0.40044882648239116,0.0,0.0,0.5995511735176089,0.0,0.0
2025-11-12,0.0,0.0,0.0,0.0,0.4003648412944521,0.0,0.0,0.5996351587055478,0.0,0.0
2025-11-13,0.0,0.0,0.0,0.0,0.403691731063931,0.0,0.0,0.596308268936069,0.0,0.0
2025-11-14,0.0,0.0,0.0,0.0,0.4033321690315528,0.0,0.0,0.5966678309684472,0.0,0.0
2025-11-17,0.0,0.0,0.0,0.0,0.4058615934978971,0.0,0.0,0.5941384065021028,0.0,0.0
2025-11-18,0.0,0.0,0.0,0.0,0.4082966493892281,0.0,0.0,0.5917033506107718,0.0,0.0
2025-11-19,0.0,0.0,0.0,0.0,0.40719070713389444,0.0,0.0,0.5928092928661056,0.0,0.0
2025-11-20,0.0,0.0,0.0,0.0,0.41147903576975664,0.0,0.0,0.5885209642302434,0.0,0.0
2025-11-21,0.0,0.0,0.0,0.0,0.4098783247905301,0.0,0.0,0.59012167520947,0.0,0.0
2025-11-24,0.0,0.0,0.0,0.0,0.4067209674772471,0.0,0.0,0.593279032522753,0.0,0.0
2025-11-25,0.0,0.0,0.0,0.0,0.4050818811315515,0.0,0.0,0.5949181188684485,0.0,0.0
2025-11-26,0.0,0.0,0.0,0.0,0.40362223474650866,0.0,0.0,0.5963777652534913,0.0,0.0
2025-11-28,0.0,0.0,0.0,0.0,0.40189381535273816,0.0,0.0,0.5981061846472618,0.0,0.0
2025-12-01,0.0,0.0,0.0,0.0,0.39980604739009473,0.0,0.0,0.6001939526099053,0.0,0.0
2025-12-02,0.0,0.0,0.0,0.0,0.39956045671550194,0.0,0.0,0.600439543284498,0.0,0.0
2025-12-03,0.0,0.0,0.0,0.0,0.3992265141988453,0.0,0.0,0.6007734858011547,0.0,0.0
2025-12-04,0.0,0.0,0.0,0.0,0.39830838167006294,0.0,0.0,0.6016916183299371,0.0,0.0
2025-12-05,0.0,0.0,0.0,0.0,0.3973576612575322,0.0,0.0,0.6026423387424678,0.0,0.0
2025-12-08,0.0,0.0,0.0,0.0,0.39758121422649917,0.0,0.0,0.6024187857735008,0.0,0.0
2025-12-09,0.0,0.0,0.0,0.0,0.39743943898824363,0.0,0.0,0.6025605610117563,0.0,0.0
2025-12-10,0.0,0.0,0.0,0.0,0.3966277239857152,0.0,0.0,0.6033722760142847,0.0,0.0
2025-12-11,0.0,0.0,0.0,0.0,0.3960964241138188,0.0,0.0,0.6039035758861813,0.0,0.0
2025-12-12,0.0,0.0,0.0,0.0,0.39803820762231756,0.0,0.0,0.6019617923776824,0.0,0.0
2025-12-15,0.0,0.0,0.0,0.0,0.3985998092329371,0.0,0.0,0.601400190767063,0.0,0.0
2025-12-16,0.0,0.0,0.0,0.0,0.39992784478601184,0.0,0.0,0.6000721552139882,0.0,0.0
2025-12-17,0.0,0.0,0.0,0.0,0.4025362158018899,0.0,0.0,0.5974637841981101,0.0,0.0
2025-12-18,0.0,0.0,0.0,0.0,0.40134965535788825,0.0,0.0,0.5986503446421118,0.0,0.0
2025-12-19,0.0,0.0,0.0,0.0,0.3986437070647681,0.0,0.0,0.601356292935232,0.0,0.0
2025-12-22,0.0,0.0,0.0,0.0,0.3969069202950564,0.0,0.0,0.6030930797049435,0.0,0.0
2025-12-23,0.0,0.0,0.0,0.0,0.3957163680785566,0.0,0.0,0.6042836319214435,0.0,0.0
2025-12-24,0.0,0.0,0.0,0.0,0.39549798676979425,0.0,0.0,0.6045020132302057,0.0,0.0
2025-12-26,0.0,0.0,0.0,0.0,0.39574548149512134,0.0,0.0,0.6042545185048787,0.0,0.0
2025-12-29,0.0,0.0,0.0,0.0,0.39694670704322066,0.0,0.0,0.6030532929567792,0.0,0.0
2025-12-30,0.0,0.0,0.0,0.0,0.3969912254186752,0.0,0.0,0.6030087745813248,0.0,0.0
2025-12-31,0.0,0.0,0.0,0.0,0.39797655671669674,0.0,0.0,0.6020234432833033,0.0,0.0
2026-01-02,0.0,0.0,0.0,0.0,0.3993608865948751,0.0,0.0,0.6006391134051249,0.0,0.0
2026-01-05,0.0,0.0,0.0,0.0,0.3984918651518728,0.0,0.0,0.6015081348481272,0.0,0.0
2026-01-06,0.0,0.0,0.0,0.0,0.3968974544934297,0.0,0.0,0.6031025455065703,0.0,0.0
2026-01-07,0.0,0.0,0.0,0.0,0.3981179364953589,0.0,0.0,0.6018820635046411,0.0,0.0
2026-01-08,0.0,0.0,0.0,0.0,0.3974211370272747,0.0,0.0,0.6025788629727252,0.0,0.0
2026-01-09,0.0,0.0,0.0,0.0,0.3961170225237857,0.0,0.0,0.6038829774762142,0.0,0.0
2026-01-12,0.0,0.0,0.0,0.0,0.3954435718925571,0.0,0.0,0.6045564281074428,0.0,0.0
2026-01-13,0.0,0.0,0.0,0.0,0.3962204386695077,0.0,0.0,0.6037795613304923,0.0,0.0
2026-01-14,0.0,0.0,0.0,0.0,0.3978967080655779,0.0,0.0,0.6021032919344221,0.0,0.0
2026-01-15,0.0,0.0,0.0,0.0,0.3967487254183881,0.0,0.0,0.6032512745816119,0.0,0.0
2026-01-16,0.0,0.0,0.0,0.0,0.3960282282970824,0.0,0.0,0.6039717717029176,0.0,0.0
2026-01-20,0.0,0.0,0.0,0.0,0.4000050140437315,0.0,0.0,0.5999949859562684,0.0,0.0
2026-01-21,0.0,0.0,0.0,0.0,0.397880041221428,0.0,0.0,0.602119958778572,0.0,0.0
2026-01-22,0.0,0.0,0.0,0.0,0.39660761485554047,0.0,0.0,0.6033923851444596,0.0,0.0
2026-01-23,0.0,0.0,0.0,0.0,0.3969202549623504,0.0,0.0,0.6030797450376497,0.0,0.0
2026-01-26,0.0,0.0,0.0,0.0,0.3960570780052893,0.0,0.0,0.6039429219947108,0.0,0.0
2026-01-27,0.0,0.0,0.0,0.0,0.3948326367305692,0.0,0.0,0.6051673632694308,0.0,0.0
2026-01-28,0.0,0.0,0.0,0.0,0.39465746447090094,0.0,0.0,0.6053425355290991,0.0,0.0
2026-01-29,0.0,0.0,0.0,0.0,0.39538123434987943,0.0,0.0,0.6046187656501206,0.0,0.0
2026-01-30,0.0,0.0,0.0,0.0,0.39594597293469935,0.0,0.0,0.6040540270653006,0.0,0.0
2026-02-02,0.0,0.0,0.0,0.0,0.39833871499175283,0.0,0.0,0.6016612850082472,0.0,0.0
2026-02-03,0.0,0.0,0.0,0.0,0.4006018304224294,0.0,0.0,0.5993981695775705,0.0,0.0
2026-02-04,0.0,0.0,0.0,0.0,0.401718017913475,0.0,0.0,0.5982819820865249,0.0,0.0
2026-02-05,0.0,0.0,0.0,0.0,0.4061515633065355,0.0,0.0,0.5938484366934644,0.0,0.0
2026-02-06,0.0,0.0,0.0,0.0,0.401576460734233,0.0,0.0,0.5984235392657671,0.0,0.0
2026-02-09,0.0,0.0,0.0,0.0,0.4004710095043977,0.0,0.0,0.5995289904956024,0.0,0.0
2026-02-10,0.0,0.0,0.0,0.0,0.40215332268717147,0.0,0.0,0.5978466773128286,0.0,0.0
2026-02-11,0.0,0.0,0.0,0.0,0.40153548690195096,0.0,0.0,0.598464513098049,0.0,0.0
2026-02-12,0.0,0.0,0.0,0.0,0.4067565300773375,0.0,0.0,0.5932434699226625,0.0,0.0
2026-02-13,0.0,0.0,0.0,0.0,0.40753193547012473,0.0,0.0,0.5924680645298753,0.0,0.0
2026-02-17,0.0,0.0,0.0,0.0,0.4071179003920211,0.0,0.0,0.5928820996079789,0.0,0.0
2026-02-18,0.0,0.0,0.0,0.0,0.40540896107930907,0.0,0.0,0.5945910389206909,0.0,0.0
2026-02-19,0.0,0.0,0.0,0.0,0.4062694096499196,0.0,0.0,0.5937305903500804,0.0,0.0
2026-02-20,0.0,0.0,0.0,0.0,0.4045324187398455,0.0,0.0,0.5954675812601544,0.0,0.0
2026-02-23,0.0,0.0,0.0,0.0,0.407876002740467,0.0,0.0,0.592123997259533,0.0,0.0
2026-02-24,0.0,0.0,0.0,0.0,0.40607860174259913,0.0,0.0,0.5939213982574008,0.0,0.0
2026-02-25,0.0,0.0,0.0,0.0,0.40385580221978756,0.0,0.0,0.5961441977802124,0.0,0.0
2026-02-26,0.0,0.0,0.0,0.0,0.4058405897685089,0.0,0.0,0.5941594102314911,0.0,0.0
2026-02-27,0.0,0.0,0.0,0.0,0.4079646511886877,0.0,0.0,0.5920353488113123,0.0,0.0
2026-03-02,0.0,0.0,0.0,0.0,0.39841842574639036,0.0,0.0,0.6015815742536096,0.0,0.0
2026-03-03,0.0,0.0,0.0,0.0,0.40027024179921566,0.0,0.0,0.5997297582007843,0.0,0.0
2026-03-04,0.0,0.0,0.0,0.0,0.39808910696324346,0.0,0.0,0.6019108930367567,0.0,0.0
2026-03-05,0.0,0.0,0.0,0.0,0.3986852698722693,0.0,0.0,0.6013147301277306,0.0,0.0
2026-03-06,0.0,0.0,0.0,0.0,0.40170298739049143,0.0,0.0,0.5982970126095086,0.0,0.0
2026-03-09,0.0,0.0,0.0,0.0,0.400353956748791,0.0,0.0,0.5996460432512091,0.0,0.0
2026-03-10,0.0,0.0,0.0,0.0,0.3999697156918864,0.0,0.0,0.6000302843081136,0.0,0.0
2026-03-11,0.0,0.0,0.0,0.0,0.3991739049865089,0.0,0.0,0.6008260950134912,0.0,0.0
2026-03-12,0.0,0.0,0.0,0.0,0.4020715065752851,0.0,0.0,0.597928493424715,0.0,0.0
2026-03-13,0.0,0.0,0.0,0.0,0.4031852421703108,0.0,0.0,0.5968147578296892,0.0,0.0
2026-03-16,0.0,0.0,0.0,0.0,0.40182956337700254,0.0,0.0,0.5981704366229975,0.0,0.0
2026-03-17,0.0,0.0,0.0,0.0,0.40162331999919504,0.0,0.0,0.598376680000805,0.0,0.0
2026-03-18,0.0,0.0,0.0,0.0,0.4039005553174471,0.0,0.0,0.5960994446825528,0.0,0.0
2026-03-19,0.0,0.0,0.0,0.0,0.4044695786151849,0.0,0.0,0.595530421384815,0.0,0.0
2026-03-20,0.0,0.0,0.0,0.0,0.40577490206798483,0.0,0.0,0.5942250979320152,0.0,0.0
2026-03-23,0.0,0.0,0.0,0.0,0.40401872900039987,0.0,0.0,0.5959812709996001,0.0,0.0
2026-03-24,0.0,0.0,0.0,0.0,0.4040174806253767,0.0,0.0,0.5959825193746232,0.0,0.0
2026-03-25,0.0,0.0,0.0,0.0,0.403945219429096,0.0,0.0,0.596054780570904,0.0,0.0
2026-03-26,0.0,0.0,0.0,0.0,0.40633414587899874,0.0,0.0,0.5936658541210013,0.0,0.0
2026-03-27,0.0,0.0,0.0,0.0,0.41051519125493513,0.0,0.0,0.5894848087450649,0.0,0.0
2026-03-30,0.0,0.0,0.0,0.0,0.41303580884582275,0.0,0.0,0.5869641911541772,0.0,0.0
2026-03-31,0.0,0.0,0.0,0.0,0.4065369701735969,0.0,0.0,0.5934630298264031,0.0,0.0
2026-04-01,0.0984854319279259,0.10018283123989793,0.10092738911371381,0.10115230041177352,0.09932584605440017,0.10003793115667713,0.10064066122260629,0.10016162096078064,0.09931473923663772,0.09977124867558686
2026-04-02,0.10055261511799651,0.09890032163226226,0.10013885028256683,0.09904687631276857,0.0993928007152423,0.10056651235235038,0.10059111822812744,0.10008769755945683,0.09976136686266604,0.10096184093656269
2026-04-06,0.10078988449013433,0.09953558333509133,0.10036374008144305,0.09837058700484419,0.09886027183976435,0.10071795302647707,0.10091907945196099,0.10028520622207344,0.09932748386797538,0.10083021068023594
2026-04-07,0.1002685063297816,0.09973961912454567,0.10007604845602962,0.09918376669640087,0.09896658404999231,0.10079139996324975,0.10078845933649543,0.10018415307697724,0.09917230646679771,0.10082915649972973
2026-04-08,0.09576690156604005,0.10331381743122214,0.10213177458085064,0.09803120107392209,0.09741855589187205,0.10195577918928717,0.10193696266387606,0.10090634879683498,0.09772110012360431,0.10081755868249069
2026-04-09,0.09597701086787123,0.10272685708514076,0.10158193557344732,0.09849319496414406,0.09709166531993364,0.10222706565605098,0.1023143315282949,0.10117973671768693,0.09717723426203384,0.10123096802539631
2026-04-10,0.09532532300165768,0.10325854810993274,0.1018648941359319,0.09836970319534237,0.09698008545666544,0.10202337476014414,0.10251601786335908,0.1011661979507728,0.0969930677237625,0.10150278780243131
2026-04-13,0.09618615346623843,0.10339955086582824,0.10177581458161807,0.09728588661579834,0.09651380484837435,0.10277121202680478,0.1028515722157044,0.10144006830932065,0.09660395264360476,0.10117198442670793
2026-04-14,0.09475595017051071,0.10424555545717852,0.10149247654374437,0.0983889630987444,0.09578431807593515,0.10306427140465589,0.10359120768185541,0.10157026750270565,0.09607024988929744,0.10103674017537259
2026-04-15,0.0948532794329166,0.10410507985062382,0.10109795973350748,0.09729681003960144,0.09550692854730637,0.1032483757384408,0.10496734419552715,0.10229955289596755,0.09558417776577295,0.10104049180033592
2026-04-16,0.09539513513535408,0.10432614776325247,0.10061404593088119,0.09702931143865086,0.09515704160196636,0.10326764136402072,0.10527375387079788,0.10235730296356763,0.09479938898612127,0.10178023094538746
2026-04-17,0.09181484887177724,0.10528993097857034,0.10091198974044595,0.09737197151320838,0.09475397289673862,0.10448155600025529,0.10562374638683994,0.10259638672308297,0.09474577822127375,0.1024098186678076
2026-04-20,0.09308987896728292,0.10457578166084865,0.1005604845243322,0.09657679238738347,0.09470754427631775,0.10512351115205382,0.1053356462510353,0.10243716055852645,0.09476652759124357,0.10282667263097592
2026-04-21,0.09576599058994063,0.10403891760902242,0.09931089326899861,0.09475475889963164,0.09520991895133644,0.10505938750644442,0.10595596875048259,0.10275663991291545,0.09516090041773191,0.10198662409349589
2026-04-22,0.09603238255707824,0.10514229049478356,0.09890451909206995,0.09529817332452727,0.09460319684886508,0.10502896971538572,0.10693011813926381,0.10302781263747841,0.09464098705894186,0.10039155013160614
2026-04-23,0.0975417626008215,0.10372366703818624,0.0984718405581439,0.09463888029258898,0.09471952330154207,0.10495779525981652,0.10662599368499055,0.10291579149130985,0.09469851093860296,0.10170623483399747
2026-04-24,0.09680071565612405,0.10533617080125894,0.09833400409935562,0.0944962653847956,0.09428179975959841,0.1046926776027559,0.1079482658675672,0.10302878787734948,0.09424739305287615,0.10083391989831872
2026-04-27,0.09767762100272961,0.10531246116951833,0.09808901855274318,0.09388961515848891,0.09419135150716117,0.10501927367489126,0.10815054067139179,0.10334519087309864,0.09390623070409287,0.10041869668588424
2026-04-28,0.0989142026173497,0.1046866748195094,0.0981042055508447,0.09254441538268247,0.09450854336163537,0.10424322902852687,0.10752493324693267,0.103286136330382,0.09440986633716335,0.10177779332497344
2026-04-29,0.10154058211460643,0.10440796208546509,0.09730826674067129,0.09175057838346962,0.09426055945471745,0.10376529147727008,0.10841060086798851,0.10348811778759426,0.0938751889122612,0.10119285217595611
2026-04-30,0.10041750454990668,0.10532655391084784,0.09847018837713677,0.09203516890019744,0.09333493015491418,0.1047716721812439,0.10814183122238756,0.10329530793319905,0.09269058557940023,0.10151625719076626
2026-05-01,0.09898640727983087,0.10013671933626928,0.099703291732984,0.09980491438313405,0.0999941190205018,0.10038900795105707,0.10087729888526671,0.10019480541004294,0.1002753764417816,0.09963805955913159
2026-05-04,0.10111759382495049,0.10054780668382204,0.09878605938403882,0.09825479646773572,0.10008051013285826,0.10034277242884405,0.10114792586277277,0.10028448663897002,0.09996931832903883,0.09946873024696902
2026-05-05,0.09983955646861162,0.10171244084559343,0.09924722348009468,0.09825341905832699,0.09937448729957825,0.10116287736098702,0.10158673644941994,0.10022719366510846,0.09966538741037136,0.09893067796190835
2026-05-06,0.09539277829090248,0.10357440685456028,0.10059290871530543,0.09989521092676748,0.09854749231814831,0.10132260643194975,0.10232541399314019,0.10027604198844238,0.09909527751172151,0.09897786296906212
2026-05-07,0.09614147045053087,0.10285907819111251,0.09939360387304604,0.10071408943305465,0.09888682307991511,0.10036844027366838,0.10286928210261988,0.10061996245752047,0.09924272220559811,0.09890452793293389
2026-05-08,0.09547149840286659,0.10404109970477875,0.0995628390995442,0.10033063278908459,0.0982944563504199,0.10017787923718614,0.10437444813065902,0.1005774794854146,0.09888246719051796,0.09828719960952823
2026-05-11,0.09763244457765669,0.10371624488420819,0.09911487367254454,0.10029408630272481,0.09772927319077153,0.10034657679187374,0.10442677343712337,0.10056580969156488,0.09805040382813698,0.09812351362339515
2026-05-12,0.10012787180941332,0.10107386589499952,0.09905119915634865,0.10041378593211092,0.09790248907064301,0.09988982408285559,0.10407647467108823,0.10093271126762708,0.09790085214309723,0.09863092597181657
2026-05-13,0.09893013004568994,0.10301398916792916,0.09952605304925045,0.09966212297659922,0.09771810676031169,0.09973698258505792,0.1049776772924961,0.10130626069227253,0.09749803192010889,0.09763064551028408
2026-05-14,0.09822455060626611,0.1032621755780561,0.09915950768466565,0.0988886242202021,0.09764424281050255,0.10035301273524608,0.10571115418701181,0.10209376881057362,0.09762429211123029,0.09703867125624561
2026-05-15,0.09997817790896917,0.10137220329483297,0.09910511113971496,0.09819078911726845,0.09847026827463413,0.09955698491431951,0.10583912122895929,0.10253475840000502,0.09776730178930071,0.09718528393199567
2026-05-18,0.10043609071355368,0.10106435413349406,0.099870682983299,0.09831111193474958,0.09828026525863114,0.09882371831961591,0.1052254423474359,0.10230868721655159,0.09750372149696772,0.0981759255957014
2026-05-19,0.10176650664754928,0.10054705867262867,0.0997331744154347,0.0972507883887783,0.09847679136270769,0.09833439662247549,0.10519126180064282,0.10222416725351079,0.09744263117870385,0.09903322365756839
2026-05-20,0.09835228228349004,0.10132845475361703,0.1003114802050368,0.09758937339943434,0.09808200141372934,0.09973003096430556,0.10578914314361736,0.10216656881657286,0.09743316999855467,0.09921749502164211
2026-05-21,0.09751465199283307,0.10193446710857805,0.10059060245822597,0.09722994668143155,0.09787945345977926,0.1003915104835288,0.10570434072264284,0.1020924264588182,0.09752874383177415,0.09913385680238812
2026-05-22,0.09692682394271121,0.10161942986282256,0.10030547587484404,0.09641161309157281,0.09788253379908814,0.10124301475498201,0.10606548285448845,0.10240969573652166,0.09798096094792862,0.09915496913504047
2026-05-26,0.09443366335311629,0.1045384003505906,0.10048425818035576,0.09556849905033893,0.09739760617466513,0.10221039215256233,0.10695816869018063,0.10214361692219295,0.09756340353787533,0.09870199158812201
2026-05-27,0.09306611408260593,0.10489569515846806,0.10049712128034781,0.09463268426051794,0.09778625319691221,0.10252529135840137,0.1072174289308324,0.10248995527159113,0.0981412941449378,0.09874816231538538
2026-05-28,0.09338193064922361,0.10477308607216339,0.09998138141366122,0.09520617035170202,0.09758584896148408,0.10266064434954424,0.10764869933814897,0.10260482434959073,0.09821627128018448,0.09794114323429723
2026-05-29,0.0926553580408518,0.10478893881814967,0.10011617535717673,0.09623809187955883,0.09772842294275311,0.10212850584164965,0.10807738628234166,0.10289101502239369,0.09826837633715671,0.09710772947796815
2026-06-01,0.0,0.0,0.0,0.0,0.39893275261830674,0.0,0.0,0.6010672473816933,0.0,0.0
2026-06-02,0.0,0.0,0.0,0.0,0.39878554275296085,0.0,0.0,0.6012144572470391,0.0,0.0
2026-06-03,0.0,0.0,0.0,0.0,0.3998630139809196,0.0,0.0,0.6001369860190805,0.0,0.0
2026-06-04,0.0,0.0,0.0,0.0,0.39926425147021677,0.0,0.0,0.6007357485297832,0.0,0.0
2026-06-05,0.0,0.0,0.0,0.0,0.4042687121307295,0.0,0.0,0.5957312878692705,0.0,0.0
2026-06-08,0.0,0.0,0.0,0.0,0.4034668905743415,0.0,0.0,0.5965331094256584,0.0,0.0
2026-06-09,0.0,0.0,0.0,0.0,0.4048434019146963,0.0,0.0,0.5951565980853037,0.0,0.0
2026-06-10,0.0,0.0,0.0,0.0,0.4084460177762251,0.0,0.0,0.591553982223775,0.0,0.0
2026-06-11,0.0,0.0,0.0,0.0,0.40604647573864633,0.0,0.0,0.5939535242613537,0.0,0.0
2026-06-12,0.0,0.0,0.0,0.0,0.40433744952299044,0.0,0.0,0.5956625504770096,0.0,0.0
2026-06-15,0.0,0.0,0.0,0.0,0.4003892263716896,0.0,0.0,0.5996107736283105,0.0,0.0
2026-06-16,0.0,0.0,0.0,0.0,0.4024368355388234,0.0,0.0,0.5975631644611766,0.0,0.0
2026-06-17,0.0,0.0,0.0,0.0,0.4041845801040449,0.0,0.0,0.5958154198959551,0.0,0.0
2026-06-18,0.0,0.0,0.0,0.0,0.40256406360588726,0.0,0.0,0.5974359363941129,0.0,0.0
2026-06-22,0.0,0.0,0.0,0.0,0.40240280584255855,0.0,0.0,0.5975971941574415,0.0,0.0
2026-06-23,0.0,0.0,0.0,0.0,0.40623323957903174,0.0,0.0,0.5937667604209683,0.0,0.0
2026-06-24,0.0,0.0,0.0,0.0,0.4079043940244765,0.0,0.0,0.5920956059755236,0.0,0.0
2026-06-25,0.0,0.0,0.0,0.0,0.4077084313513967,0.0,0.0,0.5922915686486033,0.0,0.0
2026-06-26,0.0,0.0,0.0,0.0,0.40815784798135446,0.0,0.0,0.5918421520186454,0.0,0.0
