Date,Previous Month Regime,Regime Description,Selected Strategy,Turnover,Transaction Cost
2007-03-01,0.0,Equity growth / risk-on,60/40,1.0,10.0
2007-03-02,,,,0.0,0.0
2007-03-05,,,,0.0,0.0
2007-03-06,,,,0.0,0.0
2007-03-07,,,,0.0,0.0
2007-03-08,,,,0.0,0.0
2007-03-09,,,,0.0,0.0
2007-03-12,,,,0.0,0.0
2007-03-13,,,,0.0,0.0
2007-03-14,,,,0.0,0.0
2007-03-15,,,,0.0,0.0
2007-03-16,,,,0.0,0.0
2007-03-19,,,,0.0,0.0
2007-03-20,,,,0.0,0.0
2007-03-21,,,,0.0,0.0
2007-03-22,,,,0.0,0.0
2007-03-23,,,,0.0,0.0
2007-03-26,,,,0.0,0.0
2007-03-27,,,,0.0,0.0
2007-03-28,,,,0.0,0.0
2007-03-29,,,,0.0,0.0
2007-03-30,,,,0.0,0.0
2007-04-02,0.0,Equity growth / risk-on,60/40,0.006186289322611893,0.062196586492570524
2007-04-03,,,,0.0,0.0
2007-04-04,,,,0.0,0.0
2007-04-05,,,,0.0,0.0
2007-04-09,,,,0.0,0.0
2007-04-10,,,,0.0,0.0
2007-04-11,,,,0.0,0.0
2007-04-12,,,,0.0,0.0
2007-04-13,,,,0.0,0.0
2007-04-16,,,,0.0,0.0
2007-04-17,,,,0.0,0.0
2007-04-18,,,,0.0,0.0
2007-04-19,,,,0.0,0.0
2007-04-20,,,,0.0,0.0
2007-04-23,,,,0.0,0.0
2007-04-24,,,,0.0,0.0
2007-04-25,,,,0.0,0.0
2007-04-26,,,,0.0,0.0
2007-04-27,,,,0.0,0.0
2007-04-30,,,,0.0,0.0
2007-05-01,0.0,Equity growth / risk-on,60/40,0.017833549584526875,0.18449648986778003
2007-05-02,,,,0.0,0.0
2007-05-03,,,,0.0,0.0
2007-05-04,,,,0.0,0.0
2007-05-07,,,,0.0,0.0
2007-05-08,,,,0.0,0.0
2007-05-09,,,,0.0,0.0
2007-05-10,,,,0.0,0.0
2007-05-11,,,,0.0,0.0
2007-05-14,,,,0.0,0.0
2007-05-15,,,,0.0,0.0
2007-05-16,,,,0.0,0.0
2007-05-17,,,,0.0,0.0
2007-05-18,,,,0.0,0.0
2007-05-21,,,,0.0,0.0
2007-05-22,,,,0.0,0.0
2007-05-23,,,,0.0,0.0
2007-05-24,,,,0.0,0.0
2007-05-25,,,,0.0,0.0
2007-05-29,,,,0.0,0.0
2007-05-30,,,,0.0,0.0
2007-05-31,,,,0.0,0.0
2007-06-01,0.0,Equity growth / risk-on,60/40,0.022635880636066752,0.23763545904376623
2007-06-04,,,,0.0,0.0
2007-06-05,,,,0.0,0.0
2007-06-06,,,,0.0,0.0
2007-06-07,,,,0.0,0.0
2007-06-08,,,,0.0,0.0
2007-06-11,,,,0.0,0.0
2007-06-12,,,,0.0,0.0
2007-06-13,,,,0.0,0.0
2007-06-14,,,,0.0,0.0
2007-06-15,,,,0.0,0.0
2007-06-18,,,,0.0,0.0
2007-06-19,,,,0.0,0.0
2007-06-20,,,,0.0,0.0
2007-06-21,,,,0.0,0.0
2007-06-22,,,,0.0,0.0
2007-06-25,,,,0.0,0.0
2007-06-26,,,,0.0,0.0
2007-06-27,,,,0.0,0.0
2007-06-28,,,,0.0,0.0
2007-06-29,,,,0.0,0.0
2007-07-02,0.0,Equity growth / risk-on,60/40,0.004824240649349554,0.050105566589502964
2007-07-03,,,,0.0,0.0
2007-07-05,,,,0.0,0.0
2007-07-06,,,,0.0,0.0
2007-07-09,,,,0.0,0.0
2007-07-10,,,,0.0,0.0
2007-07-11,,,,0.0,0.0
2007-07-12,,,,0.0,0.0
2007-07-13,,,,0.0,0.0
2007-07-16,,,,0.0,0.0
2007-07-17,,,,0.0,0.0
2007-07-18,,,,0.0,0.0
2007-07-19,,,,0.0,0.0
2007-07-20,,,,0.0,0.0
2007-07-23,,,,0.0,0.0
2007-07-24,,,,0.0,0.0
2007-07-25,,,,0.0,0.0
2007-07-26,,,,0.0,0.0
2007-07-27,,,,0.0,0.0
2007-07-30,,,,0.0,0.0
2007-07-31,,,,0.0,0.0
2007-08-01,0.0,Equity growth / risk-on,60/40,0.026116733244428536,0.26860541182901027
2007-08-02,,,,0.0,0.0
2007-08-03,,,,0.0,0.0
2007-08-06,,,,0.0,0.0
2007-08-07,,,,0.0,0.0
2007-08-08,,,,0.0,0.0
2007-08-09,,,,0.0,0.0
2007-08-10,,,,0.0,0.0
2007-08-13,,,,0.0,0.0
2007-08-14,,,,0.0,0.0
2007-08-15,,,,0.0,0.0
2007-08-16,,,,0.0,0.0
2007-08-17,,,,0.0,0.0
2007-08-20,,,,0.0,0.0
2007-08-21,,,,0.0,0.0
2007-08-22,,,,0.0,0.0
2007-08-23,,,,0.0,0.0
2007-08-24,,,,0.0,0.0
2007-08-27,,,,0.0,0.0
2007-08-28,,,,0.0,0.0
2007-08-29,,,,0.0,0.0
2007-08-30,,,,0.0,0.0
2007-08-31,,,,0.0,0.0
2007-09-04,2.0,Mixed / transition regime,Minimum Volatility,0.7604506426807904,7.951892597701561
2007-09-05,,,,0.0,0.0
2007-09-06,,,,0.0,0.0
2007-09-07,,,,0.0,0.0
2007-09-10,,,,0.0,0.0
2007-09-11,,,,0.0,0.0
2007-09-12,,,,0.0,0.0
2007-09-13,,,,0.0,0.0
2007-09-14,,,,0.0,0.0
2007-09-17,,,,0.0,0.0
2007-09-18,,,,0.0,0.0
2007-09-19,,,,0.0,0.0
2007-09-20,,,,0.0,0.0
2007-09-21,,,,0.0,0.0
2007-09-24,,,,0.0,0.0
2007-09-25,,,,0.0,0.0
2007-09-26,,,,0.0,0.0
2007-09-27,,,,0.0,0.0
2007-09-28,,,,0.0,0.0
2007-10-01,2.0,Mixed / transition regime,Minimum Volatility,0.04836122798838399,0.5147087283577421
2007-10-02,,,,0.0,0.0
2007-10-03,,,,0.0,0.0
2007-10-04,,,,0.0,0.0
2007-10-05,,,,0.0,0.0
2007-10-08,,,,0.0,0.0
2007-10-09,,,,0.0,0.0
2007-10-10,,,,0.0,0.0
2007-10-11,,,,0.0,0.0
2007-10-12,,,,0.0,0.0
2007-10-15,,,,0.0,0.0
2007-10-16,,,,0.0,0.0
2007-10-17,,,,0.0,0.0
2007-10-18,,,,0.0,0.0
2007-10-19,,,,0.0,0.0
2007-10-22,,,,0.0,0.0
2007-10-23,,,,0.0,0.0
2007-10-24,,,,0.0,0.0
2007-10-25,,,,0.0,0.0
2007-10-26,,,,0.0,0.0
2007-10-29,,,,0.0,0.0
2007-10-30,,,,0.0,0.0
2007-10-31,,,,0.0,0.0
2007-11-01,0.0,Equity growth / risk-on,60/40,0.7710733811384058,8.378559129674661
2007-11-02,,,,0.0,0.0
2007-11-05,,,,0.0,0.0
2007-11-06,,,,0.0,0.0
2007-11-07,,,,0.0,0.0
2007-11-08,,,,0.0,0.0
2007-11-09,,,,0.0,0.0
2007-11-12,,,,0.0,0.0
2007-11-13,,,,0.0,0.0
2007-11-14,,,,0.0,0.0
2007-11-15,,,,0.0,0.0
2007-11-16,,,,0.0,0.0
2007-11-19,,,,0.0,0.0
2007-11-20,,,,0.0,0.0
2007-11-21,,,,0.0,0.0
2007-11-23,,,,0.0,0.0
2007-11-26,,,,0.0,0.0
2007-11-27,,,,0.0,0.0
2007-11-28,,,,0.0,0.0
2007-11-29,,,,0.0,0.0
2007-11-30,,,,0.0,0.0
2007-12-03,2.0,Mixed / transition regime,Minimum Volatility,0.7915157090420375,8.533468979944011
2007-12-04,,,,0.0,0.0
2007-12-05,,,,0.0,0.0
2007-12-06,,,,0.0,0.0
2007-12-07,,,,0.0,0.0
2007-12-10,,,,0.0,0.0
2007-12-11,,,,0.0,0.0
2007-12-12,,,,0.0,0.0
2007-12-13,,,,0.0,0.0
2007-12-14,,,,0.0,0.0
2007-12-17,,,,0.0,0.0
2007-12-18,,,,0.0,0.0
2007-12-19,,,,0.0,0.0
2007-12-20,,,,0.0,0.0
2007-12-21,,,,0.0,0.0
2007-12-24,,,,0.0,0.0
2007-12-26,,,,0.0,0.0
2007-12-27,,,,0.0,0.0
2007-12-28,,,,0.0,0.0
2007-12-31,,,,0.0,0.0
2008-01-02,2.0,Mixed / transition regime,Minimum Volatility,0.041547619517039315,0.44879301367704083
2008-01-03,,,,0.0,0.0
2008-01-04,,,,0.0,0.0
2008-01-07,,,,0.0,0.0
2008-01-08,,,,0.0,0.0
2008-01-09,,,,0.0,0.0
2008-01-10,,,,0.0,0.0
2008-01-11,,,,0.0,0.0
2008-01-14,,,,0.0,0.0
2008-01-15,,,,0.0,0.0
2008-01-16,,,,0.0,0.0
2008-01-17,,,,0.0,0.0
2008-01-18,,,,0.0,0.0
2008-01-22,,,,0.0,0.0
2008-01-23,,,,0.0,0.0
2008-01-24,,,,0.0,0.0
2008-01-25,,,,0.0,0.0
2008-01-28,,,,0.0,0.0
2008-01-29,,,,0.0,0.0
2008-01-30,,,,0.0,0.0
2008-01-31,,,,0.0,0.0
2008-02-01,2.0,Mixed / transition regime,Minimum Volatility,0.054950966465278424,0.5970704592205434
2008-02-04,,,,0.0,0.0
2008-02-05,,,,0.0,0.0
2008-02-06,,,,0.0,0.0
2008-02-07,,,,0.0,0.0
2008-02-08,,,,0.0,0.0
2008-02-11,,,,0.0,0.0
2008-02-12,,,,0.0,0.0
2008-02-13,,,,0.0,0.0
2008-02-14,,,,0.0,0.0
2008-02-15,,,,0.0,0.0
2008-02-19,,,,0.0,0.0
2008-02-20,,,,0.0,0.0
2008-02-21,,,,0.0,0.0
2008-02-22,,,,0.0,0.0
2008-02-25,,,,0.0,0.0
2008-02-26,,,,0.0,0.0
2008-02-27,,,,0.0,0.0
2008-02-28,,,,0.0,0.0
2008-02-29,,,,0.0,0.0
2008-03-03,2.0,Mixed / transition regime,Minimum Volatility,0.10076000076630695,1.1053923768944471
2008-03-04,,,,0.0,0.0
2008-03-05,,,,0.0,0.0
2008-03-06,,,,0.0,0.0
2008-03-07,,,,0.0,0.0
2008-03-10,,,,0.0,0.0
2008-03-11,,,,0.0,0.0
2008-03-12,,,,0.0,0.0
2008-03-13,,,,0.0,0.0
2008-03-14,,,,0.0,0.0
2008-03-17,,,,0.0,0.0
2008-03-18,,,,0.0,0.0
2008-03-19,,,,0.0,0.0
2008-03-20,,,,0.0,0.0
2008-03-24,,,,0.0,0.0
2008-03-25,,,,0.0,0.0
2008-03-26,,,,0.0,0.0
2008-03-27,,,,0.0,0.0
2008-03-28,,,,0.0,0.0
2008-03-31,,,,0.0,0.0
2008-04-01,2.0,Mixed / transition regime,Minimum Volatility,0.061025470212900064,0.6733686233697816
2008-04-02,,,,0.0,0.0
2008-04-03,,,,0.0,0.0
2008-04-04,,,,0.0,0.0
2008-04-07,,,,0.0,0.0
2008-04-08,,,,0.0,0.0
2008-04-09,,,,0.0,0.0
2008-04-10,,,,0.0,0.0
2008-04-11,,,,0.0,0.0
2008-04-14,,,,0.0,0.0
2008-04-15,,,,0.0,0.0
2008-04-16,,,,0.0,0.0
2008-04-17,,,,0.0,0.0
2008-04-18,,,,0.0,0.0
2008-04-21,,,,0.0,0.0
2008-04-22,,,,0.0,0.0
2008-04-23,,,,0.0,0.0
2008-04-24,,,,0.0,0.0
2008-04-25,,,,0.0,0.0
2008-04-28,,,,0.0,0.0
2008-04-29,,,,0.0,0.0
2008-04-30,,,,0.0,0.0
2008-05-01,3.0,Commodity strength / inflation-like,Equal Weight,1.1048692455182336,12.205190663606082
2008-05-02,,,,0.0,0.0
2008-05-05,,,,0.0,0.0
2008-05-06,,,,0.0,0.0
2008-05-07,,,,0.0,0.0
2008-05-08,,,,0.0,0.0
2008-05-09,,,,0.0,0.0
2008-05-12,,,,0.0,0.0
2008-05-13,,,,0.0,0.0
2008-05-14,,,,0.0,0.0
2008-05-15,,,,0.0,0.0
2008-05-16,,,,0.0,0.0
2008-05-19,,,,0.0,0.0
2008-05-20,,,,0.0,0.0
2008-05-21,,,,0.0,0.0
2008-05-22,,,,0.0,0.0
2008-05-23,,,,0.0,0.0
2008-05-27,,,,0.0,0.0
2008-05-28,,,,0.0,0.0
2008-05-29,,,,0.0,0.0
2008-05-30,,,,0.0,0.0
2008-06-02,3.0,Commodity strength / inflation-like,Equal Weight,0.02505280553045093,0.281844051880981
2008-06-03,,,,0.0,0.0
2008-06-04,,,,0.0,0.0
2008-06-05,,,,0.0,0.0
2008-06-06,,,,0.0,0.0
2008-06-09,,,,0.0,0.0
2008-06-10,,,,0.0,0.0
2008-06-11,,,,0.0,0.0
2008-06-12,,,,0.0,0.0
2008-06-13,,,,0.0,0.0
2008-06-16,,,,0.0,0.0
2008-06-17,,,,0.0,0.0
2008-06-18,,,,0.0,0.0
2008-06-19,,,,0.0,0.0
2008-06-20,,,,0.0,0.0
2008-06-23,,,,0.0,0.0
2008-06-24,,,,0.0,0.0
2008-06-25,,,,0.0,0.0
2008-06-26,,,,0.0,0.0
2008-06-27,,,,0.0,0.0
2008-06-30,,,,0.0,0.0
2008-07-01,3.0,Commodity strength / inflation-like,Equal Weight,0.06825201996783274,0.7406177813749311
2008-07-02,,,,0.0,0.0
2008-07-03,,,,0.0,0.0
2008-07-07,,,,0.0,0.0
2008-07-08,,,,0.0,0.0
2008-07-09,,,,0.0,0.0
2008-07-10,,,,0.0,0.0
2008-07-11,,,,0.0,0.0
2008-07-14,,,,0.0,0.0
2008-07-15,,,,0.0,0.0
2008-07-16,,,,0.0,0.0
2008-07-17,,,,0.0,0.0
2008-07-18,,,,0.0,0.0
2008-07-21,,,,0.0,0.0
2008-07-22,,,,0.0,0.0
2008-07-23,,,,0.0,0.0
2008-07-24,,,,0.0,0.0
2008-07-25,,,,0.0,0.0
2008-07-28,,,,0.0,0.0
2008-07-29,,,,0.0,0.0
2008-07-30,,,,0.0,0.0
2008-07-31,,,,0.0,0.0
2008-08-01,3.0,Commodity strength / inflation-like,Equal Weight,0.029961878073265044,0.32082100224285526
2008-08-04,,,,0.0,0.0
2008-08-05,,,,0.0,0.0
2008-08-06,,,,0.0,0.0
2008-08-07,,,,0.0,0.0
2008-08-08,,,,0.0,0.0
2008-08-11,,,,0.0,0.0
2008-08-12,,,,0.0,0.0
2008-08-13,,,,0.0,0.0
2008-08-14,,,,0.0,0.0
2008-08-15,,,,0.0,0.0
2008-08-18,,,,0.0,0.0
2008-08-19,,,,0.0,0.0
2008-08-20,,,,0.0,0.0
2008-08-21,,,,0.0,0.0
2008-08-22,,,,0.0,0.0
2008-08-25,,,,0.0,0.0
2008-08-26,,,,0.0,0.0
2008-08-27,,,,0.0,0.0
2008-08-28,,,,0.0,0.0
2008-08-29,,,,0.0,0.0
2008-09-02,2.0,Mixed / transition regime,Minimum Volatility,1.1196555815539466,11.830531106642793
2008-09-03,,,,0.0,0.0
2008-09-04,,,,0.0,0.0
2008-09-05,,,,0.0,0.0
2008-09-08,,,,0.0,0.0
2008-09-09,,,,0.0,0.0
2008-09-10,,,,0.0,0.0
2008-09-11,,,,0.0,0.0
2008-09-12,,,,0.0,0.0
2008-09-15,,,,0.0,0.0
2008-09-16,,,,0.0,0.0
2008-09-17,,,,0.0,0.0
2008-09-18,,,,0.0,0.0
2008-09-19,,,,0.0,0.0
2008-09-22,,,,0.0,0.0
2008-09-23,,,,0.0,0.0
2008-09-24,,,,0.0,0.0
2008-09-25,,,,0.0,0.0
2008-09-26,,,,0.0,0.0
2008-09-29,,,,0.0,0.0
2008-09-30,,,,0.0,0.0
2008-10-01,2.0,Mixed / transition regime,Minimum Volatility,0.13093961072300053,1.3438246159952507
2008-10-02,,,,0.0,0.0
2008-10-03,,,,0.0,0.0
2008-10-06,,,,0.0,0.0
2008-10-07,,,,0.0,0.0
2008-10-08,,,,0.0,0.0
2008-10-09,,,,0.0,0.0
2008-10-10,,,,0.0,0.0
2008-10-13,,,,0.0,0.0
2008-10-14,,,,0.0,0.0
2008-10-15,,,,0.0,0.0
2008-10-16,,,,0.0,0.0
2008-10-17,,,,0.0,0.0
2008-10-20,,,,0.0,0.0
2008-10-21,,,,0.0,0.0
2008-10-22,,,,0.0,0.0
2008-10-23,,,,0.0,0.0
2008-10-24,,,,0.0,0.0
2008-10-27,,,,0.0,0.0
2008-10-28,,,,0.0,0.0
2008-10-29,,,,0.0,0.0
2008-10-30,,,,0.0,0.0
2008-10-31,,,,0.0,0.0
2008-11-03,1.0,Stress / high-volatility equity weakness,Maximum Sharpe,0.5970263383571064,5.668892656274683
2008-11-04,,,,0.0,0.0
2008-11-05,,,,0.0,0.0
2008-11-06,,,,0.0,0.0
2008-11-07,,,,0.0,0.0
2008-11-10,,,,0.0,0.0
2008-11-11,,,,0.0,0.0
2008-11-12,,,,0.0,0.0
2008-11-13,,,,0.0,0.0
2008-11-14,,,,0.0,0.0
2008-11-17,,,,0.0,0.0
2008-11-18,,,,0.0,0.0
2008-11-19,,,,0.0,0.0
2008-11-20,,,,0.0,0.0
2008-11-21,,,,0.0,0.0
2008-11-24,,,,0.0,0.0
2008-11-25,,,,0.0,0.0
2008-11-26,,,,0.0,0.0
2008-11-28,,,,0.0,0.0
2008-12-01,1.0,Stress / high-volatility equity weakness,Maximum Sharpe,0.02585649091025194,0.2732221553817627
2008-12-02,,,,0.0,0.0
2008-12-03,,,,0.0,0.0
2008-12-04,,,,0.0,0.0
2008-12-05,,,,0.0,0.0
2008-12-08,,,,0.0,0.0
2008-12-09,,,,0.0,0.0
2008-12-10,,,,0.0,0.0
2008-12-11,,,,0.0,0.0
2008-12-12,,,,0.0,0.0
2008-12-15,,,,0.0,0.0
2008-12-16,,,,0.0,0.0
2008-12-17,,,,0.0,0.0
2008-12-18,,,,0.0,0.0
2008-12-19,,,,0.0,0.0
2008-12-22,,,,0.0,0.0
2008-12-23,,,,0.0,0.0
2008-12-24,,,,0.0,0.0
2008-12-26,,,,0.0,0.0
2008-12-29,,,,0.0,0.0
2008-12-30,,,,0.0,0.0
2008-12-31,,,,0.0,0.0
2009-01-02,1.0,Stress / high-volatility equity weakness,Maximum Sharpe,0.15677515500729838,1.806830709253038
2009-01-05,,,,0.0,0.0
2009-01-06,,,,0.0,0.0
2009-01-07,,,,0.0,0.0
2009-01-08,,,,0.0,0.0
2009-01-09,,,,0.0,0.0
2009-01-12,,,,0.0,0.0
2009-01-13,,,,0.0,0.0
2009-01-14,,,,0.0,0.0
2009-01-15,,,,0.0,0.0
2009-01-16,,,,0.0,0.0
2009-01-20,,,,0.0,0.0
2009-01-21,,,,0.0,0.0
2009-01-22,,,,0.0,0.0
2009-01-23,,,,0.0,0.0
2009-01-26,,,,0.0,0.0
2009-01-27,,,,0.0,0.0
2009-01-28,,,,0.0,0.0
2009-01-29,,,,0.0,0.0
2009-01-30,,,,0.0,0.0
2009-02-02,1.0,Stress / high-volatility equity weakness,Maximum Sharpe,0.14189396851442504,1.518112064656789
2009-02-03,,,,0.0,0.0
2009-02-04,,,,0.0,0.0
2009-02-05,,,,0.0,0.0
2009-02-06,,,,0.0,0.0
2009-02-09,,,,0.0,0.0
2009-02-10,,,,0.0,0.0
2009-02-11,,,,0.0,0.0
2009-02-12,,,,0.0,0.0
2009-02-13,,,,0.0,0.0
2009-02-17,,,,0.0,0.0
2009-02-18,,,,0.0,0.0
2009-02-19,,,,0.0,0.0
2009-02-20,,,,0.0,0.0
2009-02-23,,,,0.0,0.0
2009-02-24,,,,0.0,0.0
2009-02-25,,,,0.0,0.0
2009-02-26,,,,0.0,0.0
2009-02-27,,,,0.0,0.0
2009-03-02,1.0,Stress / high-volatility equity weakness,Maximum Sharpe,0.008304219490205482,0.08828490335911501
2009-03-03,,,,0.0,0.0
2009-03-04,,,,0.0,0.0
2009-03-05,,,,0.0,0.0
2009-03-06,,,,0.0,0.0
2009-03-09,,,,0.0,0.0
2009-03-10,,,,0.0,0.0
2009-03-11,,,,0.0,0.0
2009-03-12,,,,0.0,0.0
2009-03-13,,,,0.0,0.0
2009-03-16,,,,0.0,0.0
2009-03-17,,,,0.0,0.0
2009-03-18,,,,0.0,0.0
2009-03-19,,,,0.0,0.0
2009-03-20,,,,0.0,0.0
2009-03-23,,,,0.0,0.0
2009-03-24,,,,0.0,0.0
2009-03-25,,,,0.0,0.0
2009-03-26,,,,0.0,0.0
2009-03-27,,,,0.0,0.0
2009-03-30,,,,0.0,0.0
2009-03-31,,,,0.0,0.0
2009-04-01,1.0,Stress / high-volatility equity weakness,Maximum Sharpe,0.01942235685979764,0.21151571937624397
2009-04-02,,,,0.0,0.0
2009-04-03,,,,0.0,0.0
2009-04-06,,,,0.0,0.0
2009-04-07,,,,0.0,0.0
2009-04-08,,,,0.0,0.0
2009-04-09,,,,0.0,0.0
2009-04-13,,,,0.0,0.0
2009-04-14,,,,0.0,0.0
2009-04-15,,,,0.0,0.0
2009-04-16,,,,0.0,0.0
2009-04-17,,,,0.0,0.0
2009-04-20,,,,0.0,0.0
2009-04-21,,,,0.0,0.0
2009-04-22,,,,0.0,0.0
2009-04-23,,,,0.0,0.0
2009-04-24,,,,0.0,0.0
2009-04-27,,,,0.0,0.0
2009-04-28,,,,0.0,0.0
2009-04-29,,,,0.0,0.0
2009-04-30,,,,0.0,0.0
2009-05-01,3.0,Commodity strength / inflation-like,Equal Weight,1.3999999999980086,14.553125090921235
2009-05-04,,,,0.0,0.0
2009-05-05,,,,0.0,0.0
2009-05-06,,,,0.0,0.0
2009-05-07,,,,0.0,0.0
2009-05-08,,,,0.0,0.0
2009-05-11,,,,0.0,0.0
2009-05-12,,,,0.0,0.0
2009-05-13,,,,0.0,0.0
2009-05-14,,,,0.0,0.0
2009-05-15,,,,0.0,0.0
2009-05-18,,,,0.0,0.0
2009-05-19,,,,0.0,0.0
2009-05-20,,,,0.0,0.0
2009-05-21,,,,0.0,0.0
2009-05-22,,,,0.0,0.0
2009-05-26,,,,0.0,0.0
2009-05-27,,,,0.0,0.0
2009-05-28,,,,0.0,0.0
2009-05-29,,,,0.0,0.0
2009-06-01,3.0,Commodity strength / inflation-like,Equal Weight,0.055701565910750664,0.61575484986607
2009-06-02,,,,0.0,0.0
2009-06-03,,,,0.0,0.0
2009-06-04,,,,0.0,0.0
2009-06-05,,,,0.0,0.0
2009-06-08,,,,0.0,0.0
2009-06-09,,,,0.0,0.0
2009-06-10,,,,0.0,0.0
2009-06-11,,,,0.0,0.0
2009-06-12,,,,0.0,0.0
2009-06-15,,,,0.0,0.0
2009-06-16,,,,0.0,0.0
2009-06-17,,,,0.0,0.0
2009-06-18,,,,0.0,0.0
2009-06-19,,,,0.0,0.0
2009-06-22,,,,0.0,0.0
2009-06-23,,,,0.0,0.0
2009-06-24,,,,0.0,0.0
2009-06-25,,,,0.0,0.0
2009-06-26,,,,0.0,0.0
2009-06-29,,,,0.0,0.0
2009-06-30,,,,0.0,0.0
2009-07-01,3.0,Commodity strength / inflation-like,Equal Weight,0.01978464061245626,0.21655446291803299
2009-07-02,,,,0.0,0.0
2009-07-06,,,,0.0,0.0
2009-07-07,,,,0.0,0.0
2009-07-08,,,,0.0,0.0
2009-07-09,,,,0.0,0.0
2009-07-10,,,,0.0,0.0
2009-07-13,,,,0.0,0.0
2009-07-14,,,,0.0,0.0
2009-07-15,,,,0.0,0.0
2009-07-16,,,,0.0,0.0
2009-07-17,,,,0.0,0.0
2009-07-20,,,,0.0,0.0
2009-07-21,,,,0.0,0.0
2009-07-22,,,,0.0,0.0
2009-07-23,,,,0.0,0.0
2009-07-24,,,,0.0,0.0
2009-07-27,,,,0.0,0.0
2009-07-28,,,,0.0,0.0
2009-07-29,,,,0.0,0.0
2009-07-30,,,,0.0,0.0
2009-07-31,,,,0.0,0.0
2009-08-03,3.0,Commodity strength / inflation-like,Equal Weight,0.03646410232574926,0.42407420848716965
2009-08-04,,,,0.0,0.0
2009-08-05,,,,0.0,0.0
2009-08-06,,,,0.0,0.0
2009-08-07,,,,0.0,0.0
2009-08-10,,,,0.0,0.0
2009-08-11,,,,0.0,0.0
2009-08-12,,,,0.0,0.0
2009-08-13,,,,0.0,0.0
2009-08-14,,,,0.0,0.0
2009-08-17,,,,0.0,0.0
2009-08-18,,,,0.0,0.0
2009-08-19,,,,0.0,0.0
2009-08-20,,,,0.0,0.0
2009-08-21,,,,0.0,0.0
2009-08-24,,,,0.0,0.0
2009-08-25,,,,0.0,0.0
2009-08-26,,,,0.0,0.0
2009-08-27,,,,0.0,0.0
2009-08-28,,,,0.0,0.0
2009-08-31,,,,0.0,0.0
2009-09-01,0.0,Equity growth / risk-on,60/40,1.6009113040518579,19.076170252084008
2009-09-02,,,,0.0,0.0
2009-09-03,,,,0.0,0.0
2009-09-04,,,,0.0,0.0
2009-09-08,,,,0.0,0.0
2009-09-09,,,,0.0,0.0
2009-09-10,,,,0.0,0.0
2009-09-11,,,,0.0,0.0
2009-09-14,,,,0.0,0.0
2009-09-15,,,,0.0,0.0
2009-09-16,,,,0.0,0.0
2009-09-17,,,,0.0,0.0
2009-09-18,,,,0.0,0.0
2009-09-21,,,,0.0,0.0
2009-09-22,,,,0.0,0.0
2009-09-23,,,,0.0,0.0
2009-09-24,,,,0.0,0.0
2009-09-25,,,,0.0,0.0
2009-09-28,,,,0.0,0.0
2009-09-29,,,,0.0,0.0
2009-09-30,,,,0.0,0.0
2009-10-01,0.0,Equity growth / risk-on,60/40,0.011330314375121497,0.13826775913734068
2009-10-02,,,,0.0,0.0
2009-10-05,,,,0.0,0.0
2009-10-06,,,,0.0,0.0
2009-10-07,,,,0.0,0.0
2009-10-08,,,,0.0,0.0
2009-10-09,,,,0.0,0.0
2009-10-12,,,,0.0,0.0
2009-10-13,,,,0.0,0.0
2009-10-14,,,,0.0,0.0
2009-10-15,,,,0.0,0.0
2009-10-16,,,,0.0,0.0
2009-10-19,,,,0.0,0.0
2009-10-20,,,,0.0,0.0
2009-10-21,,,,0.0,0.0
2009-10-22,,,,0.0,0.0
2009-10-23,,,,0.0,0.0
2009-10-26,,,,0.0,0.0
2009-10-27,,,,0.0,0.0
2009-10-28,,,,0.0,0.0
2009-10-29,,,,0.0,0.0
2009-10-30,,,,0.0,0.0
2009-11-02,0.0,Equity growth / risk-on,60/40,0.008670434915200032,0.10452822819622422
2009-11-03,,,,0.0,0.0
2009-11-04,,,,0.0,0.0
2009-11-05,,,,0.0,0.0
2009-11-06,,,,0.0,0.0
2009-11-09,,,,0.0,0.0
2009-11-10,,,,0.0,0.0
2009-11-11,,,,0.0,0.0
2009-11-12,,,,0.0,0.0
2009-11-13,,,,0.0,0.0
2009-11-16,,,,0.0,0.0
2009-11-17,,,,0.0,0.0
2009-11-18,,,,0.0,0.0
2009-11-19,,,,0.0,0.0
2009-11-20,,,,0.0,0.0
2009-11-23,,,,0.0,0.0
2009-11-24,,,,0.0,0.0
2009-11-25,,,,0.0,0.0
2009-11-27,,,,0.0,0.0
2009-11-30,,,,0.0,0.0
2009-12-01,0.0,Equity growth / risk-on,60/40,0.019032024370729594,0.2397749225492273
2009-12-02,,,,0.0,0.0
2009-12-03,,,,0.0,0.0
2009-12-04,,,,0.0,0.0
2009-12-07,,,,0.0,0.0
2009-12-08,,,,0.0,0.0
2009-12-09,,,,0.0,0.0
2009-12-10,,,,0.0,0.0
2009-12-11,,,,0.0,0.0
2009-12-14,,,,0.0,0.0
2009-12-15,,,,0.0,0.0
2009-12-16,,,,0.0,0.0
2009-12-17,,,,0.0,0.0
2009-12-18,,,,0.0,0.0
2009-12-21,,,,0.0,0.0
2009-12-22,,,,0.0,0.0
2009-12-23,,,,0.0,0.0
2009-12-24,,,,0.0,0.0
2009-12-28,,,,0.0,0.0
2009-12-29,,,,0.0,0.0
2009-12-30,,,,0.0,0.0
2009-12-31,,,,0.0,0.0
2010-01-04,0.0,Equity growth / risk-on,60/40,0.03048950712402637,0.38175216081912206
2010-01-05,,,,0.0,0.0
2010-01-06,,,,0.0,0.0
2010-01-07,,,,0.0,0.0
2010-01-08,,,,0.0,0.0
2010-01-11,,,,0.0,0.0
2010-01-12,,,,0.0,0.0
2010-01-13,,,,0.0,0.0
2010-01-14,,,,0.0,0.0
2010-01-15,,,,0.0,0.0
2010-01-19,,,,0.0,0.0
2010-01-20,,,,0.0,0.0
2010-01-21,,,,0.0,0.0
2010-01-22,,,,0.0,0.0
2010-01-25,,,,0.0,0.0
2010-01-26,,,,0.0,0.0
2010-01-27,,,,0.0,0.0
2010-01-28,,,,0.0,0.0
2010-01-29,,,,0.0,0.0
2010-02-01,0.0,Equity growth / risk-on,60/40,0.029181652544901793,0.36086286016957475
2010-02-02,,,,0.0,0.0
2010-02-03,,,,0.0,0.0
2010-02-04,,,,0.0,0.0
2010-02-05,,,,0.0,0.0
2010-02-08,,,,0.0,0.0
2010-02-09,,,,0.0,0.0
2010-02-10,,,,0.0,0.0
2010-02-11,,,,0.0,0.0
2010-02-12,,,,0.0,0.0
2010-02-16,,,,0.0,0.0
2010-02-17,,,,0.0,0.0
2010-02-18,,,,0.0,0.0
2010-02-19,,,,0.0,0.0
2010-02-22,,,,0.0,0.0
2010-02-23,,,,0.0,0.0
2010-02-24,,,,0.0,0.0
2010-02-25,,,,0.0,0.0
2010-02-26,,,,0.0,0.0
2010-03-01,0.0,Equity growth / risk-on,60/40,0.013117608099031397,0.16546006142823325
2010-03-02,,,,0.0,0.0
2010-03-03,,,,0.0,0.0
2010-03-04,,,,0.0,0.0
2010-03-05,,,,0.0,0.0
2010-03-08,,,,0.0,0.0
2010-03-09,,,,0.0,0.0
2010-03-10,,,,0.0,0.0
2010-03-11,,,,0.0,0.0
2010-03-12,,,,0.0,0.0
2010-03-15,,,,0.0,0.0
2010-03-16,,,,0.0,0.0
2010-03-17,,,,0.0,0.0
2010-03-18,,,,0.0,0.0
2010-03-19,,,,0.0,0.0
2010-03-22,,,,0.0,0.0
2010-03-23,,,,0.0,0.0
2010-03-24,,,,0.0,0.0
2010-03-25,,,,0.0,0.0
2010-03-26,,,,0.0,0.0
2010-03-29,,,,0.0,0.0
2010-03-30,,,,0.0,0.0
2010-03-31,,,,0.0,0.0
2010-04-01,0.0,Equity growth / risk-on,60/40,0.03322219356875167,0.432580889302777
2010-04-05,,,,0.0,0.0
2010-04-06,,,,0.0,0.0
2010-04-07,,,,0.0,0.0
2010-04-08,,,,0.0,0.0
2010-04-09,,,,0.0,0.0
2010-04-12,,,,0.0,0.0
2010-04-13,,,,0.0,0.0
2010-04-14,,,,0.0,0.0
2010-04-15,,,,0.0,0.0
2010-04-16,,,,0.0,0.0
2010-04-19,,,,0.0,0.0
2010-04-20,,,,0.0,0.0
2010-04-21,,,,0.0,0.0
2010-04-22,,,,0.0,0.0
2010-04-23,,,,0.0,0.0
2010-04-26,,,,0.0,0.0
2010-04-27,,,,0.0,0.0
2010-04-28,,,,0.0,0.0
2010-04-29,,,,0.0,0.0
2010-04-30,,,,0.0,0.0
2010-05-03,0.0,Equity growth / risk-on,60/40,0.0004996658303385026,0.00660924931274042
2010-05-04,,,,0.0,0.0
2010-05-05,,,,0.0,0.0
2010-05-06,,,,0.0,0.0
2010-05-07,,,,0.0,0.0
2010-05-10,,,,0.0,0.0
2010-05-11,,,,0.0,0.0
2010-05-12,,,,0.0,0.0
2010-05-13,,,,0.0,0.0
2010-05-14,,,,0.0,0.0
2010-05-17,,,,0.0,0.0
2010-05-18,,,,0.0,0.0
2010-05-19,,,,0.0,0.0
2010-05-20,,,,0.0,0.0
2010-05-21,,,,0.0,0.0
2010-05-24,,,,0.0,0.0
2010-05-25,,,,0.0,0.0
2010-05-26,,,,0.0,0.0
2010-05-27,,,,0.0,0.0
2010-05-28,,,,0.0,0.0
2010-06-01,2.0,Mixed / transition regime,Minimum Volatility,0.7984181876442631,10.181384786906301
2010-06-02,,,,0.0,0.0
2010-06-03,,,,0.0,0.0
2010-06-04,,,,0.0,0.0
2010-06-07,,,,0.0,0.0
2010-06-08,,,,0.0,0.0
2010-06-09,,,,0.0,0.0
2010-06-10,,,,0.0,0.0
2010-06-11,,,,0.0,0.0
2010-06-14,,,,0.0,0.0
2010-06-15,,,,0.0,0.0
2010-06-16,,,,0.0,0.0
2010-06-17,,,,0.0,0.0
2010-06-18,,,,0.0,0.0
2010-06-21,,,,0.0,0.0
2010-06-22,,,,0.0,0.0
2010-06-23,,,,0.0,0.0
2010-06-24,,,,0.0,0.0
2010-06-25,,,,0.0,0.0
2010-06-28,,,,0.0,0.0
2010-06-29,,,,0.0,0.0
2010-06-30,,,,0.0,0.0
2010-07-01,2.0,Mixed / transition regime,Minimum Volatility,0.09780532628980743,1.259287931835055
2010-07-02,,,,0.0,0.0
2010-07-06,,,,0.0,0.0
2010-07-07,,,,0.0,0.0
2010-07-08,,,,0.0,0.0
2010-07-09,,,,0.0,0.0
2010-07-12,,,,0.0,0.0
2010-07-13,,,,0.0,0.0
2010-07-14,,,,0.0,0.0
2010-07-15,,,,0.0,0.0
2010-07-16,,,,0.0,0.0
2010-07-19,,,,0.0,0.0
2010-07-20,,,,0.0,0.0
2010-07-21,,,,0.0,0.0
2010-07-22,,,,0.0,0.0
2010-07-23,,,,0.0,0.0
2010-07-26,,,,0.0,0.0
2010-07-27,,,,0.0,0.0
2010-07-28,,,,0.0,0.0
2010-07-29,,,,0.0,0.0
2010-07-30,,,,0.0,0.0
2010-08-02,2.0,Mixed / transition regime,Minimum Volatility,0.05506293830680541,0.7213856691637831
2010-08-03,,,,0.0,0.0
2010-08-04,,,,0.0,0.0
2010-08-05,,,,0.0,0.0
2010-08-06,,,,0.0,0.0
2010-08-09,,,,0.0,0.0
2010-08-10,,,,0.0,0.0
2010-08-11,,,,0.0,0.0
2010-08-12,,,,0.0,0.0
2010-08-13,,,,0.0,0.0
2010-08-16,,,,0.0,0.0
2010-08-17,,,,0.0,0.0
2010-08-18,,,,0.0,0.0
2010-08-19,,,,0.0,0.0
2010-08-20,,,,0.0,0.0
2010-08-23,,,,0.0,0.0
2010-08-24,,,,0.0,0.0
2010-08-25,,,,0.0,0.0
2010-08-26,,,,0.0,0.0
2010-08-27,,,,0.0,0.0
2010-08-30,,,,0.0,0.0
2010-08-31,,,,0.0,0.0
2010-09-01,2.0,Mixed / transition regime,Minimum Volatility,0.05514117880133731,0.7394583751773381
2010-09-02,,,,0.0,0.0
2010-09-03,,,,0.0,0.0
2010-09-07,,,,0.0,0.0
2010-09-08,,,,0.0,0.0
2010-09-09,,,,0.0,0.0
2010-09-10,,,,0.0,0.0
2010-09-13,,,,0.0,0.0
2010-09-14,,,,0.0,0.0
2010-09-15,,,,0.0,0.0
2010-09-16,,,,0.0,0.0
2010-09-17,,,,0.0,0.0
2010-09-20,,,,0.0,0.0
2010-09-21,,,,0.0,0.0
2010-09-22,,,,0.0,0.0
2010-09-23,,,,0.0,0.0
2010-09-24,,,,0.0,0.0
2010-09-27,,,,0.0,0.0
2010-09-28,,,,0.0,0.0
2010-09-29,,,,0.0,0.0
2010-09-30,,,,0.0,0.0
2010-10-01,0.0,Equity growth / risk-on,60/40,0.7310703005756507,10.055106350198484
2010-10-04,,,,0.0,0.0
2010-10-05,,,,0.0,0.0
2010-10-06,,,,0.0,0.0
2010-10-07,,,,0.0,0.0
2010-10-08,,,,0.0,0.0
2010-10-11,,,,0.0,0.0
2010-10-12,,,,0.0,0.0
2010-10-13,,,,0.0,0.0
2010-10-14,,,,0.0,0.0
2010-10-15,,,,0.0,0.0
2010-10-18,,,,0.0,0.0
2010-10-19,,,,0.0,0.0
2010-10-20,,,,0.0,0.0
2010-10-21,,,,0.0,0.0
2010-10-22,,,,0.0,0.0
2010-10-25,,,,0.0,0.0
2010-10-26,,,,0.0,0.0
2010-10-27,,,,0.0,0.0
2010-10-28,,,,0.0,0.0
2010-10-29,,,,0.0,0.0
2010-11-01,0.0,Equity growth / risk-on,60/40,0.01795997951234074,0.2524909765893498
2010-11-02,,,,0.0,0.0
2010-11-03,,,,0.0,0.0
2010-11-04,,,,0.0,0.0
2010-11-05,,,,0.0,0.0
2010-11-08,,,,0.0,0.0
2010-11-09,,,,0.0,0.0
2010-11-10,,,,0.0,0.0
2010-11-11,,,,0.0,0.0
2010-11-12,,,,0.0,0.0
2010-11-15,,,,0.0,0.0
2010-11-16,,,,0.0,0.0
2010-11-17,,,,0.0,0.0
2010-11-18,,,,0.0,0.0
2010-11-19,,,,0.0,0.0
2010-11-22,,,,0.0,0.0
2010-11-23,,,,0.0,0.0
2010-11-24,,,,0.0,0.0
2010-11-26,,,,0.0,0.0
2010-11-29,,,,0.0,0.0
2010-11-30,,,,0.0,0.0
2010-12-01,0.0,Equity growth / risk-on,60/40,0.004326944082710782,0.06061084674994936
2010-12-02,,,,0.0,0.0
2010-12-03,,,,0.0,0.0
2010-12-06,,,,0.0,0.0
2010-12-07,,,,0.0,0.0
2010-12-08,,,,0.0,0.0
2010-12-09,,,,0.0,0.0
2010-12-10,,,,0.0,0.0
2010-12-13,,,,0.0,0.0
2010-12-14,,,,0.0,0.0
2010-12-15,,,,0.0,0.0
2010-12-16,,,,0.0,0.0
2010-12-17,,,,0.0,0.0
2010-12-20,,,,0.0,0.0
2010-12-21,,,,0.0,0.0
2010-12-22,,,,0.0,0.0
2010-12-23,,,,0.0,0.0
2010-12-27,,,,0.0,0.0
2010-12-28,,,,0.0,0.0
2010-12-29,,,,0.0,0.0
2010-12-30,,,,0.0,0.0
2010-12-31,,,,0.0,0.0
2011-01-03,0.0,Equity growth / risk-on,60/40,0.04730896227497433,0.6801771919328137
2011-01-04,,,,0.0,0.0
2011-01-05,,,,0.0,0.0
2011-01-06,,,,0.0,0.0
2011-01-07,,,,0.0,0.0
2011-01-10,,,,0.0,0.0
2011-01-11,,,,0.0,0.0
2011-01-12,,,,0.0,0.0
2011-01-13,,,,0.0,0.0
2011-01-14,,,,0.0,0.0
2011-01-18,,,,0.0,0.0
2011-01-19,,,,0.0,0.0
2011-01-20,,,,0.0,0.0
2011-01-21,,,,0.0,0.0
2011-01-24,,,,0.0,0.0
2011-01-25,,,,0.0,0.0
2011-01-26,,,,0.0,0.0
2011-01-27,,,,0.0,0.0
2011-01-28,,,,0.0,0.0
2011-01-31,,,,0.0,0.0
2011-02-01,0.0,Equity growth / risk-on,60/40,0.011132043506607903,0.1622653770039277
2011-02-02,,,,0.0,0.0
2011-02-03,,,,0.0,0.0
2011-02-04,,,,0.0,0.0
2011-02-07,,,,0.0,0.0
2011-02-08,,,,0.0,0.0
2011-02-09,,,,0.0,0.0
2011-02-10,,,,0.0,0.0
2011-02-11,,,,0.0,0.0
2011-02-14,,,,0.0,0.0
2011-02-15,,,,0.0,0.0
2011-02-16,,,,0.0,0.0
2011-02-17,,,,0.0,0.0
2011-02-18,,,,0.0,0.0
2011-02-22,,,,0.0,0.0
2011-02-23,,,,0.0,0.0
2011-02-24,,,,0.0,0.0
2011-02-25,,,,0.0,0.0
2011-02-28,,,,0.0,0.0
2011-03-01,0.0,Equity growth / risk-on,60/40,0.017327141239777244,0.25761858880136984
2011-03-02,,,,0.0,0.0
2011-03-03,,,,0.0,0.0
2011-03-04,,,,0.0,0.0
2011-03-07,,,,0.0,0.0
2011-03-08,,,,0.0,0.0
2011-03-09,,,,0.0,0.0
2011-03-10,,,,0.0,0.0
2011-03-11,,,,0.0,0.0
2011-03-14,,,,0.0,0.0
2011-03-15,,,,0.0,0.0
2011-03-16,,,,0.0,0.0
2011-03-17,,,,0.0,0.0
2011-03-18,,,,0.0,0.0
2011-03-21,,,,0.0,0.0
2011-03-22,,,,0.0,0.0
2011-03-23,,,,0.0,0.0
2011-03-24,,,,0.0,0.0
2011-03-25,,,,0.0,0.0
2011-03-28,,,,0.0,0.0
2011-03-29,,,,0.0,0.0
2011-03-30,,,,0.0,0.0
2011-03-31,,,,0.0,0.0
2011-04-01,0.0,Equity growth / risk-on,60/40,0.0008001696350796728,0.011890151464406697
2011-04-04,,,,0.0,0.0
2011-04-05,,,,0.0,0.0
2011-04-06,,,,0.0,0.0
2011-04-07,,,,0.0,0.0
2011-04-08,,,,0.0,0.0
2011-04-11,,,,0.0,0.0
2011-04-12,,,,0.0,0.0
2011-04-13,,,,0.0,0.0
2011-04-14,,,,0.0,0.0
2011-04-15,,,,0.0,0.0
2011-04-18,,,,0.0,0.0
2011-04-19,,,,0.0,0.0
2011-04-20,,,,0.0,0.0
2011-04-21,,,,0.0,0.0
2011-04-25,,,,0.0,0.0
2011-04-26,,,,0.0,0.0
2011-04-27,,,,0.0,0.0
2011-04-28,,,,0.0,0.0
2011-04-29,,,,0.0,0.0
2011-05-02,0.0,Equity growth / risk-on,60/40,0.004941116831163883,0.07523927847893551
2011-05-03,,,,0.0,0.0
2011-05-04,,,,0.0,0.0
2011-05-05,,,,0.0,0.0
2011-05-06,,,,0.0,0.0
2011-05-09,,,,0.0,0.0
2011-05-10,,,,0.0,0.0
2011-05-11,,,,0.0,0.0
2011-05-12,,,,0.0,0.0
2011-05-13,,,,0.0,0.0
2011-05-16,,,,0.0,0.0
2011-05-17,,,,0.0,0.0
2011-05-18,,,,0.0,0.0
2011-05-19,,,,0.0,0.0
2011-05-20,,,,0.0,0.0
2011-05-23,,,,0.0,0.0
2011-05-24,,,,0.0,0.0
2011-05-25,,,,0.0,0.0
2011-05-26,,,,0.0,0.0
2011-05-27,,,,0.0,0.0
2011-05-31,,,,0.0,0.0
2011-06-01,0.0,Equity growth / risk-on,60/40,0.01735266428224136,0.26510110149607735
2011-06-02,,,,0.0,0.0
2011-06-03,,,,0.0,0.0
2011-06-06,,,,0.0,0.0
2011-06-07,,,,0.0,0.0
2011-06-08,,,,0.0,0.0
2011-06-09,,,,0.0,0.0
2011-06-10,,,,0.0,0.0
2011-06-13,,,,0.0,0.0
2011-06-14,,,,0.0,0.0
2011-06-15,,,,0.0,0.0
2011-06-16,,,,0.0,0.0
2011-06-17,,,,0.0,0.0
2011-06-20,,,,0.0,0.0
2011-06-21,,,,0.0,0.0
2011-06-22,,,,0.0,0.0
2011-06-23,,,,0.0,0.0
2011-06-24,,,,0.0,0.0
2011-06-27,,,,0.0,0.0
2011-06-28,,,,0.0,0.0
2011-06-29,,,,0.0,0.0
2011-06-30,,,,0.0,0.0
2011-07-01,2.0,Mixed / transition regime,Minimum Volatility,0.5703152063379127,8.606932305835254
2011-07-05,,,,0.0,0.0
2011-07-06,,,,0.0,0.0
2011-07-07,,,,0.0,0.0
2011-07-08,,,,0.0,0.0
2011-07-11,,,,0.0,0.0
2011-07-12,,,,0.0,0.0
2011-07-13,,,,0.0,0.0
2011-07-14,,,,0.0,0.0
2011-07-15,,,,0.0,0.0
2011-07-18,,,,0.0,0.0
2011-07-19,,,,0.0,0.0
2011-07-20,,,,0.0,0.0
2011-07-21,,,,0.0,0.0
2011-07-22,,,,0.0,0.0
2011-07-25,,,,0.0,0.0
2011-07-26,,,,0.0,0.0
2011-07-27,,,,0.0,0.0
2011-07-28,,,,0.0,0.0
2011-07-29,,,,0.0,0.0
2011-08-01,2.0,Mixed / transition regime,Minimum Volatility,0.15776194395729526,2.4307783859583876
2011-08-02,,,,0.0,0.0
2011-08-03,,,,0.0,0.0
2011-08-04,,,,0.0,0.0
2011-08-05,,,,0.0,0.0
2011-08-08,,,,0.0,0.0
2011-08-09,,,,0.0,0.0
2011-08-10,,,,0.0,0.0
2011-08-11,,,,0.0,0.0
2011-08-12,,,,0.0,0.0
2011-08-15,,,,0.0,0.0
2011-08-16,,,,0.0,0.0
2011-08-17,,,,0.0,0.0
2011-08-18,,,,0.0,0.0
2011-08-19,,,,0.0,0.0
2011-08-22,,,,0.0,0.0
2011-08-23,,,,0.0,0.0
2011-08-24,,,,0.0,0.0
2011-08-25,,,,0.0,0.0
2011-08-26,,,,0.0,0.0
2011-08-29,,,,0.0,0.0
2011-08-30,,,,0.0,0.0
2011-08-31,,,,0.0,0.0
2011-09-01,2.0,Mixed / transition regime,Minimum Volatility,0.04343402888864771,0.6852196594774246
2011-09-02,,,,0.0,0.0
2011-09-06,,,,0.0,0.0
2011-09-07,,,,0.0,0.0
2011-09-08,,,,0.0,0.0
2011-09-09,,,,0.0,0.0
2011-09-12,,,,0.0,0.0
2011-09-13,,,,0.0,0.0
2011-09-14,,,,0.0,0.0
2011-09-15,,,,0.0,0.0
2011-09-16,,,,0.0,0.0
2011-09-19,,,,0.0,0.0
2011-09-20,,,,0.0,0.0
2011-09-21,,,,0.0,0.0
2011-09-22,,,,0.0,0.0
2011-09-23,,,,0.0,0.0
2011-09-26,,,,0.0,0.0
2011-09-27,,,,0.0,0.0
2011-09-28,,,,0.0,0.0
2011-09-29,,,,0.0,0.0
2011-09-30,,,,0.0,0.0
2011-10-03,2.0,Mixed / transition regime,Minimum Volatility,0.09115935220521158,1.4204704995096298
2011-10-04,,,,0.0,0.0
2011-10-05,,,,0.0,0.0
2011-10-06,,,,0.0,0.0
2011-10-07,,,,0.0,0.0
2011-10-10,,,,0.0,0.0
2011-10-11,,,,0.0,0.0
2011-10-12,,,,0.0,0.0
2011-10-13,,,,0.0,0.0
2011-10-14,,,,0.0,0.0
2011-10-17,,,,0.0,0.0
2011-10-18,,,,0.0,0.0
2011-10-19,,,,0.0,0.0
2011-10-20,,,,0.0,0.0
2011-10-21,,,,0.0,0.0
2011-10-24,,,,0.0,0.0
2011-10-25,,,,0.0,0.0
2011-10-26,,,,0.0,0.0
2011-10-27,,,,0.0,0.0
2011-10-28,,,,0.0,0.0
2011-10-31,,,,0.0,0.0
2011-11-01,2.0,Mixed / transition regime,Minimum Volatility,0.07846004965318919,1.2596884367394947
2011-11-02,,,,0.0,0.0
2011-11-03,,,,0.0,0.0
2011-11-04,,,,0.0,0.0
2011-11-07,,,,0.0,0.0
2011-11-08,,,,0.0,0.0
2011-11-09,,,,0.0,0.0
2011-11-10,,,,0.0,0.0
2011-11-11,,,,0.0,0.0
2011-11-14,,,,0.0,0.0
2011-11-15,,,,0.0,0.0
2011-11-16,,,,0.0,0.0
2011-11-17,,,,0.0,0.0
2011-11-18,,,,0.0,0.0
2011-11-21,,,,0.0,0.0
2011-11-22,,,,0.0,0.0
2011-11-23,,,,0.0,0.0
2011-11-25,,,,0.0,0.0
2011-11-28,,,,0.0,0.0
2011-11-29,,,,0.0,0.0
2011-11-30,,,,0.0,0.0
2011-12-01,2.0,Mixed / transition regime,Minimum Volatility,0.0944211739798775,1.524811101892134
2011-12-02,,,,0.0,0.0
2011-12-05,,,,0.0,0.0
2011-12-06,,,,0.0,0.0
2011-12-07,,,,0.0,0.0
2011-12-08,,,,0.0,0.0
2011-12-09,,,,0.0,0.0
2011-12-12,,,,0.0,0.0
2011-12-13,,,,0.0,0.0
2011-12-14,,,,0.0,0.0
2011-12-15,,,,0.0,0.0
2011-12-16,,,,0.0,0.0
2011-12-19,,,,0.0,0.0
2011-12-20,,,,0.0,0.0
2011-12-21,,,,0.0,0.0
2011-12-22,,,,0.0,0.0
2011-12-23,,,,0.0,0.0
2011-12-27,,,,0.0,0.0
2011-12-28,,,,0.0,0.0
2011-12-29,,,,0.0,0.0
2011-12-30,,,,0.0,0.0
2012-01-03,0.0,Equity growth / risk-on,60/40,0.6306684004512552,10.268022169366237
2012-01-04,,,,0.0,0.0
2012-01-05,,,,0.0,0.0
2012-01-06,,,,0.0,0.0
2012-01-09,,,,0.0,0.0
2012-01-10,,,,0.0,0.0
2012-01-11,,,,0.0,0.0
2012-01-12,,,,0.0,0.0
2012-01-13,,,,0.0,0.0
2012-01-17,,,,0.0,0.0
2012-01-18,,,,0.0,0.0
2012-01-19,,,,0.0,0.0
2012-01-20,,,,0.0,0.0
2012-01-23,,,,0.0,0.0
2012-01-24,,,,0.0,0.0
2012-01-25,,,,0.0,0.0
2012-01-26,,,,0.0,0.0
2012-01-27,,,,0.0,0.0
2012-01-30,,,,0.0,0.0
2012-01-31,,,,0.0,0.0
2012-02-01,2.0,Mixed / transition regime,Minimum Volatility,0.6573519822237976,11.030199091852921
2012-02-02,,,,0.0,0.0
2012-02-03,,,,0.0,0.0
2012-02-06,,,,0.0,0.0
2012-02-07,,,,0.0,0.0
2012-02-08,,,,0.0,0.0
2012-02-09,,,,0.0,0.0
2012-02-10,,,,0.0,0.0
2012-02-13,,,,0.0,0.0
2012-02-14,,,,0.0,0.0
2012-02-15,,,,0.0,0.0
2012-02-16,,,,0.0,0.0
2012-02-17,,,,0.0,0.0
2012-02-21,,,,0.0,0.0
2012-02-22,,,,0.0,0.0
2012-02-23,,,,0.0,0.0
2012-02-24,,,,0.0,0.0
2012-02-27,,,,0.0,0.0
2012-02-28,,,,0.0,0.0
2012-02-29,,,,0.0,0.0
2012-03-01,0.0,Equity growth / risk-on,60/40,0.6292047486564786,10.589004479180678
2012-03-02,,,,0.0,0.0
2012-03-05,,,,0.0,0.0
2012-03-06,,,,0.0,0.0
2012-03-07,,,,0.0,0.0
2012-03-08,,,,0.0,0.0
2012-03-09,,,,0.0,0.0
2012-03-12,,,,0.0,0.0
2012-03-13,,,,0.0,0.0
2012-03-14,,,,0.0,0.0
2012-03-15,,,,0.0,0.0
2012-03-16,,,,0.0,0.0
2012-03-19,,,,0.0,0.0
2012-03-20,,,,0.0,0.0
2012-03-21,,,,0.0,0.0
2012-03-22,,,,0.0,0.0
2012-03-23,,,,0.0,0.0
2012-03-26,,,,0.0,0.0
2012-03-27,,,,0.0,0.0
2012-03-28,,,,0.0,0.0
2012-03-29,,,,0.0,0.0
2012-03-30,,,,0.0,0.0
2012-04-02,0.0,Equity growth / risk-on,60/40,0.022782171970224974,0.3881197087536561
2012-04-03,,,,0.0,0.0
2012-04-04,,,,0.0,0.0
2012-04-05,,,,0.0,0.0
2012-04-09,,,,0.0,0.0
2012-04-10,,,,0.0,0.0
2012-04-11,,,,0.0,0.0
2012-04-12,,,,0.0,0.0
2012-04-13,,,,0.0,0.0
2012-04-16,,,,0.0,0.0
2012-04-17,,,,0.0,0.0
2012-04-18,,,,0.0,0.0
2012-04-19,,,,0.0,0.0
2012-04-20,,,,0.0,0.0
2012-04-23,,,,0.0,0.0
2012-04-24,,,,0.0,0.0
2012-04-25,,,,0.0,0.0
2012-04-26,,,,0.0,0.0
2012-04-27,,,,0.0,0.0
2012-04-30,,,,0.0,0.0
2012-05-01,0.0,Equity growth / risk-on,60/40,0.015157048922808836,0.2597687558919813
2012-05-02,,,,0.0,0.0
2012-05-03,,,,0.0,0.0
2012-05-04,,,,0.0,0.0
2012-05-07,,,,0.0,0.0
2012-05-08,,,,0.0,0.0
2012-05-09,,,,0.0,0.0
2012-05-10,,,,0.0,0.0
2012-05-11,,,,0.0,0.0
2012-05-14,,,,0.0,0.0
2012-05-15,,,,0.0,0.0
2012-05-16,,,,0.0,0.0
2012-05-17,,,,0.0,0.0
2012-05-18,,,,0.0,0.0
2012-05-21,,,,0.0,0.0
2012-05-22,,,,0.0,0.0
2012-05-23,,,,0.0,0.0
2012-05-24,,,,0.0,0.0
2012-05-25,,,,0.0,0.0
2012-05-29,,,,0.0,0.0
2012-05-30,,,,0.0,0.0
2012-05-31,,,,0.0,0.0
2012-06-01,2.0,Mixed / transition regime,Minimum Volatility,0.6928398601446771,11.582469264748052
2012-06-04,,,,0.0,0.0
2012-06-05,,,,0.0,0.0
2012-06-06,,,,0.0,0.0
2012-06-07,,,,0.0,0.0
2012-06-08,,,,0.0,0.0
2012-06-11,,,,0.0,0.0
2012-06-12,,,,0.0,0.0
2012-06-13,,,,0.0,0.0
2012-06-14,,,,0.0,0.0
2012-06-15,,,,0.0,0.0
2012-06-18,,,,0.0,0.0
2012-06-19,,,,0.0,0.0
2012-06-20,,,,0.0,0.0
2012-06-21,,,,0.0,0.0
2012-06-22,,,,0.0,0.0
2012-06-25,,,,0.0,0.0
2012-06-26,,,,0.0,0.0
2012-06-27,,,,0.0,0.0
2012-06-28,,,,0.0,0.0
2012-06-29,,,,0.0,0.0
2012-07-02,2.0,Mixed / transition regime,Minimum Volatility,0.03549336766209531,0.5977040633189448
2012-07-03,,,,0.0,0.0
2012-07-05,,,,0.0,0.0
2012-07-06,,,,0.0,0.0
2012-07-09,,,,0.0,0.0
2012-07-10,,,,0.0,0.0
2012-07-11,,,,0.0,0.0
2012-07-12,,,,0.0,0.0
2012-07-13,,,,0.0,0.0
2012-07-16,,,,0.0,0.0
2012-07-17,,,,0.0,0.0
2012-07-18,,,,0.0,0.0
2012-07-19,,,,0.0,0.0
2012-07-20,,,,0.0,0.0
2012-07-23,,,,0.0,0.0
2012-07-24,,,,0.0,0.0
2012-07-25,,,,0.0,0.0
2012-07-26,,,,0.0,0.0
2012-07-27,,,,0.0,0.0
2012-07-30,,,,0.0,0.0
2012-07-31,,,,0.0,0.0
2012-08-01,2.0,Mixed / transition regime,Minimum Volatility,0.052025376488326336,0.8966176599292642
2012-08-02,,,,0.0,0.0
2012-08-03,,,,0.0,0.0
2012-08-06,,,,0.0,0.0
2012-08-07,,,,0.0,0.0
2012-08-08,,,,0.0,0.0
2012-08-09,,,,0.0,0.0
2012-08-10,,,,0.0,0.0
2012-08-13,,,,0.0,0.0
2012-08-14,,,,0.0,0.0
2012-08-15,,,,0.0,0.0
2012-08-16,,,,0.0,0.0
2012-08-17,,,,0.0,0.0
2012-08-20,,,,0.0,0.0
2012-08-21,,,,0.0,0.0
2012-08-22,,,,0.0,0.0
2012-08-23,,,,0.0,0.0
2012-08-24,,,,0.0,0.0
2012-08-27,,,,0.0,0.0
2012-08-28,,,,0.0,0.0
2012-08-29,,,,0.0,0.0
2012-08-30,,,,0.0,0.0
2012-08-31,,,,0.0,0.0
2012-09-04,0.0,Equity growth / risk-on,60/40,0.656348095507481,11.413811984890932
2012-09-05,,,,0.0,0.0
2012-09-06,,,,0.0,0.0
2012-09-07,,,,0.0,0.0
2012-09-10,,,,0.0,0.0
2012-09-11,,,,0.0,0.0
2012-09-12,,,,0.0,0.0
2012-09-13,,,,0.0,0.0
2012-09-14,,,,0.0,0.0
2012-09-17,,,,0.0,0.0
2012-09-18,,,,0.0,0.0
2012-09-19,,,,0.0,0.0
2012-09-20,,,,0.0,0.0
2012-09-21,,,,0.0,0.0
2012-09-24,,,,0.0,0.0
2012-09-25,,,,0.0,0.0
2012-09-26,,,,0.0,0.0
2012-09-27,,,,0.0,0.0
2012-09-28,,,,0.0,0.0
2012-10-01,0.0,Equity growth / risk-on,60/40,0.013651167788126306,0.2405143687790321
2012-10-02,,,,0.0,0.0
2012-10-03,,,,0.0,0.0
2012-10-04,,,,0.0,0.0
2012-10-05,,,,0.0,0.0
2012-10-08,,,,0.0,0.0
2012-10-09,,,,0.0,0.0
2012-10-10,,,,0.0,0.0
2012-10-11,,,,0.0,0.0
2012-10-12,,,,0.0,0.0
2012-10-15,,,,0.0,0.0
2012-10-16,,,,0.0,0.0
2012-10-17,,,,0.0,0.0
2012-10-18,,,,0.0,0.0
2012-10-19,,,,0.0,0.0
2012-10-22,,,,0.0,0.0
2012-10-23,,,,0.0,0.0
2012-10-24,,,,0.0,0.0
2012-10-25,,,,0.0,0.0
2012-10-26,,,,0.0,0.0
2012-10-31,,,,0.0,0.0
2012-11-01,0.0,Equity growth / risk-on,60/40,0.006920376947221696,0.1204011748410066
2012-11-02,,,,0.0,0.0
2012-11-05,,,,0.0,0.0
2012-11-06,,,,0.0,0.0
2012-11-07,,,,0.0,0.0
2012-11-08,,,,0.0,0.0
2012-11-09,,,,0.0,0.0
2012-11-12,,,,0.0,0.0
2012-11-13,,,,0.0,0.0
2012-11-14,,,,0.0,0.0
2012-11-15,,,,0.0,0.0
2012-11-16,,,,0.0,0.0
2012-11-19,,,,0.0,0.0
2012-11-20,,,,0.0,0.0
2012-11-21,,,,0.0,0.0
2012-11-23,,,,0.0,0.0
2012-11-26,,,,0.0,0.0
2012-11-27,,,,0.0,0.0
2012-11-28,,,,0.0,0.0
2012-11-29,,,,0.0,0.0
2012-11-30,,,,0.0,0.0
2012-12-03,0.0,Equity growth / risk-on,60/40,0.0019691450946310862,0.03450960962088975
2012-12-04,,,,0.0,0.0
2012-12-05,,,,0.0,0.0
2012-12-06,,,,0.0,0.0
2012-12-07,,,,0.0,0.0
2012-12-10,,,,0.0,0.0
2012-12-11,,,,0.0,0.0
2012-12-12,,,,0.0,0.0
2012-12-13,,,,0.0,0.0
2012-12-14,,,,0.0,0.0
2012-12-17,,,,0.0,0.0
2012-12-18,,,,0.0,0.0
2012-12-19,,,,0.0,0.0
2012-12-20,,,,0.0,0.0
2012-12-21,,,,0.0,0.0
2012-12-24,,,,0.0,0.0
2012-12-26,,,,0.0,0.0
2012-12-27,,,,0.0,0.0
2012-12-28,,,,0.0,0.0
2012-12-31,,,,0.0,0.0
2013-01-02,0.0,Equity growth / risk-on,60/40,0.00878839448389962,0.15426407024839275
2013-01-03,,,,0.0,0.0
2013-01-04,,,,0.0,0.0
2013-01-07,,,,0.0,0.0
2013-01-08,,,,0.0,0.0
2013-01-09,,,,0.0,0.0
2013-01-10,,,,0.0,0.0
2013-01-11,,,,0.0,0.0
2013-01-14,,,,0.0,0.0
2013-01-15,,,,0.0,0.0
2013-01-16,,,,0.0,0.0
2013-01-17,,,,0.0,0.0
2013-01-18,,,,0.0,0.0
2013-01-22,,,,0.0,0.0
2013-01-23,,,,0.0,0.0
2013-01-24,,,,0.0,0.0
2013-01-25,,,,0.0,0.0
2013-01-28,,,,0.0,0.0
2013-01-29,,,,0.0,0.0
2013-01-30,,,,0.0,0.0
2013-01-31,,,,0.0,0.0
2013-02-01,0.0,Equity growth / risk-on,60/40,0.03001159851212115,0.54024885810467
2013-02-04,,,,0.0,0.0
2013-02-05,,,,0.0,0.0
2013-02-06,,,,0.0,0.0
2013-02-07,,,,0.0,0.0
2013-02-08,,,,0.0,0.0
2013-02-11,,,,0.0,0.0
2013-02-12,,,,0.0,0.0
2013-02-13,,,,0.0,0.0
2013-02-14,,,,0.0,0.0
2013-02-15,,,,0.0,0.0
2013-02-19,,,,0.0,0.0
2013-02-20,,,,0.0,0.0
2013-02-21,,,,0.0,0.0
2013-02-22,,,,0.0,0.0
2013-02-25,,,,0.0,0.0
2013-02-26,,,,0.0,0.0
2013-02-27,,,,0.0,0.0
2013-02-28,,,,0.0,0.0
2013-03-01,0.0,Equity growth / risk-on,60/40,0.0006801677621181557,0.012392753087428572
2013-03-04,,,,0.0,0.0
2013-03-05,,,,0.0,0.0
2013-03-06,,,,0.0,0.0
2013-03-07,,,,0.0,0.0
2013-03-08,,,,0.0,0.0
2013-03-11,,,,0.0,0.0
2013-03-12,,,,0.0,0.0
2013-03-13,,,,0.0,0.0
2013-03-14,,,,0.0,0.0
2013-03-15,,,,0.0,0.0
2013-03-18,,,,0.0,0.0
2013-03-19,,,,0.0,0.0
2013-03-20,,,,0.0,0.0
2013-03-21,,,,0.0,0.0
2013-03-22,,,,0.0,0.0
2013-03-25,,,,0.0,0.0
2013-03-26,,,,0.0,0.0
2013-03-27,,,,0.0,0.0
2013-03-28,,,,0.0,0.0
2013-04-01,0.0,Equity growth / risk-on,60/40,0.016455609687479333,0.3069981386511838
2013-04-02,,,,0.0,0.0
2013-04-03,,,,0.0,0.0
2013-04-04,,,,0.0,0.0
2013-04-05,,,,0.0,0.0
2013-04-08,,,,0.0,0.0
2013-04-09,,,,0.0,0.0
2013-04-10,,,,0.0,0.0
2013-04-11,,,,0.0,0.0
2013-04-12,,,,0.0,0.0
2013-04-15,,,,0.0,0.0
2013-04-16,,,,0.0,0.0
2013-04-17,,,,0.0,0.0
2013-04-18,,,,0.0,0.0
2013-04-19,,,,0.0,0.0
2013-04-22,,,,0.0,0.0
2013-04-23,,,,0.0,0.0
2013-04-24,,,,0.0,0.0
2013-04-25,,,,0.0,0.0
2013-04-26,,,,0.0,0.0
2013-04-29,,,,0.0,0.0
2013-04-30,,,,0.0,0.0
2013-05-01,0.0,Equity growth / risk-on,60/40,0.0018675301347487183,0.03545451775432306
2013-05-02,,,,0.0,0.0
2013-05-03,,,,0.0,0.0
2013-05-06,,,,0.0,0.0
2013-05-07,,,,0.0,0.0
2013-05-08,,,,0.0,0.0
2013-05-09,,,,0.0,0.0
2013-05-10,,,,0.0,0.0
2013-05-13,,,,0.0,0.0
2013-05-14,,,,0.0,0.0
2013-05-15,,,,0.0,0.0
2013-05-16,,,,0.0,0.0
2013-05-17,,,,0.0,0.0
2013-05-20,,,,0.0,0.0
2013-05-21,,,,0.0,0.0
2013-05-22,,,,0.0,0.0
2013-05-23,,,,0.0,0.0
2013-05-24,,,,0.0,0.0
2013-05-28,,,,0.0,0.0
2013-05-29,,,,0.0,0.0
2013-05-30,,,,0.0,0.0
2013-05-31,,,,0.0,0.0
2013-06-03,0.0,Equity growth / risk-on,60/40,0.026191165418983975,0.49809842811615757
2013-06-04,,,,0.0,0.0
2013-06-05,,,,0.0,0.0
2013-06-06,,,,0.0,0.0
2013-06-07,,,,0.0,0.0
2013-06-10,,,,0.0,0.0
2013-06-11,,,,0.0,0.0
2013-06-12,,,,0.0,0.0
2013-06-13,,,,0.0,0.0
2013-06-14,,,,0.0,0.0
2013-06-17,,,,0.0,0.0
2013-06-18,,,,0.0,0.0
2013-06-19,,,,0.0,0.0
2013-06-20,,,,0.0,0.0
2013-06-21,,,,0.0,0.0
2013-06-24,,,,0.0,0.0
2013-06-25,,,,0.0,0.0
2013-06-26,,,,0.0,0.0
2013-06-27,,,,0.0,0.0
2013-06-28,,,,0.0,0.0
2013-07-01,0.0,Equity growth / risk-on,60/40,0.005924028771505718,0.11060968369240601
2013-07-02,,,,0.0,0.0
2013-07-03,,,,0.0,0.0
2013-07-05,,,,0.0,0.0
2013-07-08,,,,0.0,0.0
2013-07-09,,,,0.0,0.0
2013-07-10,,,,0.0,0.0
2013-07-11,,,,0.0,0.0
2013-07-12,,,,0.0,0.0
2013-07-15,,,,0.0,0.0
2013-07-16,,,,0.0,0.0
2013-07-17,,,,0.0,0.0
2013-07-18,,,,0.0,0.0
2013-07-19,,,,0.0,0.0
2013-07-22,,,,0.0,0.0
2013-07-23,,,,0.0,0.0
2013-07-24,,,,0.0,0.0
2013-07-25,,,,0.0,0.0
2013-07-26,,,,0.0,0.0
2013-07-29,,,,0.0,0.0
2013-07-30,,,,0.0,0.0
2013-07-31,,,,0.0,0.0
2013-08-01,0.0,Equity growth / risk-on,60/40,0.025735999451589664,0.49474471954115895
2013-08-02,,,,0.0,0.0
2013-08-05,,,,0.0,0.0
2013-08-06,,,,0.0,0.0
2013-08-07,,,,0.0,0.0
2013-08-08,,,,0.0,0.0
2013-08-09,,,,0.0,0.0
2013-08-12,,,,0.0,0.0
2013-08-13,,,,0.0,0.0
2013-08-14,,,,0.0,0.0
2013-08-15,,,,0.0,0.0
2013-08-16,,,,0.0,0.0
2013-08-19,,,,0.0,0.0
2013-08-20,,,,0.0,0.0
2013-08-21,,,,0.0,0.0
2013-08-22,,,,0.0,0.0
2013-08-23,,,,0.0,0.0
2013-08-26,,,,0.0,0.0
2013-08-27,,,,0.0,0.0
2013-08-28,,,,0.0,0.0
2013-08-29,,,,0.0,0.0
2013-08-30,,,,0.0,0.0
2013-09-03,0.0,Equity growth / risk-on,60/40,0.007751744999998977,0.14548500393957603
2013-09-04,,,,0.0,0.0
2013-09-05,,,,0.0,0.0
2013-09-06,,,,0.0,0.0
2013-09-09,,,,0.0,0.0
2013-09-10,,,,0.0,0.0
2013-09-11,,,,0.0,0.0
2013-09-12,,,,0.0,0.0
2013-09-13,,,,0.0,0.0
2013-09-16,,,,0.0,0.0
2013-09-17,,,,0.0,0.0
2013-09-18,,,,0.0,0.0
2013-09-19,,,,0.0,0.0
2013-09-20,,,,0.0,0.0
2013-09-23,,,,0.0,0.0
2013-09-24,,,,0.0,0.0
2013-09-25,,,,0.0,0.0
2013-09-26,,,,0.0,0.0
2013-09-27,,,,0.0,0.0
2013-09-30,,,,0.0,0.0
2013-10-01,0.0,Equity growth / risk-on,60/40,0.006165756918632415,0.11876995076964825
2013-10-02,,,,0.0,0.0
2013-10-03,,,,0.0,0.0
2013-10-04,,,,0.0,0.0
2013-10-07,,,,0.0,0.0
2013-10-08,,,,0.0,0.0
2013-10-09,,,,0.0,0.0
2013-10-10,,,,0.0,0.0
2013-10-11,,,,0.0,0.0
2013-10-14,,,,0.0,0.0
2013-10-15,,,,0.0,0.0
2013-10-16,,,,0.0,0.0
2013-10-17,,,,0.0,0.0
2013-10-18,,,,0.0,0.0
2013-10-21,,,,0.0,0.0
2013-10-22,,,,0.0,0.0
2013-10-23,,,,0.0,0.0
2013-10-24,,,,0.0,0.0
2013-10-25,,,,0.0,0.0
2013-10-28,,,,0.0,0.0
2013-10-29,,,,0.0,0.0
2013-10-30,,,,0.0,0.0
2013-10-31,,,,0.0,0.0
2013-11-01,0.0,Equity growth / risk-on,60/40,0.01793999941662805,0.35624977888886045
2013-11-04,,,,0.0,0.0
2013-11-05,,,,0.0,0.0
2013-11-06,,,,0.0,0.0
2013-11-07,,,,0.0,0.0
2013-11-08,,,,0.0,0.0
2013-11-11,,,,0.0,0.0
2013-11-12,,,,0.0,0.0
2013-11-13,,,,0.0,0.0
2013-11-14,,,,0.0,0.0
2013-11-15,,,,0.0,0.0
2013-11-18,,,,0.0,0.0
2013-11-19,,,,0.0,0.0
2013-11-20,,,,0.0,0.0
2013-11-21,,,,0.0,0.0
2013-11-22,,,,0.0,0.0
2013-11-25,,,,0.0,0.0
2013-11-26,,,,0.0,0.0
2013-11-27,,,,0.0,0.0
2013-11-29,,,,0.0,0.0
2013-12-02,0.0,Equity growth / risk-on,60/40,0.01817256727384914,0.36601365639878397
2013-12-03,,,,0.0,0.0
2013-12-04,,,,0.0,0.0
2013-12-05,,,,0.0,0.0
2013-12-06,,,,0.0,0.0
2013-12-09,,,,0.0,0.0
2013-12-10,,,,0.0,0.0
2013-12-11,,,,0.0,0.0
2013-12-12,,,,0.0,0.0
2013-12-13,,,,0.0,0.0
2013-12-16,,,,0.0,0.0
2013-12-17,,,,0.0,0.0
2013-12-18,,,,0.0,0.0
2013-12-19,,,,0.0,0.0
2013-12-20,,,,0.0,0.0
2013-12-23,,,,0.0,0.0
2013-12-24,,,,0.0,0.0
2013-12-26,,,,0.0,0.0
2013-12-27,,,,0.0,0.0
2013-12-30,,,,0.0,0.0
2013-12-31,,,,0.0,0.0
2014-01-02,0.0,Equity growth / risk-on,60/40,0.02231971303359781,0.4527668787517696
2014-01-03,,,,0.0,0.0
2014-01-06,,,,0.0,0.0
2014-01-07,,,,0.0,0.0
2014-01-08,,,,0.0,0.0
2014-01-09,,,,0.0,0.0
2014-01-10,,,,0.0,0.0
2014-01-13,,,,0.0,0.0
2014-01-14,,,,0.0,0.0
2014-01-15,,,,0.0,0.0
2014-01-16,,,,0.0,0.0
2014-01-17,,,,0.0,0.0
2014-01-21,,,,0.0,0.0
2014-01-22,,,,0.0,0.0
2014-01-23,,,,0.0,0.0
2014-01-24,,,,0.0,0.0
2014-01-27,,,,0.0,0.0
2014-01-28,,,,0.0,0.0
2014-01-29,,,,0.0,0.0
2014-01-30,,,,0.0,0.0
2014-01-31,,,,0.0,0.0
2014-02-03,0.0,Equity growth / risk-on,60/40,0.031906884013845394,0.6414753039339351
2014-02-04,,,,0.0,0.0
2014-02-05,,,,0.0,0.0
2014-02-06,,,,0.0,0.0
2014-02-07,,,,0.0,0.0
2014-02-10,,,,0.0,0.0
2014-02-11,,,,0.0,0.0
2014-02-12,,,,0.0,0.0
2014-02-13,,,,0.0,0.0
2014-02-14,,,,0.0,0.0
2014-02-18,,,,0.0,0.0
2014-02-19,,,,0.0,0.0
2014-02-20,,,,0.0,0.0
2014-02-21,,,,0.0,0.0
2014-02-24,,,,0.0,0.0
2014-02-25,,,,0.0,0.0
2014-02-26,,,,0.0,0.0
2014-02-27,,,,0.0,0.0
2014-02-28,,,,0.0,0.0
2014-03-03,0.0,Equity growth / risk-on,60/40,0.019568756284332356,0.40471598990551333
2014-03-04,,,,0.0,0.0
2014-03-05,,,,0.0,0.0
2014-03-06,,,,0.0,0.0
2014-03-07,,,,0.0,0.0
2014-03-10,,,,0.0,0.0
2014-03-11,,,,0.0,0.0
2014-03-12,,,,0.0,0.0
2014-03-13,,,,0.0,0.0
2014-03-14,,,,0.0,0.0
2014-03-17,,,,0.0,0.0
2014-03-18,,,,0.0,0.0
2014-03-19,,,,0.0,0.0
2014-03-20,,,,0.0,0.0
2014-03-21,,,,0.0,0.0
2014-03-24,,,,0.0,0.0
2014-03-25,,,,0.0,0.0
2014-03-26,,,,0.0,0.0
2014-03-27,,,,0.0,0.0
2014-03-28,,,,0.0,0.0
2014-03-31,,,,0.0,0.0
2014-04-01,0.0,Equity growth / risk-on,60/40,0.006657304170697875,0.13805825732088853
2014-04-02,,,,0.0,0.0
2014-04-03,,,,0.0,0.0
2014-04-04,,,,0.0,0.0
2014-04-07,,,,0.0,0.0
2014-04-08,,,,0.0,0.0
2014-04-09,,,,0.0,0.0
2014-04-10,,,,0.0,0.0
2014-04-11,,,,0.0,0.0
2014-04-14,,,,0.0,0.0
2014-04-15,,,,0.0,0.0
2014-04-16,,,,0.0,0.0
2014-04-17,,,,0.0,0.0
2014-04-21,,,,0.0,0.0
2014-04-22,,,,0.0,0.0
2014-04-23,,,,0.0,0.0
2014-04-24,,,,0.0,0.0
2014-04-25,,,,0.0,0.0
2014-04-28,,,,0.0,0.0
2014-04-29,,,,0.0,0.0
2014-04-30,,,,0.0,0.0
2014-05-01,0.0,Equity growth / risk-on,60/40,0.0003010590151974468,0.006288256884867102
2014-05-02,,,,0.0,0.0
2014-05-05,,,,0.0,0.0
2014-05-06,,,,0.0,0.0
2014-05-07,,,,0.0,0.0
2014-05-08,,,,0.0,0.0
2014-05-09,,,,0.0,0.0
2014-05-12,,,,0.0,0.0
2014-05-13,,,,0.0,0.0
2014-05-14,,,,0.0,0.0
2014-05-15,,,,0.0,0.0
2014-05-16,,,,0.0,0.0
2014-05-19,,,,0.0,0.0
2014-05-20,,,,0.0,0.0
2014-05-21,,,,0.0,0.0
2014-05-22,,,,0.0,0.0
2014-05-23,,,,0.0,0.0
2014-05-27,,,,0.0,0.0
2014-05-28,,,,0.0,0.0
2014-05-29,,,,0.0,0.0
2014-05-30,,,,0.0,0.0
2014-06-02,0.0,Equity growth / risk-on,60/40,0.002327701615573441,0.04965092409461398
2014-06-03,,,,0.0,0.0
2014-06-04,,,,0.0,0.0
2014-06-05,,,,0.0,0.0
2014-06-06,,,,0.0,0.0
2014-06-09,,,,0.0,0.0
2014-06-10,,,,0.0,0.0
2014-06-11,,,,0.0,0.0
2014-06-12,,,,0.0,0.0
2014-06-13,,,,0.0,0.0
2014-06-16,,,,0.0,0.0
2014-06-17,,,,0.0,0.0
2014-06-18,,,,0.0,0.0
2014-06-19,,,,0.0,0.0
2014-06-20,,,,0.0,0.0
2014-06-23,,,,0.0,0.0
2014-06-24,,,,0.0,0.0
2014-06-25,,,,0.0,0.0
2014-06-26,,,,0.0,0.0
2014-06-27,,,,0.0,0.0
2014-06-30,,,,0.0,0.0
2014-07-01,0.0,Equity growth / risk-on,60/40,0.010825287444968523,0.23356773549510818
2014-07-02,,,,0.0,0.0
2014-07-03,,,,0.0,0.0
2014-07-07,,,,0.0,0.0
2014-07-08,,,,0.0,0.0
2014-07-09,,,,0.0,0.0
2014-07-10,,,,0.0,0.0
2014-07-11,,,,0.0,0.0
2014-07-14,,,,0.0,0.0
2014-07-15,,,,0.0,0.0
2014-07-16,,,,0.0,0.0
2014-07-17,,,,0.0,0.0
2014-07-18,,,,0.0,0.0
2014-07-21,,,,0.0,0.0
2014-07-22,,,,0.0,0.0
2014-07-23,,,,0.0,0.0
2014-07-24,,,,0.0,0.0
2014-07-25,,,,0.0,0.0
2014-07-28,,,,0.0,0.0
2014-07-29,,,,0.0,0.0
2014-07-30,,,,0.0,0.0
2014-07-31,,,,0.0,0.0
2014-08-01,0.0,Equity growth / risk-on,60/40,0.005439970241209291,0.11632232705233882
2014-08-04,,,,0.0,0.0
2014-08-05,,,,0.0,0.0
2014-08-06,,,,0.0,0.0
2014-08-07,,,,0.0,0.0
2014-08-08,,,,0.0,0.0
2014-08-11,,,,0.0,0.0
2014-08-12,,,,0.0,0.0
2014-08-13,,,,0.0,0.0
2014-08-14,,,,0.0,0.0
2014-08-15,,,,0.0,0.0
2014-08-18,,,,0.0,0.0
2014-08-19,,,,0.0,0.0
2014-08-20,,,,0.0,0.0
2014-08-21,,,,0.0,0.0
2014-08-22,,,,0.0,0.0
2014-08-25,,,,0.0,0.0
2014-08-26,,,,0.0,0.0
2014-08-27,,,,0.0,0.0
2014-08-28,,,,0.0,0.0
2014-08-29,,,,0.0,0.0
2014-09-02,0.0,Equity growth / risk-on,60/40,0.0096170497478264,0.21205513424192698
2014-09-03,,,,0.0,0.0
2014-09-04,,,,0.0,0.0
2014-09-05,,,,0.0,0.0
2014-09-08,,,,0.0,0.0
2014-09-09,,,,0.0,0.0
2014-09-10,,,,0.0,0.0
2014-09-11,,,,0.0,0.0
2014-09-12,,,,0.0,0.0
2014-09-15,,,,0.0,0.0
2014-09-16,,,,0.0,0.0
2014-09-17,,,,0.0,0.0
2014-09-18,,,,0.0,0.0
2014-09-19,,,,0.0,0.0
2014-09-22,,,,0.0,0.0
2014-09-23,,,,0.0,0.0
2014-09-24,,,,0.0,0.0
2014-09-25,,,,0.0,0.0
2014-09-26,,,,0.0,0.0
2014-09-29,,,,0.0,0.0
2014-09-30,,,,0.0,0.0
2014-10-01,0.0,Equity growth / risk-on,60/40,0.0016047829090545807,0.034943527945322565
2014-10-02,,,,0.0,0.0
2014-10-03,,,,0.0,0.0
2014-10-06,,,,0.0,0.0
2014-10-07,,,,0.0,0.0
2014-10-08,,,,0.0,0.0
2014-10-09,,,,0.0,0.0
2014-10-10,,,,0.0,0.0
2014-10-13,,,,0.0,0.0
2014-10-14,,,,0.0,0.0
2014-10-15,,,,0.0,0.0
2014-10-16,,,,0.0,0.0
2014-10-17,,,,0.0,0.0
2014-10-20,,,,0.0,0.0
2014-10-21,,,,0.0,0.0
2014-10-22,,,,0.0,0.0
2014-10-23,,,,0.0,0.0
2014-10-24,,,,0.0,0.0
2014-10-27,,,,0.0,0.0
2014-10-28,,,,0.0,0.0
2014-10-29,,,,0.0,0.0
2014-10-30,,,,0.0,0.0
2014-10-31,,,,0.0,0.0
2014-11-03,0.0,Equity growth / risk-on,60/40,0.0038519499250470046,0.08557519215927058
2014-11-04,,,,0.0,0.0
2014-11-05,,,,0.0,0.0
2014-11-06,,,,0.0,0.0
2014-11-07,,,,0.0,0.0
2014-11-10,,,,0.0,0.0
2014-11-11,,,,0.0,0.0
2014-11-12,,,,0.0,0.0
2014-11-13,,,,0.0,0.0
2014-11-14,,,,0.0,0.0
2014-11-17,,,,0.0,0.0
2014-11-18,,,,0.0,0.0
2014-11-19,,,,0.0,0.0
2014-11-20,,,,0.0,0.0
2014-11-21,,,,0.0,0.0
2014-11-24,,,,0.0,0.0
2014-11-25,,,,0.0,0.0
2014-11-26,,,,0.0,0.0
2014-11-28,,,,0.0,0.0
2014-12-01,0.0,Equity growth / risk-on,60/40,0.0068528370680619455,0.15553672366716936
2014-12-02,,,,0.0,0.0
2014-12-03,,,,0.0,0.0
2014-12-04,,,,0.0,0.0
2014-12-05,,,,0.0,0.0
2014-12-08,,,,0.0,0.0
2014-12-09,,,,0.0,0.0
2014-12-10,,,,0.0,0.0
2014-12-11,,,,0.0,0.0
2014-12-12,,,,0.0,0.0
2014-12-15,,,,0.0,0.0
2014-12-16,,,,0.0,0.0
2014-12-17,,,,0.0,0.0
2014-12-18,,,,0.0,0.0
2014-12-19,,,,0.0,0.0
2014-12-22,,,,0.0,0.0
2014-12-23,,,,0.0,0.0
2014-12-24,,,,0.0,0.0
2014-12-26,,,,0.0,0.0
2014-12-29,,,,0.0,0.0
2014-12-30,,,,0.0,0.0
2014-12-31,,,,0.0,0.0
2015-01-02,0.0,Equity growth / risk-on,60/40,0.0018402980401027724,0.041726451259850104
2015-01-05,,,,0.0,0.0
2015-01-06,,,,0.0,0.0
2015-01-07,,,,0.0,0.0
2015-01-08,,,,0.0,0.0
2015-01-09,,,,0.0,0.0
2015-01-12,,,,0.0,0.0
2015-01-13,,,,0.0,0.0
2015-01-14,,,,0.0,0.0
2015-01-15,,,,0.0,0.0
2015-01-16,,,,0.0,0.0
2015-01-20,,,,0.0,0.0
2015-01-21,,,,0.0,0.0
2015-01-22,,,,0.0,0.0
2015-01-23,,,,0.0,0.0
2015-01-26,,,,0.0,0.0
2015-01-27,,,,0.0,0.0
2015-01-28,,,,0.0,0.0
2015-01-29,,,,0.0,0.0
2015-01-30,,,,0.0,0.0
2015-02-02,2.0,Mixed / transition regime,Minimum Volatility,0.6746756422170102,15.288700581373783
2015-02-03,,,,0.0,0.0
2015-02-04,,,,0.0,0.0
2015-02-05,,,,0.0,0.0
2015-02-06,,,,0.0,0.0
2015-02-09,,,,0.0,0.0
2015-02-10,,,,0.0,0.0
2015-02-11,,,,0.0,0.0
2015-02-12,,,,0.0,0.0
2015-02-13,,,,0.0,0.0
2015-02-17,,,,0.0,0.0
2015-02-18,,,,0.0,0.0
2015-02-19,,,,0.0,0.0
2015-02-20,,,,0.0,0.0
2015-02-23,,,,0.0,0.0
2015-02-24,,,,0.0,0.0
2015-02-25,,,,0.0,0.0
2015-02-26,,,,0.0,0.0
2015-02-27,,,,0.0,0.0
2015-03-02,0.0,Equity growth / risk-on,60/40,0.6644639733193412,15.041955564394419
2015-03-03,,,,0.0,0.0
2015-03-04,,,,0.0,0.0
2015-03-05,,,,0.0,0.0
2015-03-06,,,,0.0,0.0
2015-03-09,,,,0.0,0.0
2015-03-10,,,,0.0,0.0
2015-03-11,,,,0.0,0.0
2015-03-12,,,,0.0,0.0
2015-03-13,,,,0.0,0.0
2015-03-16,,,,0.0,0.0
2015-03-17,,,,0.0,0.0
2015-03-18,,,,0.0,0.0
2015-03-19,,,,0.0,0.0
2015-03-20,,,,0.0,0.0
2015-03-23,,,,0.0,0.0
2015-03-24,,,,0.0,0.0
2015-03-25,,,,0.0,0.0
2015-03-26,,,,0.0,0.0
2015-03-27,,,,0.0,0.0
2015-03-30,,,,0.0,0.0
2015-03-31,,,,0.0,0.0
2015-04-01,0.0,Equity growth / risk-on,60/40,0.011718043099889497,0.26350329533721256
2015-04-02,,,,0.0,0.0
2015-04-06,,,,0.0,0.0
2015-04-07,,,,0.0,0.0
2015-04-08,,,,0.0,0.0
2015-04-09,,,,0.0,0.0
2015-04-10,,,,0.0,0.0
2015-04-13,,,,0.0,0.0
2015-04-14,,,,0.0,0.0
2015-04-15,,,,0.0,0.0
2015-04-16,,,,0.0,0.0
2015-04-17,,,,0.0,0.0
2015-04-20,,,,0.0,0.0
2015-04-21,,,,0.0,0.0
2015-04-22,,,,0.0,0.0
2015-04-23,,,,0.0,0.0
2015-04-24,,,,0.0,0.0
2015-04-27,,,,0.0,0.0
2015-04-28,,,,0.0,0.0
2015-04-29,,,,0.0,0.0
2015-04-30,,,,0.0,0.0
2015-05-01,0.0,Equity growth / risk-on,60/40,0.007732639883714809,0.17446729603298283
2015-05-04,,,,0.0,0.0
2015-05-05,,,,0.0,0.0
2015-05-06,,,,0.0,0.0
2015-05-07,,,,0.0,0.0
2015-05-08,,,,0.0,0.0
2015-05-11,,,,0.0,0.0
2015-05-12,,,,0.0,0.0
2015-05-13,,,,0.0,0.0
2015-05-14,,,,0.0,0.0
2015-05-15,,,,0.0,0.0
2015-05-18,,,,0.0,0.0
2015-05-19,,,,0.0,0.0
2015-05-20,,,,0.0,0.0
2015-05-21,,,,0.0,0.0
2015-05-22,,,,0.0,0.0
2015-05-26,,,,0.0,0.0
2015-05-27,,,,0.0,0.0
2015-05-28,,,,0.0,0.0
2015-05-29,,,,0.0,0.0
2015-06-01,0.0,Equity growth / risk-on,60/40,0.008120120608733794,0.1843165014167713
2015-06-02,,,,0.0,0.0
2015-06-03,,,,0.0,0.0
2015-06-04,,,,0.0,0.0
2015-06-05,,,,0.0,0.0
2015-06-08,,,,0.0,0.0
2015-06-09,,,,0.0,0.0
2015-06-10,,,,0.0,0.0
2015-06-11,,,,0.0,0.0
2015-06-12,,,,0.0,0.0
2015-06-15,,,,0.0,0.0
2015-06-16,,,,0.0,0.0
2015-06-17,,,,0.0,0.0
2015-06-18,,,,0.0,0.0
2015-06-19,,,,0.0,0.0
2015-06-22,,,,0.0,0.0
2015-06-23,,,,0.0,0.0
2015-06-24,,,,0.0,0.0
2015-06-25,,,,0.0,0.0
2015-06-26,,,,0.0,0.0
2015-06-29,,,,0.0,0.0
2015-06-30,,,,0.0,0.0
2015-07-01,3.0,Commodity strength / inflation-like,Equal Weight,1.6,35.638152810297534
2015-07-02,,,,0.0,0.0
2015-07-06,,,,0.0,0.0
2015-07-07,,,,0.0,0.0
2015-07-08,,,,0.0,0.0
2015-07-09,,,,0.0,0.0
2015-07-10,,,,0.0,0.0
2015-07-13,,,,0.0,0.0
2015-07-14,,,,0.0,0.0
2015-07-15,,,,0.0,0.0
2015-07-16,,,,0.0,0.0
2015-07-17,,,,0.0,0.0
2015-07-20,,,,0.0,0.0
2015-07-21,,,,0.0,0.0
2015-07-22,,,,0.0,0.0
2015-07-23,,,,0.0,0.0
2015-07-24,,,,0.0,0.0
2015-07-27,,,,0.0,0.0
2015-07-28,,,,0.0,0.0
2015-07-29,,,,0.0,0.0
2015-07-30,,,,0.0,0.0
2015-07-31,,,,0.0,0.0
2015-08-03,0.0,Equity growth / risk-on,60/40,1.590000713482868,35.14793680145129
2015-08-04,,,,0.0,0.0
2015-08-05,,,,0.0,0.0
2015-08-06,,,,0.0,0.0
2015-08-07,,,,0.0,0.0
2015-08-10,,,,0.0,0.0
2015-08-11,,,,0.0,0.0
2015-08-12,,,,0.0,0.0
2015-08-13,,,,0.0,0.0
2015-08-14,,,,0.0,0.0
2015-08-17,,,,0.0,0.0
2015-08-18,,,,0.0,0.0
2015-08-19,,,,0.0,0.0
2015-08-20,,,,0.0,0.0
2015-08-21,,,,0.0,0.0
2015-08-24,,,,0.0,0.0
2015-08-25,,,,0.0,0.0
2015-08-26,,,,0.0,0.0
2015-08-27,,,,0.0,0.0
2015-08-28,,,,0.0,0.0
2015-08-31,,,,0.0,0.0
2015-09-01,2.0,Mixed / transition regime,Minimum Volatility,0.7672044189678756,16.3186838667578
2015-09-02,,,,0.0,0.0
2015-09-03,,,,0.0,0.0
2015-09-04,,,,0.0,0.0
2015-09-08,,,,0.0,0.0
2015-09-09,,,,0.0,0.0
2015-09-10,,,,0.0,0.0
2015-09-11,,,,0.0,0.0
2015-09-14,,,,0.0,0.0
2015-09-15,,,,0.0,0.0
2015-09-16,,,,0.0,0.0
2015-09-17,,,,0.0,0.0
2015-09-18,,,,0.0,0.0
2015-09-21,,,,0.0,0.0
2015-09-22,,,,0.0,0.0
2015-09-23,,,,0.0,0.0
2015-09-24,,,,0.0,0.0
2015-09-25,,,,0.0,0.0
2015-09-28,,,,0.0,0.0
2015-09-29,,,,0.0,0.0
2015-09-30,,,,0.0,0.0
2015-10-01,2.0,Mixed / transition regime,Minimum Volatility,0.05058284693063899,1.0691144662873038
2015-10-02,,,,0.0,0.0
2015-10-05,,,,0.0,0.0
2015-10-06,,,,0.0,0.0
2015-10-07,,,,0.0,0.0
2015-10-08,,,,0.0,0.0
2015-10-09,,,,0.0,0.0
2015-10-12,,,,0.0,0.0
2015-10-13,,,,0.0,0.0
2015-10-14,,,,0.0,0.0
2015-10-15,,,,0.0,0.0
2015-10-16,,,,0.0,0.0
2015-10-19,,,,0.0,0.0
2015-10-20,,,,0.0,0.0
2015-10-21,,,,0.0,0.0
2015-10-22,,,,0.0,0.0
2015-10-23,,,,0.0,0.0
2015-10-26,,,,0.0,0.0
2015-10-27,,,,0.0,0.0
2015-10-28,,,,0.0,0.0
2015-10-29,,,,0.0,0.0
2015-10-30,,,,0.0,0.0
2015-11-02,2.0,Mixed / transition regime,Minimum Volatility,0.03593636781682803,0.7751423152812317
2015-11-03,,,,0.0,0.0
2015-11-04,,,,0.0,0.0
2015-11-05,,,,0.0,0.0
2015-11-06,,,,0.0,0.0
2015-11-09,,,,0.0,0.0
2015-11-10,,,,0.0,0.0
2015-11-11,,,,0.0,0.0
2015-11-12,,,,0.0,0.0
2015-11-13,,,,0.0,0.0
2015-11-16,,,,0.0,0.0
2015-11-17,,,,0.0,0.0
2015-11-18,,,,0.0,0.0
2015-11-19,,,,0.0,0.0
2015-11-20,,,,0.0,0.0
2015-11-23,,,,0.0,0.0
2015-11-24,,,,0.0,0.0
2015-11-25,,,,0.0,0.0
2015-11-27,,,,0.0,0.0
2015-11-30,,,,0.0,0.0
2015-12-01,0.0,Equity growth / risk-on,60/40,0.7872667425807558,16.805210238964566
2015-12-02,,,,0.0,0.0
2015-12-03,,,,0.0,0.0
2015-12-04,,,,0.0,0.0
2015-12-07,,,,0.0,0.0
2015-12-08,,,,0.0,0.0
2015-12-09,,,,0.0,0.0
2015-12-10,,,,0.0,0.0
2015-12-11,,,,0.0,0.0
2015-12-14,,,,0.0,0.0
2015-12-15,,,,0.0,0.0
2015-12-16,,,,0.0,0.0
2015-12-17,,,,0.0,0.0
2015-12-18,,,,0.0,0.0
2015-12-21,,,,0.0,0.0
2015-12-22,,,,0.0,0.0
2015-12-23,,,,0.0,0.0
2015-12-24,,,,0.0,0.0
2015-12-28,,,,0.0,0.0
2015-12-29,,,,0.0,0.0
2015-12-30,,,,0.0,0.0
2015-12-31,,,,0.0,0.0
2016-01-04,0.0,Equity growth / risk-on,60/40,0.006196404539759726,0.13055601604799594
2016-01-05,,,,0.0,0.0
2016-01-06,,,,0.0,0.0
2016-01-07,,,,0.0,0.0
2016-01-08,,,,0.0,0.0
2016-01-11,,,,0.0,0.0
2016-01-12,,,,0.0,0.0
2016-01-13,,,,0.0,0.0
2016-01-14,,,,0.0,0.0
2016-01-15,,,,0.0,0.0
2016-01-19,,,,0.0,0.0
2016-01-20,,,,0.0,0.0
2016-01-21,,,,0.0,0.0
2016-01-22,,,,0.0,0.0
2016-01-25,,,,0.0,0.0
2016-01-26,,,,0.0,0.0
2016-01-27,,,,0.0,0.0
2016-01-28,,,,0.0,0.0
2016-01-29,,,,0.0,0.0
2016-02-01,2.0,Mixed / transition regime,Minimum Volatility,0.8529359912318013,17.67374934717346
2016-02-02,,,,0.0,0.0
2016-02-03,,,,0.0,0.0
2016-02-04,,,,0.0,0.0
2016-02-05,,,,0.0,0.0
2016-02-08,,,,0.0,0.0
2016-02-09,,,,0.0,0.0
2016-02-10,,,,0.0,0.0
2016-02-11,,,,0.0,0.0
2016-02-12,,,,0.0,0.0
2016-02-16,,,,0.0,0.0
2016-02-17,,,,0.0,0.0
2016-02-18,,,,0.0,0.0
2016-02-19,,,,0.0,0.0
2016-02-22,,,,0.0,0.0
2016-02-23,,,,0.0,0.0
2016-02-24,,,,0.0,0.0
2016-02-25,,,,0.0,0.0
2016-02-26,,,,0.0,0.0
2016-02-29,,,,0.0,0.0
2016-03-01,2.0,Mixed / transition regime,Minimum Volatility,0.10959789623087543,2.326913722796243
2016-03-02,,,,0.0,0.0
2016-03-03,,,,0.0,0.0
2016-03-04,,,,0.0,0.0
2016-03-07,,,,0.0,0.0
2016-03-08,,,,0.0,0.0
2016-03-09,,,,0.0,0.0
2016-03-10,,,,0.0,0.0
2016-03-11,,,,0.0,0.0
2016-03-14,,,,0.0,0.0
2016-03-15,,,,0.0,0.0
2016-03-16,,,,0.0,0.0
2016-03-17,,,,0.0,0.0
2016-03-18,,,,0.0,0.0
2016-03-21,,,,0.0,0.0
2016-03-22,,,,0.0,0.0
2016-03-23,,,,0.0,0.0
2016-03-24,,,,0.0,0.0
2016-03-28,,,,0.0,0.0
2016-03-29,,,,0.0,0.0
2016-03-30,,,,0.0,0.0
2016-03-31,,,,0.0,0.0
2016-04-01,2.0,Mixed / transition regime,Minimum Volatility,0.1444812799929908,3.1246089245317403
2016-04-04,,,,0.0,0.0
2016-04-05,,,,0.0,0.0
2016-04-06,,,,0.0,0.0
2016-04-07,,,,0.0,0.0
2016-04-08,,,,0.0,0.0
2016-04-11,,,,0.0,0.0
2016-04-12,,,,0.0,0.0
2016-04-13,,,,0.0,0.0
2016-04-14,,,,0.0,0.0
2016-04-15,,,,0.0,0.0
2016-04-18,,,,0.0,0.0
2016-04-19,,,,0.0,0.0
2016-04-20,,,,0.0,0.0
2016-04-21,,,,0.0,0.0
2016-04-22,,,,0.0,0.0
2016-04-25,,,,0.0,0.0
2016-04-26,,,,0.0,0.0
2016-04-27,,,,0.0,0.0
2016-04-28,,,,0.0,0.0
2016-04-29,,,,0.0,0.0
2016-05-02,0.0,Equity growth / risk-on,60/40,0.8727183382370883,19.12535781682552
2016-05-03,,,,0.0,0.0
2016-05-04,,,,0.0,0.0
2016-05-05,,,,0.0,0.0
2016-05-06,,,,0.0,0.0
2016-05-09,,,,0.0,0.0
2016-05-10,,,,0.0,0.0
2016-05-11,,,,0.0,0.0
2016-05-12,,,,0.0,0.0
2016-05-13,,,,0.0,0.0
2016-05-16,,,,0.0,0.0
2016-05-17,,,,0.0,0.0
2016-05-18,,,,0.0,0.0
2016-05-19,,,,0.0,0.0
2016-05-20,,,,0.0,0.0
2016-05-23,,,,0.0,0.0
2016-05-24,,,,0.0,0.0
2016-05-25,,,,0.0,0.0
2016-05-26,,,,0.0,0.0
2016-05-27,,,,0.0,0.0
2016-05-31,,,,0.0,0.0
2016-06-01,0.0,Equity growth / risk-on,60/40,0.00855784086289657,0.18921701914844274
2016-06-02,,,,0.0,0.0
2016-06-03,,,,0.0,0.0
2016-06-06,,,,0.0,0.0
2016-06-07,,,,0.0,0.0
2016-06-08,,,,0.0,0.0
2016-06-09,,,,0.0,0.0
2016-06-10,,,,0.0,0.0
2016-06-13,,,,0.0,0.0
2016-06-14,,,,0.0,0.0
2016-06-15,,,,0.0,0.0
2016-06-16,,,,0.0,0.0
2016-06-17,,,,0.0,0.0
2016-06-20,,,,0.0,0.0
2016-06-21,,,,0.0,0.0
2016-06-22,,,,0.0,0.0
2016-06-23,,,,0.0,0.0
2016-06-24,,,,0.0,0.0
2016-06-27,,,,0.0,0.0
2016-06-28,,,,0.0,0.0
2016-06-29,,,,0.0,0.0
2016-06-30,,,,0.0,0.0
2016-07-01,2.0,Mixed / transition regime,Minimum Volatility,0.8954207395439611,20.08371323792504
2016-07-05,,,,0.0,0.0
2016-07-06,,,,0.0,0.0
2016-07-07,,,,0.0,0.0
2016-07-08,,,,0.0,0.0
2016-07-11,,,,0.0,0.0
2016-07-12,,,,0.0,0.0
2016-07-13,,,,0.0,0.0
2016-07-14,,,,0.0,0.0
2016-07-15,,,,0.0,0.0
2016-07-18,,,,0.0,0.0
2016-07-19,,,,0.0,0.0
2016-07-20,,,,0.0,0.0
2016-07-21,,,,0.0,0.0
2016-07-22,,,,0.0,0.0
2016-07-25,,,,0.0,0.0
2016-07-26,,,,0.0,0.0
2016-07-27,,,,0.0,0.0
2016-07-28,,,,0.0,0.0
2016-07-29,,,,0.0,0.0
2016-08-01,0.0,Equity growth / risk-on,60/40,0.8958378063838178,20.32047843532913
2016-08-02,,,,0.0,0.0
2016-08-03,,,,0.0,0.0
2016-08-04,,,,0.0,0.0
2016-08-05,,,,0.0,0.0
2016-08-08,,,,0.0,0.0
2016-08-09,,,,0.0,0.0
2016-08-10,,,,0.0,0.0
2016-08-11,,,,0.0,0.0
2016-08-12,,,,0.0,0.0
2016-08-15,,,,0.0,0.0
2016-08-16,,,,0.0,0.0
2016-08-17,,,,0.0,0.0
2016-08-18,,,,0.0,0.0
2016-08-19,,,,0.0,0.0
2016-08-22,,,,0.0,0.0
2016-08-23,,,,0.0,0.0
2016-08-24,,,,0.0,0.0
2016-08-25,,,,0.0,0.0
2016-08-26,,,,0.0,0.0
2016-08-29,,,,0.0,0.0
2016-08-30,,,,0.0,0.0
2016-08-31,,,,0.0,0.0
2016-09-01,0.0,Equity growth / risk-on,60/40,0.005447615233163561,0.1230479294152514
2016-09-02,,,,0.0,0.0
2016-09-06,,,,0.0,0.0
2016-09-07,,,,0.0,0.0
2016-09-08,,,,0.0,0.0
2016-09-09,,,,0.0,0.0
2016-09-12,,,,0.0,0.0
2016-09-13,,,,0.0,0.0
2016-09-14,,,,0.0,0.0
2016-09-15,,,,0.0,0.0
2016-09-16,,,,0.0,0.0
2016-09-19,,,,0.0,0.0
2016-09-20,,,,0.0,0.0
2016-09-21,,,,0.0,0.0
2016-09-22,,,,0.0,0.0
2016-09-23,,,,0.0,0.0
2016-09-26,,,,0.0,0.0
2016-09-27,,,,0.0,0.0
2016-09-28,,,,0.0,0.0
2016-09-29,,,,0.0,0.0
2016-09-30,,,,0.0,0.0
2016-10-03,0.0,Equity growth / risk-on,60/40,0.0011105006530179873,0.02510797940833785
2016-10-04,,,,0.0,0.0
2016-10-05,,,,0.0,0.0
2016-10-06,,,,0.0,0.0
2016-10-07,,,,0.0,0.0
2016-10-10,,,,0.0,0.0
2016-10-11,,,,0.0,0.0
2016-10-12,,,,0.0,0.0
2016-10-13,,,,0.0,0.0
2016-10-14,,,,0.0,0.0
2016-10-17,,,,0.0,0.0
2016-10-18,,,,0.0,0.0
2016-10-19,,,,0.0,0.0
2016-10-20,,,,0.0,0.0
2016-10-21,,,,0.0,0.0
2016-10-24,,,,0.0,0.0
2016-10-25,,,,0.0,0.0
2016-10-26,,,,0.0,0.0
2016-10-27,,,,0.0,0.0
2016-10-28,,,,0.0,0.0
2016-10-31,,,,0.0,0.0
2016-11-01,3.0,Commodity strength / inflation-like,Equal Weight,1.6,35.5827327058231
2016-11-02,,,,0.0,0.0
2016-11-03,,,,0.0,0.0
2016-11-04,,,,0.0,0.0
2016-11-07,,,,0.0,0.0
2016-11-08,,,,0.0,0.0
2016-11-09,,,,0.0,0.0
2016-11-10,,,,0.0,0.0
2016-11-11,,,,0.0,0.0
2016-11-14,,,,0.0,0.0
2016-11-15,,,,0.0,0.0
2016-11-16,,,,0.0,0.0
2016-11-17,,,,0.0,0.0
2016-11-18,,,,0.0,0.0
2016-11-21,,,,0.0,0.0
2016-11-22,,,,0.0,0.0
2016-11-23,,,,0.0,0.0
2016-11-25,,,,0.0,0.0
2016-11-28,,,,0.0,0.0
2016-11-29,,,,0.0,0.0
2016-11-30,,,,0.0,0.0
2016-12-01,3.0,Commodity strength / inflation-like,Equal Weight,0.04367742341529193,0.9583378098569104
2016-12-02,,,,0.0,0.0
2016-12-05,,,,0.0,0.0
2016-12-06,,,,0.0,0.0
2016-12-07,,,,0.0,0.0
2016-12-08,,,,0.0,0.0
2016-12-09,,,,0.0,0.0
2016-12-12,,,,0.0,0.0
2016-12-13,,,,0.0,0.0
2016-12-14,,,,0.0,0.0
2016-12-15,,,,0.0,0.0
2016-12-16,,,,0.0,0.0
2016-12-19,,,,0.0,0.0
2016-12-20,,,,0.0,0.0
2016-12-21,,,,0.0,0.0
2016-12-22,,,,0.0,0.0
2016-12-23,,,,0.0,0.0
2016-12-27,,,,0.0,0.0
2016-12-28,,,,0.0,0.0
2016-12-29,,,,0.0,0.0
2016-12-30,,,,0.0,0.0
2017-01-03,3.0,Commodity strength / inflation-like,Equal Weight,0.01792526175553158,0.39916946187085917
2017-01-04,,,,0.0,0.0
2017-01-05,,,,0.0,0.0
2017-01-06,,,,0.0,0.0
2017-01-09,,,,0.0,0.0
2017-01-10,,,,0.0,0.0
2017-01-11,,,,0.0,0.0
2017-01-12,,,,0.0,0.0
2017-01-13,,,,0.0,0.0
2017-01-17,,,,0.0,0.0
2017-01-18,,,,0.0,0.0
2017-01-19,,,,0.0,0.0
2017-01-20,,,,0.0,0.0
2017-01-23,,,,0.0,0.0
2017-01-24,,,,0.0,0.0
2017-01-25,,,,0.0,0.0
2017-01-26,,,,0.0,0.0
2017-01-27,,,,0.0,0.0
2017-01-30,,,,0.0,0.0
2017-01-31,,,,0.0,0.0
2017-02-01,0.0,Equity growth / risk-on,60/40,1.6050072561478461,36.557153882733
2017-02-02,,,,0.0,0.0
2017-02-03,,,,0.0,0.0
2017-02-06,,,,0.0,0.0
2017-02-07,,,,0.0,0.0
2017-02-08,,,,0.0,0.0
2017-02-09,,,,0.0,0.0
2017-02-10,,,,0.0,0.0
2017-02-13,,,,0.0,0.0
2017-02-14,,,,0.0,0.0
2017-02-15,,,,0.0,0.0
2017-02-16,,,,0.0,0.0
2017-02-17,,,,0.0,0.0
2017-02-21,,,,0.0,0.0
2017-02-22,,,,0.0,0.0
2017-02-23,,,,0.0,0.0
2017-02-24,,,,0.0,0.0
2017-02-27,,,,0.0,0.0
2017-02-28,,,,0.0,0.0
2017-03-01,0.0,Equity growth / risk-on,60/40,0.014989892854181397,0.3498986270071572
2017-03-02,,,,0.0,0.0
2017-03-03,,,,0.0,0.0
2017-03-06,,,,0.0,0.0
2017-03-07,,,,0.0,0.0
2017-03-08,,,,0.0,0.0
2017-03-09,,,,0.0,0.0
2017-03-10,,,,0.0,0.0
2017-03-13,,,,0.0,0.0
2017-03-14,,,,0.0,0.0
2017-03-15,,,,0.0,0.0
2017-03-16,,,,0.0,0.0
2017-03-17,,,,0.0,0.0
2017-03-20,,,,0.0,0.0
2017-03-21,,,,0.0,0.0
2017-03-22,,,,0.0,0.0
2017-03-23,,,,0.0,0.0
2017-03-24,,,,0.0,0.0
2017-03-27,,,,0.0,0.0
2017-03-28,,,,0.0,0.0
2017-03-29,,,,0.0,0.0
2017-03-30,,,,0.0,0.0
2017-03-31,,,,0.0,0.0
2017-04-03,0.0,Equity growth / risk-on,60/40,0.00021284778236957402,0.004973611541785717
2017-04-04,,,,0.0,0.0
2017-04-05,,,,0.0,0.0
2017-04-06,,,,0.0,0.0
2017-04-07,,,,0.0,0.0
2017-04-10,,,,0.0,0.0
2017-04-11,,,,0.0,0.0
2017-04-12,,,,0.0,0.0
2017-04-13,,,,0.0,0.0
2017-04-17,,,,0.0,0.0
2017-04-18,,,,0.0,0.0
2017-04-19,,,,0.0,0.0
2017-04-20,,,,0.0,0.0
2017-04-21,,,,0.0,0.0
2017-04-24,,,,0.0,0.0
2017-04-25,,,,0.0,0.0
2017-04-26,,,,0.0,0.0
2017-04-27,,,,0.0,0.0
2017-04-28,,,,0.0,0.0
2017-05-01,0.0,Equity growth / risk-on,60/40,0.0005516369976327762,0.013024027543994642
2017-05-02,,,,0.0,0.0
2017-05-03,,,,0.0,0.0
2017-05-04,,,,0.0,0.0
2017-05-05,,,,0.0,0.0
2017-05-08,,,,0.0,0.0
2017-05-09,,,,0.0,0.0
2017-05-10,,,,0.0,0.0
2017-05-11,,,,0.0,0.0
2017-05-12,,,,0.0,0.0
2017-05-15,,,,0.0,0.0
2017-05-16,,,,0.0,0.0
2017-05-17,,,,0.0,0.0
2017-05-18,,,,0.0,0.0
2017-05-19,,,,0.0,0.0
2017-05-22,,,,0.0,0.0
2017-05-23,,,,0.0,0.0
2017-05-24,,,,0.0,0.0
2017-05-25,,,,0.0,0.0
2017-05-26,,,,0.0,0.0
2017-05-30,,,,0.0,0.0
2017-05-31,,,,0.0,0.0
2017-06-01,0.0,Equity growth / risk-on,60/40,0.002773065891186255,0.06624235624371012
2017-06-02,,,,0.0,0.0
2017-06-05,,,,0.0,0.0
2017-06-06,,,,0.0,0.0
2017-06-07,,,,0.0,0.0
2017-06-08,,,,0.0,0.0
2017-06-09,,,,0.0,0.0
2017-06-12,,,,0.0,0.0
2017-06-13,,,,0.0,0.0
2017-06-14,,,,0.0,0.0
2017-06-15,,,,0.0,0.0
2017-06-16,,,,0.0,0.0
2017-06-19,,,,0.0,0.0
2017-06-20,,,,0.0,0.0
2017-06-21,,,,0.0,0.0
2017-06-22,,,,0.0,0.0
2017-06-23,,,,0.0,0.0
2017-06-26,,,,0.0,0.0
2017-06-27,,,,0.0,0.0
2017-06-28,,,,0.0,0.0
2017-06-29,,,,0.0,0.0
2017-06-30,,,,0.0,0.0
2017-07-03,0.0,Equity growth / risk-on,60/40,0.005495808035163585,0.1315168265406838
2017-07-05,,,,0.0,0.0
2017-07-06,,,,0.0,0.0
2017-07-07,,,,0.0,0.0
2017-07-10,,,,0.0,0.0
2017-07-11,,,,0.0,0.0
2017-07-12,,,,0.0,0.0
2017-07-13,,,,0.0,0.0
2017-07-14,,,,0.0,0.0
2017-07-17,,,,0.0,0.0
2017-07-18,,,,0.0,0.0
2017-07-19,,,,0.0,0.0
2017-07-20,,,,0.0,0.0
2017-07-21,,,,0.0,0.0
2017-07-24,,,,0.0,0.0
2017-07-25,,,,0.0,0.0
2017-07-26,,,,0.0,0.0
2017-07-27,,,,0.0,0.0
2017-07-28,,,,0.0,0.0
2017-07-31,,,,0.0,0.0
2017-08-01,0.0,Equity growth / risk-on,60/40,0.00795690439059632,0.19304447275692946
2017-08-02,,,,0.0,0.0
2017-08-03,,,,0.0,0.0
2017-08-04,,,,0.0,0.0
2017-08-07,,,,0.0,0.0
2017-08-08,,,,0.0,0.0
2017-08-09,,,,0.0,0.0
2017-08-10,,,,0.0,0.0
2017-08-11,,,,0.0,0.0
2017-08-14,,,,0.0,0.0
2017-08-15,,,,0.0,0.0
2017-08-16,,,,0.0,0.0
2017-08-17,,,,0.0,0.0
2017-08-18,,,,0.0,0.0
2017-08-21,,,,0.0,0.0
2017-08-22,,,,0.0,0.0
2017-08-23,,,,0.0,0.0
2017-08-24,,,,0.0,0.0
2017-08-25,,,,0.0,0.0
2017-08-28,,,,0.0,0.0
2017-08-29,,,,0.0,0.0
2017-08-30,,,,0.0,0.0
2017-08-31,,,,0.0,0.0
2017-09-01,0.0,Equity growth / risk-on,60/40,0.0055535474769248805,0.13575635414938045
2017-09-05,,,,0.0,0.0
2017-09-06,,,,0.0,0.0
2017-09-07,,,,0.0,0.0
2017-09-08,,,,0.0,0.0
2017-09-11,,,,0.0,0.0
2017-09-12,,,,0.0,0.0
2017-09-13,,,,0.0,0.0
2017-09-14,,,,0.0,0.0
2017-09-15,,,,0.0,0.0
2017-09-18,,,,0.0,0.0
2017-09-19,,,,0.0,0.0
2017-09-20,,,,0.0,0.0
2017-09-21,,,,0.0,0.0
2017-09-22,,,,0.0,0.0
2017-09-25,,,,0.0,0.0
2017-09-26,,,,0.0,0.0
2017-09-27,,,,0.0,0.0
2017-09-28,,,,0.0,0.0
2017-09-29,,,,0.0,0.0
2017-10-02,0.0,Equity growth / risk-on,60/40,0.016486626760639,0.4055614187523371
2017-10-03,,,,0.0,0.0
2017-10-04,,,,0.0,0.0
2017-10-05,,,,0.0,0.0
2017-10-06,,,,0.0,0.0
2017-10-09,,,,0.0,0.0
2017-10-10,,,,0.0,0.0
2017-10-11,,,,0.0,0.0
2017-10-12,,,,0.0,0.0
2017-10-13,,,,0.0,0.0
2017-10-16,,,,0.0,0.0
2017-10-17,,,,0.0,0.0
2017-10-18,,,,0.0,0.0
2017-10-19,,,,0.0,0.0
2017-10-20,,,,0.0,0.0
2017-10-23,,,,0.0,0.0
2017-10-24,,,,0.0,0.0
2017-10-25,,,,0.0,0.0
2017-10-26,,,,0.0,0.0
2017-10-27,,,,0.0,0.0
2017-10-30,,,,0.0,0.0
2017-10-31,,,,0.0,0.0
2017-11-01,0.0,Equity growth / risk-on,60/40,0.012056624706597574,0.3005500915821451
2017-11-02,,,,0.0,0.0
2017-11-03,,,,0.0,0.0
2017-11-06,,,,0.0,0.0
2017-11-07,,,,0.0,0.0
2017-11-08,,,,0.0,0.0
2017-11-09,,,,0.0,0.0
2017-11-10,,,,0.0,0.0
2017-11-13,,,,0.0,0.0
2017-11-14,,,,0.0,0.0
2017-11-15,,,,0.0,0.0
2017-11-16,,,,0.0,0.0
2017-11-17,,,,0.0,0.0
2017-11-20,,,,0.0,0.0
2017-11-21,,,,0.0,0.0
2017-11-22,,,,0.0,0.0
2017-11-24,,,,0.0,0.0
2017-11-27,,,,0.0,0.0
2017-11-28,,,,0.0,0.0
2017-11-29,,,,0.0,0.0
2017-11-30,,,,0.0,0.0
2017-12-01,0.0,Equity growth / risk-on,60/40,0.01574088758266956,0.39914533500045724
2017-12-04,,,,0.0,0.0
2017-12-05,,,,0.0,0.0
2017-12-06,,,,0.0,0.0
2017-12-07,,,,0.0,0.0
2017-12-08,,,,0.0,0.0
2017-12-11,,,,0.0,0.0
2017-12-12,,,,0.0,0.0
2017-12-13,,,,0.0,0.0
2017-12-14,,,,0.0,0.0
2017-12-15,,,,0.0,0.0
2017-12-18,,,,0.0,0.0
2017-12-19,,,,0.0,0.0
2017-12-20,,,,0.0,0.0
2017-12-21,,,,0.0,0.0
2017-12-22,,,,0.0,0.0
2017-12-26,,,,0.0,0.0
2017-12-27,,,,0.0,0.0
2017-12-28,,,,0.0,0.0
2017-12-29,,,,0.0,0.0
2018-01-02,0.0,Equity growth / risk-on,60/40,0.004895159398070337,0.12512071082095327
2018-01-03,,,,0.0,0.0
2018-01-04,,,,0.0,0.0
2018-01-05,,,,0.0,0.0
2018-01-08,,,,0.0,0.0
2018-01-09,,,,0.0,0.0
2018-01-10,,,,0.0,0.0
2018-01-11,,,,0.0,0.0
2018-01-12,,,,0.0,0.0
2018-01-16,,,,0.0,0.0
2018-01-17,,,,0.0,0.0
2018-01-18,,,,0.0,0.0
2018-01-19,,,,0.0,0.0
2018-01-22,,,,0.0,0.0
2018-01-23,,,,0.0,0.0
2018-01-24,,,,0.0,0.0
2018-01-25,,,,0.0,0.0
2018-01-26,,,,0.0,0.0
2018-01-29,,,,0.0,0.0
2018-01-30,,,,0.0,0.0
2018-01-31,,,,0.0,0.0
2018-02-01,0.0,Equity growth / risk-on,60/40,0.03645457129653484,0.955271805550665
2018-02-02,,,,0.0,0.0
2018-02-05,,,,0.0,0.0
2018-02-06,,,,0.0,0.0
2018-02-07,,,,0.0,0.0
2018-02-08,,,,0.0,0.0
2018-02-09,,,,0.0,0.0
2018-02-12,,,,0.0,0.0
2018-02-13,,,,0.0,0.0
2018-02-14,,,,0.0,0.0
2018-02-15,,,,0.0,0.0
2018-02-16,,,,0.0,0.0
2018-02-20,,,,0.0,0.0
2018-02-21,,,,0.0,0.0
2018-02-22,,,,0.0,0.0
2018-02-23,,,,0.0,0.0
2018-02-26,,,,0.0,0.0
2018-02-27,,,,0.0,0.0
2018-02-28,,,,0.0,0.0
2018-03-01,0.0,Equity growth / risk-on,60/40,0.013316020326171962,0.3400120816841922
2018-03-02,,,,0.0,0.0
2018-03-05,,,,0.0,0.0
2018-03-06,,,,0.0,0.0
2018-03-07,,,,0.0,0.0
2018-03-08,,,,0.0,0.0
2018-03-09,,,,0.0,0.0
2018-03-12,,,,0.0,0.0
2018-03-13,,,,0.0,0.0
2018-03-14,,,,0.0,0.0
2018-03-15,,,,0.0,0.0
2018-03-16,,,,0.0,0.0
2018-03-19,,,,0.0,0.0
2018-03-20,,,,0.0,0.0
2018-03-21,,,,0.0,0.0
2018-03-22,,,,0.0,0.0
2018-03-23,,,,0.0,0.0
2018-03-26,,,,0.0,0.0
2018-03-27,,,,0.0,0.0
2018-03-28,,,,0.0,0.0
2018-03-29,,,,0.0,0.0
2018-04-02,3.0,Commodity strength / inflation-like,Equal Weight,1.6,40.37092518274684
2018-04-03,,,,0.0,0.0
2018-04-04,,,,0.0,0.0
2018-04-05,,,,0.0,0.0
2018-04-06,,,,0.0,0.0
2018-04-09,,,,0.0,0.0
2018-04-10,,,,0.0,0.0
2018-04-11,,,,0.0,0.0
2018-04-12,,,,0.0,0.0
2018-04-13,,,,0.0,0.0
2018-04-16,,,,0.0,0.0
2018-04-17,,,,0.0,0.0
2018-04-18,,,,0.0,0.0
2018-04-19,,,,0.0,0.0
2018-04-20,,,,0.0,0.0
2018-04-23,,,,0.0,0.0
2018-04-24,,,,0.0,0.0
2018-04-25,,,,0.0,0.0
2018-04-26,,,,0.0,0.0
2018-04-27,,,,0.0,0.0
2018-04-30,,,,0.0,0.0
2018-05-01,3.0,Commodity strength / inflation-like,Equal Weight,0.014763326931031676,0.37214290518156645
2018-05-02,,,,0.0,0.0
2018-05-03,,,,0.0,0.0
2018-05-04,,,,0.0,0.0
2018-05-07,,,,0.0,0.0
2018-05-08,,,,0.0,0.0
2018-05-09,,,,0.0,0.0
2018-05-10,,,,0.0,0.0
2018-05-11,,,,0.0,0.0
2018-05-14,,,,0.0,0.0
2018-05-15,,,,0.0,0.0
2018-05-16,,,,0.0,0.0
2018-05-17,,,,0.0,0.0
2018-05-18,,,,0.0,0.0
2018-05-21,,,,0.0,0.0
2018-05-22,,,,0.0,0.0
2018-05-23,,,,0.0,0.0
2018-05-24,,,,0.0,0.0
2018-05-25,,,,0.0,0.0
2018-05-29,,,,0.0,0.0
2018-05-30,,,,0.0,0.0
2018-05-31,,,,0.0,0.0
2018-06-01,0.0,Equity growth / risk-on,60/40,1.6003213329554102,41.06128963935962
2018-06-04,,,,0.0,0.0
2018-06-05,,,,0.0,0.0
2018-06-06,,,,0.0,0.0
2018-06-07,,,,0.0,0.0
2018-06-08,,,,0.0,0.0
2018-06-11,,,,0.0,0.0
2018-06-12,,,,0.0,0.0
2018-06-13,,,,0.0,0.0
2018-06-14,,,,0.0,0.0
2018-06-15,,,,0.0,0.0
2018-06-18,,,,0.0,0.0
2018-06-19,,,,0.0,0.0
2018-06-20,,,,0.0,0.0
2018-06-21,,,,0.0,0.0
2018-06-22,,,,0.0,0.0
2018-06-25,,,,0.0,0.0
2018-06-26,,,,0.0,0.0
2018-06-27,,,,0.0,0.0
2018-06-28,,,,0.0,0.0
2018-06-29,,,,0.0,0.0
2018-07-02,0.0,Equity growth / risk-on,60/40,0.001805254887720542,0.04644148156367606
2018-07-03,,,,0.0,0.0
2018-07-05,,,,0.0,0.0
2018-07-06,,,,0.0,0.0
2018-07-09,,,,0.0,0.0
2018-07-10,,,,0.0,0.0
2018-07-11,,,,0.0,0.0
2018-07-12,,,,0.0,0.0
2018-07-13,,,,0.0,0.0
2018-07-16,,,,0.0,0.0
2018-07-17,,,,0.0,0.0
2018-07-18,,,,0.0,0.0
2018-07-19,,,,0.0,0.0
2018-07-20,,,,0.0,0.0
2018-07-23,,,,0.0,0.0
2018-07-24,,,,0.0,0.0
2018-07-25,,,,0.0,0.0
2018-07-26,,,,0.0,0.0
2018-07-27,,,,0.0,0.0
2018-07-30,,,,0.0,0.0
2018-07-31,,,,0.0,0.0
2018-08-01,0.0,Equity growth / risk-on,60/40,0.01991482386683957,0.5226283890095337
2018-08-02,,,,0.0,0.0
2018-08-03,,,,0.0,0.0
2018-08-06,,,,0.0,0.0
2018-08-07,,,,0.0,0.0
2018-08-08,,,,0.0,0.0
2018-08-09,,,,0.0,0.0
2018-08-10,,,,0.0,0.0
2018-08-13,,,,0.0,0.0
2018-08-14,,,,0.0,0.0
2018-08-15,,,,0.0,0.0
2018-08-16,,,,0.0,0.0
2018-08-17,,,,0.0,0.0
2018-08-20,,,,0.0,0.0
2018-08-21,,,,0.0,0.0
2018-08-22,,,,0.0,0.0
2018-08-23,,,,0.0,0.0
2018-08-24,,,,0.0,0.0
2018-08-27,,,,0.0,0.0
2018-08-28,,,,0.0,0.0
2018-08-29,,,,0.0,0.0
2018-08-30,,,,0.0,0.0
2018-08-31,,,,0.0,0.0
2018-09-04,0.0,Equity growth / risk-on,60/40,0.010217317531582948,0.2743523850565065
2018-09-05,,,,0.0,0.0
2018-09-06,,,,0.0,0.0
2018-09-07,,,,0.0,0.0
2018-09-10,,,,0.0,0.0
2018-09-11,,,,0.0,0.0
2018-09-12,,,,0.0,0.0
2018-09-13,,,,0.0,0.0
2018-09-14,,,,0.0,0.0
2018-09-17,,,,0.0,0.0
2018-09-18,,,,0.0,0.0
2018-09-19,,,,0.0,0.0
2018-09-20,,,,0.0,0.0
2018-09-21,,,,0.0,0.0
2018-09-24,,,,0.0,0.0
2018-09-25,,,,0.0,0.0
2018-09-26,,,,0.0,0.0
2018-09-27,,,,0.0,0.0
2018-09-28,,,,0.0,0.0
2018-10-01,0.0,Equity growth / risk-on,60/40,0.00864891583424654,0.23194478781972921
2018-10-02,,,,0.0,0.0
2018-10-03,,,,0.0,0.0
2018-10-04,,,,0.0,0.0
2018-10-05,,,,0.0,0.0
2018-10-08,,,,0.0,0.0
2018-10-09,,,,0.0,0.0
2018-10-10,,,,0.0,0.0
2018-10-11,,,,0.0,0.0
2018-10-12,,,,0.0,0.0
2018-10-15,,,,0.0,0.0
2018-10-16,,,,0.0,0.0
2018-10-17,,,,0.0,0.0
2018-10-18,,,,0.0,0.0
2018-10-19,,,,0.0,0.0
2018-10-22,,,,0.0,0.0
2018-10-23,,,,0.0,0.0
2018-10-24,,,,0.0,0.0
2018-10-25,,,,0.0,0.0
2018-10-26,,,,0.0,0.0
2018-10-29,,,,0.0,0.0
2018-10-30,,,,0.0,0.0
2018-10-31,,,,0.0,0.0
2018-11-01,3.0,Commodity strength / inflation-like,Equal Weight,1.6,41.076988863371156
2018-11-02,,,,0.0,0.0
2018-11-05,,,,0.0,0.0
2018-11-06,,,,0.0,0.0
2018-11-07,,,,0.0,0.0
2018-11-08,,,,0.0,0.0
2018-11-09,,,,0.0,0.0
2018-11-12,,,,0.0,0.0
2018-11-13,,,,0.0,0.0
2018-11-14,,,,0.0,0.0
2018-11-15,,,,0.0,0.0
2018-11-16,,,,0.0,0.0
2018-11-19,,,,0.0,0.0
2018-11-20,,,,0.0,0.0
2018-11-21,,,,0.0,0.0
2018-11-23,,,,0.0,0.0
2018-11-26,,,,0.0,0.0
2018-11-27,,,,0.0,0.0
2018-11-28,,,,0.0,0.0
2018-11-29,,,,0.0,0.0
2018-11-30,,,,0.0,0.0
2018-12-03,2.0,Mixed / transition regime,Minimum Volatility,0.9035385797063773,23.3216097233539
2018-12-04,,,,0.0,0.0
2018-12-06,,,,0.0,0.0
2018-12-07,,,,0.0,0.0
2018-12-10,,,,0.0,0.0
2018-12-11,,,,0.0,0.0
2018-12-12,,,,0.0,0.0
2018-12-13,,,,0.0,0.0
2018-12-14,,,,0.0,0.0
2018-12-17,,,,0.0,0.0
2018-12-18,,,,0.0,0.0
2018-12-19,,,,0.0,0.0
2018-12-20,,,,0.0,0.0
2018-12-21,,,,0.0,0.0
2018-12-24,,,,0.0,0.0
2018-12-26,,,,0.0,0.0
2018-12-27,,,,0.0,0.0
2018-12-28,,,,0.0,0.0
2018-12-31,,,,0.0,0.0
2019-01-02,2.0,Mixed / transition regime,Minimum Volatility,0.051936315801211885,1.357351747448773
2019-01-03,,,,0.0,0.0
2019-01-04,,,,0.0,0.0
2019-01-07,,,,0.0,0.0
2019-01-08,,,,0.0,0.0
2019-01-09,,,,0.0,0.0
2019-01-10,,,,0.0,0.0
2019-01-11,,,,0.0,0.0
2019-01-14,,,,0.0,0.0
2019-01-15,,,,0.0,0.0
2019-01-16,,,,0.0,0.0
2019-01-17,,,,0.0,0.0
2019-01-18,,,,0.0,0.0
2019-01-22,,,,0.0,0.0
2019-01-23,,,,0.0,0.0
2019-01-24,,,,0.0,0.0
2019-01-25,,,,0.0,0.0
2019-01-28,,,,0.0,0.0
2019-01-29,,,,0.0,0.0
2019-01-30,,,,0.0,0.0
2019-01-31,,,,0.0,0.0
2019-02-01,2.0,Mixed / transition regime,Minimum Volatility,0.06352113229950199,1.7042419090713727
2019-02-04,,,,0.0,0.0
2019-02-05,,,,0.0,0.0
2019-02-06,,,,0.0,0.0
2019-02-07,,,,0.0,0.0
2019-02-08,,,,0.0,0.0
2019-02-11,,,,0.0,0.0
2019-02-12,,,,0.0,0.0
2019-02-13,,,,0.0,0.0
2019-02-14,,,,0.0,0.0
2019-02-15,,,,0.0,0.0
2019-02-19,,,,0.0,0.0
2019-02-20,,,,0.0,0.0
2019-02-21,,,,0.0,0.0
2019-02-22,,,,0.0,0.0
2019-02-25,,,,0.0,0.0
2019-02-26,,,,0.0,0.0
2019-02-27,,,,0.0,0.0
2019-02-28,,,,0.0,0.0
2019-03-01,2.0,Mixed / transition regime,Minimum Volatility,0.12843121361002358,3.449942006923526
2019-03-04,,,,0.0,0.0
2019-03-05,,,,0.0,0.0
2019-03-06,,,,0.0,0.0
2019-03-07,,,,0.0,0.0
2019-03-08,,,,0.0,0.0
2019-03-11,,,,0.0,0.0
2019-03-12,,,,0.0,0.0
2019-03-13,,,,0.0,0.0
2019-03-14,,,,0.0,0.0
2019-03-15,,,,0.0,0.0
2019-03-18,,,,0.0,0.0
2019-03-19,,,,0.0,0.0
2019-03-20,,,,0.0,0.0
2019-03-21,,,,0.0,0.0
2019-03-22,,,,0.0,0.0
2019-03-25,,,,0.0,0.0
2019-03-26,,,,0.0,0.0
2019-03-27,,,,0.0,0.0
2019-03-28,,,,0.0,0.0
2019-03-29,,,,0.0,0.0
2019-04-01,0.0,Equity growth / risk-on,60/40,1.0706335921120411,29.39371718307807
2019-04-02,,,,0.0,0.0
2019-04-03,,,,0.0,0.0
2019-04-04,,,,0.0,0.0
2019-04-05,,,,0.0,0.0
2019-04-08,,,,0.0,0.0
2019-04-09,,,,0.0,0.0
2019-04-10,,,,0.0,0.0
2019-04-11,,,,0.0,0.0
2019-04-12,,,,0.0,0.0
2019-04-15,,,,0.0,0.0
2019-04-16,,,,0.0,0.0
2019-04-17,,,,0.0,0.0
2019-04-18,,,,0.0,0.0
2019-04-22,,,,0.0,0.0
2019-04-23,,,,0.0,0.0
2019-04-24,,,,0.0,0.0
2019-04-25,,,,0.0,0.0
2019-04-26,,,,0.0,0.0
2019-04-29,,,,0.0,0.0
2019-04-30,,,,0.0,0.0
2019-05-01,0.0,Equity growth / risk-on,60/40,0.02161324857514263,0.6060454111192922
2019-05-02,,,,0.0,0.0
2019-05-03,,,,0.0,0.0
2019-05-06,,,,0.0,0.0
2019-05-07,,,,0.0,0.0
2019-05-08,,,,0.0,0.0
2019-05-09,,,,0.0,0.0
2019-05-10,,,,0.0,0.0
2019-05-13,,,,0.0,0.0
2019-05-14,,,,0.0,0.0
2019-05-15,,,,0.0,0.0
2019-05-16,,,,0.0,0.0
2019-05-17,,,,0.0,0.0
2019-05-20,,,,0.0,0.0
2019-05-21,,,,0.0,0.0
2019-05-22,,,,0.0,0.0
2019-05-23,,,,0.0,0.0
2019-05-24,,,,0.0,0.0
2019-05-28,,,,0.0,0.0
2019-05-29,,,,0.0,0.0
2019-05-30,,,,0.0,0.0
2019-05-31,,,,0.0,0.0
2019-06-03,2.0,Mixed / transition regime,Minimum Volatility,0.9861881276673137,26.931721044039968
2019-06-04,,,,0.0,0.0
2019-06-05,,,,0.0,0.0
2019-06-06,,,,0.0,0.0
2019-06-07,,,,0.0,0.0
2019-06-10,,,,0.0,0.0
2019-06-11,,,,0.0,0.0
2019-06-12,,,,0.0,0.0
2019-06-13,,,,0.0,0.0
2019-06-14,,,,0.0,0.0
2019-06-17,,,,0.0,0.0
2019-06-18,,,,0.0,0.0
2019-06-19,,,,0.0,0.0
2019-06-20,,,,0.0,0.0
2019-06-21,,,,0.0,0.0
2019-06-24,,,,0.0,0.0
2019-06-25,,,,0.0,0.0
2019-06-26,,,,0.0,0.0
2019-06-27,,,,0.0,0.0
2019-06-28,,,,0.0,0.0
2019-07-01,0.0,Equity growth / risk-on,60/40,0.9941960315992747,28.00339243858941
2019-07-02,,,,0.0,0.0
2019-07-03,,,,0.0,0.0
2019-07-05,,,,0.0,0.0
2019-07-08,,,,0.0,0.0
2019-07-09,,,,0.0,0.0
2019-07-10,,,,0.0,0.0
2019-07-11,,,,0.0,0.0
2019-07-12,,,,0.0,0.0
2019-07-15,,,,0.0,0.0
2019-07-16,,,,0.0,0.0
2019-07-17,,,,0.0,0.0
2019-07-18,,,,0.0,0.0
2019-07-19,,,,0.0,0.0
2019-07-22,,,,0.0,0.0
2019-07-23,,,,0.0,0.0
2019-07-24,,,,0.0,0.0
2019-07-25,,,,0.0,0.0
2019-07-26,,,,0.0,0.0
2019-07-29,,,,0.0,0.0
2019-07-30,,,,0.0,0.0
2019-07-31,,,,0.0,0.0
2019-08-01,2.0,Mixed / transition regime,Minimum Volatility,0.995540610409031,28.27179976171873
2019-08-02,,,,0.0,0.0
2019-08-05,,,,0.0,0.0
2019-08-06,,,,0.0,0.0
2019-08-07,,,,0.0,0.0
2019-08-08,,,,0.0,0.0
2019-08-09,,,,0.0,0.0
2019-08-12,,,,0.0,0.0
2019-08-13,,,,0.0,0.0
2019-08-14,,,,0.0,0.0
2019-08-15,,,,0.0,0.0
2019-08-16,,,,0.0,0.0
2019-08-19,,,,0.0,0.0
2019-08-20,,,,0.0,0.0
2019-08-21,,,,0.0,0.0
2019-08-22,,,,0.0,0.0
2019-08-23,,,,0.0,0.0
2019-08-26,,,,0.0,0.0
2019-08-27,,,,0.0,0.0
2019-08-28,,,,0.0,0.0
2019-08-29,,,,0.0,0.0
2019-08-30,,,,0.0,0.0
2019-09-03,2.0,Mixed / transition regime,Minimum Volatility,0.11851978058261242,3.497961512080007
2019-09-04,,,,0.0,0.0
2019-09-05,,,,0.0,0.0
2019-09-06,,,,0.0,0.0
2019-09-09,,,,0.0,0.0
2019-09-10,,,,0.0,0.0
2019-09-11,,,,0.0,0.0
2019-09-12,,,,0.0,0.0
2019-09-13,,,,0.0,0.0
2019-09-16,,,,0.0,0.0
2019-09-17,,,,0.0,0.0
2019-09-18,,,,0.0,0.0
2019-09-19,,,,0.0,0.0
2019-09-20,,,,0.0,0.0
2019-09-23,,,,0.0,0.0
2019-09-24,,,,0.0,0.0
2019-09-25,,,,0.0,0.0
2019-09-26,,,,0.0,0.0
2019-09-27,,,,0.0,0.0
2019-09-30,,,,0.0,0.0
2019-10-01,2.0,Mixed / transition regime,Minimum Volatility,0.1279875542931824,3.754800508728032
2019-10-02,,,,0.0,0.0
2019-10-03,,,,0.0,0.0
2019-10-04,,,,0.0,0.0
2019-10-07,,,,0.0,0.0
2019-10-08,,,,0.0,0.0
2019-10-09,,,,0.0,0.0
2019-10-10,,,,0.0,0.0
2019-10-11,,,,0.0,0.0
2019-10-14,,,,0.0,0.0
2019-10-15,,,,0.0,0.0
2019-10-16,,,,0.0,0.0
2019-10-17,,,,0.0,0.0
2019-10-18,,,,0.0,0.0
2019-10-21,,,,0.0,0.0
2019-10-22,,,,0.0,0.0
2019-10-23,,,,0.0,0.0
2019-10-24,,,,0.0,0.0
2019-10-25,,,,0.0,0.0
2019-10-28,,,,0.0,0.0
2019-10-29,,,,0.0,0.0
2019-10-30,,,,0.0,0.0
2019-10-31,,,,0.0,0.0
2019-11-01,2.0,Mixed / transition regime,Minimum Volatility,0.16318263945306968,4.832145383327394
2019-11-04,,,,0.0,0.0
2019-11-05,,,,0.0,0.0
2019-11-06,,,,0.0,0.0
2019-11-07,,,,0.0,0.0
2019-11-08,,,,0.0,0.0
2019-11-11,,,,0.0,0.0
2019-11-12,,,,0.0,0.0
2019-11-13,,,,0.0,0.0
2019-11-14,,,,0.0,0.0
2019-11-15,,,,0.0,0.0
2019-11-18,,,,0.0,0.0
2019-11-19,,,,0.0,0.0
2019-11-20,,,,0.0,0.0
2019-11-21,,,,0.0,0.0
2019-11-22,,,,0.0,0.0
2019-11-25,,,,0.0,0.0
2019-11-26,,,,0.0,0.0
2019-11-27,,,,0.0,0.0
2019-11-29,,,,0.0,0.0
2019-12-02,0.0,Equity growth / risk-on,60/40,1.1529749651356278,34.130131528851855
2019-12-03,,,,0.0,0.0
2019-12-04,,,,0.0,0.0
2019-12-05,,,,0.0,0.0
2019-12-06,,,,0.0,0.0
2019-12-09,,,,0.0,0.0
2019-12-10,,,,0.0,0.0
2019-12-11,,,,0.0,0.0
2019-12-12,,,,0.0,0.0
2019-12-13,,,,0.0,0.0
2019-12-16,,,,0.0,0.0
2019-12-17,,,,0.0,0.0
2019-12-18,,,,0.0,0.0
2019-12-19,,,,0.0,0.0
2019-12-20,,,,0.0,0.0
2019-12-23,,,,0.0,0.0
2019-12-24,,,,0.0,0.0
2019-12-26,,,,0.0,0.0
2019-12-27,,,,0.0,0.0
2019-12-30,,,,0.0,0.0
2019-12-31,,,,0.0,0.0
2020-01-02,0.0,Equity growth / risk-on,60/40,0.01815210662281147,0.5440797067436837
2020-01-03,,,,0.0,0.0
2020-01-06,,,,0.0,0.0
2020-01-07,,,,0.0,0.0
2020-01-08,,,,0.0,0.0
2020-01-09,,,,0.0,0.0
2020-01-10,,,,0.0,0.0
2020-01-13,,,,0.0,0.0
2020-01-14,,,,0.0,0.0
2020-01-15,,,,0.0,0.0
2020-01-16,,,,0.0,0.0
2020-01-17,,,,0.0,0.0
2020-01-21,,,,0.0,0.0
2020-01-22,,,,0.0,0.0
2020-01-23,,,,0.0,0.0
2020-01-24,,,,0.0,0.0
2020-01-27,,,,0.0,0.0
2020-01-28,,,,0.0,0.0
2020-01-29,,,,0.0,0.0
2020-01-30,,,,0.0,0.0
2020-01-31,,,,0.0,0.0
2020-02-03,0.0,Equity growth / risk-on,60/40,0.0166036329809906,0.5044363139621979
2020-02-04,,,,0.0,0.0
2020-02-05,,,,0.0,0.0
2020-02-06,,,,0.0,0.0
2020-02-07,,,,0.0,0.0
2020-02-10,,,,0.0,0.0
2020-02-11,,,,0.0,0.0
2020-02-12,,,,0.0,0.0
2020-02-13,,,,0.0,0.0
2020-02-14,,,,0.0,0.0
2020-02-18,,,,0.0,0.0
2020-02-19,,,,0.0,0.0
2020-02-20,,,,0.0,0.0
2020-02-21,,,,0.0,0.0
2020-02-24,,,,0.0,0.0
2020-02-25,,,,0.0,0.0
2020-02-26,,,,0.0,0.0
2020-02-27,,,,0.0,0.0
2020-02-28,,,,0.0,0.0
2020-03-02,2.0,Mixed / transition regime,Minimum Volatility,1.1350634477900343,33.254438587557054
2020-03-03,,,,0.0,0.0
2020-03-04,,,,0.0,0.0
2020-03-05,,,,0.0,0.0
2020-03-06,,,,0.0,0.0
2020-03-09,,,,0.0,0.0
2020-03-10,,,,0.0,0.0
2020-03-11,,,,0.0,0.0
2020-03-12,,,,0.0,0.0
2020-03-13,,,,0.0,0.0
2020-03-16,,,,0.0,0.0
2020-03-17,,,,0.0,0.0
2020-03-18,,,,0.0,0.0
2020-03-19,,,,0.0,0.0
2020-03-20,,,,0.0,0.0
2020-03-23,,,,0.0,0.0
2020-03-24,,,,0.0,0.0
2020-03-25,,,,0.0,0.0
2020-03-26,,,,0.0,0.0
2020-03-27,,,,0.0,0.0
2020-03-30,,,,0.0,0.0
2020-03-31,,,,0.0,0.0
2020-04-01,1.0,Stress / high-volatility equity weakness,Maximum Sharpe,0.757463070620893,21.299199515439742
2020-04-02,,,,0.0,0.0
2020-04-03,,,,0.0,0.0
2020-04-06,,,,0.0,0.0
2020-04-07,,,,0.0,0.0
2020-04-08,,,,0.0,0.0
2020-04-09,,,,0.0,0.0
2020-04-13,,,,0.0,0.0
2020-04-14,,,,0.0,0.0
2020-04-15,,,,0.0,0.0
2020-04-16,,,,0.0,0.0
2020-04-17,,,,0.0,0.0
2020-04-20,,,,0.0,0.0
2020-04-21,,,,0.0,0.0
2020-04-22,,,,0.0,0.0
2020-04-23,,,,0.0,0.0
2020-04-24,,,,0.0,0.0
2020-04-27,,,,0.0,0.0
2020-04-28,,,,0.0,0.0
2020-04-29,,,,0.0,0.0
2020-04-30,,,,0.0,0.0
2020-05-01,1.0,Stress / high-volatility equity weakness,Maximum Sharpe,0.12453876325969271,3.650981473349832
2020-05-04,,,,0.0,0.0
2020-05-05,,,,0.0,0.0
2020-05-06,,,,0.0,0.0
2020-05-07,,,,0.0,0.0
2020-05-08,,,,0.0,0.0
2020-05-11,,,,0.0,0.0
2020-05-12,,,,0.0,0.0
2020-05-13,,,,0.0,0.0
2020-05-14,,,,0.0,0.0
2020-05-15,,,,0.0,0.0
2020-05-18,,,,0.0,0.0
2020-05-19,,,,0.0,0.0
2020-05-20,,,,0.0,0.0
2020-05-21,,,,0.0,0.0
2020-05-22,,,,0.0,0.0
2020-05-26,,,,0.0,0.0
2020-05-27,,,,0.0,0.0
2020-05-28,,,,0.0,0.0
2020-05-29,,,,0.0,0.0
2020-06-01,1.0,Stress / high-volatility equity weakness,Maximum Sharpe,0.0716031690320855,2.129717958366703
2020-06-02,,,,0.0,0.0
2020-06-03,,,,0.0,0.0
2020-06-04,,,,0.0,0.0
2020-06-05,,,,0.0,0.0
2020-06-08,,,,0.0,0.0
2020-06-09,,,,0.0,0.0
2020-06-10,,,,0.0,0.0
2020-06-11,,,,0.0,0.0
2020-06-12,,,,0.0,0.0
2020-06-15,,,,0.0,0.0
2020-06-16,,,,0.0,0.0
2020-06-17,,,,0.0,0.0
2020-06-18,,,,0.0,0.0
2020-06-19,,,,0.0,0.0
2020-06-22,,,,0.0,0.0
2020-06-23,,,,0.0,0.0
2020-06-24,,,,0.0,0.0
2020-06-25,,,,0.0,0.0
2020-06-26,,,,0.0,0.0
2020-06-29,,,,0.0,0.0
2020-06-30,,,,0.0,0.0
2020-07-01,0.0,Equity growth / risk-on,60/40,1.2153866250981329,36.87166547657083
2020-07-02,,,,0.0,0.0
2020-07-06,,,,0.0,0.0
2020-07-07,,,,0.0,0.0
2020-07-08,,,,0.0,0.0
2020-07-09,,,,0.0,0.0
2020-07-10,,,,0.0,0.0
2020-07-13,,,,0.0,0.0
2020-07-14,,,,0.0,0.0
2020-07-15,,,,0.0,0.0
2020-07-16,,,,0.0,0.0
2020-07-17,,,,0.0,0.0
2020-07-20,,,,0.0,0.0
2020-07-21,,,,0.0,0.0
2020-07-22,,,,0.0,0.0
2020-07-23,,,,0.0,0.0
2020-07-24,,,,0.0,0.0
2020-07-27,,,,0.0,0.0
2020-07-28,,,,0.0,0.0
2020-07-29,,,,0.0,0.0
2020-07-30,,,,0.0,0.0
2020-07-31,,,,0.0,0.0
2020-08-03,0.0,Equity growth / risk-on,60/40,0.023266927657091763,0.7323202740696779
2020-08-04,,,,0.0,0.0
2020-08-05,,,,0.0,0.0
2020-08-06,,,,0.0,0.0
2020-08-07,,,,0.0,0.0
2020-08-10,,,,0.0,0.0
2020-08-11,,,,0.0,0.0
2020-08-12,,,,0.0,0.0
2020-08-13,,,,0.0,0.0
2020-08-14,,,,0.0,0.0
2020-08-17,,,,0.0,0.0
2020-08-18,,,,0.0,0.0
2020-08-19,,,,0.0,0.0
2020-08-20,,,,0.0,0.0
2020-08-21,,,,0.0,0.0
2020-08-24,,,,0.0,0.0
2020-08-25,,,,0.0,0.0
2020-08-26,,,,0.0,0.0
2020-08-27,,,,0.0,0.0
2020-08-28,,,,0.0,0.0
2020-08-31,,,,0.0,0.0
2020-09-01,0.0,Equity growth / risk-on,60/40,0.036760751261666946,1.2009724237676984
2020-09-02,,,,0.0,0.0
2020-09-03,,,,0.0,0.0
2020-09-04,,,,0.0,0.0
2020-09-08,,,,0.0,0.0
2020-09-09,,,,0.0,0.0
2020-09-10,,,,0.0,0.0
2020-09-11,,,,0.0,0.0
2020-09-14,,,,0.0,0.0
2020-09-15,,,,0.0,0.0
2020-09-16,,,,0.0,0.0
2020-09-17,,,,0.0,0.0
2020-09-18,,,,0.0,0.0
2020-09-21,,,,0.0,0.0
2020-09-22,,,,0.0,0.0
2020-09-23,,,,0.0,0.0
2020-09-24,,,,0.0,0.0
2020-09-25,,,,0.0,0.0
2020-09-28,,,,0.0,0.0
2020-09-29,,,,0.0,0.0
2020-09-30,,,,0.0,0.0
2020-10-01,0.0,Equity growth / risk-on,60/40,0.019968850141678984,0.6385569635335644
2020-10-02,,,,0.0,0.0
2020-10-05,,,,0.0,0.0
2020-10-06,,,,0.0,0.0
2020-10-07,,,,0.0,0.0
2020-10-08,,,,0.0,0.0
2020-10-09,,,,0.0,0.0
2020-10-12,,,,0.0,0.0
2020-10-13,,,,0.0,0.0
2020-10-14,,,,0.0,0.0
2020-10-15,,,,0.0,0.0
2020-10-16,,,,0.0,0.0
2020-10-19,,,,0.0,0.0
2020-10-20,,,,0.0,0.0
2020-10-21,,,,0.0,0.0
2020-10-22,,,,0.0,0.0
2020-10-23,,,,0.0,0.0
2020-10-26,,,,0.0,0.0
2020-10-27,,,,0.0,0.0
2020-10-28,,,,0.0,0.0
2020-10-29,,,,0.0,0.0
2020-10-30,,,,0.0,0.0
2020-11-02,3.0,Commodity strength / inflation-like,Equal Weight,1.6,50.115231781773154
2020-11-03,,,,0.0,0.0
2020-11-04,,,,0.0,0.0
2020-11-05,,,,0.0,0.0
2020-11-06,,,,0.0,0.0
2020-11-09,,,,0.0,0.0
2020-11-10,,,,0.0,0.0
2020-11-11,,,,0.0,0.0
2020-11-12,,,,0.0,0.0
2020-11-13,,,,0.0,0.0
2020-11-16,,,,0.0,0.0
2020-11-17,,,,0.0,0.0
2020-11-18,,,,0.0,0.0
2020-11-19,,,,0.0,0.0
2020-11-20,,,,0.0,0.0
2020-11-23,,,,0.0,0.0
2020-11-24,,,,0.0,0.0
2020-11-25,,,,0.0,0.0
2020-11-27,,,,0.0,0.0
2020-11-30,,,,0.0,0.0
2020-12-01,0.0,Equity growth / risk-on,60/40,1.6088861825081893,54.34171617103845
2020-12-02,,,,0.0,0.0
2020-12-03,,,,0.0,0.0
2020-12-04,,,,0.0,0.0
2020-12-07,,,,0.0,0.0
2020-12-08,,,,0.0,0.0
2020-12-09,,,,0.0,0.0
2020-12-10,,,,0.0,0.0
2020-12-11,,,,0.0,0.0
2020-12-14,,,,0.0,0.0
2020-12-15,,,,0.0,0.0
2020-12-16,,,,0.0,0.0
2020-12-17,,,,0.0,0.0
2020-12-18,,,,0.0,0.0
2020-12-21,,,,0.0,0.0
2020-12-22,,,,0.0,0.0
2020-12-23,,,,0.0,0.0
2020-12-24,,,,0.0,0.0
2020-12-28,,,,0.0,0.0
2020-12-29,,,,0.0,0.0
2020-12-30,,,,0.0,0.0
2020-12-31,,,,0.0,0.0
2021-01-04,0.0,Equity growth / risk-on,60/40,0.018533578226757053,0.6382794253103029
2021-01-05,,,,0.0,0.0
2021-01-06,,,,0.0,0.0
2021-01-07,,,,0.0,0.0
2021-01-08,,,,0.0,0.0
2021-01-11,,,,0.0,0.0
2021-01-12,,,,0.0,0.0
2021-01-13,,,,0.0,0.0
2021-01-14,,,,0.0,0.0
2021-01-15,,,,0.0,0.0
2021-01-19,,,,0.0,0.0
2021-01-20,,,,0.0,0.0
2021-01-21,,,,0.0,0.0
2021-01-22,,,,0.0,0.0
2021-01-25,,,,0.0,0.0
2021-01-26,,,,0.0,0.0
2021-01-27,,,,0.0,0.0
2021-01-28,,,,0.0,0.0
2021-01-29,,,,0.0,0.0
2021-02-01,0.0,Equity growth / risk-on,60/40,0.000354358020382306,0.012075609064959242
2021-02-02,,,,0.0,0.0
2021-02-03,,,,0.0,0.0
2021-02-04,,,,0.0,0.0
2021-02-05,,,,0.0,0.0
2021-02-08,,,,0.0,0.0
2021-02-09,,,,0.0,0.0
2021-02-10,,,,0.0,0.0
2021-02-11,,,,0.0,0.0
2021-02-12,,,,0.0,0.0
2021-02-16,,,,0.0,0.0
2021-02-17,,,,0.0,0.0
2021-02-18,,,,0.0,0.0
2021-02-19,,,,0.0,0.0
2021-02-22,,,,0.0,0.0
2021-02-23,,,,0.0,0.0
2021-02-24,,,,0.0,0.0
2021-02-25,,,,0.0,0.0
2021-02-26,,,,0.0,0.0
2021-03-01,3.0,Commodity strength / inflation-like,Equal Weight,1.6,54.9180823017085
2021-03-02,,,,0.0,0.0
2021-03-03,,,,0.0,0.0
2021-03-04,,,,0.0,0.0
2021-03-05,,,,0.0,0.0
2021-03-08,,,,0.0,0.0
2021-03-09,,,,0.0,0.0
2021-03-10,,,,0.0,0.0
2021-03-11,,,,0.0,0.0
2021-03-12,,,,0.0,0.0
2021-03-15,,,,0.0,0.0
2021-03-16,,,,0.0,0.0
2021-03-17,,,,0.0,0.0
2021-03-18,,,,0.0,0.0
2021-03-19,,,,0.0,0.0
2021-03-22,,,,0.0,0.0
2021-03-23,,,,0.0,0.0
2021-03-24,,,,0.0,0.0
2021-03-25,,,,0.0,0.0
2021-03-26,,,,0.0,0.0
2021-03-29,,,,0.0,0.0
2021-03-30,,,,0.0,0.0
2021-03-31,,,,0.0,0.0
2021-04-01,0.0,Equity growth / risk-on,60/40,1.59774284940992,55.0320787387991
2021-04-05,,,,0.0,0.0
2021-04-06,,,,0.0,0.0
2021-04-07,,,,0.0,0.0
2021-04-08,,,,0.0,0.0
2021-04-09,,,,0.0,0.0
2021-04-12,,,,0.0,0.0
2021-04-13,,,,0.0,0.0
2021-04-14,,,,0.0,0.0
2021-04-15,,,,0.0,0.0
2021-04-16,,,,0.0,0.0
2021-04-19,,,,0.0,0.0
2021-04-20,,,,0.0,0.0
2021-04-21,,,,0.0,0.0
2021-04-22,,,,0.0,0.0
2021-04-23,,,,0.0,0.0
2021-04-26,,,,0.0,0.0
2021-04-27,,,,0.0,0.0
2021-04-28,,,,0.0,0.0
2021-04-29,,,,0.0,0.0
2021-04-30,,,,0.0,0.0
2021-05-03,0.0,Equity growth / risk-on,60/40,0.01988016238661411,0.7080923590702715
2021-05-04,,,,0.0,0.0
2021-05-05,,,,0.0,0.0
2021-05-06,,,,0.0,0.0
2021-05-07,,,,0.0,0.0
2021-05-10,,,,0.0,0.0
2021-05-11,,,,0.0,0.0
2021-05-12,,,,0.0,0.0
2021-05-13,,,,0.0,0.0
2021-05-14,,,,0.0,0.0
2021-05-17,,,,0.0,0.0
2021-05-18,,,,0.0,0.0
2021-05-19,,,,0.0,0.0
2021-05-20,,,,0.0,0.0
2021-05-21,,,,0.0,0.0
2021-05-24,,,,0.0,0.0
2021-05-25,,,,0.0,0.0
2021-05-26,,,,0.0,0.0
2021-05-27,,,,0.0,0.0
2021-05-28,,,,0.0,0.0
2021-06-01,0.0,Equity growth / risk-on,60/40,0.001106281162839673,0.0396249829635105
2021-06-02,,,,0.0,0.0
2021-06-03,,,,0.0,0.0
2021-06-04,,,,0.0,0.0
2021-06-07,,,,0.0,0.0
2021-06-08,,,,0.0,0.0
2021-06-09,,,,0.0,0.0
2021-06-10,,,,0.0,0.0
2021-06-11,,,,0.0,0.0
2021-06-14,,,,0.0,0.0
2021-06-15,,,,0.0,0.0
2021-06-16,,,,0.0,0.0
2021-06-17,,,,0.0,0.0
2021-06-18,,,,0.0,0.0
2021-06-21,,,,0.0,0.0
2021-06-22,,,,0.0,0.0
2021-06-23,,,,0.0,0.0
2021-06-24,,,,0.0,0.0
2021-06-25,,,,0.0,0.0
2021-06-28,,,,0.0,0.0
2021-06-29,,,,0.0,0.0
2021-06-30,,,,0.0,0.0
2021-07-01,0.0,Equity growth / risk-on,60/40,0.0057556216160606355,0.2097730103127149
2021-07-02,,,,0.0,0.0
2021-07-06,,,,0.0,0.0
2021-07-07,,,,0.0,0.0
2021-07-08,,,,0.0,0.0
2021-07-09,,,,0.0,0.0
2021-07-12,,,,0.0,0.0
2021-07-13,,,,0.0,0.0
2021-07-14,,,,0.0,0.0
2021-07-15,,,,0.0,0.0
2021-07-16,,,,0.0,0.0
2021-07-19,,,,0.0,0.0
2021-07-20,,,,0.0,0.0
2021-07-21,,,,0.0,0.0
2021-07-22,,,,0.0,0.0
2021-07-23,,,,0.0,0.0
2021-07-26,,,,0.0,0.0
2021-07-27,,,,0.0,0.0
2021-07-28,,,,0.0,0.0
2021-07-29,,,,0.0,0.0
2021-07-30,,,,0.0,0.0
2021-08-02,0.0,Equity growth / risk-on,60/40,0.0021171500641307683,0.07890706259526098
2021-08-03,,,,0.0,0.0
2021-08-04,,,,0.0,0.0
2021-08-05,,,,0.0,0.0
2021-08-06,,,,0.0,0.0
2021-08-09,,,,0.0,0.0
2021-08-10,,,,0.0,0.0
2021-08-11,,,,0.0,0.0
2021-08-12,,,,0.0,0.0
2021-08-13,,,,0.0,0.0
2021-08-16,,,,0.0,0.0
2021-08-17,,,,0.0,0.0
2021-08-18,,,,0.0,0.0
2021-08-19,,,,0.0,0.0
2021-08-20,,,,0.0,0.0
2021-08-23,,,,0.0,0.0
2021-08-24,,,,0.0,0.0
2021-08-25,,,,0.0,0.0
2021-08-26,,,,0.0,0.0
2021-08-27,,,,0.0,0.0
2021-08-30,,,,0.0,0.0
2021-08-31,,,,0.0,0.0
2021-09-01,0.0,Equity growth / risk-on,60/40,0.01591898779041445,0.6029640175723835
2021-09-02,,,,0.0,0.0
2021-09-03,,,,0.0,0.0
2021-09-07,,,,0.0,0.0
2021-09-08,,,,0.0,0.0
2021-09-09,,,,0.0,0.0
2021-09-10,,,,0.0,0.0
2021-09-13,,,,0.0,0.0
2021-09-14,,,,0.0,0.0
2021-09-15,,,,0.0,0.0
2021-09-16,,,,0.0,0.0
2021-09-17,,,,0.0,0.0
2021-09-20,,,,0.0,0.0
2021-09-21,,,,0.0,0.0
2021-09-22,,,,0.0,0.0
2021-09-23,,,,0.0,0.0
2021-09-24,,,,0.0,0.0
2021-09-27,,,,0.0,0.0
2021-09-28,,,,0.0,0.0
2021-09-29,,,,0.0,0.0
2021-09-30,,,,0.0,0.0
2021-10-01,0.0,Equity growth / risk-on,60/40,0.01522782666291872,0.5569625690746074
2021-10-04,,,,0.0,0.0
2021-10-05,,,,0.0,0.0
2021-10-06,,,,0.0,0.0
2021-10-07,,,,0.0,0.0
2021-10-08,,,,0.0,0.0
2021-10-11,,,,0.0,0.0
2021-10-12,,,,0.0,0.0
2021-10-13,,,,0.0,0.0
2021-10-14,,,,0.0,0.0
2021-10-15,,,,0.0,0.0
2021-10-18,,,,0.0,0.0
2021-10-19,,,,0.0,0.0
2021-10-20,,,,0.0,0.0
2021-10-21,,,,0.0,0.0
2021-10-22,,,,0.0,0.0
2021-10-25,,,,0.0,0.0
2021-10-26,,,,0.0,0.0
2021-10-27,,,,0.0,0.0
2021-10-28,,,,0.0,0.0
2021-10-29,,,,0.0,0.0
2021-11-01,0.0,Equity growth / risk-on,60/40,0.03441652286319624,1.3095379903299047
2021-11-02,,,,0.0,0.0
2021-11-03,,,,0.0,0.0
2021-11-04,,,,0.0,0.0
2021-11-05,,,,0.0,0.0
2021-11-08,,,,0.0,0.0
2021-11-09,,,,0.0,0.0
2021-11-10,,,,0.0,0.0
2021-11-11,,,,0.0,0.0
2021-11-12,,,,0.0,0.0
2021-11-15,,,,0.0,0.0
2021-11-16,,,,0.0,0.0
2021-11-17,,,,0.0,0.0
2021-11-18,,,,0.0,0.0
2021-11-19,,,,0.0,0.0
2021-11-22,,,,0.0,0.0
2021-11-23,,,,0.0,0.0
2021-11-24,,,,0.0,0.0
2021-11-26,,,,0.0,0.0
2021-11-29,,,,0.0,0.0
2021-11-30,,,,0.0,0.0
2021-12-01,0.0,Equity growth / risk-on,60/40,0.009102776560759585,0.34618915378662735
2021-12-02,,,,0.0,0.0
2021-12-03,,,,0.0,0.0
2021-12-06,,,,0.0,0.0
2021-12-07,,,,0.0,0.0
2021-12-08,,,,0.0,0.0
2021-12-09,,,,0.0,0.0
2021-12-10,,,,0.0,0.0
2021-12-13,,,,0.0,0.0
2021-12-14,,,,0.0,0.0
2021-12-15,,,,0.0,0.0
2021-12-16,,,,0.0,0.0
2021-12-17,,,,0.0,0.0
2021-12-20,,,,0.0,0.0
2021-12-21,,,,0.0,0.0
2021-12-22,,,,0.0,0.0
2021-12-23,,,,0.0,0.0
2021-12-27,,,,0.0,0.0
2021-12-28,,,,0.0,0.0
2021-12-29,,,,0.0,0.0
2021-12-30,,,,0.0,0.0
2021-12-31,,,,0.0,0.0
2022-01-03,0.0,Equity growth / risk-on,60/40,0.024096153015994715,0.9399043495800182
2022-01-04,,,,0.0,0.0
2022-01-05,,,,0.0,0.0
2022-01-06,,,,0.0,0.0
2022-01-07,,,,0.0,0.0
2022-01-10,,,,0.0,0.0
2022-01-11,,,,0.0,0.0
2022-01-12,,,,0.0,0.0
2022-01-13,,,,0.0,0.0
2022-01-14,,,,0.0,0.0
2022-01-18,,,,0.0,0.0
2022-01-19,,,,0.0,0.0
2022-01-20,,,,0.0,0.0
2022-01-21,,,,0.0,0.0
2022-01-24,,,,0.0,0.0
2022-01-25,,,,0.0,0.0
2022-01-26,,,,0.0,0.0
2022-01-27,,,,0.0,0.0
2022-01-28,,,,0.0,0.0
2022-01-31,,,,0.0,0.0
2022-02-01,3.0,Commodity strength / inflation-like,Equal Weight,1.6,59.906336899455845
2022-02-02,,,,0.0,0.0
2022-02-03,,,,0.0,0.0
2022-02-04,,,,0.0,0.0
2022-02-07,,,,0.0,0.0
2022-02-08,,,,0.0,0.0
2022-02-09,,,,0.0,0.0
2022-02-10,,,,0.0,0.0
2022-02-11,,,,0.0,0.0
2022-02-14,,,,0.0,0.0
2022-02-15,,,,0.0,0.0
2022-02-16,,,,0.0,0.0
2022-02-17,,,,0.0,0.0
2022-02-18,,,,0.0,0.0
2022-02-22,,,,0.0,0.0
2022-02-23,,,,0.0,0.0
2022-02-24,,,,0.0,0.0
2022-02-25,,,,0.0,0.0
2022-02-28,,,,0.0,0.0
2022-03-01,3.0,Commodity strength / inflation-like,Equal Weight,0.032442823295877596,1.2043052858330177
2022-03-02,,,,0.0,0.0
2022-03-03,,,,0.0,0.0
2022-03-04,,,,0.0,0.0
2022-03-07,,,,0.0,0.0
2022-03-08,,,,0.0,0.0
2022-03-09,,,,0.0,0.0
2022-03-10,,,,0.0,0.0
2022-03-11,,,,0.0,0.0
2022-03-14,,,,0.0,0.0
2022-03-15,,,,0.0,0.0
2022-03-16,,,,0.0,0.0
2022-03-17,,,,0.0,0.0
2022-03-18,,,,0.0,0.0
2022-03-21,,,,0.0,0.0
2022-03-22,,,,0.0,0.0
2022-03-23,,,,0.0,0.0
2022-03-24,,,,0.0,0.0
2022-03-25,,,,0.0,0.0
2022-03-28,,,,0.0,0.0
2022-03-29,,,,0.0,0.0
2022-03-30,,,,0.0,0.0
2022-03-31,,,,0.0,0.0
2022-04-01,3.0,Commodity strength / inflation-like,Equal Weight,0.036085885239340434,1.3581521211370362
2022-04-04,,,,0.0,0.0
2022-04-05,,,,0.0,0.0
2022-04-06,,,,0.0,0.0
2022-04-07,,,,0.0,0.0
2022-04-08,,,,0.0,0.0
2022-04-11,,,,0.0,0.0
2022-04-12,,,,0.0,0.0
2022-04-13,,,,0.0,0.0
2022-04-14,,,,0.0,0.0
2022-04-18,,,,0.0,0.0
2022-04-19,,,,0.0,0.0
2022-04-20,,,,0.0,0.0
2022-04-21,,,,0.0,0.0
2022-04-22,,,,0.0,0.0
2022-04-25,,,,0.0,0.0
2022-04-26,,,,0.0,0.0
2022-04-27,,,,0.0,0.0
2022-04-28,,,,0.0,0.0
2022-04-29,,,,0.0,0.0
2022-05-02,3.0,Commodity strength / inflation-like,Equal Weight,0.040354905304777214,1.428682402326592
2022-05-03,,,,0.0,0.0
2022-05-04,,,,0.0,0.0
2022-05-05,,,,0.0,0.0
2022-05-06,,,,0.0,0.0
2022-05-09,,,,0.0,0.0
2022-05-10,,,,0.0,0.0
2022-05-11,,,,0.0,0.0
2022-05-12,,,,0.0,0.0
2022-05-13,,,,0.0,0.0
2022-05-16,,,,0.0,0.0
2022-05-17,,,,0.0,0.0
2022-05-18,,,,0.0,0.0
2022-05-19,,,,0.0,0.0
2022-05-20,,,,0.0,0.0
2022-05-23,,,,0.0,0.0
2022-05-24,,,,0.0,0.0
2022-05-25,,,,0.0,0.0
2022-05-26,,,,0.0,0.0
2022-05-27,,,,0.0,0.0
2022-05-31,,,,0.0,0.0
2022-06-01,3.0,Commodity strength / inflation-like,Equal Weight,0.020826763793848665,0.7346996077088868
2022-06-02,,,,0.0,0.0
2022-06-03,,,,0.0,0.0
2022-06-06,,,,0.0,0.0
2022-06-07,,,,0.0,0.0
2022-06-08,,,,0.0,0.0
2022-06-09,,,,0.0,0.0
2022-06-10,,,,0.0,0.0
2022-06-13,,,,0.0,0.0
2022-06-14,,,,0.0,0.0
2022-06-15,,,,0.0,0.0
2022-06-16,,,,0.0,0.0
2022-06-17,,,,0.0,0.0
2022-06-21,,,,0.0,0.0
2022-06-22,,,,0.0,0.0
2022-06-23,,,,0.0,0.0
2022-06-24,,,,0.0,0.0
2022-06-27,,,,0.0,0.0
2022-06-28,,,,0.0,0.0
2022-06-29,,,,0.0,0.0
2022-06-30,,,,0.0,0.0
2022-07-01,3.0,Commodity strength / inflation-like,Equal Weight,0.030528296798852828,1.0143492648978567
2022-07-05,,,,0.0,0.0
2022-07-06,,,,0.0,0.0
2022-07-07,,,,0.0,0.0
2022-07-08,,,,0.0,0.0
2022-07-11,,,,0.0,0.0
2022-07-12,,,,0.0,0.0
2022-07-13,,,,0.0,0.0
2022-07-14,,,,0.0,0.0
2022-07-15,,,,0.0,0.0
2022-07-18,,,,0.0,0.0
2022-07-19,,,,0.0,0.0
2022-07-20,,,,0.0,0.0
2022-07-21,,,,0.0,0.0
2022-07-22,,,,0.0,0.0
2022-07-25,,,,0.0,0.0
2022-07-26,,,,0.0,0.0
2022-07-27,,,,0.0,0.0
2022-07-28,,,,0.0,0.0
2022-07-29,,,,0.0,0.0
2022-08-01,3.0,Commodity strength / inflation-like,Equal Weight,0.0436116367744807,1.5165059763665476
2022-08-02,,,,0.0,0.0
2022-08-03,,,,0.0,0.0
2022-08-04,,,,0.0,0.0
2022-08-05,,,,0.0,0.0
2022-08-08,,,,0.0,0.0
2022-08-09,,,,0.0,0.0
2022-08-10,,,,0.0,0.0
2022-08-11,,,,0.0,0.0
2022-08-12,,,,0.0,0.0
2022-08-15,,,,0.0,0.0
2022-08-16,,,,0.0,0.0
2022-08-17,,,,0.0,0.0
2022-08-18,,,,0.0,0.0
2022-08-19,,,,0.0,0.0
2022-08-22,,,,0.0,0.0
2022-08-23,,,,0.0,0.0
2022-08-24,,,,0.0,0.0
2022-08-25,,,,0.0,0.0
2022-08-26,,,,0.0,0.0
2022-08-29,,,,0.0,0.0
2022-08-30,,,,0.0,0.0
2022-08-31,,,,0.0,0.0
2022-09-01,3.0,Commodity strength / inflation-like,Equal Weight,0.015044093113017132,0.5034808218486918
2022-09-02,,,,0.0,0.0
2022-09-06,,,,0.0,0.0
2022-09-07,,,,0.0,0.0
2022-09-08,,,,0.0,0.0
2022-09-09,,,,0.0,0.0
2022-09-12,,,,0.0,0.0
2022-09-13,,,,0.0,0.0
2022-09-14,,,,0.0,0.0
2022-09-15,,,,0.0,0.0
2022-09-16,,,,0.0,0.0
2022-09-19,,,,0.0,0.0
2022-09-20,,,,0.0,0.0
2022-09-21,,,,0.0,0.0
2022-09-22,,,,0.0,0.0
2022-09-23,,,,0.0,0.0
2022-09-26,,,,0.0,0.0
2022-09-27,,,,0.0,0.0
2022-09-28,,,,0.0,0.0
2022-09-29,,,,0.0,0.0
2022-09-30,,,,0.0,0.0
2022-10-03,3.0,Commodity strength / inflation-like,Equal Weight,0.025145790890698502,0.7691953578691556
2022-10-04,,,,0.0,0.0
2022-10-05,,,,0.0,0.0
2022-10-06,,,,0.0,0.0
2022-10-07,,,,0.0,0.0
2022-10-10,,,,0.0,0.0
2022-10-11,,,,0.0,0.0
2022-10-12,,,,0.0,0.0
2022-10-13,,,,0.0,0.0
2022-10-14,,,,0.0,0.0
2022-10-17,,,,0.0,0.0
2022-10-18,,,,0.0,0.0
2022-10-19,,,,0.0,0.0
2022-10-20,,,,0.0,0.0
2022-10-21,,,,0.0,0.0
2022-10-24,,,,0.0,0.0
2022-10-25,,,,0.0,0.0
2022-10-26,,,,0.0,0.0
2022-10-27,,,,0.0,0.0
2022-10-28,,,,0.0,0.0
2022-10-31,,,,0.0,0.0
2022-11-01,3.0,Commodity strength / inflation-like,Equal Weight,0.04248691321367558,1.3341443161679545
2022-11-02,,,,0.0,0.0
2022-11-03,,,,0.0,0.0
2022-11-04,,,,0.0,0.0
2022-11-07,,,,0.0,0.0
2022-11-08,,,,0.0,0.0
2022-11-09,,,,0.0,0.0
2022-11-10,,,,0.0,0.0
2022-11-11,,,,0.0,0.0
2022-11-14,,,,0.0,0.0
2022-11-15,,,,0.0,0.0
2022-11-16,,,,0.0,0.0
2022-11-17,,,,0.0,0.0
2022-11-18,,,,0.0,0.0
2022-11-21,,,,0.0,0.0
2022-11-22,,,,0.0,0.0
2022-11-23,,,,0.0,0.0
2022-11-25,,,,0.0,0.0
2022-11-28,,,,0.0,0.0
2022-11-29,,,,0.0,0.0
2022-11-30,,,,0.0,0.0
2022-12-01,3.0,Commodity strength / inflation-like,Equal Weight,0.0314796516361006,1.0566029921064939
2022-12-02,,,,0.0,0.0
2022-12-05,,,,0.0,0.0
2022-12-06,,,,0.0,0.0
2022-12-07,,,,0.0,0.0
2022-12-08,,,,0.0,0.0
2022-12-09,,,,0.0,0.0
2022-12-12,,,,0.0,0.0
2022-12-13,,,,0.0,0.0
2022-12-14,,,,0.0,0.0
2022-12-15,,,,0.0,0.0
2022-12-16,,,,0.0,0.0
2022-12-19,,,,0.0,0.0
2022-12-20,,,,0.0,0.0
2022-12-21,,,,0.0,0.0
2022-12-22,,,,0.0,0.0
2022-12-23,,,,0.0,0.0
2022-12-27,,,,0.0,0.0
2022-12-28,,,,0.0,0.0
2022-12-29,,,,0.0,0.0
2022-12-30,,,,0.0,0.0
2023-01-03,3.0,Commodity strength / inflation-like,Equal Weight,0.025813232784424933,0.8363518148221619
2023-01-04,,,,0.0,0.0
2023-01-05,,,,0.0,0.0
2023-01-06,,,,0.0,0.0
2023-01-09,,,,0.0,0.0
2023-01-10,,,,0.0,0.0
2023-01-11,,,,0.0,0.0
2023-01-12,,,,0.0,0.0
2023-01-13,,,,0.0,0.0
2023-01-17,,,,0.0,0.0
2023-01-18,,,,0.0,0.0
2023-01-19,,,,0.0,0.0
2023-01-20,,,,0.0,0.0
2023-01-23,,,,0.0,0.0
2023-01-24,,,,0.0,0.0
2023-01-25,,,,0.0,0.0
2023-01-26,,,,0.0,0.0
2023-01-27,,,,0.0,0.0
2023-01-30,,,,0.0,0.0
2023-01-31,,,,0.0,0.0
2023-02-01,2.0,Mixed / transition regime,Minimum Volatility,1.0309314854865637,35.84516919201245
2023-02-02,,,,0.0,0.0
2023-02-03,,,,0.0,0.0
2023-02-06,,,,0.0,0.0
2023-02-07,,,,0.0,0.0
2023-02-08,,,,0.0,0.0
2023-02-09,,,,0.0,0.0
2023-02-10,,,,0.0,0.0
2023-02-13,,,,0.0,0.0
2023-02-14,,,,0.0,0.0
2023-02-15,,,,0.0,0.0
2023-02-16,,,,0.0,0.0
2023-02-17,,,,0.0,0.0
2023-02-21,,,,0.0,0.0
2023-02-22,,,,0.0,0.0
2023-02-23,,,,0.0,0.0
2023-02-24,,,,0.0,0.0
2023-02-27,,,,0.0,0.0
2023-02-28,,,,0.0,0.0
2023-03-01,3.0,Commodity strength / inflation-like,Equal Weight,1.0244232960178492,34.01199344369808
2023-03-02,,,,0.0,0.0
2023-03-03,,,,0.0,0.0
2023-03-06,,,,0.0,0.0
2023-03-07,,,,0.0,0.0
2023-03-08,,,,0.0,0.0
2023-03-09,,,,0.0,0.0
2023-03-10,,,,0.0,0.0
2023-03-13,,,,0.0,0.0
2023-03-14,,,,0.0,0.0
2023-03-15,,,,0.0,0.0
2023-03-16,,,,0.0,0.0
2023-03-17,,,,0.0,0.0
2023-03-20,,,,0.0,0.0
2023-03-21,,,,0.0,0.0
2023-03-22,,,,0.0,0.0
2023-03-23,,,,0.0,0.0
2023-03-24,,,,0.0,0.0
2023-03-27,,,,0.0,0.0
2023-03-28,,,,0.0,0.0
2023-03-29,,,,0.0,0.0
2023-03-30,,,,0.0,0.0
2023-03-31,,,,0.0,0.0
2023-04-03,0.0,Equity growth / risk-on,60/40,1.5968093431904256,54.49405760944432
2023-04-04,,,,0.0,0.0
2023-04-05,,,,0.0,0.0
2023-04-06,,,,0.0,0.0
2023-04-10,,,,0.0,0.0
2023-04-11,,,,0.0,0.0
2023-04-12,,,,0.0,0.0
2023-04-13,,,,0.0,0.0
2023-04-14,,,,0.0,0.0
2023-04-17,,,,0.0,0.0
2023-04-18,,,,0.0,0.0
2023-04-19,,,,0.0,0.0
2023-04-20,,,,0.0,0.0
2023-04-21,,,,0.0,0.0
2023-04-24,,,,0.0,0.0
2023-04-25,,,,0.0,0.0
2023-04-26,,,,0.0,0.0
2023-04-27,,,,0.0,0.0
2023-04-28,,,,0.0,0.0
2023-05-01,0.0,Equity growth / risk-on,60/40,0.003709302283319449,0.12800793293115542
2023-05-02,,,,0.0,0.0
2023-05-03,,,,0.0,0.0
2023-05-04,,,,0.0,0.0
2023-05-05,,,,0.0,0.0
2023-05-08,,,,0.0,0.0
2023-05-09,,,,0.0,0.0
2023-05-10,,,,0.0,0.0
2023-05-11,,,,0.0,0.0
2023-05-12,,,,0.0,0.0
2023-05-15,,,,0.0,0.0
2023-05-16,,,,0.0,0.0
2023-05-17,,,,0.0,0.0
2023-05-18,,,,0.0,0.0
2023-05-19,,,,0.0,0.0
2023-05-22,,,,0.0,0.0
2023-05-23,,,,0.0,0.0
2023-05-24,,,,0.0,0.0
2023-05-25,,,,0.0,0.0
2023-05-26,,,,0.0,0.0
2023-05-30,,,,0.0,0.0
2023-05-31,,,,0.0,0.0
2023-06-01,0.0,Equity growth / risk-on,60/40,0.009147079631430854,0.3147225048173671
2023-06-02,,,,0.0,0.0
2023-06-05,,,,0.0,0.0
2023-06-06,,,,0.0,0.0
2023-06-07,,,,0.0,0.0
2023-06-08,,,,0.0,0.0
2023-06-09,,,,0.0,0.0
2023-06-12,,,,0.0,0.0
2023-06-13,,,,0.0,0.0
2023-06-14,,,,0.0,0.0
2023-06-15,,,,0.0,0.0
2023-06-16,,,,0.0,0.0
2023-06-20,,,,0.0,0.0
2023-06-21,,,,0.0,0.0
2023-06-22,,,,0.0,0.0
2023-06-23,,,,0.0,0.0
2023-06-26,,,,0.0,0.0
2023-06-27,,,,0.0,0.0
2023-06-28,,,,0.0,0.0
2023-06-29,,,,0.0,0.0
2023-06-30,,,,0.0,0.0
2023-07-03,0.0,Equity growth / risk-on,60/40,0.03591311936538133,1.2774847539528293
2023-07-05,,,,0.0,0.0
2023-07-06,,,,0.0,0.0
2023-07-07,,,,0.0,0.0
2023-07-10,,,,0.0,0.0
2023-07-11,,,,0.0,0.0
2023-07-12,,,,0.0,0.0
2023-07-13,,,,0.0,0.0
2023-07-14,,,,0.0,0.0
2023-07-17,,,,0.0,0.0
2023-07-18,,,,0.0,0.0
2023-07-19,,,,0.0,0.0
2023-07-20,,,,0.0,0.0
2023-07-21,,,,0.0,0.0
2023-07-24,,,,0.0,0.0
2023-07-25,,,,0.0,0.0
2023-07-26,,,,0.0,0.0
2023-07-27,,,,0.0,0.0
2023-07-28,,,,0.0,0.0
2023-07-31,,,,0.0,0.0
2023-08-01,0.0,Equity growth / risk-on,60/40,0.0185246406323471,0.6701499291548764
2023-08-02,,,,0.0,0.0
2023-08-03,,,,0.0,0.0
2023-08-04,,,,0.0,0.0
2023-08-07,,,,0.0,0.0
2023-08-08,,,,0.0,0.0
2023-08-09,,,,0.0,0.0
2023-08-10,,,,0.0,0.0
2023-08-11,,,,0.0,0.0
2023-08-14,,,,0.0,0.0
2023-08-15,,,,0.0,0.0
2023-08-16,,,,0.0,0.0
2023-08-17,,,,0.0,0.0
2023-08-18,,,,0.0,0.0
2023-08-21,,,,0.0,0.0
2023-08-22,,,,0.0,0.0
2023-08-23,,,,0.0,0.0
2023-08-24,,,,0.0,0.0
2023-08-25,,,,0.0,0.0
2023-08-28,,,,0.0,0.0
2023-08-29,,,,0.0,0.0
2023-08-30,,,,0.0,0.0
2023-08-31,,,,0.0,0.0
2023-09-01,0.0,Equity growth / risk-on,60/40,0.004347782490904506,0.1552895201724926
2023-09-05,,,,0.0,0.0
2023-09-06,,,,0.0,0.0
2023-09-07,,,,0.0,0.0
2023-09-08,,,,0.0,0.0
2023-09-11,,,,0.0,0.0
2023-09-12,,,,0.0,0.0
2023-09-13,,,,0.0,0.0
2023-09-14,,,,0.0,0.0
2023-09-15,,,,0.0,0.0
2023-09-18,,,,0.0,0.0
2023-09-19,,,,0.0,0.0
2023-09-20,,,,0.0,0.0
2023-09-21,,,,0.0,0.0
2023-09-22,,,,0.0,0.0
2023-09-25,,,,0.0,0.0
2023-09-26,,,,0.0,0.0
2023-09-27,,,,0.0,0.0
2023-09-28,,,,0.0,0.0
2023-09-29,,,,0.0,0.0
2023-10-02,3.0,Commodity strength / inflation-like,Equal Weight,1.6,54.802932266997736
2023-10-03,,,,0.0,0.0
2023-10-04,,,,0.0,0.0
2023-10-05,,,,0.0,0.0
2023-10-06,,,,0.0,0.0
2023-10-09,,,,0.0,0.0
2023-10-10,,,,0.0,0.0
2023-10-11,,,,0.0,0.0
2023-10-12,,,,0.0,0.0
2023-10-13,,,,0.0,0.0
2023-10-16,,,,0.0,0.0
2023-10-17,,,,0.0,0.0
2023-10-18,,,,0.0,0.0
2023-10-19,,,,0.0,0.0
2023-10-20,,,,0.0,0.0
2023-10-23,,,,0.0,0.0
2023-10-24,,,,0.0,0.0
2023-10-25,,,,0.0,0.0
2023-10-26,,,,0.0,0.0
2023-10-27,,,,0.0,0.0
2023-10-30,,,,0.0,0.0
2023-10-31,,,,0.0,0.0
2023-11-01,3.0,Commodity strength / inflation-like,Equal Weight,0.022103691116330718,0.7386547981552208
2023-11-02,,,,0.0,0.0
2023-11-03,,,,0.0,0.0
2023-11-06,,,,0.0,0.0
2023-11-07,,,,0.0,0.0
2023-11-08,,,,0.0,0.0
2023-11-09,,,,0.0,0.0
2023-11-10,,,,0.0,0.0
2023-11-13,,,,0.0,0.0
2023-11-14,,,,0.0,0.0
2023-11-15,,,,0.0,0.0
2023-11-16,,,,0.0,0.0
2023-11-17,,,,0.0,0.0
2023-11-20,,,,0.0,0.0
2023-11-21,,,,0.0,0.0
2023-11-22,,,,0.0,0.0
2023-11-24,,,,0.0,0.0
2023-11-27,,,,0.0,0.0
2023-11-28,,,,0.0,0.0
2023-11-29,,,,0.0,0.0
2023-11-30,,,,0.0,0.0
2023-12-01,0.0,Equity growth / risk-on,60/40,1.6012564711912978,57.35168483418344
2023-12-04,,,,0.0,0.0
2023-12-05,,,,0.0,0.0
2023-12-06,,,,0.0,0.0
2023-12-07,,,,0.0,0.0
2023-12-08,,,,0.0,0.0
2023-12-11,,,,0.0,0.0
2023-12-12,,,,0.0,0.0
2023-12-13,,,,0.0,0.0
2023-12-14,,,,0.0,0.0
2023-12-15,,,,0.0,0.0
2023-12-18,,,,0.0,0.0
2023-12-19,,,,0.0,0.0
2023-12-20,,,,0.0,0.0
2023-12-21,,,,0.0,0.0
2023-12-22,,,,0.0,0.0
2023-12-26,,,,0.0,0.0
2023-12-27,,,,0.0,0.0
2023-12-28,,,,0.0,0.0
2023-12-29,,,,0.0,0.0
2024-01-02,0.0,Equity growth / risk-on,60/40,0.0036524695105084604,0.1361584494091869
2024-01-03,,,,0.0,0.0
2024-01-04,,,,0.0,0.0
2024-01-05,,,,0.0,0.0
2024-01-08,,,,0.0,0.0
2024-01-09,,,,0.0,0.0
2024-01-10,,,,0.0,0.0
2024-01-11,,,,0.0,0.0
2024-01-12,,,,0.0,0.0
2024-01-16,,,,0.0,0.0
2024-01-17,,,,0.0,0.0
2024-01-18,,,,0.0,0.0
2024-01-19,,,,0.0,0.0
2024-01-22,,,,0.0,0.0
2024-01-23,,,,0.0,0.0
2024-01-24,,,,0.0,0.0
2024-01-25,,,,0.0,0.0
2024-01-26,,,,0.0,0.0
2024-01-29,,,,0.0,0.0
2024-01-30,,,,0.0,0.0
2024-01-31,,,,0.0,0.0
2024-02-01,0.0,Equity growth / risk-on,60/40,0.007225092743145534,0.2719913896159219
2024-02-02,,,,0.0,0.0
2024-02-05,,,,0.0,0.0
2024-02-06,,,,0.0,0.0
2024-02-07,,,,0.0,0.0
2024-02-08,,,,0.0,0.0
2024-02-09,,,,0.0,0.0
2024-02-12,,,,0.0,0.0
2024-02-13,,,,0.0,0.0
2024-02-14,,,,0.0,0.0
2024-02-15,,,,0.0,0.0
2024-02-16,,,,0.0,0.0
2024-02-20,,,,0.0,0.0
2024-02-21,,,,0.0,0.0
2024-02-22,,,,0.0,0.0
2024-02-23,,,,0.0,0.0
2024-02-26,,,,0.0,0.0
2024-02-27,,,,0.0,0.0
2024-02-28,,,,0.0,0.0
2024-02-29,,,,0.0,0.0
2024-03-01,0.0,Equity growth / risk-on,60/40,0.03425900863938036,1.3193230693756257
2024-03-04,,,,0.0,0.0
2024-03-05,,,,0.0,0.0
2024-03-06,,,,0.0,0.0
2024-03-07,,,,0.0,0.0
2024-03-08,,,,0.0,0.0
2024-03-11,,,,0.0,0.0
2024-03-12,,,,0.0,0.0
2024-03-13,,,,0.0,0.0
2024-03-14,,,,0.0,0.0
2024-03-15,,,,0.0,0.0
2024-03-18,,,,0.0,0.0
2024-03-19,,,,0.0,0.0
2024-03-20,,,,0.0,0.0
2024-03-21,,,,0.0,0.0
2024-03-22,,,,0.0,0.0
2024-03-25,,,,0.0,0.0
2024-03-26,,,,0.0,0.0
2024-03-27,,,,0.0,0.0
2024-03-28,,,,0.0,0.0
2024-04-01,0.0,Equity growth / risk-on,60/40,0.011908873728622371,0.46894127360958443
2024-04-02,,,,0.0,0.0
2024-04-03,,,,0.0,0.0
2024-04-04,,,,0.0,0.0
2024-04-05,,,,0.0,0.0
2024-04-08,,,,0.0,0.0
2024-04-09,,,,0.0,0.0
2024-04-10,,,,0.0,0.0
2024-04-11,,,,0.0,0.0
2024-04-12,,,,0.0,0.0
2024-04-15,,,,0.0,0.0
2024-04-16,,,,0.0,0.0
2024-04-17,,,,0.0,0.0
2024-04-18,,,,0.0,0.0
2024-04-19,,,,0.0,0.0
2024-04-22,,,,0.0,0.0
2024-04-23,,,,0.0,0.0
2024-04-24,,,,0.0,0.0
2024-04-25,,,,0.0,0.0
2024-04-26,,,,0.0,0.0
2024-04-29,,,,0.0,0.0
2024-04-30,,,,0.0,0.0
2024-05-01,0.0,Equity growth / risk-on,60/40,0.0044955240588978596,0.1705216581351627
2024-05-02,,,,0.0,0.0
2024-05-03,,,,0.0,0.0
2024-05-06,,,,0.0,0.0
2024-05-07,,,,0.0,0.0
2024-05-08,,,,0.0,0.0
2024-05-09,,,,0.0,0.0
2024-05-10,,,,0.0,0.0
2024-05-13,,,,0.0,0.0
2024-05-14,,,,0.0,0.0
2024-05-15,,,,0.0,0.0
2024-05-16,,,,0.0,0.0
2024-05-17,,,,0.0,0.0
2024-05-20,,,,0.0,0.0
2024-05-21,,,,0.0,0.0
2024-05-22,,,,0.0,0.0
2024-05-23,,,,0.0,0.0
2024-05-24,,,,0.0,0.0
2024-05-28,,,,0.0,0.0
2024-05-29,,,,0.0,0.0
2024-05-30,,,,0.0,0.0
2024-05-31,,,,0.0,0.0
2024-06-03,0.0,Equity growth / risk-on,60/40,0.015071588249115309,0.5931502063828008
2024-06-04,,,,0.0,0.0
2024-06-05,,,,0.0,0.0
2024-06-06,,,,0.0,0.0
2024-06-07,,,,0.0,0.0
2024-06-10,,,,0.0,0.0
2024-06-11,,,,0.0,0.0
2024-06-12,,,,0.0,0.0
2024-06-13,,,,0.0,0.0
2024-06-14,,,,0.0,0.0
2024-06-17,,,,0.0,0.0
2024-06-18,,,,0.0,0.0
2024-06-20,,,,0.0,0.0
2024-06-21,,,,0.0,0.0
2024-06-24,,,,0.0,0.0
2024-06-25,,,,0.0,0.0
2024-06-26,,,,0.0,0.0
2024-06-27,,,,0.0,0.0
2024-06-28,,,,0.0,0.0
2024-07-01,0.0,Equity growth / risk-on,60/40,0.010811478048600998,0.4365628960164857
2024-07-02,,,,0.0,0.0
2024-07-03,,,,0.0,0.0
2024-07-05,,,,0.0,0.0
2024-07-08,,,,0.0,0.0
2024-07-09,,,,0.0,0.0
2024-07-10,,,,0.0,0.0
2024-07-11,,,,0.0,0.0
2024-07-12,,,,0.0,0.0
2024-07-15,,,,0.0,0.0
2024-07-16,,,,0.0,0.0
2024-07-17,,,,0.0,0.0
2024-07-18,,,,0.0,0.0
2024-07-19,,,,0.0,0.0
2024-07-22,,,,0.0,0.0
2024-07-23,,,,0.0,0.0
2024-07-24,,,,0.0,0.0
2024-07-25,,,,0.0,0.0
2024-07-26,,,,0.0,0.0
2024-07-29,,,,0.0,0.0
2024-07-30,,,,0.0,0.0
2024-07-31,,,,0.0,0.0
2024-08-01,0.0,Equity growth / risk-on,60/40,0.007944623345287227,0.32684546958797456
2024-08-02,,,,0.0,0.0
2024-08-05,,,,0.0,0.0
2024-08-06,,,,0.0,0.0
2024-08-07,,,,0.0,0.0
2024-08-08,,,,0.0,0.0
2024-08-09,,,,0.0,0.0
2024-08-12,,,,0.0,0.0
2024-08-13,,,,0.0,0.0
2024-08-14,,,,0.0,0.0
2024-08-15,,,,0.0,0.0
2024-08-16,,,,0.0,0.0
2024-08-19,,,,0.0,0.0
2024-08-20,,,,0.0,0.0
2024-08-21,,,,0.0,0.0
2024-08-22,,,,0.0,0.0
2024-08-23,,,,0.0,0.0
2024-08-26,,,,0.0,0.0
2024-08-27,,,,0.0,0.0
2024-08-28,,,,0.0,0.0
2024-08-29,,,,0.0,0.0
2024-08-30,,,,0.0,0.0
2024-09-03,0.0,Equity growth / risk-on,60/40,0.0046653430515227745,0.19565682133646092
2024-09-04,,,,0.0,0.0
2024-09-05,,,,0.0,0.0
2024-09-06,,,,0.0,0.0
2024-09-09,,,,0.0,0.0
2024-09-10,,,,0.0,0.0
2024-09-11,,,,0.0,0.0
2024-09-12,,,,0.0,0.0
2024-09-13,,,,0.0,0.0
2024-09-16,,,,0.0,0.0
2024-09-17,,,,0.0,0.0
2024-09-18,,,,0.0,0.0
2024-09-19,,,,0.0,0.0
2024-09-20,,,,0.0,0.0
2024-09-23,,,,0.0,0.0
2024-09-24,,,,0.0,0.0
2024-09-25,,,,0.0,0.0
2024-09-26,,,,0.0,0.0
2024-09-27,,,,0.0,0.0
2024-09-30,,,,0.0,0.0
2024-10-01,0.0,Equity growth / risk-on,60/40,0.0033848638215334126,0.14452898915990825
2024-10-02,,,,0.0,0.0
2024-10-03,,,,0.0,0.0
2024-10-04,,,,0.0,0.0
2024-10-07,,,,0.0,0.0
2024-10-08,,,,0.0,0.0
2024-10-09,,,,0.0,0.0
2024-10-10,,,,0.0,0.0
2024-10-11,,,,0.0,0.0
2024-10-14,,,,0.0,0.0
2024-10-15,,,,0.0,0.0
2024-10-16,,,,0.0,0.0
2024-10-17,,,,0.0,0.0
2024-10-18,,,,0.0,0.0
2024-10-21,,,,0.0,0.0
2024-10-22,,,,0.0,0.0
2024-10-23,,,,0.0,0.0
2024-10-24,,,,0.0,0.0
2024-10-25,,,,0.0,0.0
2024-10-28,,,,0.0,0.0
2024-10-29,,,,0.0,0.0
2024-10-30,,,,0.0,0.0
2024-10-31,,,,0.0,0.0
2024-11-01,0.0,Equity growth / risk-on,60/40,0.01220687251126834,0.5113619019689548
2024-11-04,,,,0.0,0.0
2024-11-05,,,,0.0,0.0
2024-11-06,,,,0.0,0.0
2024-11-07,,,,0.0,0.0
2024-11-08,,,,0.0,0.0
2024-11-11,,,,0.0,0.0
2024-11-12,,,,0.0,0.0
2024-11-13,,,,0.0,0.0
2024-11-14,,,,0.0,0.0
2024-11-15,,,,0.0,0.0
2024-11-18,,,,0.0,0.0
2024-11-19,,,,0.0,0.0
2024-11-20,,,,0.0,0.0
2024-11-21,,,,0.0,0.0
2024-11-22,,,,0.0,0.0
2024-11-25,,,,0.0,0.0
2024-11-26,,,,0.0,0.0
2024-11-27,,,,0.0,0.0
2024-11-29,,,,0.0,0.0
2024-12-02,0.0,Equity growth / risk-on,60/40,0.022814004614461425,0.9937945880443749
2024-12-03,,,,0.0,0.0
2024-12-04,,,,0.0,0.0
2024-12-05,,,,0.0,0.0
2024-12-06,,,,0.0,0.0
2024-12-09,,,,0.0,0.0
2024-12-10,,,,0.0,0.0
2024-12-11,,,,0.0,0.0
2024-12-12,,,,0.0,0.0
2024-12-13,,,,0.0,0.0
2024-12-16,,,,0.0,0.0
2024-12-17,,,,0.0,0.0
2024-12-18,,,,0.0,0.0
2024-12-19,,,,0.0,0.0
2024-12-20,,,,0.0,0.0
2024-12-23,,,,0.0,0.0
2024-12-24,,,,0.0,0.0
2024-12-26,,,,0.0,0.0
2024-12-27,,,,0.0,0.0
2024-12-30,,,,0.0,0.0
2024-12-31,,,,0.0,0.0
2025-01-02,0.0,Equity growth / risk-on,60/40,0.0007254131872627689,0.030857191032898575
2025-01-03,,,,0.0,0.0
2025-01-06,,,,0.0,0.0
2025-01-07,,,,0.0,0.0
2025-01-08,,,,0.0,0.0
2025-01-10,,,,0.0,0.0
2025-01-13,,,,0.0,0.0
2025-01-14,,,,0.0,0.0
2025-01-15,,,,0.0,0.0
2025-01-16,,,,0.0,0.0
2025-01-17,,,,0.0,0.0
2025-01-21,,,,0.0,0.0
2025-01-22,,,,0.0,0.0
2025-01-23,,,,0.0,0.0
2025-01-24,,,,0.0,0.0
2025-01-27,,,,0.0,0.0
2025-01-28,,,,0.0,0.0
2025-01-29,,,,0.0,0.0
2025-01-30,,,,0.0,0.0
2025-01-31,,,,0.0,0.0
2025-02-03,0.0,Equity growth / risk-on,60/40,0.0097504557076169,0.4224649500943883
2025-02-04,,,,0.0,0.0
2025-02-05,,,,0.0,0.0
2025-02-06,,,,0.0,0.0
2025-02-07,,,,0.0,0.0
2025-02-10,,,,0.0,0.0
2025-02-11,,,,0.0,0.0
2025-02-12,,,,0.0,0.0
2025-02-13,,,,0.0,0.0
2025-02-14,,,,0.0,0.0
2025-02-18,,,,0.0,0.0
2025-02-19,,,,0.0,0.0
2025-02-20,,,,0.0,0.0
2025-02-21,,,,0.0,0.0
2025-02-24,,,,0.0,0.0
2025-02-25,,,,0.0,0.0
2025-02-26,,,,0.0,0.0
2025-02-27,,,,0.0,0.0
2025-02-28,,,,0.0,0.0
2025-03-03,0.0,Equity growth / risk-on,60/40,0.019462427265987015,0.8462747385789456
2025-03-04,,,,0.0,0.0
2025-03-05,,,,0.0,0.0
2025-03-06,,,,0.0,0.0
2025-03-07,,,,0.0,0.0
2025-03-10,,,,0.0,0.0
2025-03-11,,,,0.0,0.0
2025-03-12,,,,0.0,0.0
2025-03-13,,,,0.0,0.0
2025-03-14,,,,0.0,0.0
2025-03-17,,,,0.0,0.0
2025-03-18,,,,0.0,0.0
2025-03-19,,,,0.0,0.0
2025-03-20,,,,0.0,0.0
2025-03-21,,,,0.0,0.0
2025-03-24,,,,0.0,0.0
2025-03-25,,,,0.0,0.0
2025-03-26,,,,0.0,0.0
2025-03-27,,,,0.0,0.0
2025-03-28,,,,0.0,0.0
2025-03-31,,,,0.0,0.0
2025-04-01,2.0,Mixed / transition regime,Minimum Volatility,0.8070470487644013,33.96655656980625
2025-04-02,,,,0.0,0.0
2025-04-03,,,,0.0,0.0
2025-04-04,,,,0.0,0.0
2025-04-07,,,,0.0,0.0
2025-04-08,,,,0.0,0.0
2025-04-09,,,,0.0,0.0
2025-04-10,,,,0.0,0.0
2025-04-11,,,,0.0,0.0
2025-04-14,,,,0.0,0.0
2025-04-15,,,,0.0,0.0
2025-04-16,,,,0.0,0.0
2025-04-17,,,,0.0,0.0
2025-04-21,,,,0.0,0.0
2025-04-22,,,,0.0,0.0
2025-04-23,,,,0.0,0.0
2025-04-24,,,,0.0,0.0
2025-04-25,,,,0.0,0.0
2025-04-28,,,,0.0,0.0
2025-04-29,,,,0.0,0.0
2025-04-30,,,,0.0,0.0
2025-05-01,2.0,Mixed / transition regime,Minimum Volatility,0.29458255944670364,12.167240247053396
2025-05-02,,,,0.0,0.0
2025-05-05,,,,0.0,0.0
2025-05-06,,,,0.0,0.0
2025-05-07,,,,0.0,0.0
2025-05-08,,,,0.0,0.0
2025-05-09,,,,0.0,0.0
2025-05-12,,,,0.0,0.0
2025-05-13,,,,0.0,0.0
2025-05-14,,,,0.0,0.0
2025-05-15,,,,0.0,0.0
2025-05-16,,,,0.0,0.0
2025-05-19,,,,0.0,0.0
2025-05-20,,,,0.0,0.0
2025-05-21,,,,0.0,0.0
2025-05-22,,,,0.0,0.0
2025-05-23,,,,0.0,0.0
2025-05-27,,,,0.0,0.0
2025-05-28,,,,0.0,0.0
2025-05-29,,,,0.0,0.0
2025-05-30,,,,0.0,0.0
2025-06-02,3.0,Commodity strength / inflation-like,Equal Weight,1.0164892252178814,41.90387327730945
2025-06-03,,,,0.0,0.0
2025-06-04,,,,0.0,0.0
2025-06-05,,,,0.0,0.0
2025-06-06,,,,0.0,0.0
2025-06-09,,,,0.0,0.0
2025-06-10,,,,0.0,0.0
2025-06-11,,,,0.0,0.0
2025-06-12,,,,0.0,0.0
2025-06-13,,,,0.0,0.0
2025-06-16,,,,0.0,0.0
2025-06-17,,,,0.0,0.0
2025-06-18,,,,0.0,0.0
2025-06-20,,,,0.0,0.0
2025-06-23,,,,0.0,0.0
2025-06-24,,,,0.0,0.0
2025-06-25,,,,0.0,0.0
2025-06-26,,,,0.0,0.0
2025-06-27,,,,0.0,0.0
2025-06-30,,,,0.0,0.0
2025-07-01,0.0,Equity growth / risk-on,60/40,1.6009850311187122,68.32246593474487
2025-07-02,,,,0.0,0.0
2025-07-03,,,,0.0,0.0
2025-07-07,,,,0.0,0.0
2025-07-08,,,,0.0,0.0
2025-07-09,,,,0.0,0.0
2025-07-10,,,,0.0,0.0
2025-07-11,,,,0.0,0.0
2025-07-14,,,,0.0,0.0
2025-07-15,,,,0.0,0.0
2025-07-16,,,,0.0,0.0
2025-07-17,,,,0.0,0.0
2025-07-18,,,,0.0,0.0
2025-07-21,,,,0.0,0.0
2025-07-22,,,,0.0,0.0
2025-07-23,,,,0.0,0.0
2025-07-24,,,,0.0,0.0
2025-07-25,,,,0.0,0.0
2025-07-28,,,,0.0,0.0
2025-07-29,,,,0.0,0.0
2025-07-30,,,,0.0,0.0
2025-07-31,,,,0.0,0.0
2025-08-01,0.0,Equity growth / risk-on,60/40,0.013748625413744664,0.5924901890896718
2025-08-04,,,,0.0,0.0
2025-08-05,,,,0.0,0.0
2025-08-06,,,,0.0,0.0
2025-08-07,,,,0.0,0.0
2025-08-08,,,,0.0,0.0
2025-08-11,,,,0.0,0.0
2025-08-12,,,,0.0,0.0
2025-08-13,,,,0.0,0.0
2025-08-14,,,,0.0,0.0
2025-08-15,,,,0.0,0.0
2025-08-18,,,,0.0,0.0
2025-08-19,,,,0.0,0.0
2025-08-20,,,,0.0,0.0
2025-08-21,,,,0.0,0.0
2025-08-22,,,,0.0,0.0
2025-08-25,,,,0.0,0.0
2025-08-26,,,,0.0,0.0
2025-08-27,,,,0.0,0.0
2025-08-28,,,,0.0,0.0
2025-08-29,,,,0.0,0.0
2025-09-02,0.0,Equity growth / risk-on,60/40,0.0019022792851677295,0.08352636458618319
2025-09-03,,,,0.0,0.0
2025-09-04,,,,0.0,0.0
2025-09-05,,,,0.0,0.0
2025-09-08,,,,0.0,0.0
2025-09-09,,,,0.0,0.0
2025-09-10,,,,0.0,0.0
2025-09-11,,,,0.0,0.0
2025-09-12,,,,0.0,0.0
2025-09-15,,,,0.0,0.0
2025-09-16,,,,0.0,0.0
2025-09-17,,,,0.0,0.0
2025-09-18,,,,0.0,0.0
2025-09-19,,,,0.0,0.0
2025-09-22,,,,0.0,0.0
2025-09-23,,,,0.0,0.0
2025-09-24,,,,0.0,0.0
2025-09-25,,,,0.0,0.0
2025-09-26,,,,0.0,0.0
2025-09-29,,,,0.0,0.0
2025-09-30,,,,0.0,0.0
2025-10-01,0.0,Equity growth / risk-on,60/40,0.013645322501600443,0.6135109943660216
2025-10-02,,,,0.0,0.0
2025-10-03,,,,0.0,0.0
2025-10-06,,,,0.0,0.0
2025-10-07,,,,0.0,0.0
2025-10-08,,,,0.0,0.0
2025-10-09,,,,0.0,0.0
2025-10-10,,,,0.0,0.0
2025-10-13,,,,0.0,0.0
2025-10-14,,,,0.0,0.0
2025-10-15,,,,0.0,0.0
2025-10-16,,,,0.0,0.0
2025-10-17,,,,0.0,0.0
2025-10-20,,,,0.0,0.0
2025-10-21,,,,0.0,0.0
2025-10-22,,,,0.0,0.0
2025-10-23,,,,0.0,0.0
2025-10-24,,,,0.0,0.0
2025-10-27,,,,0.0,0.0
2025-10-28,,,,0.0,0.0
2025-10-29,,,,0.0,0.0
2025-10-30,,,,0.0,0.0
2025-10-31,,,,0.0,0.0
2025-11-03,0.0,Equity growth / risk-on,60/40,0.007892484135725741,0.3609360748914476
2025-11-04,,,,0.0,0.0
2025-11-05,,,,0.0,0.0
2025-11-06,,,,0.0,0.0
2025-11-07,,,,0.0,0.0
2025-11-10,,,,0.0,0.0
2025-11-11,,,,0.0,0.0
2025-11-12,,,,0.0,0.0
2025-11-13,,,,0.0,0.0
2025-11-14,,,,0.0,0.0
2025-11-17,,,,0.0,0.0
2025-11-18,,,,0.0,0.0
2025-11-19,,,,0.0,0.0
2025-11-20,,,,0.0,0.0
2025-11-21,,,,0.0,0.0
2025-11-24,,,,0.0,0.0
2025-11-25,,,,0.0,0.0
2025-11-26,,,,0.0,0.0
2025-11-28,,,,0.0,0.0
2025-12-01,0.0,Equity growth / risk-on,60/40,0.003787630705476275,0.17410040580728012
2025-12-02,,,,0.0,0.0
2025-12-03,,,,0.0,0.0
2025-12-04,,,,0.0,0.0
2025-12-05,,,,0.0,0.0
2025-12-08,,,,0.0,0.0
2025-12-09,,,,0.0,0.0
2025-12-10,,,,0.0,0.0
2025-12-11,,,,0.0,0.0
2025-12-12,,,,0.0,0.0
2025-12-15,,,,0.0,0.0
2025-12-16,,,,0.0,0.0
2025-12-17,,,,0.0,0.0
2025-12-18,,,,0.0,0.0
2025-12-19,,,,0.0,0.0
2025-12-22,,,,0.0,0.0
2025-12-23,,,,0.0,0.0
2025-12-24,,,,0.0,0.0
2025-12-26,,,,0.0,0.0
2025-12-29,,,,0.0,0.0
2025-12-30,,,,0.0,0.0
2025-12-31,,,,0.0,0.0
2026-01-02,0.0,Equity growth / risk-on,60/40,0.004046886566606567,0.18553916652050195
2026-01-05,,,,0.0,0.0
2026-01-06,,,,0.0,0.0
2026-01-07,,,,0.0,0.0
2026-01-08,,,,0.0,0.0
2026-01-09,,,,0.0,0.0
2026-01-12,,,,0.0,0.0
2026-01-13,,,,0.0,0.0
2026-01-14,,,,0.0,0.0
2026-01-15,,,,0.0,0.0
2026-01-16,,,,0.0,0.0
2026-01-20,,,,0.0,0.0
2026-01-21,,,,0.0,0.0
2026-01-22,,,,0.0,0.0
2026-01-23,,,,0.0,0.0
2026-01-26,,,,0.0,0.0
2026-01-27,,,,0.0,0.0
2026-01-28,,,,0.0,0.0
2026-01-29,,,,0.0,0.0
2026-01-30,,,,0.0,0.0
2026-02-02,0.0,Equity growth / risk-on,60/40,0.008108054130601339,0.3746784598576849
2026-02-03,,,,0.0,0.0
2026-02-04,,,,0.0,0.0
2026-02-05,,,,0.0,0.0
2026-02-06,,,,0.0,0.0
2026-02-09,,,,0.0,0.0
2026-02-10,,,,0.0,0.0
2026-02-11,,,,0.0,0.0
2026-02-12,,,,0.0,0.0
2026-02-13,,,,0.0,0.0
2026-02-17,,,,0.0,0.0
2026-02-18,,,,0.0,0.0
2026-02-19,,,,0.0,0.0
2026-02-20,,,,0.0,0.0
2026-02-23,,,,0.0,0.0
2026-02-24,,,,0.0,0.0
2026-02-25,,,,0.0,0.0
2026-02-26,,,,0.0,0.0
2026-02-27,,,,0.0,0.0
2026-03-02,0.0,Equity growth / risk-on,60/40,0.015929302377375387,0.7395532809811346
2026-03-03,,,,0.0,0.0
2026-03-04,,,,0.0,0.0
2026-03-05,,,,0.0,0.0
2026-03-06,,,,0.0,0.0
2026-03-09,,,,0.0,0.0
2026-03-10,,,,0.0,0.0
2026-03-11,,,,0.0,0.0
2026-03-12,,,,0.0,0.0
2026-03-13,,,,0.0,0.0
2026-03-16,,,,0.0,0.0
2026-03-17,,,,0.0,0.0
2026-03-18,,,,0.0,0.0
2026-03-19,,,,0.0,0.0
2026-03-20,,,,0.0,0.0
2026-03-23,,,,0.0,0.0
2026-03-24,,,,0.0,0.0
2026-03-25,,,,0.0,0.0
2026-03-26,,,,0.0,0.0
2026-03-27,,,,0.0,0.0
2026-03-30,,,,0.0,0.0
2026-03-31,,,,0.0,0.0
2026-04-01,3.0,Commodity strength / inflation-like,Equal Weight,1.6,71.39215679506351
2026-04-02,,,,0.0,0.0
2026-04-06,,,,0.0,0.0
2026-04-07,,,,0.0,0.0
2026-04-08,,,,0.0,0.0
2026-04-09,,,,0.0,0.0
2026-04-10,,,,0.0,0.0
2026-04-13,,,,0.0,0.0
2026-04-14,,,,0.0,0.0
2026-04-15,,,,0.0,0.0
2026-04-16,,,,0.0,0.0
2026-04-17,,,,0.0,0.0
2026-04-20,,,,0.0,0.0
2026-04-21,,,,0.0,0.0
2026-04-22,,,,0.0,0.0
2026-04-23,,,,0.0,0.0
2026-04-24,,,,0.0,0.0
2026-04-27,,,,0.0,0.0
2026-04-28,,,,0.0,0.0
2026-04-29,,,,0.0,0.0
2026-04-30,,,,0.0,0.0
2026-05-01,3.0,Commodity strength / inflation-like,Equal Weight,0.046938253976702676,2.2369919068016406
2026-05-04,,,,0.0,0.0
2026-05-05,,,,0.0,0.0
2026-05-06,,,,0.0,0.0
2026-05-07,,,,0.0,0.0
2026-05-08,,,,0.0,0.0
2026-05-11,,,,0.0,0.0
2026-05-12,,,,0.0,0.0
2026-05-13,,,,0.0,0.0
2026-05-14,,,,0.0,0.0
2026-05-15,,,,0.0,0.0
2026-05-18,,,,0.0,0.0
2026-05-19,,,,0.0,0.0
2026-05-20,,,,0.0,0.0
2026-05-21,,,,0.0,0.0
2026-05-22,,,,0.0,0.0
2026-05-26,,,,0.0,0.0
2026-05-27,,,,0.0,0.0
2026-05-28,,,,0.0,0.0
2026-05-29,,,,0.0,0.0
2026-06-01,0.0,Equity growth / risk-on,60/40,1.5987611240697064,77.94660707257664
2026-06-02,,,,0.0,0.0
2026-06-03,,,,0.0,0.0
2026-06-04,,,,0.0,0.0
2026-06-05,,,,0.0,0.0
2026-06-08,,,,0.0,0.0
2026-06-09,,,,0.0,0.0
2026-06-10,,,,0.0,0.0
2026-06-11,,,,0.0,0.0
2026-06-12,,,,0.0,0.0
2026-06-15,,,,0.0,0.0
2026-06-16,,,,0.0,0.0
2026-06-17,,,,0.0,0.0
2026-06-18,,,,0.0,0.0
2026-06-22,,,,0.0,0.0
2026-06-23,,,,0.0,0.0
2026-06-24,,,,0.0,0.0
2026-06-25,,,,0.0,0.0
2026-06-26,,,,0.0,0.0
