,DBC,EEM,EFA,GLD,IEF,IWM,QQQ,SPY,TLT,VNQ
2007-03-01,0.0,0.0,0.0,0.0,0.4009329813025515,0.0,0.0,0.5990670186974485,0.0,0.0
2007-03-02,0.0,0.0,0.0,0.0,0.40488286880349666,0.0,0.0,0.5951171311965033,0.0,0.0
2007-03-05,0.0,0.0,0.0,0.0,0.4073339048539109,0.0,0.0,0.592666095146089,0.0,0.0
2007-03-06,0.0,0.0,0.0,0.0,0.4029280457445948,0.0,0.0,0.5970719542554052,0.0,0.0
2007-03-07,0.0,0.0,0.0,0.0,0.40360128992607897,0.0,0.0,0.5963987100739209,0.0,0.0
2007-03-08,0.0,0.0,0.0,0.0,0.4015476545558161,0.0,0.0,0.5984523454441838,0.0,0.0
2007-03-09,0.0,0.0,0.0,0.0,0.40012566846046904,0.0,0.0,0.5998743315395311,0.0,0.0
2007-03-12,0.0,0.0,0.0,0.0,0.40043092699091914,0.0,0.0,0.5995690730090808,0.0,0.0
2007-03-13,0.0,0.0,0.0,0.0,0.4062191117238529,0.0,0.0,0.5937808882761472,0.0,0.0
2007-03-14,0.0,0.0,0.0,0.0,0.4041136895622306,0.0,0.0,0.5958863104377694,0.0,0.0
2007-03-15,0.0,0.0,0.0,0.0,0.40352631336580697,0.0,0.0,0.596473686634193,0.0,0.0
2007-03-16,0.0,0.0,0.0,0.0,0.4041725103128441,0.0,0.0,0.5958274896871559,0.0,0.0
2007-03-19,0.0,0.0,0.0,0.0,0.40097352461108954,0.0,0.0,0.5990264753889104,0.0,0.0
2007-03-20,0.0,0.0,0.0,0.0,0.40000377605563575,0.0,0.0,0.5999962239443642,0.0,0.0
2007-03-21,0.0,0.0,0.0,0.0,0.3964359448914702,0.0,0.0,0.6035640551085298,0.0,0.0
2007-03-22,0.0,0.0,0.0,0.0,0.3958178482122706,0.0,0.0,0.6041821517877294,0.0,0.0
2007-03-23,0.0,0.0,0.0,0.0,0.3950944987206066,0.0,0.0,0.6049055012793934,0.0,0.0
2007-03-26,0.0,0.0,0.0,0.0,0.39561219053953145,0.0,0.0,0.6043878094604687,0.0,0.0
2007-03-27,0.0,0.0,0.0,0.0,0.3961235120869781,0.0,0.0,0.6038764879130218,0.0,0.0
2007-03-28,0.0,0.0,0.0,0.0,0.39784361920519307,0.0,0.0,0.6021563807948068,0.0,0.0
2007-03-29,0.0,0.0,0.0,0.0,0.39724536768300944,0.0,0.0,0.6027546323169907,0.0,0.0
2007-03-30,0.0,0.0,0.0,0.0,0.3969068553386941,0.0,0.0,0.6030931446613059,0.0,0.0
2007-04-02,0.0,0.0,0.0,0.0,0.3969032910197147,0.0,0.0,0.6030967089802853,0.0,0.0
2007-04-03,0.0,0.0,0.0,0.0,0.3941416767956,0.0,0.0,0.6058583232044,0.0,0.0
2007-04-04,0.0,0.0,0.0,0.0,0.3942505508534379,0.0,0.0,0.605749449146562,0.0,0.0
2007-04-05,0.0,0.0,0.0,0.0,0.39299915348737907,0.0,0.0,0.6070008465126209,0.0,0.0
2007-04-09,0.0,0.0,0.0,0.0,0.3915710377850285,0.0,0.0,0.6084289622149714,0.0,0.0
2007-04-10,0.0,0.0,0.0,0.0,0.3917822176718929,0.0,0.0,0.6082177823281072,0.0,0.0
2007-04-11,0.0,0.0,0.0,0.0,0.3924676669001719,0.0,0.0,0.6075323330998282,0.0,0.0
2007-04-12,0.0,0.0,0.0,0.0,0.3916422162014492,0.0,0.0,0.6083577837985508,0.0,0.0
2007-04-13,0.0,0.0,0.0,0.0,0.390153803832934,0.0,0.0,0.609846196167066,0.0,0.0
2007-04-16,0.0,0.0,0.0,0.0,0.3881667324224952,0.0,0.0,0.6118332675775048,0.0,0.0
2007-04-17,0.0,0.0,0.0,0.0,0.3885426479906847,0.0,0.0,0.6114573520093153,0.0,0.0
2007-04-18,0.0,0.0,0.0,0.0,0.3887967803199351,0.0,0.0,0.6112032196800649,0.0,0.0
2007-04-19,0.0,0.0,0.0,0.0,0.38883251198273744,0.0,0.0,0.6111674880172626,0.0,0.0
2007-04-20,0.0,0.0,0.0,0.0,0.3863445426200135,0.0,0.0,0.6136554573799864,0.0,0.0
2007-04-23,0.0,0.0,0.0,0.0,0.3877260648246115,0.0,0.0,0.6122739351753884,0.0,0.0
2007-04-24,0.0,0.0,0.0,0.0,0.3880871014885176,0.0,0.0,0.6119128985114823,0.0,0.0
2007-04-25,0.0,0.0,0.0,0.0,0.38577642206588475,0.0,0.0,0.6142235779341151,0.0,0.0
2007-04-26,0.0,0.0,0.0,0.0,0.3848225352080002,0.0,0.0,0.6151774647919999,0.0,0.0
2007-04-27,0.0,0.0,0.0,0.0,0.3850123951644469,0.0,0.0,0.614987604835553,0.0,0.0
2007-04-30,0.0,0.0,0.0,0.0,0.38801444199242374,0.0,0.0,0.6119855580075764,0.0,0.0
2007-05-01,0.0,0.0,0.0,0.0,0.3874183050371101,0.0,0.0,0.6125816949628898,0.0,0.0
2007-05-02,0.0,0.0,0.0,0.0,0.38574873392094083,0.0,0.0,0.614251266079059,0.0,0.0
2007-05-03,0.0,0.0,0.0,0.0,0.38421238048260964,0.0,0.0,0.6157876195173903,0.0,0.0
2007-05-04,0.0,0.0,0.0,0.0,0.38391656792907997,0.0,0.0,0.61608343207092,0.0,0.0
2007-05-07,0.0,0.0,0.0,0.0,0.384069173157072,0.0,0.0,0.615930826842928,0.0,0.0
2007-05-08,0.0,0.0,0.0,0.0,0.3843827688090219,0.0,0.0,0.6156172311909781,0.0,0.0
2007-05-09,0.0,0.0,0.0,0.0,0.3829705603538369,0.0,0.0,0.617029439646163,0.0,0.0
2007-05-10,0.0,0.0,0.0,0.0,0.38605672448753325,0.0,0.0,0.6139432755124667,0.0,0.0
2007-05-11,0.0,0.0,0.0,0.0,0.383554207784117,0.0,0.0,0.6164457922158831,0.0,0.0
2007-05-14,0.0,0.0,0.0,0.0,0.3837292620176383,0.0,0.0,0.6162707379823618,0.0,0.0
2007-05-15,0.0,0.0,0.0,0.0,0.38363779765214584,0.0,0.0,0.6163622023478542,0.0,0.0
2007-05-16,0.0,0.0,0.0,0.0,0.38188413588320813,0.0,0.0,0.6181158641167918,0.0,0.0
2007-05-17,0.0,0.0,0.0,0.0,0.3817226034844704,0.0,0.0,0.6182773965155296,0.0,0.0
2007-05-18,0.0,0.0,0.0,0.0,0.3789880459529773,0.0,0.0,0.6210119540470228,0.0,0.0
2007-05-21,0.0,0.0,0.0,0.0,0.3794260112006015,0.0,0.0,0.6205739887993986,0.0,0.0
2007-05-22,0.0,0.0,0.0,0.0,0.37895258652789965,0.0,0.0,0.6210474134721004,0.0,0.0
2007-05-23,0.0,0.0,0.0,0.0,0.37846240839123513,0.0,0.0,0.6215375916087649,0.0,0.0
2007-05-24,0.0,0.0,0.0,0.0,0.38092064597392417,0.0,0.0,0.6190793540260758,0.0,0.0
2007-05-25,0.0,0.0,0.0,0.0,0.379681084777087,0.0,0.0,0.6203189152229129,0.0,0.0
2007-05-29,0.0,0.0,0.0,0.0,0.3783403346562416,0.0,0.0,0.6216596653437585,0.0,0.0
2007-05-30,0.0,0.0,0.0,0.0,0.3766637338651345,0.0,0.0,0.6233362661348655,0.0,0.0
2007-05-31,0.0,0.0,0.0,0.0,0.3768226450771246,0.0,0.0,0.6231773549228755,0.0,0.0
2007-06-01,0.0,0.0,0.0,0.0,0.37464994195940154,0.0,0.0,0.6253500580405984,0.0,0.0
2007-06-04,0.0,0.0,0.0,0.0,0.3749948850887674,0.0,0.0,0.6250051149112326,0.0,0.0
2007-06-05,0.0,0.0,0.0,0.0,0.3751733241084024,0.0,0.0,0.6248266758915977,0.0,0.0
2007-06-06,0.0,0.0,0.0,0.0,0.3778262695506635,0.0,0.0,0.6221737304493364,0.0,0.0
2007-06-07,0.0,0.0,0.0,0.0,0.37974757093327255,0.0,0.0,0.6202524290667274,0.0,0.0
2007-06-08,0.0,0.0,0.0,0.0,0.37714594463936285,0.0,0.0,0.6228540553606373,0.0,0.0
2007-06-11,0.0,0.0,0.0,0.0,0.37612778778556,0.0,0.0,0.62387221221444,0.0,0.0
2007-06-12,0.0,0.0,0.0,0.0,0.37702663422307264,0.0,0.0,0.6229733657769274,0.0,0.0
2007-06-13,0.0,0.0,0.0,0.0,0.37430694893978883,0.0,0.0,0.625693051060211,0.0,0.0
2007-06-14,0.0,0.0,0.0,0.0,0.37287601007227483,0.0,0.0,0.6271239899277252,0.0,0.0
2007-06-15,0.0,0.0,0.0,0.0,0.37257188849024814,0.0,0.0,0.6274281115097518,0.0,0.0
2007-06-18,0.0,0.0,0.0,0.0,0.372730270367748,0.0,0.0,0.627269729632252,0.0,0.0
2007-06-19,0.0,0.0,0.0,0.0,0.37328440444823807,0.0,0.0,0.626715595551762,0.0,0.0
2007-06-20,0.0,0.0,0.0,0.0,0.3758057549631789,0.0,0.0,0.6241942450368211,0.0,0.0
2007-06-21,0.0,0.0,0.0,0.0,0.3742146348109651,0.0,0.0,0.625785365189035,0.0,0.0
2007-06-22,0.0,0.0,0.0,0.0,0.3771326208487872,0.0,0.0,0.6228673791512127,0.0,0.0
2007-06-25,0.0,0.0,0.0,0.0,0.37901854038518185,0.0,0.0,0.6209814596148182,0.0,0.0
2007-06-26,0.0,0.0,0.0,0.0,0.3815117465687766,0.0,0.0,0.6184882534312234,0.0,0.0
2007-06-27,0.0,0.0,0.0,0.0,0.37815440330505634,0.0,0.0,0.6218455966949437,0.0,0.0
2007-06-28,0.0,0.0,0.0,0.0,0.3780401262470301,0.0,0.0,0.6219598737529699,0.0,0.0
2007-06-29,0.0,0.0,0.0,0.0,0.3791833274746629,0.0,0.0,0.620816672525337,0.0,0.0
2007-07-02,0.0,0.0,0.0,0.0,0.37742459991560556,0.0,0.0,0.6225754000843944,0.0,0.0
2007-07-03,0.0,0.0,0.0,0.0,0.37587769264795223,0.0,0.0,0.6241223073520478,0.0,0.0
2007-07-05,0.0,0.0,0.0,0.0,0.3748124845388694,0.0,0.0,0.6251875154611306,0.0,0.0
2007-07-06,0.0,0.0,0.0,0.0,0.37302984134132827,0.0,0.0,0.6269701586586718,0.0,0.0
2007-07-09,0.0,0.0,0.0,0.0,0.3736928850833599,0.0,0.0,0.6263071149166402,0.0,0.0
2007-07-10,0.0,0.0,0.0,0.0,0.3786600054805516,0.0,0.0,0.6213399945194484,0.0,0.0
2007-07-11,0.0,0.0,0.0,0.0,0.37618464091687187,0.0,0.0,0.623815359083128,0.0,0.0
2007-07-12,0.0,0.0,0.0,0.0,0.3718475473267707,0.0,0.0,0.6281524526732292,0.0,0.0
2007-07-13,0.0,0.0,0.0,0.0,0.37167502963160487,0.0,0.0,0.6283249703683952,0.0,0.0
2007-07-16,0.0,0.0,0.0,0.0,0.37263203330096456,0.0,0.0,0.6273679666990354,0.0,0.0
2007-07-17,0.0,0.0,0.0,0.0,0.37226062260894627,0.0,0.0,0.6277393773910538,0.0,0.0
2007-07-18,0.0,0.0,0.0,0.0,0.37352334187605224,0.0,0.0,0.6264766581239478,0.0,0.0
2007-07-19,0.0,0.0,0.0,0.0,0.37258775615974216,0.0,0.0,0.6274122438402578,0.0,0.0
2007-07-20,0.0,0.0,0.0,0.0,0.37612539555460345,0.0,0.0,0.6238746044453964,0.0,0.0
2007-07-23,0.0,0.0,0.0,0.0,0.37532184747083297,0.0,0.0,0.624678152529167,0.0,0.0
2007-07-24,0.0,0.0,0.0,0.0,0.38006845035215825,0.0,0.0,0.6199315496478417,0.0,0.0
2007-07-25,0.0,0.0,0.0,0.0,0.37990364490191625,0.0,0.0,0.6200963550980838,0.0,0.0
2007-07-26,0.0,0.0,0.0,0.0,0.3874450109614944,0.0,0.0,0.6125549890385056,0.0,0.0
2007-07-27,0.0,0.0,0.0,0.0,0.39263073798842,0.0,0.0,0.60736926201158,0.0,0.0
2007-07-30,0.0,0.0,0.0,0.0,0.3883295691161896,0.0,0.0,0.6116704308838103,0.0,0.0
2007-07-31,0.0,0.0,0.0,0.0,0.3920061135117727,0.0,0.0,0.6079938864882273,0.0,0.0
2007-08-01,0.0,0.0,0.0,0.0,0.39018781085405446,0.0,0.0,0.6098121891459455,0.0,0.0
2007-08-02,0.0,0.0,0.0,0.0,0.3884696765895625,0.0,0.0,0.6115303234104376,0.0,0.0
2007-08-03,0.0,0.0,0.0,0.0,0.3962216343981791,0.0,0.0,0.6037783656018209,0.0,0.0
2007-08-06,0.0,0.0,0.0,0.0,0.39129885981522733,0.0,0.0,0.6087011401847727,0.0,0.0
2007-08-07,0.0,0.0,0.0,0.0,0.3887453189681381,0.0,0.0,0.6112546810318619,0.0,0.0
2007-08-08,0.0,0.0,0.0,0.0,0.38381555189693656,0.0,0.0,0.6161844481030635,0.0,0.0
2007-08-09,0.0,0.0,0.0,0.0,0.39229172152767694,0.0,0.0,0.6077082784723231,0.0,0.0
2007-08-10,0.0,0.0,0.0,0.0,0.39306124802940706,0.0,0.0,0.6069387519705929,0.0,0.0
2007-08-13,0.0,0.0,0.0,0.0,0.3925830872641252,0.0,0.0,0.6074169127358748,0.0,0.0
2007-08-14,0.0,0.0,0.0,0.0,0.39713416986793776,0.0,0.0,0.6028658301320623,0.0,0.0
2007-08-15,0.0,0.0,0.0,0.0,0.40089611599462727,0.0,0.0,0.5991038840053726,0.0,0.0
2007-08-16,0.0,0.0,0.0,0.0,0.40002636912470724,0.0,0.0,0.5999736308752929,0.0,0.0
2007-08-17,0.0,0.0,0.0,0.0,0.3958387776349471,0.0,0.0,0.6041612223650529,0.0,0.0
2007-08-20,0.0,0.0,0.0,0.0,0.396472439735236,0.0,0.0,0.603527560264764,0.0,0.0
2007-08-21,0.0,0.0,0.0,0.0,0.397026409809094,0.0,0.0,0.602973590190906,0.0,0.0
2007-08-22,0.0,0.0,0.0,0.0,0.3934331354725273,0.0,0.0,0.6065668645274727,0.0,0.0
2007-08-23,0.0,0.0,0.0,0.0,0.39373067533654876,0.0,0.0,0.6062693246634513,0.0,0.0
2007-08-24,0.0,0.0,0.0,0.0,0.39088937205879926,0.0,0.0,0.6091106279412007,0.0,0.0
2007-08-27,0.0,0.0,0.0,0.0,0.39377478988260234,0.0,0.0,0.6062252101173977,0.0,0.0
2007-08-28,0.0,0.0,0.0,0.0,0.40032382107358266,0.0,0.0,0.5996761789264173,0.0,0.0
2007-08-29,0.0,0.0,0.0,0.0,0.39475603724397473,0.0,0.0,0.6052439627560252,0.0,0.0
2007-08-30,0.0,0.0,0.0,0.0,0.39659020841130355,0.0,0.0,0.6034097915886965,0.0,0.0
2007-08-31,0.0,0.0,0.0,0.0,0.39430301913906146,0.0,0.0,0.6056969808609386,0.0,0.0
2007-09-04,0.0861768915600876,0.0,2.76623181119526e-18,0.009799267004972342,0.3981772723031656,1.677586660874018e-18,3.036419894983884e-19,0.2213938926025879,0.28445267652918654,0.0
2007-09-05,0.0860824711882294,0.0,2.7178174006437596e-18,0.009787111087676216,0.39944471121160074,1.657009741358842e-18,2.9967982043961044e-19,0.21881658339679252,0.28586912311570106,0.0
2007-09-06,0.0858573743353373,0.0,2.731282530493149e-18,0.009987721989621728,0.3990810758742218,1.659470419960293e-18,2.998049248100138e-19,0.21959014772860577,0.2854836800722134,0.0
2007-09-07,0.08591317059516092,0.0,2.682303885798636e-18,0.010005537708410318,0.40099087819854246,1.6225958134743198e-18,2.925263713851849e-19,0.21526574175450372,0.2878246717433826,0.0
2007-09-10,0.08621753701131414,0.0,2.6623075719214474e-18,0.010005265487880055,0.4005500222816747,1.5947213079988294e-18,2.9137066951710076e-19,0.21413739796281014,0.289089777256321,0.0
2007-09-11,0.08626315559907885,0.0,2.7035469740492554e-18,0.010116870471038498,0.39900285619983983,1.6197608432165092e-18,2.952658572394336e-19,0.21625534305101524,0.2883617746790276,0.0
2007-09-12,0.08723245310325772,0.0,2.7079319753373745e-18,0.010114327719568543,0.3982546852781126,1.6105496428627971e-18,2.955034753886239e-19,0.21694253640785832,0.28745599749120276,0.0
2007-09-13,0.08693399212814136,0.0,2.7305374845134737e-18,0.010101252654583287,0.3975355139826424,1.6211538806748341e-18,2.981767224287801e-19,0.2193690467086538,0.28606019452597925,0.0
2007-09-14,0.08691529793742038,0.0,2.711951093500392e-18,0.010078481127482226,0.3976688743674148,1.627918030696215e-18,2.9812945802119927e-19,0.21914113952459796,0.2861962070430846,0.0
2007-09-17,0.08779500703563008,0.0,2.6696101312238964e-18,0.010203405389814194,0.3972738768579508,1.6074389755205915e-18,2.9517744247413775e-19,0.21761842385291005,0.28710928686369486,0.0
2007-09-18,0.08774988149955373,0.0,2.7447407030493284e-18,0.010264687200621521,0.3951684366460252,1.6688153872784123e-18,3.0133390181197134e-19,0.2230759353447875,0.28374105930901217,0.0
2007-09-19,0.08867921907959399,0.0,2.7750963402367245e-18,0.01024656274379407,0.3945521675676313,1.6945944698573267e-18,3.0272327717361475e-19,0.2248433111224458,0.2816787394865349,0.0
2007-09-20,0.09094720722542692,0.0,2.800162020209051e-18,0.010535008060984558,0.393954645295662,1.6944019772222409e-18,3.048707170892371e-19,0.22547274707592282,0.27909039234200367,0.0
2007-09-21,0.0910706084721842,0.0,2.796851907052882e-18,0.010422169019590383,0.3937642803207874,1.6886054096114595e-18,3.053481663332178e-19,0.22483461621194187,0.2799083259754961,0.0
2007-09-24,0.09084004790925997,0.0,2.8010515483062005e-18,0.010405950689246586,0.3939966049315997,1.6744559122504428e-18,3.065195555284453e-19,0.22425707598408512,0.28050032048580864,0.0
2007-09-25,0.09036646345803946,0.0,2.8102298317079962e-18,0.010434363693660235,0.39484638803715866,1.6710621896971376e-18,3.1005817862873256e-19,0.2242696003476131,0.2800831844635286,0.0
2007-09-26,0.09034763342671995,0.0,2.8194113888201488e-18,0.010369477961523526,0.3943312796377649,1.6829120478581304e-18,3.1105773221503724e-19,0.2250796717976495,0.27987193717634223,0.0
2007-09-27,0.0920689794631202,0.0,2.836927445500726e-18,0.010397356181014984,0.39284935789228803,1.6811519331696896e-18,3.1045576026855015e-19,0.22483352279815613,0.2798507836654206,0.0
2007-09-28,0.09178927615780239,0.0,2.841837308667802e-18,0.010514820227972411,0.39305057715674957,1.6614830383338367e-18,3.0948021012619825e-19,0.22411904460592752,0.280526281851548,0.0
2007-10-01,0.09050668294908873,0.0,2.8676773586840194e-18,0.010531550144202182,0.39206686820967085,1.6965005977343602e-18,3.1187534892190527e-19,0.22580805526291808,0.2810868434341202,0.0
2007-10-02,0.08873994611028395,0.0,2.8622559368155973e-18,0.010317065045536571,0.3931543748372648,1.7085221042841671e-18,3.1212924814344064e-19,0.22564087553235243,0.2821477384745623,0.0
2007-10-03,0.08897322658124701,0.0,2.8535698673064698e-18,0.010268547631680135,0.39347283611335865,1.7063633036749294e-18,3.1044188320569697e-19,0.22553073414642916,0.281754655527285,0.0
2007-10-04,0.08989648710148679,0.0,2.853512523553091e-18,0.010370666788302847,0.3927980832908051,1.7030785334690532e-18,3.1007451212993095e-19,0.22509235339006584,0.28184240942933947,0.0
2007-10-05,0.09047165593548845,0.0,2.8926927245422257e-18,0.010482624059550182,0.39069665490644223,1.7436444652689773e-18,3.1746967499634248e-19,0.2285632885145416,0.2797857765839774,0.0
2007-10-08,0.08876230581464634,0.0,2.871771877436613e-18,0.01037960794357522,0.39290931662084333,1.7341362043121324e-18,3.2010801289703396e-19,0.2278121997408175,0.2801365698801175,0.0
2007-10-09,0.08926936644583809,0.0,2.9000953052243017e-18,0.010446446720471769,0.3911876389212457,1.7460351698344987e-18,3.2108435110446226e-19,0.22966515507284807,0.2794313928395964,0.0
2007-10-10,0.09020200447298725,0.0,2.891021352079116e-18,0.010472098826876577,0.39108025198105456,1.74243091740407e-18,3.2146907928160585e-19,0.22900063822726036,0.2792450064918212,0.0
2007-10-11,0.0912348727477203,0.0,2.905135066019455e-18,0.01055323236564663,0.3912246845487957,1.7231785434407022e-18,3.1644124921037994e-19,0.22795786286120176,0.27902934747663566,0.0
2007-10-12,0.09174074085290118,0.0,2.9204592314942116e-18,0.010659868238825046,0.390259435393355,1.738410584764851e-18,3.219573585883954e-19,0.22942429375370668,0.2779156617612122,0.0
2007-10-15,0.09329306717533169,0.0,2.896313679177175e-18,0.010736898866625324,0.39057804942098695,1.7180406742745292e-18,3.1944483168190724e-19,0.22745375208827295,0.277938232448783,0.0
2007-10-16,0.09344082451390966,0.0,2.853151175973137e-18,0.010739776191245125,0.39186793066877607,1.6992488602780975e-18,3.1811111837177384e-19,0.22576948754241316,0.27818198108365605,0.0
2007-10-17,0.09243776761242262,0.0,2.8674869902054916e-18,0.010592293971264334,0.3920873658996894,1.696464104299141e-18,3.2042257129666534e-19,0.22520847929670865,0.27967409321991493,0.0
2007-10-18,0.09370951507457538,0.0,2.8626111107037113e-18,0.01076151437210157,0.3919790269430653,1.6854388459950078e-18,3.2048705878533215e-19,0.2234760774732771,0.2800738661369807,0.0
2007-10-19,0.09332168289849316,0.0,2.795723239355624e-18,0.010704210356207404,0.3947844227871012,1.6229820861232475e-18,3.1206952162059743e-19,0.21732973796074176,0.2838599459974567,0.0
2007-10-22,0.09305067664595457,0.0,2.7919386361414065e-18,0.01054722061486663,0.39398656876621896,1.657024027052296e-18,3.157753140368723e-19,0.21856310712258312,0.2838524268503768,0.0
2007-10-23,0.0923363414561562,0.0,2.82928207933118e-18,0.0106283713041246,0.3936001559386652,1.6685020036173123e-18,3.2213987754160265e-19,0.2201702656744866,0.28326486562656744,0.0
2007-10-24,0.09228461380480771,0.0,2.8117626417650883e-18,0.01062624819237684,0.3939997721445887,1.6511453716392833e-18,3.1841087325219644e-19,0.21887648718234265,0.28421287867588413,0.0
2007-10-25,0.09429979438664515,0.0,2.820528483207801e-18,0.010682496417738626,0.39310522830071176,1.6446729824748118e-18,3.136916454531652e-19,0.21907853298534335,0.28283394790956107,0.0
2007-10-26,0.09549299522816265,0.0,2.864061660382491e-18,0.010887211600915637,0.39111035392202187,1.6678302214124334e-18,3.1806208643517973e-19,0.2210676289467846,0.28144181030211524,0.0
2007-10-29,0.09669574514611567,0.0,2.874120095409006e-18,0.010906323386629432,0.38996176443366243,1.6597368412085109e-18,3.1815920094842513e-19,0.22096776768260026,0.2814683993509921,0.0
2007-10-30,0.09486534606840004,0.0,2.861441781907763e-18,0.010837300532917218,0.39176552405251197,1.6524347635916797e-18,3.199414141309755e-19,0.22021569062709703,0.28231613871907374,0.0
2007-10-31,0.09755424104884522,0.0,2.9019513105118364e-18,0.011015487114669159,0.38914900188780244,1.6738229645397313e-18,3.244890024844099e-19,0.22250839726661945,0.2797728726820637,0.0
2007-11-01,0.0,0.0,0.0,0.0,0.407659138740645,0.0,0.0,0.592340861259355,0.0,0.0
2007-11-02,0.0,0.0,0.0,0.0,0.4080409969526152,0.0,0.0,0.5919590030473847,0.0,0.0
2007-11-05,0.0,0.0,0.0,0.0,0.4096022214611269,0.0,0.0,0.590397778538873,0.0,0.0
2007-11-06,0.0,0.0,0.0,0.0,0.4059462170731488,0.0,0.0,0.5940537829268512,0.0,0.0
2007-11-07,0.0,0.0,0.0,0.0,0.41353653600953255,0.0,0.0,0.5864634639904674,0.0,0.0
2007-11-08,0.0,0.0,0.0,0.0,0.415311162319811,0.0,0.0,0.584688837680189,0.0,0.0
2007-11-09,0.0,0.0,0.0,0.0,0.4201221421341628,0.0,0.0,0.5798778578658371,0.0,0.0
2007-11-12,0.0,0.0,0.0,0.0,0.422978994714317,0.0,0.0,0.5770210052856829,0.0,0.0
2007-11-13,0.0,0.0,0.0,0.0,0.41442305066859747,0.0,0.0,0.5855769493314025,0.0,0.0
2007-11-14,0.0,0.0,0.0,0.0,0.41526651928172714,0.0,0.0,0.5847334807182728,0.0,0.0
2007-11-15,0.0,0.0,0.0,0.0,0.42015998075440764,0.0,0.0,0.5798400192455924,0.0,0.0
2007-11-16,0.0,0.0,0.0,0.0,0.4197418852120466,0.0,0.0,0.5802581147879534,0.0,0.0
2007-11-19,0.0,0.0,0.0,0.0,0.4249133611719478,0.0,0.0,0.5750866388280521,0.0,0.0
2007-11-20,0.0,0.0,0.0,0.0,0.42277446563699805,0.0,0.0,0.5772255343630021,0.0,0.0
2007-11-21,0.0,0.0,0.0,0.0,0.4297465578777389,0.0,0.0,0.570253442122261,0.0,0.0
2007-11-23,0.0,0.0,0.0,0.0,0.42481986412439376,0.0,0.0,0.5751801358756063,0.0,0.0
2007-11-26,0.0,0.0,0.0,0.0,0.433617161058366,0.0,0.0,0.5663828389416339,0.0,0.0
2007-11-27,0.0,0.0,0.0,0.0,0.4285211014491184,0.0,0.0,0.5714788985508816,0.0,0.0
2007-11-28,0.0,0.0,0.0,0.0,0.41996223521007836,0.0,0.0,0.5800377647899216,0.0,0.0
2007-11-29,0.0,0.0,0.0,0.0,0.42124852553101644,0.0,0.0,0.5787514744689835,0.0,0.0
2007-11-30,0.0,0.0,0.0,0.0,0.4191449599427097,0.0,0.0,0.5808550400572903,0.0,0.0
2007-12-03,0.09982982343051863,4.8396746742722776e-18,0.0,0.0,0.40037435125069065,2.12283829788312e-18,0.01588610814017346,0.20228591224468348,0.2799604327748936,0.001663372159040383
2007-12-04,0.10040057073430302,4.832461809885361e-18,0.0,0.0,0.40119082124016375,2.1027858161318153e-18,0.015838359498098257,0.20070374921623124,0.2802461081630421,0.0016203911481616029
2007-12-05,0.09983796170558715,5.056723198377222e-18,0.0,0.0,0.40044509215689617,2.1486837203175875e-18,0.01615359784189513,0.2044530598460993,0.27743215914876573,0.0016781293007565165
2007-12-06,0.10159337877034208,5.13388030126641e-18,0.0,0.0,0.39814667017474487,2.198512357420741e-18,0.016377536356993735,0.20728060897263376,0.2748711348097991,0.0017306709154865994
2007-12-07,0.10187862990262068,5.103727061209842e-18,0.0,0.0,0.39797678732281283,2.218605785363614e-18,0.016479836781800622,0.2084940555758942,0.27343570443832044,0.0017349859785512772
2007-12-10,0.10190508908308601,5.109957689573618e-18,0.0,0.0,0.39741546629586727,2.238160679749841e-18,0.016560990180106296,0.21030136995919502,0.2720432583203271,0.0017738261614183458
2007-12-11,0.10224137489467751,4.867108853093517e-18,0.0,0.0,0.40068293665171045,2.148414039642924e-18,0.01608909742645223,0.20343053853244927,0.2758848469530391,0.0016712055416715397
2007-12-12,0.10516464041722119,5.0194767120880016e-18,0.0,0.0,0.397835170759602,2.1669005091690414e-18,0.01625378099469987,0.20569769312332437,0.2733810315629393,0.0016676831422132363
2007-12-13,0.10483965819564668,4.918707545871495e-18,0.0,0.0,0.3979041115215723,2.1714868838307567e-18,0.016289057298479074,0.2068347789049139,0.2724710886880386,0.0016613053913495848
2007-12-14,0.10473670664767804,4.830331065383136e-18,0.0,0.0,0.3991319370327693,2.1419862328897595e-18,0.016218335171877367,0.2054397191086672,0.27284403905839155,0.0016292629806164906
2007-12-17,0.1041281652865205,4.6201492151294614e-18,0.0,0.0,0.4011352515589832,2.1071933387701976e-18,0.015809151919953038,0.20232110709465576,0.27502885126473514,0.001577472875152165
2007-12-18,0.10334077266531953,4.731250960005239e-18,0.0,0.0,0.4005934268931738,2.1377442091112906e-18,0.015807418033464745,0.20277611057675488,0.2758857470070442,0.0015965248242429337
2007-12-19,0.10351366239159392,4.724934177847321e-18,0.0,0.0,0.40064477048395497,2.1360351722359884e-18,0.01568105016622229,0.20119540589953172,0.27736488262088443,0.001600228437812776
2007-12-20,0.10308480982183467,4.751171767512307e-18,0.0,0.0,0.40003895090044045,2.1684076792140924e-18,0.016003231035314768,0.20248338955974918,0.2767959098747992,0.001593708807861776
2007-12-21,0.10455724578243555,4.906546248366738e-18,0.0,0.0,0.39812142789999944,2.2235548255628437e-18,0.016359221056927126,0.2059097496966321,0.2734233619722763,0.0016289935917296284
2007-12-24,0.105330278705246,4.989295908865608e-18,0.0,0.0,0.3969495936997094,2.2395735073013613e-18,0.01648149560867992,0.2074289852715836,0.27212796535167977,0.0016816813631013014
2007-12-26,0.10685172971010475,5.027858482561805e-18,0.0,0.0,0.39605957861093444,2.255739789714153e-18,0.01660546787860844,0.2084003541665076,0.2704249499160557,0.0016579197177890596
2007-12-27,0.10689036087461987,4.896518116420565e-18,0.0,0.0,0.3974752923537721,2.1952906257158342e-18,0.016355041902999117,0.20513868909961444,0.27252075904724365,0.0016198567217507406
2007-12-28,0.10585947033779756,4.882974473991083e-18,0.0,0.0,0.3980615609695708,2.157624233142064e-18,0.01623303615957979,0.2032943212356316,0.2749705578751309,0.001581053422289274
2007-12-31,0.10578659863866562,4.814805095711233e-18,0.0,0.0,0.39911844785655354,2.134843162739481e-18,0.016013710996481696,0.20139544314669053,0.2760948942978668,0.0015909050637417917
2008-01-02,0.1078704998895446,4.699104970067919e-18,0.0,0.0,0.39888497699982123,2.097843448332167e-18,0.01563980210804136,0.19810375093141203,0.27792712616329746,0.001573843907883334
2008-01-03,0.10857305525291457,4.735757102501017e-18,0.0,0.0,0.3992296401955804,2.07221416639444e-18,0.015686316290186995,0.1977731280505596,0.2772148879585729,0.001522972252185435
2008-01-04,0.10849768739551131,4.617163756993861e-18,0.0,0.0,0.4023366010360251,2.020115806356525e-18,0.015075610338197052,0.19391990601230716,0.27870153103603706,0.0014686641819223207
2008-01-07,0.10655398177994643,4.652153550975651e-18,0.0,0.0,0.4031684253922581,2.025104010672245e-18,0.01500770948214022,0.1938035651881371,0.2799836163526057,0.001482701804912389
2008-01-08,0.10774445312727036,4.625602993399991e-18,0.0,0.0,0.4048704562342017,1.9666481278803894e-18,0.014648417425608327,0.19106720391814438,0.2802351464253486,0.0014343228694266683
2008-01-09,0.10654909962011341,4.771663743837721e-18,0.0,0.0,0.40375792833391516,1.9842753163992768e-18,0.014943191531398045,0.1928505379246899,0.280441289413051,0.001457953176832667
2008-01-10,0.10648201571389986,4.847677443446533e-18,0.0,0.0,0.4043096403593139,2.0197269172823266e-18,0.015026322248163316,0.1949096060525475,0.2777859363829202,0.001486479243155248
2008-01-11,0.10704351458875261,4.693261482470468e-18,0.0,0.0,0.40532201495409537,1.970452732366683e-18,0.01467550533505521,0.1925957271204875,0.27888219965606914,0.001481038345540161
2008-01-14,0.10791072703757741,4.741624049332061e-18,0.0,0.0,0.40374492547213375,1.9781045610572586e-18,0.014866466933571283,0.19330595321736285,0.2787034884288322,0.0014684389105225383
2008-01-15,0.10660655498619481,4.528326513394974e-18,0.0,0.0,0.4064932917468438,1.9422881113338437e-18,0.014460281728784398,0.18909968846190603,0.28190119708517286,0.0014389859910981068
2008-01-16,0.10619959286115907,4.364231447079106e-18,0.0,0.0,0.4079934433978989,1.9551453215314405e-18,0.014385172294954592,0.18852225334615516,0.2814359309501416,0.0014636071496907039
2008-01-17,0.10477743313684028,4.2351793889220656e-18,0.0,0.0,0.4111009382668972,1.906758463548487e-18,0.014178617521966086,0.18355059605233337,0.28494939829821203,0.0014430167237511708
2008-01-18,0.10560919175726786,4.349509546073206e-18,0.0,0.0,0.41218395363179217,1.895939720994414e-18,0.014217774340579352,0.1824087077680111,0.2841506634006779,0.0014297091016715778
2008-01-22,0.10470737845778129,4.218850433782263e-18,0.0,0.0,0.41467650275503243,1.8728849197467884e-18,0.013780934607128304,0.17964494306997364,0.2857336704990695,0.0014565706110146767
2008-01-23,0.10274932212951551,4.246321975782122e-18,0.0,0.0,0.4128145939097287,1.9371503089315812e-18,0.013729914909834611,0.18398714683008138,0.2851240514868773,0.0015949707339624282
2008-01-24,0.10583415917412846,4.351110941396801e-18,0.0,0.0,0.4111706028054107,1.945727642550245e-18,0.014082928957824526,0.18649684419894985,0.2808499161283671,0.0015655487353193297
2008-01-25,0.10733825082594761,4.251284310134022e-18,0.0,0.0,0.41173103455928367,1.9164588217425905e-18,0.013686146233298497,0.18235987499197756,0.28334044946264303,0.0015442439268497066
2008-01-28,0.10771956253292224,4.351674007033346e-18,0.0,0.0,0.4097723057821463,1.9548831038943345e-18,0.013776704160015009,0.18517096488135285,0.2819656912062423,0.0015947714373213643
2008-01-29,0.10880752961978732,4.337849049006706e-18,0.0,0.0,0.40883864614678583,1.963314207134399e-18,0.013825499261361814,0.1864110121183616,0.2805342094610541,0.0015831033926492386
2008-01-30,0.10834708798659577,4.299564519672794e-18,0.0,0.0,0.41045188367151136,1.947188054062583e-18,0.013873753252482884,0.18585274301072444,0.27992692833411353,0.0015476037445718756
2008-01-31,0.10798797307117222,4.349680521356096e-18,0.0,0.0,0.4091689403806447,1.9791606002104343e-18,0.013995340634363258,0.18768517939813972,0.2795968802491737,0.0015656862665065318
2008-02-01,0.10563424115243107,4.417246160836939e-18,0.0,0.0,0.40872289791839084,2.0169949899073277e-18,0.01407687568200381,0.18988030442925347,0.28006157284631256,0.0016241079716082085
2008-02-04,0.1081270548990718,4.457192242113113e-18,0.0,0.0,0.40886665124336125,2.0060716155984072e-18,0.013961771983217526,0.18860065901929265,0.2788270728657676,0.0016167899892892172
2008-02-05,0.1073774948683444,4.223106802429541e-18,0.0,0.0,0.4123212932761961,1.957381829511113e-18,0.01358311256790448,0.183806983501191,0.2813492413275971,0.001561874458766804
2008-02-06,0.10729197011109216,4.170066016376873e-18,0.0,0.0,0.41318566321197814,1.938852523184964e-18,0.013367289974502893,0.1830344264472134,0.28157830929754235,0.0015423409576709828
2008-02-07,0.10948020023196835,4.275241664799493e-18,0.0,0.0,0.41186453035207116,1.9854793289279306e-18,0.013570365379027232,0.18574258703905022,0.27775069114154227,0.0015916258563406676
2008-02-08,0.11176611910700185,4.229797449487838e-18,0.0,0.0,0.4117011417768596,1.955734511909458e-18,0.01360438182689946,0.1829332267607827,0.278467824253689,0.001527306274767324
2008-02-11,0.11206899933204449,4.2657467570259244e-18,0.0,0.0,0.4110312824196684,1.9490451073661954e-18,0.013698105129372643,0.18316023045356114,0.2785508375580428,0.0014905451073106255
2008-02-12,0.11014778994292701,4.348150528329789e-18,0.0,0.0,0.4114502262364869,1.9705941312257636e-18,0.013663173047758928,0.18543882913539023,0.2777621599951182,0.0015378216423187331
2008-02-13,0.11122549785058133,4.4529235903905834e-18,0.0,0.0,0.4103520516914051,2.018373688627911e-18,0.013984526543191005,0.18762995401908247,0.27525557027413344,0.0015523996216067065
2008-02-14,0.11415216367272336,4.422121582696385e-18,0.0,0.0,0.41055794353706665,1.9836107163151372e-18,0.013814268673862961,0.18709913412574072,0.27284387359273726,0.0015326163978690427
2008-02-15,0.11334596015627825,4.44319258281739e-18,0.0,0.0,0.4104688095165101,1.9702021513221753e-18,0.013734755155230191,0.18661756741490673,0.27429144089495233,0.0015414668621224273
2008-02-19,0.11722247170742836,4.5082451939894716e-18,0.0,0.0,0.4081435942911339,1.9975223093657396e-18,0.013730771381368289,0.18743019718278972,0.2719330251617926,0.001539940275487138
2008-02-20,0.11750567774251625,4.533433920477255e-18,0.0,0.0,0.4066574265191255,1.9931791219453984e-18,0.013755793528974262,0.18746878724172053,0.27306700025761454,0.001545314710048836
2008-02-21,0.1163194837974571,4.448941563735128e-18,0.0,0.0,0.4089219885764659,1.9459812230928722e-18,0.013560362707642605,0.18503768526787107,0.2746642097087831,0.0014962699417804585
2008-02-22,0.11790933178327263,4.508123529757628e-18,0.0,0.0,0.4077285831085877,1.945756332755489e-18,0.013608642875879621,0.18615553715018082,0.2730595049581729,0.001538400123906427
2008-02-25,0.11927119824012276,4.600805580265166e-18,0.0,0.0,0.4057924075378608,1.9873641123645544e-18,0.013703175431137435,0.18886093312046665,0.2707839272510151,0.0015883584193972062
2008-02-26,0.12119496748229043,4.6378624441659986e-18,0.0,0.0,0.4047340353532358,1.9956955142419064e-18,0.013686269281705476,0.18930956773469168,0.2694951376456683,0.0015800225024083516
2008-02-27,0.12091971845833578,4.672798985753845e-18,0.0,0.0,0.40532944697283285,1.9930655758081403e-18,0.013742226851380367,0.18894808032629204,0.2694893750983401,0.0015711522928188693
2008-02-28,0.12102255970731052,4.582375088259425e-18,0.0,0.0,0.40651322968741915,1.9458506966160133e-18,0.013570458710029475,0.18547582787584418,0.27189251905058215,0.0015254049688144798
2008-02-29,0.11880495931723835,4.391380231399005e-18,0.0,0.0,0.4100339244431081,1.901624975907224e-18,0.013184061762115774,0.1809785699593912,0.275497998826526,0.0015004856916205564
2008-03-03,0.12116425832262707,5.758930737744425e-18,0.0,0.016922847394081744,0.39907858611002717,0.0,0.0020584076271571135,0.23900011227592322,0.22177578827018374,0.0
2008-03-04,0.12138345991713673,5.6554406991285e-18,0.0,0.016653411108985435,0.3997132064041861,0.0,0.00208111664808317,0.23936746011041812,0.2208013458111904,0.0
2008-03-05,0.12401289659712439,5.772782363772836e-18,0.0,0.017093555967163866,0.39787981881663337,0.0,0.0020907791859103254,0.24081910174360993,0.21810384768955818,0.0
2008-03-06,0.12493714984993559,5.5745589498216444e-18,0.0,0.016879246877234695,0.40105845482802815,0.0,0.0020446060461009065,0.23582202236080643,0.21925852003789434,0.0
2008-03-07,0.12393480866405665,5.509056517657994e-18,0.0,0.016842998717778505,0.40328502877867595,0.0,0.0020440624820665825,0.23388546684450684,0.22000763451291552,0.0
2008-03-10,0.1255999677525654,5.383781897027577e-18,0.0,0.016715678592978594,0.40403477577777575,0.0,0.001994116691099545,0.2295829304665764,0.22207253071900432,0.0
2008-03-11,0.12704464857425302,5.722880319843834e-18,0.0,0.016669608563464285,0.39804962339592603,0.0,0.002061710993742269,0.23688161662556886,0.21929279184704553,0.0
2008-03-12,0.12739119438864777,5.571379525789624e-18,0.0,0.01671035183458504,0.39937872335611363,0.0,0.0020392900315443006,0.23276660610311842,0.22171383428599079,0.0
2008-03-13,0.1278989177698588,5.53693913320065e-18,0.0,0.01698949889206461,0.3984517583840841,0.0,0.002061117578704056,0.2339697800012444,0.22062892737404416,0.0
2008-03-14,0.12734129619041729,5.324193844314157e-18,0.0,0.017000892501492632,0.40133773544959206,0.0,0.0020170547712198357,0.22963477403583604,0.2226682470514423,0.0
2008-03-17,0.12268375217680486,5.211734356272822e-18,0.0,0.017142884238854107,0.4048328777261655,0.0,0.0019875703230018507,0.22814911547572012,0.22520380005945348,0.0
2008-03-18,0.12439141408760815,5.438144939068455e-18,0.0,0.016545749324534103,0.3987980139541825,0.0,0.00205934003920411,0.23569562348815717,0.22250985910631388,0.0
2008-03-19,0.11957998190259464,5.135872929597967e-18,0.0,0.016028331380173986,0.4041516011797778,0.0,0.002018033653851731,0.23095015194974824,0.22727189993385363,0.0
2008-03-20,0.11472026601227685,5.220259193885671e-18,0.0,0.01548285567287736,0.4048631870156294,0.0,0.0020584440475565416,0.23513287969041538,0.22774236756124447,0.0
2008-03-24,0.11735943321908446,5.4456463110485356e-18,0.0,0.015587884625996258,0.3995850988851688,0.0,0.002139548595641517,0.2409504039659047,0.2243776307082042,0.0
2008-03-25,0.11804369899206592,5.505948908841529e-18,0.0,0.01597528997994028,0.39930207015472424,0.0,0.0021424805243452135,0.24016658628928653,0.22436987405963782,0.0
2008-03-26,0.12156255142086639,5.460489299622793e-18,0.0,0.01615729253943617,0.3995506928915997,0.0,0.0021359595521849026,0.23719364467983214,0.22339985891608075,0.0
2008-03-27,0.12310273582783399,5.442845328988171e-18,0.0,0.016124644416842672,0.3996676907414461,0.0,0.0020920151354862173,0.2368265568350756,0.22218635704331552,0.0
2008-03-28,0.12039230037347227,5.442490036536522e-18,0.0,0.015879491078317202,0.40194084335607533,0.0,0.0020850887910152257,0.2349674150099559,0.22473486139116405,0.0
2008-03-31,0.11759680544328013,5.479114379570913e-18,0.0,0.015638100722122916,0.4029695010492496,0.0,0.0020978158436581887,0.23598051260766512,0.22571726433402398,0.0
2008-04-01,0.11694887424254752,5.689968597613275e-18,0.0,0.015025292553643686,0.39947874900467056,0.0,0.002187723081129624,0.24429748051692687,0.22206188060108178,0.0
2008-04-02,0.12004888057676778,5.675838301326748e-18,0.0,0.01539279914371438,0.3968825722651067,0.0,0.002175943221766399,0.24367659658988075,0.22182320820276394,0.0
2008-04-03,0.12048901365776811,5.734689499667172e-18,0.0,0.015391157478967982,0.39617454695584664,0.0,0.002176836772533421,0.2438468536224341,0.22192159151244967,0.0
2008-04-04,0.12064100748913681,5.67867831443677e-18,0.0,0.015444584947969475,0.39690435384900286,0.0,0.002177121729975422,0.24217767795376227,0.22265525403015324,0.0
2008-04-07,0.12221215152257492,5.766860104935133e-18,0.0,0.015636580729946538,0.3951595949587355,0.0,0.002177184614360881,0.2428381026741839,0.22197638550019835,0.0
2008-04-08,0.12278049196227543,5.739033724693716e-18,0.0,0.015505966616461411,0.3954588203361651,0.0,0.0021619314875128658,0.24274684051319007,0.22134594908439525,0.0
2008-04-09,0.12418125821105996,5.620016826575339e-18,0.0,0.01575589874708519,0.3957367326545081,0.0,0.0021264459309730693,0.2397273420767337,0.22247232237964,0.0
2008-04-10,0.12395046927271999,5.7152989276999794e-18,0.0,0.015707784279009283,0.39519259213161767,0.0,0.0021623537667829003,0.24068569919851485,0.22230110135135522,0.0
2008-04-11,0.12372233187625392,5.633925719086659e-18,0.0,0.015660226941720288,0.39773033020067583,0.0,0.0021069518796532384,0.23651092452551786,0.22426923457617887,0.0
2008-04-14,0.12485852602573781,5.633604853347598e-18,0.0,0.015663837600496052,0.39764331892720706,0.0,0.0021022922832716726,0.23625899059664096,0.22347303456664652,0.0
2008-04-15,0.12666795731707428,5.713478238692882e-18,0.0,0.015796595319369076,0.39680574145635805,0.0,0.00211025829884324,0.23738409497327215,0.2212353526350833,0.0
2008-04-16,0.12748057234061655,5.864105838329336e-18,0.0,0.016023857152529956,0.39289451379662577,0.0,0.002162287898905597,0.24305425170564685,0.21838451710567533,0.0
2008-04-17,0.12710314517502808,5.831234222395318e-18,0.0,0.015928239365865716,0.39262458112023046,0.0,0.0021610984074244954,0.2438128846820284,0.2183700512494229,0.0
2008-04-18,0.12694498197185672,5.908853094065729e-18,0.0,0.01556697673173838,0.3915400535895192,0.0,0.0022259205758589657,0.24592377966929066,0.21779828746173613,0.0
2008-04-21,0.12696196199445436,5.931983837392553e-18,0.0,0.015485576201507192,0.39113311177650345,0.0,0.0022390660152950136,0.2457648699726091,0.21841541403963088,0.0
2008-04-22,0.127651821767957,5.872704693759052e-18,0.0,0.015477748539343994,0.39115475594531557,0.0,0.002204143832436865,0.24450506591197954,0.21900646400296706,0.0
2008-04-23,0.12681012854767218,5.9743300698003795e-18,0.0,0.01534176665782795,0.3918865989596916,0.0,0.0022348184377688532,0.24481806684690768,0.21890862055013174,0.0
2008-04-24,0.125477094531274,5.935153881153246e-18,0.0,0.015093047858022882,0.3912857192854043,0.0,0.002269164743867713,0.24744524857901146,0.21842972500241964,0.0
2008-04-25,0.1274241218324591,5.962177277691428e-18,0.0,0.015059707290265631,0.38966961307888426,0.0,0.0022571108336255073,0.24904066269142633,0.21654878427333923,0.0
2008-04-28,0.12749113717350724,5.9401544288174074e-18,0.0,0.015105150619328326,0.38967617991255465,0.0,0.0022573787054171036,0.24864916299108636,0.21682099059810628,0.0
2008-04-29,0.12476757016275994,5.851590134886082e-18,0.0,0.014823367064476298,0.39148937381098187,0.0,0.00228105338043373,0.24837445644071404,0.21826417914063412,0.0
2008-04-30,0.12438546653183591,5.964822551596582e-18,0.0,0.0149501759172732,0.3922428434833249,0.0,0.002259598715556906,0.246608192992126,0.219553722359883,0.0
2008-05-01,0.09715744154452423,0.10052308017253675,0.10006864111266077,0.09641169786737909,0.09945388855167259,0.10117856456194028,0.10260434925778376,0.10152261533633906,0.09947157369315461,0.10160814790200881
2008-05-02,0.0993693334768796,0.10122825321677693,0.10008920478746039,0.09684227205378222,0.09839757188212243,0.10081030561771635,0.10249070084936064,0.10154449226617764,0.0979675778066406,0.10126028804308308
2008-05-05,0.10115378855399698,0.10087273035424531,0.09998068880470348,0.09850275116416703,0.09826878709363082,0.10014216499591867,0.10191248734839409,0.10077570193872978,0.09769529980031241,0.10069559994590145
2008-05-06,0.10191169900552162,0.10142966745880623,0.10016205904529317,0.09836137219381699,0.09741005073345578,0.10039583570000787,0.10196847400747855,0.10108104529933704,0.09644983151926201,0.10082996503702074
2008-05-07,0.10342712176974456,0.09969665351899709,0.09969579078302415,0.0987147780040288,0.09907519352456091,0.09989279223810188,0.10142177221805929,0.10057779988254974,0.09812892934932153,0.09936916871161217
2008-05-08,0.1043950034888418,0.10003876555136709,0.09988049615939264,0.09966659530303862,0.099037071288201,0.09942235621898252,0.10148781808375858,0.09963692517154735,0.09833739626098957,0.09809757247388085
2008-05-09,0.10609034251346022,0.09929433927497024,0.09915612837166382,0.0999449797588573,0.09922068773082314,0.0992034116460149,0.1011630361672549,0.09952321734675473,0.09877210399486817,0.09763175319533253
2008-05-12,0.10354831790145493,0.09985745703540305,0.09943874743705154,0.09874777372473638,0.09835073286289561,0.1006624188347321,0.10227876823937604,0.09992700936815477,0.09792290515699809,0.09926586943919748
2008-05-13,0.10429955703591867,0.10050779737514191,0.09927341845882734,0.09709977447025239,0.09770113735675506,0.10141678083154182,0.10272767789992406,0.10011464958452712,0.09702021334150107,0.09983899364561058
2008-05-14,0.10273193297633536,0.10086841187786649,0.09939040144824518,0.09699788343408951,0.09778302551832105,0.10141194273171801,0.10261880752170253,0.10043959136093954,0.09717705668020572,0.10058094645057665
2008-05-15,0.10257275623203141,0.10169591089783254,0.09978857983150245,0.09777970780119637,0.09706852246092598,0.10031884240966073,0.10307978399719282,0.10039398133840943,0.09680489186677789,0.10049702316447054
2008-05-16,0.10345653972355265,0.10239157280224367,0.1002808748461581,0.09955735819460035,0.09634047535301052,0.10027765905857476,0.10256214217523485,0.0999010153428491,0.09584510258132445,0.09938725992245155
2008-05-19,0.10359375195864794,0.10239567154932436,0.09985680394509176,0.0998660162086264,0.09654354769251994,0.10028936068635329,0.10180817178924863,0.10015871059405568,0.09595554852774577,0.09953241704838636
2008-05-20,0.10524226171207683,0.10083014516716246,0.09914393616184636,0.10176500366061388,0.09703971576239936,0.10013184493478473,0.10123988206956508,0.09955392995902673,0.09665774427543831,0.09839553629708625
2008-05-21,0.10894550806314078,0.10038930160063489,0.09859187857514118,0.10355454957546384,0.0973775003791015,0.09928331430020045,0.0995798772475426,0.09844313139271925,0.09724485527204182,0.09659008359401365
2008-05-22,0.10767399335537611,0.10096124369992221,0.10001389308908815,0.10273504740706142,0.09700900511149545,0.10027116564233257,0.10020830617280913,0.09873023891685677,0.0963648669275451,0.0960322396775131
2008-05-23,0.1084185794224638,0.09969485118753098,0.09937141546539811,0.10353128913633067,0.09792437092769117,0.0994492497229902,0.10039581718038763,0.09789276330246637,0.09726960477021504,0.09605205888452611
2008-05-27,0.10668205968531727,0.0995343243330082,0.09917727436809806,0.10140957072260079,0.09744911773359811,0.10097841684978995,0.10216671836378273,0.09861866449259196,0.09661276793507126,0.09737108551614172
2008-05-28,0.10717745628167613,0.10070743879604309,0.09899925468248931,0.10099157178193363,0.09655809189227357,0.101277878630545,0.10241259209502604,0.09890893882697296,0.09559500702221237,0.09737176999082776
2008-05-29,0.10462428180130419,0.10128802729680818,0.09913114750648508,0.098361173801855,0.09644771374447893,0.10267366430099491,0.10369575561341013,0.09976021497301402,0.09524530189567601,0.0987727190659735
2008-05-30,0.10485980562855102,0.10118784108123145,0.09924912392846956,0.09899022165647735,0.09634116587854927,0.10257675446017742,0.10390200159526555,0.09956736800807002,0.09544792708588709,0.09787779067732123
2008-06-02,0.10670386021735698,0.10040519608474394,0.09862778661640345,0.09998697471357312,0.09732196127438139,0.1020708669607482,0.10306703334688344,0.09895378894292117,0.09621976215396404,0.0966427696890243
2008-06-03,0.10473718494723244,0.0991144943153612,0.09894161585138242,0.09928280518367802,0.09835210639705472,0.10240381373376987,0.10304704844403778,0.09889825912659495,0.09742608531696374,0.09779658668392481
2008-06-04,0.10338557811573183,0.09845478273032432,0.09857165528823297,0.09922608327504527,0.09819826556214806,0.10325625160857928,0.10458566197052985,0.09905387193149139,0.09675941284863082,0.0985084366692862
2008-06-05,0.10562929543443467,0.09999656450559694,0.09863858241347478,0.09744687842041751,0.09615346272336628,0.10423849312204136,0.10458239970402537,0.09945254169806733,0.09467367723455118,0.09918810474402474
2008-06-06,0.10968590557049038,0.09757711898910709,0.0970005254070879,0.10164247013086002,0.09820264973138616,0.1023822859981464,0.1027044237123254,0.097482921572656,0.09709682169687593,0.09622487719106465
2008-06-09,0.11122204345161973,0.09769219404244867,0.09723289862420664,0.10079744053573679,0.09786449013096843,0.10243211272199013,0.10254237701497519,0.09808499169020964,0.09746051001774544,0.09467094177009937
2008-06-10,0.1119003699576191,0.09640606815976793,0.0965522636834644,0.09899598054100917,0.09826808063835389,0.10271237733127953,0.10309363089965488,0.09858635844230401,0.09780874088703959,0.09567612945950753
2008-06-11,0.11650693210530393,0.09535853075918682,0.09571875151278196,0.10111591264565217,0.09877913463497727,0.10134878827766765,0.10102722908220906,0.09753999835490769,0.09798688117700512,0.09461784145030838
2008-06-12,0.11667130194743977,0.0960717966544535,0.09554306101224996,0.0996289152224607,0.09807576281124301,0.10172671383304818,0.1012995828385005,0.09807187163384093,0.09716561579325823,0.09574537825350528
2008-06-13,0.11504031756888865,0.09636757910821245,0.09568373681096444,0.09913270810869093,0.09709979246168468,0.10277101005356507,0.10253888393461832,0.0985524760924749,0.09621693636955563,0.09659655949134495
2008-06-16,0.1143627150049244,0.09621384029778035,0.09569351509511967,0.09999539767222525,0.0966277173485406,0.10290109200818749,0.10293550693466383,0.09811958743302393,0.09575952882757519,0.09739109937795927
2008-06-17,0.11565909488508012,0.09673931931756083,0.09609981977090629,0.10039378442861646,0.09707233536882641,0.10294304859406428,0.10251223288109282,0.097763590746934,0.09607076230565839,0.0947460117012604
2008-06-18,0.11740401633133943,0.0964080477722649,0.09544709884846223,0.1017242994221832,0.09774104023631168,0.10226529412844186,0.10155918150708744,0.096950191086294,0.09701830438039084,0.09348252628722437
2008-06-19,0.11455394961297148,0.09646313293288349,0.09516933926057061,0.1017857414395985,0.09708211186201877,0.10301727422673897,0.10304421759825745,0.09697781674149408,0.09635133590186636,0.0955550804236004
2008-06-20,0.1166207560967829,0.09434796106552949,0.09412176749126787,0.10353030326561656,0.0986131789970854,0.10250595778608493,0.10137257939401179,0.09646067667842136,0.09798605405951417,0.09444076516568559
2008-06-23,0.11804754801934592,0.09510848890081387,0.09459126606904572,0.10188544482882486,0.09907326794550315,0.10206637895769032,0.10109763141578643,0.09685976236751453,0.09869708912437987,0.09257312237109541
2008-06-24,0.11825541451682345,0.09483209808587242,0.0943078191320148,0.10248698248156414,0.09975251035277923,0.10053084340634176,0.10073626178994195,0.09681647346499203,0.09950760751337376,0.09277398925629636
2008-06-25,0.11696122500289195,0.09604197987293621,0.09463593838979201,0.10169875789024917,0.09903052959657456,0.10094417715844009,0.10164252819176803,0.09658110407630975,0.09884230607320746,0.09362145374783062
2008-06-26,0.12197904801209346,0.09361990367140002,0.09310626430114581,0.10640222003139818,0.10052576226092418,0.09927235166448221,0.09845842732341546,0.0948425489160251,0.10044432460525772,0.09134914921385782
2008-06-27,0.1219324363925164,0.09424031878084292,0.09307111748961562,0.10708843786757793,0.100715401196772,0.09907264522317705,0.09816173750341571,0.09404053104341933,0.1013159877127208,0.09036138678994231
2008-06-30,0.12005749266739728,0.0951849989750423,0.09385796881064905,0.10726688035221903,0.10102933254353598,0.09834526356288785,0.09736590586747154,0.09460205236210535,0.10158457076910314,0.09070553408958856
2008-07-01,0.12192654545589794,0.09329726885744254,0.09265732872509289,0.10852400310255543,0.1005498680221064,0.09821590739838389,0.09854421203498004,0.09470435127072849,0.101137344225717,0.09044317090709532
2008-07-02,0.1252978522275248,0.09139886064677397,0.09195003945469536,0.11003776869169253,0.10163777686670866,0.09623108411572523,0.09698573025098005,0.09386314528693071,0.1025199951125547,0.0900777473464141
2008-07-03,0.12558782881232072,0.09138795881595911,0.09279558593115395,0.10902540364626592,0.10195169947408586,0.0959760601043674,0.09707805675430892,0.09421785957359295,0.10257879820795208,0.08940074867999323
2008-07-07,0.1246889731818252,0.09165453737085826,0.0925938561798608,0.1087450107016052,0.10309430154193736,0.09538050808687126,0.09830041572852388,0.09386204165533564,0.10371677100128558,0.0879635845518968
2008-07-08,0.11879007085820946,0.09171564419650562,0.09201189806242725,0.10706146633283045,0.10216599188256269,0.09770231708466737,0.09948842051031762,0.09443282272090582,0.10319203639899266,0.09343933195258099
2008-07-09,0.12050226619848144,0.09122100461257202,0.09218968067096399,0.10944399341449078,0.10420219477338813,0.0965262384696108,0.09831083834390326,0.09401333679754025,0.10521195023297276,0.08837849648607662
2008-07-10,0.12226744650397782,0.09173641015810358,0.09184657091872452,0.110503964477477,0.10296263349827028,0.0962812443540409,0.09825868501499234,0.09324312177121172,0.10391412427203663,0.08898579903116521
2008-07-11,0.12439424636390993,0.09143549807218486,0.09071269869289465,0.1128164904320458,0.10235105164495382,0.0971466989766432,0.09702883777377216,0.0924736332928898,0.10278814829194484,0.08885269645876101
2008-07-14,0.12496839158566474,0.09170372786395416,0.09089761734425367,0.1141807269375715,0.10332777478099174,0.09594294535466508,0.0967126345518571,0.09202016806191235,0.10412485987041091,0.08612115364871871
2008-07-15,0.12207465855162566,0.09097676737095674,0.09023792390370038,0.11550929959823548,0.10462479261171503,0.09638720236310959,0.09759554450534291,0.09153049412031845,0.10501773647248248,0.0860455805025132
2008-07-16,0.11878511945472622,0.09249519170117726,0.09081404134607532,0.11208797940947514,0.10244211783593903,0.09874439039162167,0.09883759334738534,0.09266665865254091,0.101898116452571,0.09122879140848808
2008-07-17,0.11592614528057187,0.09287475890331201,0.09214364604185746,0.11176298093966328,0.10189457831635465,0.09883246400084317,0.0994347172234049,0.09354017744017122,0.10131536864093774,0.09227516321288369
2008-07-18,0.11438581008926195,0.09242751521623499,0.09309399335163854,0.11213287220539325,0.10193536803262544,0.09990842302203114,0.0975203517622524,0.0944846001911077,0.1013238112972555,0.09278725483219909
2008-07-21,0.11494430576301459,0.09290330858943725,0.09296451649521936,0.11245323676943739,0.1014377710089579,0.10040288984711533,0.09723476432821666,0.09386028651259658,0.10098775516744637,0.09281116551855866
2008-07-22,0.11235966914753023,0.0928995118304093,0.09322066704560468,0.109946463297746,0.10102406793954052,0.10285626376130845,0.09717167448672794,0.09486350163365133,0.10042200177086182,0.0952361790866197
2008-07-23,0.10984663388954602,0.09305402713333642,0.09358516253490087,0.10702808057701423,0.10088377598063836,0.10354092785182951,0.09847355012106289,0.0953978865368352,0.10024383715884853,0.0979461182159878
2008-07-24,0.11158828609081314,0.09096868835303472,0.09326657242073606,0.10955659895768559,0.10329089846051939,0.10244569778220745,0.0984629169624967,0.09482928274715628,0.1027513816653609,0.09283967655998976
2008-07-25,0.10998856217694399,0.0914243203512193,0.09329074923662181,0.10978670201509662,0.1025019825926618,0.10308915470287992,0.09955787423961174,0.09463271028809925,0.10153784174176093,0.09419010265510475
2008-07-28,0.11136458300559575,0.09055280058418784,0.09241684429475486,0.11065829215257904,0.10386274423558879,0.10209885403453167,0.09842113476139346,0.09394430784035915,0.10333207462361421,0.09334836446739518
2008-07-29,0.10863515131457625,0.09430143435895988,0.09209089676198212,0.10783210237194703,0.1021917516357958,0.10320825108058367,0.09912585397930711,0.09467628768732331,0.10154587715187248,0.0963923936576524
2008-07-30,0.11039322091692536,0.09299115912352111,0.09262307395879034,0.10618317562762357,0.10202973010986228,0.10346608382598084,0.09927775468211937,0.09602383925147859,0.1012885482821625,0.09572341422153609
2008-07-31,0.10997283179842429,0.09132317174568813,0.09213096342956822,0.107336306549891,0.10331518664847225,0.10351856394672933,0.09949133042021045,0.0951873633500393,0.10276095124760726,0.09496333086336983
2008-08-01,0.10930642449163218,0.09116947048882687,0.0912232615653365,0.10727677720306776,0.10389778766573025,0.1041815678481688,0.09872644235766934,0.09517082185995278,0.10351716900184638,0.09553027751776914
2008-08-04,0.10714321775772899,0.08958928170994962,0.09159669606231138,0.10701071328938733,0.10524986385394094,0.10463312897617641,0.09907583093573016,0.09558033467699714,0.10469496494343283,0.09542596779434522
2008-08-05,0.105246622269926,0.08976400757811152,0.09290248677234957,0.10338227104461359,0.10358227305627042,0.10527459029659389,0.10131588336363408,0.09709849546907158,0.10279450751024378,0.09863886263918563
2008-08-06,0.10380987750953154,0.09127692848089292,0.09265214974878438,0.1037431947967675,0.10330734019920661,0.10548437012971892,0.10255197116747716,0.0972375615835292,0.10206840173001458,0.0978682046540771
2008-08-07,0.10531543957398098,0.08892898613999832,0.09160737232818875,0.10400414452932862,0.10520453404369003,0.10483602048018507,0.10266796088634497,0.09664396986131528,0.10465553526575552,0.0961360368912125
2008-08-08,0.1017959498882904,0.08865224751173133,0.09147816704028902,0.10143426865545965,0.10457491147778847,0.10700714487780397,0.10441676023749569,0.09789499818655627,0.10436001243022842,0.09838553969435679
2008-08-11,0.10157329373271307,0.08762872174705759,0.09129279531501035,0.09736146224469605,0.10395065378004126,0.1094465258410006,0.10524863820314859,0.09879919587926582,0.10324706456415392,0.10145164869291276
2008-08-12,0.10123462241512461,0.0873620336363211,0.09112067210051436,0.09714626658275548,0.10523155922875285,0.10920894170351365,0.10592235863735042,0.09829416437802059,0.10476759135281967,0.09971178996482737
2008-08-13,0.10454843889138964,0.08727674168029143,0.0896221172176261,0.09832927211620444,0.10492920507881975,0.10952584000851909,0.10562366243474024,0.09763022525127636,0.10432684210390106,0.09818765521723184
2008-08-14,0.10334974694264158,0.08817499498144088,0.0890214436782204,0.09539736524101441,0.10495549698084533,0.11027397545875231,0.10654283084541619,0.09809167177757806,0.10470479882008835,0.09948767527400246
2008-08-15,0.10238876956935897,0.08716993775543821,0.08881482647810555,0.09373208051068645,0.10580054661066708,0.11045548861034261,0.10680279192404328,0.09899391940196306,0.10606854183903275,0.099773097300362
2008-08-18,0.10344830268411291,0.08609770078028531,0.08877701383707316,0.09558854154963149,0.10655692512751437,0.10953730258441717,0.10605322081828261,0.09809563752296227,0.10698710153264876,0.09885825356307203
2008-08-19,0.10562009859038525,0.08583883671717088,0.08824559372707841,0.09809007917183335,0.10697336806654753,0.10829865380095917,0.10530153607769929,0.09754733735413705,0.10714746452727834,0.09693703196691072
2008-08-20,0.10596482756482538,0.08761919443835839,0.08836162320334473,0.09718842926648932,0.10679073372934786,0.10794701293860476,0.10499421306179317,0.09754850929842736,0.10695112096117272,0.0966343355376362
2008-08-21,0.11009616255956123,0.08715872406359763,0.08838049584224447,0.09953092027887649,0.10616175812273458,0.10630244964556497,0.10410953042665216,0.09734819283561143,0.10635376556929717,0.09455800065585987
2008-08-22,0.10604811937190511,0.08683302181067265,0.08852326499395784,0.09776205609705828,0.1055352843274312,0.10821684861169965,0.10517103846549,0.0984618663905619,0.10596719429742488,0.09748130563379846
2008-08-25,0.10669626905746675,0.08605032289989467,0.0881694454064035,0.09874181651723891,0.10749950976379599,0.10709629938136248,0.10418106483183298,0.09761184789598702,0.10829879554030099,0.09565462870571675
2008-08-26,0.10647658320042071,0.08598098796236749,0.08838129411747776,0.09885213528123862,0.10725805753615872,0.1069830151645261,0.10377809573023242,0.09764363546717532,0.10811139629846678,0.0965347992419359
2008-08-27,0.10662129630019128,0.08711416179837551,0.08850684414963948,0.09822168300859134,0.10655827534005179,0.10739551445984094,0.10361670753575786,0.09780873410901572,0.10743261645677997,0.09672416684175628
2008-08-28,0.10378215825363678,0.08709651026933886,0.08900833622458999,0.09850627968963538,0.10564723194467343,0.10879297682654408,0.10371658190118561,0.09829110890421516,0.10668016831493117,0.0984786476712495
2008-08-29,0.10420131483319617,0.08673302099814086,0.08943188111018135,0.09870306928489131,0.10633633735242633,0.10869560680770227,0.10232511938280281,0.0979888017549782,0.10702909442178343,0.09855575405389717
2008-09-02,0.06455631510881522,0.0,0.0,0.04118897558997253,0.40232705211630876,0.020410763929950775,0.0,0.24969444727423326,0.22067644806939435,0.0011459979113251945
2008-09-03,0.0641056514618568,0.0,0.0,0.04097530137839501,0.4027995564807674,0.020467477823634977,0.0,0.24916091739245896,0.2213284923101958,0.0011626031526910715
2008-09-04,0.06354710455968342,0.0,0.0,0.04094303233391102,0.40707949512916336,0.0199350741779535,0.0,0.2430094012740182,0.22434961503308784,0.0011362774921825887
2008-09-05,0.06295227089608041,0.0,0.0,0.04127725953386235,0.40643401415322444,0.01989766640853012,0.0,0.24392764992398538,0.22437395867750404,0.0011371804068131843
2008-09-08,0.062430214808118334,0.0,0.0,0.04096457365063941,0.40401373904355226,0.020008879221101224,0.0,0.2474561743877292,0.22394726512125163,0.0011791537676079033
2008-09-09,0.060593608105106805,0.0,0.0,0.04002575770512845,0.4088391371904369,0.019691672524893636,0.0,0.24187620893917391,0.22783018603267718,0.001143429502583118
2008-09-10,0.060826885683395525,0.0,0.0,0.038930697804685534,0.4087741458819201,0.019922695092409095,0.0,0.24343799111912026,0.22695937508479577,0.001148209333673577
2008-09-11,0.06021049141299196,0.0,0.0,0.03826726309996836,0.4073523428506791,0.020013890885890003,0.0,0.24653834139895067,0.22645394769661353,0.0011637226549062042
2008-09-12,0.0607401325558058,0.0,0.0,0.03964103238648665,0.4061404363208071,0.020146577473011552,0.0,0.24818079158209064,0.22398866790083055,0.0011623617809676488
2008-09-15,0.058294416415520446,0.0,0.0,0.04065726372624405,0.41354440019850625,0.019224949203315227,0.0,0.23614798499474102,0.23103671696279052,0.0010942684988822942
2008-09-16,0.057009403815127396,0.0,0.0,0.04018338374754012,0.41164798128203334,0.019744814111177095,0.0,0.23968157833670725,0.2305866047227575,0.0011462339846572659
2008-09-17,0.05875918624849977,0.0,0.0,0.0447482275897715,0.41561298639969524,0.01886668203849147,0.0,0.22904768046968987,0.2318842790815584,0.0010809581722937692
2008-09-18,0.0589571829438514,0.0,0.0,0.04342314590432536,0.4113707125929622,0.020010983767605527,0.0,0.23621232283723922,0.22885103117469216,0.0011746207793241921
2008-09-19,0.06094548420981353,0.0,0.0,0.04512146242996094,0.4043070868268073,0.020917032588793304,0.0,0.24576000621439836,0.22173848355581036,0.0012104441744160714
2008-09-22,0.06328185334736476,0.0,0.0,0.046970534794141566,0.4049091952831433,0.02013917454564154,0.0,0.24106729300122112,0.22251920768907174,0.0011127413394160528
2008-09-23,0.06314424355185845,0.0,0.0,0.04687729549663191,0.40804033270371926,0.020024130119492233,0.0,0.23740440781380076,0.2233807070236548,0.0011288832908426772
2008-09-24,0.06255235401734706,0.0,0.0,0.045969548938266026,0.4086217139313743,0.01974687371287223,0.0,0.23789006010445465,0.22409965055517905,0.0011197987405065694
2008-09-25,0.06344711556841573,0.0,0.0,0.04569007171861687,0.4061262414564677,0.019787175295463085,0.0,0.24086375235014987,0.2229554295499434,0.0011302140609435582
2008-09-26,0.0626389795352747,0.0,0.0,0.045747425162369806,0.4054707343728139,0.019861364285252016,0.0,0.24075679197708033,0.2243606115343384,0.0011640931328708091
2008-09-29,0.05938812965130859,0.0,0.0,0.04780486614496749,0.41556237119025813,0.018489640522779183,0.0,0.22428519106585257,0.23338105975509382,0.0010887416697401948
2008-09-30,0.061150341453401875,0.0,0.0,0.04548127460022243,0.4107825224893967,0.01936140244630887,0.0,0.23397017894658612,0.22808521504601922,0.0011690650180648516
2008-10-01,0.05529465631530058,0.0,0.0,0.049259036204298605,0.4011317972970066,0.06577355704312872,0.0,0.18408658739827166,0.2444543657419939,0.0
2008-10-02,0.05281776283509021,0.0,0.0,0.0476973270984684,0.407858528235355,0.06309056236978398,0.0,0.17937931925934086,0.24915650020196156,0.0
2008-10-03,0.051617727817017484,0.0,0.0,0.04787855787312265,0.40966496868735236,0.062257133813730714,0.0,0.17707092439259328,0.25151068741618343,0.0
2008-10-06,0.04968412149405891,0.0,0.0,0.04911889749283986,0.41518657670583337,0.05961450402082261,0.0,0.16894856529048038,0.25744733499596495,0.0
2008-10-07,0.050815384065024824,0.0,0.0,0.051386880878889034,0.419151991459451,0.0562768138851146,0.0,0.1630490321340754,0.25931989757744517,0.0
2008-10-08,0.05220802825280469,0.0,0.0,0.05332125966732837,0.41904900422413677,0.05562261815811525,0.0,0.16095906350714703,0.25884002619046775,0.0
2008-10-09,0.05101583898242896,0.0,0.0,0.05494488221636676,0.42518988478969305,0.05233096086950167,0.0,0.15345308140706906,0.26306535173494044,0.0
2008-10-10,0.04946152712211435,0.0,0.0,0.05160157063837304,0.4263141210268991,0.055704318859001914,0.0,0.1519074918539701,0.26501097049964156,0.0
2008-10-13,0.05105859705444647,0.0,0.0,0.04971831305267407,0.4140645093933721,0.05918150145270671,0.0,0.1701296001215006,0.2558474789253002,0.0
2008-10-14,0.05055568794978896,0.0,0.0,0.050277370646310486,0.41568433050464204,0.05801786385535924,0.0,0.16906329311877896,0.2564014539251204,0.0
2008-10-15,0.04912051016031065,0.0,0.0,0.051869974282056974,0.42660406699234105,0.05375805217350661,0.0,0.15515239316647364,0.263495003225311,0.0
2008-10-16,0.04794101545882299,0.0,0.0,0.04910717473895325,0.42445556740598883,0.05697570901182205,0.0,0.16076472446895712,0.2607558089154558,0.0
2008-10-17,0.04860084700220142,0.0,0.0,0.04793546355603654,0.4281671776996416,0.05550881515260636,0.0,0.16019408260676973,0.25959361398274433,0.0
2008-10-20,0.048770515673572226,0.0,0.0,0.04794229152662185,0.42162185851555806,0.057209091122348364,0.0,0.16705157004054008,0.25740467312135945,0.0
2008-10-21,0.04721469299968673,0.0,0.0,0.04662056159193625,0.42778980065465166,0.055853322174951835,0.0,0.16271611403988476,0.25980550853888873,0.0
2008-10-22,0.045344044698448265,0.0,0.0,0.04432749192532507,0.43454796327330203,0.05345726783750049,0.0,0.1551007056064919,0.26722252665893215,0.0
2008-10-23,0.04541989190039197,0.0,0.0,0.04357211830450755,0.4341322741341303,0.0517501906016173,0.0,0.15653773799649945,0.2685877870628534,0.0
2008-10-24,0.04428628362749972,0.0,0.0,0.04523125341567625,0.4390602951442637,0.05060752817318321,0.0,0.15092483145361624,0.2698898081857608,0.0
2008-10-27,0.044322497649572225,0.0,0.0,0.045587818571256336,0.4424581715078718,0.04852873689961659,0.0,0.1467753453131477,0.27232743005853544,0.0
2008-10-28,0.04483242027098549,0.0,0.0,0.045882743858582195,0.43209328213626,0.05160047605241087,0.0,0.1613875197312285,0.2642035579505329,0.0
2008-10-29,0.04742335362633627,0.0,0.0,0.04595918113392209,0.4322182792539285,0.05180569708841303,0.0,0.1600285611332294,0.2625649277641707,0.0
2008-10-30,0.04546810052341858,0.0,0.0,0.04515834306683817,0.4289098888062951,0.05471023167147789,0.0,0.16556579853088635,0.26018763740108386,0.0
2008-10-31,0.046031102832180405,0.0,0.0,0.0443614363374947,0.42855446464559904,0.05724781577938965,0.0,0.16667979887977696,0.2571253815255593,0.0
2008-11-03,0.0,0.0,0.0,0.1991184880155379,0.40021976601316983,0.0,0.0,0.0,0.40066174597129217,0.0
2008-11-04,0.0,0.0,0.0,0.2063141801489002,0.39529576094120245,0.0,0.0,0.0,0.39839005890989737,0.0
2008-11-05,0.0,0.0,0.0,0.1990899025205853,0.3975913689907406,0.0,0.0,0.0,0.40331872848867406,0.0
2008-11-06,0.0,0.0,0.0,0.19863623008464193,0.398660814341638,0.0,0.0,0.0,0.40270295557372005,0.0
2008-11-07,0.0,0.0,0.0,0.20006569071880165,0.3985399846402311,0.0,0.0,0.0,0.40139432464096714,0.0
2008-11-10,0.0,0.0,0.0,0.2019666810670976,0.3968242983596407,0.0,0.0,0.0,0.40120902057326163,0.0
2008-11-11,0.0,0.0,0.0,0.1980716195530419,0.39891340142096826,0.0,0.0,0.0,0.4030149790259899,0.0
2008-11-12,0.0,0.0,0.0,0.1925484752724017,0.4016117414018181,0.0,0.0,0.0,0.40583978332578025,0.0
2008-11-13,0.0,0.0,0.0,0.19980511346247873,0.4013958063611464,0.0,0.0,0.0,0.3987990801763748,0.0
2008-11-14,0.0,0.0,0.0,0.19997792139128615,0.3993517449231796,0.0,0.0,0.0,0.40067033368553423,0.0
2008-11-17,0.0,0.0,0.0,0.19787127759685305,0.4003666086232368,0.0,0.0,0.0,0.40176211377991006,0.0
2008-11-18,0.0,0.0,0.0,0.19594306387649083,0.40031284521283,0.0,0.0,0.0,0.4037440909106792,0.0
2008-11-19,0.0,0.0,0.0,0.19257517405887428,0.39904843515609517,0.0,0.0,0.0,0.4083763907850305,0.0
2008-11-20,0.0,0.0,0.0,0.1896214210230385,0.39434336721029467,0.0,0.0,0.0,0.41603521176666697,0.0
2008-11-21,0.0,0.0,0.0,0.20268909904196875,0.38905003033179814,0.0,0.0,0.0,0.408260870626233,0.0
2008-11-24,0.0,0.0,0.0,0.20897394961801397,0.3872398340051885,0.0,0.0,0.0,0.40378621637679746,0.0
2008-11-25,0.0,0.0,0.0,0.20509220299727626,0.3867635665932098,0.0,0.0,0.0,0.4081442304095138,0.0
2008-11-26,0.0,0.0,0.0,0.20351169311811876,0.38847356479291434,0.0,0.0,0.0,0.40801474208896676,0.0
2008-11-28,0.0,0.0,0.0,0.2021927229220066,0.3870717538679114,0.0,0.0,0.0,0.41073552321008217,0.0
2008-12-01,0.0,0.0,0.0,0.18871733945993766,0.3887207178568636,0.0,0.0,0.0,0.4225619426831988,0.0
2008-12-02,0.0,0.0,0.0,0.19064399221789796,0.38808038620613,0.0,0.0,0.0,0.42127562157597204,0.0
2008-12-03,0.0,0.0,0.0,0.18875735063915863,0.38873101964379464,0.0,0.0,0.0,0.4225116297170467,0.0
2008-12-04,0.0,0.0,0.0,0.1853908875130817,0.3876454019487165,0.0,0.0,0.0,0.42696371053820176,0.0
2008-12-05,0.0,0.0,0.0,0.1854735619089302,0.38876842547959545,0.0,0.0,0.0,0.42575801261147445,0.0
2008-12-08,0.0,0.0,0.0,0.18931583846139363,0.38661080221016375,0.0,0.0,0.0,0.42407335932844253,0.0
2008-12-09,0.0,0.0,0.0,0.18739023692177167,0.3852776476840121,0.0,0.0,0.0,0.4273321153942162,0.0
2008-12-10,0.0,0.0,0.0,0.19442368040049401,0.38223749376990757,0.0,0.0,0.0,0.4233388258295983,0.0
2008-12-11,0.0,0.0,0.0,0.19557424311718147,0.3825080490981379,0.0,0.0,0.0,0.4219177077846807,0.0
2008-12-12,0.0,0.0,0.0,0.19567696118351438,0.3830195297874133,0.0,0.0,0.0,0.42130350902907227,0.0
2008-12-15,0.0,0.0,0.0,0.1980379097724909,0.3800637147931414,0.0,0.0,0.0,0.4218983754343676,0.0
2008-12-16,0.0,0.0,0.0,0.19834659213719721,0.378185653756585,0.0,0.0,0.0,0.42346775410621784,0.0
2008-12-17,0.0,0.0,0.0,0.1973990144421101,0.37463563913722114,0.0,0.0,0.0,0.4279653464206686,0.0
2008-12-18,0.0,0.0,0.0,0.19227427581383622,0.37420826328046647,0.0,0.0,0.0,0.4335174609056973,0.0
2008-12-19,0.0,0.0,0.0,0.19011929089178975,0.3743256009135586,0.0,0.0,0.0,0.4355551081946516,0.0
2008-12-22,0.0,0.0,0.0,0.19249423497046736,0.37425235857889233,0.0,0.0,0.0,0.4332534064506403,0.0
2008-12-23,0.0,0.0,0.0,0.1910909776926726,0.3750667576831207,0.0,0.0,0.0,0.4338422646242067,0.0
2008-12-24,0.0,0.0,0.0,0.19289264622263097,0.3744603364443798,0.0,0.0,0.0,0.4326470173329892,0.0
2008-12-26,0.0,0.0,0.0,0.1961946278587073,0.3733344775165473,0.0,0.0,0.0,0.43047089462474525,0.0
2008-12-29,0.0,0.0,0.0,0.19751339627416617,0.37340119035432184,0.0,0.0,0.0,0.42908541337151207,0.0
2008-12-30,0.0,0.0,0.0,0.195782669280268,0.3725918704110412,0.0,0.0,0.0,0.4316254603086908,0.0
2008-12-31,0.0,0.0,0.0,0.1995362354856884,0.3728515747091457,0.0,0.0,0.0,0.42761218980516597,0.0
2009-01-02,7.668851367667497e-11,1.0045850035249422e-10,8.821175170150607e-11,0.13803182421086396,0.4016142771264288,8.608633622447251e-11,8.789049456458938e-11,8.652915356594933e-11,0.3972032101837467,0.06315068795309578
2009-01-05,7.866566803317664e-11,1.0330433581177689e-10,8.81082669636518e-11,0.13727722730356576,0.4069786408729441,8.770251960044973e-11,8.919194512152234e-11,8.773475969295373e-11,0.3928184437121011,0.06292568757668146
2009-01-06,8.072488297813401e-11,1.0564367666499986e-10,8.905449233414243e-11,0.1383339274892593,0.40672856181254524,8.918187975800368e-11,9.00835951178083e-11,8.832094230159465e-11,0.38886892711446536,0.06606858304072066
2009-01-07,7.695134564953869e-11,1.0000988747113199e-10,8.79107526668131e-11,0.13507093162231124,0.4086407814042853,8.694336295964028e-11,8.791800775577552e-11,8.606027477148144e-11,0.3921488976195894,0.06413938882802049
2009-01-08,7.699793014221388e-11,9.927140113191871e-11,8.894152968419264e-11,0.13743607698040872,0.4084712638582678,8.70928807142522e-11,8.856766293364781e-11,8.614442643453737e-11,0.3906244580057142,0.0634682006285935
2009-01-09,7.6235247142262e-11,9.728517094105798e-11,8.600520160338976e-11,0.1367835045592219,0.4110424257963523,8.400800702769877e-11,8.672431099218304e-11,8.443890119782806e-11,0.39186234164991895,0.060311727479810034
2009-01-12,7.293085239784747e-11,9.337090298835846e-11,8.410209959734173e-11,0.1319033356029437,0.4144605740570931,8.167952301065902e-11,8.531296715333998e-11,8.257988433643512e-11,0.3967426189180808,0.056893470921906185
2009-01-13,7.394979942314459e-11,9.339994866483095e-11,8.23408805218193e-11,0.13175334248207204,0.41366963500853765,8.254712481741152e-11,8.511834638472681e-11,8.25151817756186e-11,0.3961207919241152,0.05845623008540385
2009-01-14,7.262648989860843e-11,8.851172067094279e-11,7.8647254654318e-11,0.12945852531904195,0.41432243143033776,7.860347562121931e-11,8.219449755752119e-11,7.960044587397416e-11,0.40104345216484805,0.05517559060558846
2009-01-15,7.233068077477132e-11,8.924617740580794e-11,7.910965382739868e-11,0.13002769673364156,0.4127038507587734,7.962420322276599e-11,8.328485608582398e-11,7.938195474975236e-11,0.4004557560084699,0.05681269601613747
2009-01-16,7.294582286692068e-11,9.05852234822062e-11,7.990587684953096e-11,0.13432735266090343,0.4105738468964868,8.083681782855912e-11,8.454506973653149e-11,8.032987158959894e-11,0.3958932090384352,0.059205590915025835
2009-01-20,7.098645504402971e-11,8.42142820000655e-11,7.438242635970873e-11,0.13787156646086401,0.4117502582099864,7.569034572496796e-11,8.070335098038392e-11,7.64247138994727e-11,0.3975678017382355,0.052810373128512465
2009-01-21,7.208635890552325e-11,8.98079469714226e-11,7.891442375545978e-11,0.1388373662597287,0.4127493569027013,8.03720164250625e-11,8.510009920098711e-11,8.06371742170769e-11,0.38941054646318435,0.059002729887467506
2009-01-22,7.206743898872508e-11,8.796013019115381e-11,7.806829055058651e-11,0.141347697929876,0.41531291434878714,7.904692342986275e-11,8.504507606780886e-11,8.041451016657753e-11,0.3868446290104203,0.05649475822831408
2009-01-23,7.502280703654513e-11,8.860622750453497e-11,7.710650183074074e-11,0.1471575465847191,0.41317790370741575,7.90157699996296e-11,8.500197372029593e-11,8.033235556867348e-11,0.3817623507438251,0.057902198478954336
2009-01-26,7.546986970950212e-11,9.000295181883107e-11,7.893404487917116e-11,0.14844934497165987,0.4138022603174705,8.022663892888148e-11,8.59634568409786e-11,8.120806980649951e-11,0.3799495325465566,0.05779886167250812
2009-01-27,7.259196920691036e-11,9.05612015744031e-11,7.955583959646155e-11,0.1458183600103376,0.4117747153159733,8.017876636571802e-11,8.559754547391065e-11,8.10987524975472e-11,0.38445474379869105,0.057952180385413964
2009-01-28,7.498310156920656e-11,9.599895017354851e-11,8.262527532184713e-11,0.145517295712748,0.4127711364050908,8.422525880787484e-11,8.939262840483072e-11,8.458840921190701e-11,0.3781824474384531,0.0635291199318945
2009-01-29,7.526331010095811e-11,9.25901879698309e-11,8.013682701745856e-11,0.1513715806440418,0.41393679581982,8.222686855611232e-11,8.852352393796494e-11,8.315345856615385e-11,0.3754176026595598,0.059274020374684176
2009-01-30,7.487555212329793e-11,9.196875322078936e-11,7.943692551805453e-11,0.1545476644663491,0.41406972845949697,8.062052012709516e-11,8.703198347336915e-11,8.152241494647383e-11,0.3745053512753396,0.05687725530335817
2009-02-02,1.6758871467895646e-13,4.911365605998981e-12,3.1301506048542544e-13,0.19356850612792048,0.40112806808132717,1.96865443962039e-13,2.1508544530383678e-13,2.4479679088179636e-13,0.4053034257847038,0.0
2009-02-03,1.6798516147396612e-13,5.1295081630330284e-12,3.265437296866015e-13,0.19548223167847267,0.4032844409882764,2.0106809709745482e-13,2.2153192709732138e-13,2.517381240444621e-13,0.40123332732695255,0.0
2009-02-04,1.692457080224426e-13,5.177039141121081e-12,3.255009945584443e-13,0.19742339187156768,0.40199174324091375,1.9997583303399673e-13,2.2224778899891029e-13,2.509788733855465e-13,0.40058486488117356,0.0
2009-02-05,1.7243631987698026e-13,5.268322708795852e-12,3.29038321754699e-13,0.19883343478568305,0.40157854417720734,2.016152191682629e-13,2.2638803033346405e-13,2.5385715307840254e-13,0.39958802103065794,0.0
2009-02-06,1.7456427479144844e-13,5.559241965000116e-12,3.382879200156767e-13,0.1986269343170311,0.40109049449707596,2.0978988293587294e-13,2.3344416207692356e-13,2.6236313567578503e-13,0.4002825711791153,0.0
2009-02-09,1.7402683813149548e-13,5.543228944975138e-12,3.389978773826817e-13,0.19627038642348874,0.4012143046666798,2.09341381443531e-13,2.349611489394151e-13,2.6334115035527374e-13,0.4025153089030676,0.0
2009-02-10,1.6869862877747634e-13,5.114396711433333e-12,3.1637300979637907e-13,0.1968640194532152,0.39927217897018885,1.9607715812923415e-13,2.2223737019508823e-13,2.467570134305041e-13,0.40386380157033147,0.0
2009-02-11,1.6555576082540842e-13,5.201107471799654e-12,3.157493027979391e-13,0.19884646203204231,0.3972450251629239,1.9432608047997258e-13,2.1840374919181637e-13,2.450610219250245e-13,0.4039085127986935,0.0
2009-02-12,1.6614365215560493e-13,5.179137854876992e-12,3.154208815252022e-13,0.20115118242839436,0.39792844328311106,1.963748516803032e-13,2.2152959077434675e-13,2.4573620237018275e-13,0.40092037428217026,0.0
2009-02-13,1.6564124263400979e-13,5.285200558266441e-12,3.1681790670999195e-13,0.202884241185359,0.4008659648364623,1.9731759072800058e-13,2.2390492935450435e-13,2.468295898631957e-13,0.396249793971743,0.0
2009-02-17,1.525072297741073e-13,4.825231267031721e-12,2.925282191705835e-13,0.2040503605182826,0.39749398555615345,1.847976753481351e-13,2.0966769306765027e-13,2.304098221962447e-13,0.39845565391966886,0.0
2009-02-18,1.5207837721416907e-13,4.806073800760132e-12,2.932168552649824e-13,0.2078300842200978,0.3958545112880327,1.8274906583874248e-13,2.104781836577598e-13,2.3058798291747906e-13,0.3963154044859942,0.0
2009-02-19,1.5760966098650096e-13,4.815597161347692e-12,2.9618566596203394e-13,0.20774954673596066,0.3981878713302567,1.8227390005944446e-13,2.0962457289731197e-13,2.3073366955917496e-13,0.3940625819278907,0.0
2009-02-20,1.543993648962178e-13,4.649915625283284e-12,2.8916729348862004e-13,0.2101846736833794,0.395615648925925,1.7815761784634815e-13,2.082566323979353e-13,2.2637064299628639e-13,0.3941996773849894,0.0
2009-02-23,1.5231244080171444e-13,4.517933614728847e-12,2.7705833507499526e-13,0.20922558723115064,0.39446509121324397,1.7065574142137333e-13,2.001971532060335e-13,2.174310396883958e-13,0.3963093215500698,0.0
2009-02-24,1.5651800061495252e-13,4.805484522983884e-12,2.9103979930148715e-13,0.20450628436506502,0.39627485906329896,1.7844010111684739e-13,2.08545022634862e-13,2.2756920184799677e-13,0.3992188565657684,0.0
2009-02-25,1.6021787795955354e-13,4.778495829911812e-12,2.8635230927845974e-13,0.20345786322135725,0.3972984030954226,1.7679548566478617e-13,2.0960209924566658e-13,2.284298853206449e-13,0.3992437336773803,0.0
2009-02-26,1.6449185843929576e-13,4.762545767959792e-12,2.855230526636853e-13,0.20436738715505337,0.398441132073457,1.7443876811437628e-13,2.0484581096473063e-13,2.259383850829837e-13,0.39719148076567196,0.0
2009-02-27,1.6311818580363745e-13,4.704276010723247e-12,2.865463817128126e-13,0.204152149784338,0.3995281173353424,1.7386488496063188e-13,2.036565925117266e-13,2.2168068572264694e-13,0.39631973287456645,0.0
2009-03-02,1.5387394886424054e-13,4.388484894755045e-12,2.6827336362674616e-13,0.1990472872472218,0.4008015752223539,1.629385813829484e-13,1.9573706691834647e-13,2.1026086641136164e-13,0.4001511375250448,0.0
2009-03-03,1.5569016122644148e-13,4.473061856854211e-12,2.6858457486376104e-13,0.19811558907798962,0.4023567157426478,1.6067526881983628e-13,1.9659891312682294e-13,2.0975874077252104e-13,0.3995276951738981,0.0
2009-03-04,1.6214740871481532e-13,4.816999831546434e-12,2.822924026803065e-13,0.1970245243920948,0.40280168597316457,1.6502177336086652e-13,2.0309939187918094e-13,2.1606513946445972e-13,0.40017378962889505,0.0
2009-03-05,1.5723863618611535e-13,4.5172814107935384e-12,2.6496124111304285e-13,0.1991861977884064,0.39855916308500255,1.5279618734487858e-13,1.926718772110105e-13,2.0268035133523268e-13,0.4022546391211035,0.0
2009-03-06,1.6164643473992012e-13,4.611565304542013e-12,2.6551556096878865e-13,0.2006227129966122,0.39823192853082456,1.54186279690928e-13,1.918982852901365e-13,2.0383346048433708e-13,0.4011453584669745,0.0
2009-03-09,1.6167702133421532e-13,4.548875859252617e-12,2.598818271290152e-13,0.1980557231122474,0.4007719151714943,1.5153501210358076e-13,1.8893021683748126e-13,2.026369939278341e-13,0.40117236171074466,0.0
2009-03-10,1.638658778731831e-13,4.997913881222835e-12,2.8183682815956385e-13,0.19586426316645766,0.4042912556352066,1.6402007455394635e-13,2.038504579820735e-13,2.1819438491694175e-13,0.399844481192306,0.0
2009-03-11,1.5719095469845667e-13,4.950326392178023e-12,2.8072108526192963e-13,0.19637647073125153,0.4033013244554564,1.6268012870024673e-13,2.0501242378589146e-13,2.1752425034311645e-13,0.40032220480731867,0.0
2009-03-12,1.6334600313478361e-13,5.1038933179959595e-12,2.8502299909123324e-13,0.1990812170165887,0.40156253134218584,1.7155708582377495e-13,2.1029523771683522e-13,2.2447274344689078e-13,0.3993562516350667,0.0
2009-03-13,1.6221064042678752e-13,5.14207451004972e-12,2.874449595544685e-13,0.1998921898999928,0.40201808372924114,1.7368743066760355e-13,2.1120379340749736e-13,2.2665082143818072e-13,0.3980897263645629,0.0
2009-03-16,1.6738983188430552e-13,5.1967033231973e-12,2.9339967086888307e-13,0.20073760898821816,0.4036266349469294,1.7221961384286797e-13,2.0970316487240975e-13,2.2817102091821003e-13,0.3956357560585849,0.0
2009-03-17,1.7177673600342566e-13,5.334620453926876e-12,3.0250030577208524e-13,0.19997806137339927,0.40471845752754726,1.8102696302974178e-13,2.1864966805544452e-13,2.3623662179644604e-13,0.39530348109260854,0.0
2009-03-18,1.6794527335639238e-13,5.258955254934472e-12,3.004579966371672e-13,0.19964125340252406,0.40418860543018126,1.8085095442479564e-13,2.1379300520779268e-13,2.332179026780043e-13,0.3961701411609395,0.0
2009-03-19,1.711216625165106e-13,5.214946333078866e-12,2.997505580992778e-13,0.20197510541592525,0.4020834247786065,1.7862368180786532e-13,2.1326015255318303e-13,2.299099890527263e-13,0.3959414697991606,0.0
2009-03-20,1.7410895405505017e-13,5.1636710983435896e-12,2.9671218902696113e-13,0.20111732965976903,0.40362707264066766,1.7311730870425784e-13,2.108204890672732e-13,2.2587808059910799e-13,0.395255597693319,0.0
2009-03-23,1.792123308733412e-13,5.686888257293853e-12,3.20640151877703e-13,0.19947691941558574,0.4055136628534031,1.8936281937021595e-13,2.2505733361742e-13,2.4406579956289617e-13,0.395009417724166,0.0
2009-03-24,1.7614871699302532e-13,5.506493036804553e-12,3.103455133882503e-13,0.19688688731597315,0.404633286337773,1.8187842458122058e-13,2.2074657734926838e-13,2.390843831073488e-13,0.3984798263396191,0.0
2009-03-25,1.7443734911488655e-13,5.620500769079972e-12,3.168986395027054e-13,0.20023175078897984,0.40445130840468685,1.880460436910723e-13,2.2300744819116534e-13,2.429587972810645e-13,0.3953169407995675,0.0
2009-03-26,1.764960993321812e-13,5.741944910742011e-12,3.1937583981412265e-13,0.19902193780877628,0.40327592632289333,1.9423288605421354e-13,2.2862255732326654e-13,2.465466279925195e-13,0.3977021358614233,0.0
2009-03-27,1.7322377498678793e-13,5.572091139864003e-12,3.091450417648167e-13,0.19633476112492354,0.4030181723995557,1.8770915414898463e-13,2.243250794812879e-13,2.420936831791351e-13,0.40064706646881215,0.0
2009-03-30,1.666492370815125e-13,5.2757223361364265e-12,2.9686689199582487e-13,0.19446376839992532,0.4040458725601222,1.8201350810120583e-13,2.1841838092908186e-13,2.333275880732639e-13,0.40149035903357955,0.0
2009-03-31,1.6669761892670007e-13,5.3681810876136845e-12,3.0328146302301693e-13,0.19429051738690684,0.40305328457464074,1.8294382468384567e-13,2.1937986048629402e-13,2.344975926361424e-13,0.4026561980319774,0.0
2009-04-01,1.6524367426160533e-13,5.511014178442405e-12,3.0924707859589766e-13,0.19468256474824183,0.4015208212260453,1.8495875837531749e-13,2.2124712266305238e-13,2.3754784587888295e-13,0.40379661401908357,0.0
2009-04-02,1.7376295673110312e-13,5.88239008404216e-12,3.2723099445759604e-13,0.19228306610866477,0.40387842664031165,1.9663438019993684e-13,2.3121499398121433e-13,2.47543998232313e-13,0.4038385072439647,0.0
2009-04-03,1.79227348542911e-13,6.048070978356707e-12,3.3428457330145336e-13,0.192652060785435,0.40553891862893227,2.0289037748032224e-13,2.3922189054897026e-13,2.5394677583667643e-13,0.40180902057837514,0.0
2009-04-06,1.783971092773199e-13,6.019604203595551e-12,3.299186431779592e-13,0.1890162259572888,0.4077626941117575,2.0098186720876407e-13,2.4049678916658657e-13,2.539284020415544e-13,0.4032210799237304,0.0
2009-04-07,1.742940873442754e-13,5.850327388084419e-12,3.213129916383246e-13,0.1912580178394432,0.4066357078413432,1.9283173280005583e-13,2.3292377127052463e-13,2.4669396642770835e-13,0.40210627431219514,0.0
2009-04-08,1.7465113893591475e-13,5.9055441263830705e-12,3.2282916969700974e-13,0.18996648674963454,0.4065001597309047,1.9536423486367104e-13,2.356064792601537e-13,2.480406647746717e-13,0.40353335351237873,0.0
2009-04-09,1.7864800908214584e-13,6.213935511115483e-12,3.341725966770885e-13,0.19085588834609704,0.4074152030973593,2.0849448416766773e-13,2.448924360068569e-13,2.6000685238324333e-13,0.4017289085491035,0.0
2009-04-13,1.7771808605104188e-13,6.19247272829494e-12,3.342895646142315e-13,0.192485624077824,0.4059383069808952,2.0660678138431368e-13,2.422030215668282e-13,2.5760210028587247e-13,0.40157606893386993,0.0
2009-04-14,1.7396061418413601e-13,6.0747298526831015e-12,3.3007394468888875e-13,0.1907829698357377,0.40677676575859206,2.0001519750601488e-13,2.3852527743780425e-13,2.5238551897897114e-13,0.4024402643984004,0.0
2009-04-15,1.7286671170785506e-13,6.16274112235361e-12,3.344233823732243e-13,0.19107290479540437,0.4071718640379728,2.030675844821932e-13,2.378721297831054e-13,2.550865061627327e-13,0.40175523115925676,0.0
2009-04-16,1.735779200403067e-13,6.268606462478129e-12,3.3943124300658865e-13,0.18898554593252087,0.4090277249172803,2.1072642096279074e-13,2.461269565102517e-13,2.610412023890506e-13,0.40198672914269923,0.0
2009-04-17,1.7386585871394244e-13,6.280943618417647e-12,3.413524425899416e-13,0.1893934769568434,0.4094208769241365,2.1453023123308213e-13,2.4888893508905206e-13,2.651819757972989e-13,0.4011856461114954,0.0
2009-04-20,1.652141605614802e-13,5.899478686779327e-12,3.2322673633543836e-13,0.1908012479035569,0.4070740894588009,2.009562924512858e-13,2.3785602512270146e-13,2.508626368832777e-13,0.40212466263056473,0.0
2009-04-21,1.6675681672698758e-13,6.059671901053495e-12,3.3252057782523085e-13,0.1917594555653661,0.4078129571888153,2.0910942339994048e-13,2.425544474823489e-13,2.5722583476958896e-13,0.40042758723855076,0.0
2009-04-22,1.674040313802679e-13,6.022699316238946e-12,3.3064492547479007e-13,0.19329206500806317,0.4077778359046199,2.0955394901728246e-13,2.4386579596229616e-13,2.5625152400430715e-13,0.3989300990800866,0.0
2009-04-23,1.6912145316879457e-13,6.097716847104877e-12,3.379188015492219e-13,0.195842581101235,0.40646612997969667,2.0843350298343655e-13,2.45505274385773e-13,2.579892185730824e-13,0.39769128891175165,0.0
2009-04-24,1.722956427292707e-13,6.2351587618578105e-12,3.443502319384821e-13,0.19857662810715232,0.4063221877628859,2.1306884904806518e-13,2.5069595662421165e-13,2.6282077832296327e-13,0.39510118412248335,0.0
2009-04-27,1.6770849731135432e-13,6.015182843375643e-12,3.3967451232209375e-13,0.19665204278627862,0.40726891940773136,2.1040904851685528e-13,2.505437048549062e-13,2.5986718352677805e-13,0.39607903779874665,0.0
2009-04-28,1.6840181577673762e-13,6.063284265730572e-12,3.4026554293452914e-13,0.19607024618047592,0.40989593243986994,2.131150556581211e-13,2.515112849596571e-13,2.619920243576156e-13,0.39403382137235554,0.0
2009-04-29,1.730592064679527e-13,6.410556598194573e-12,3.5052318085760834e-13,0.1982404660557722,0.4094859309566071,2.2218046278297333e-13,2.5609632991540163e-13,2.687496672335196e-13,0.39227360297993946,0.0
2009-04-30,1.744755137273756e-13,6.499318775646106e-12,3.543515651026629e-13,0.19677259716265946,0.4106895860824041,2.2116281298301266e-13,2.5986515576141743e-13,2.700926114621841e-13,0.39253781674715715,0.0
2009-05-01,0.10275627393771083,0.10122187237597896,0.10092656188549795,0.09939465004514315,0.09943992431374997,0.10037727262694332,0.10002232010828845,0.10029676626686795,0.09907371154053168,0.09649064689928763
2009-05-04,0.10145226762210743,0.10480560123568307,0.10180236551278117,0.09813332911554626,0.09639932647625958,0.1007584557016915,0.09878676223101511,0.1004406043884968,0.09626770748485283,0.10115358023156623
2009-05-05,0.10087721981850778,0.10477141081890232,0.10167079072587494,0.09855705336858996,0.0972225295854413,0.10113852737422348,0.09956647109039,0.10097439937688847,0.09699110633250389,0.09823049150867787
2009-05-06,0.10212929543471827,0.10510069472366014,0.10269646786362206,0.09861613058387983,0.09592050996666016,0.1000184984401735,0.0982189289203986,0.10130554920396993,0.09542500078221057,0.10056892408070683
2009-05-07,0.10432520288347623,0.10449244515771654,0.10295400516520116,0.1004347565925308,0.09698003268858535,0.09957339782422245,0.0977978672993757,0.1018541819948606,0.09491818068954655,0.09666992970448457
2009-05-08,0.10443441118223337,0.1054640649388256,0.1049172864561457,0.09868783328137587,0.09483411889416984,0.10062757247069319,0.0955759165764421,0.10180315070772986,0.09293261633186838,0.10072302916051613
2009-05-11,0.10472300272930947,0.10413799454187705,0.10338193478813279,0.09946284782222845,0.09678945768678315,0.10024983919548756,0.09697676541470208,0.10100803406569803,0.09530143285249677,0.0979686909032847
2009-05-12,0.10566760802281151,0.10476066177634841,0.10437058199006115,0.10046782491302338,0.09661666677098446,0.09872054068252055,0.09568140561035991,0.10059396536353404,0.09553833994032336,0.09758240493003342
2009-05-13,0.10688523164887381,0.10326178597780139,0.10316194782106487,0.10324434339566596,0.09931699757616183,0.09638672130029025,0.09527888335603427,0.10034028364224912,0.09882046927484062,0.09330333600701779
2009-05-14,0.10661826862025565,0.10381053571778213,0.1032468468215551,0.10225555969050697,0.09844115756933902,0.0968600334005826,0.09548672030997722,0.10029707230263187,0.09831955455021929,0.0946642510171501
2009-05-15,0.10483178748456788,0.10375584941250643,0.10320944119344916,0.1037423044278794,0.09906167350638176,0.09734330599298423,0.09626704606084598,0.10035157184574377,0.09915210347797553,0.09228491659766593
2009-05-18,0.10497465718313542,0.10684062271832714,0.10453126065942496,0.0998922103522434,0.09607335954717029,0.09814647271767882,0.09636362805933295,0.100680903224372,0.09523011030777453,0.09726677523054049
2009-05-19,0.10490177003117505,0.10797702183000946,0.10540165419589105,0.1004856847534911,0.09587245544991517,0.09811809606662746,0.09674671362567099,0.10048969710284665,0.0946611234017083,0.09534578354266478
2009-05-20,0.1062981519163904,0.10801608281371489,0.10580052699914168,0.10163114595870164,0.09590789690737149,0.0969373386485655,0.09614471291758137,0.09954307389199514,0.09539441119745516,0.09432665874908279
2009-05-21,0.1064474924922587,0.10702504078640528,0.10600908341456895,0.10438973603388171,0.09577142134891956,0.09661061798284172,0.09528672608378222,0.09905832477860196,0.09389104676639623,0.09551051031234362
2009-05-22,0.10827474918342096,0.10777032771875751,0.10688022052114529,0.10498772429988877,0.09545047177332855,0.09585163303884905,0.09521498747171091,0.09909685044218837,0.0930830188237601,0.09339001672695046
2009-05-26,0.1066617126337041,0.10719432362788324,0.10715087416564989,0.10276410070355638,0.09319276193755624,0.09870649318007436,0.09707383181364164,0.09989614012210264,0.09011119751762273,0.09724856429820873
2009-05-27,0.10863015221737116,0.10743320758627448,0.10653545676134456,0.1038484601005731,0.09341886959621433,0.0981401082017592,0.0977446521668395,0.09947686087827831,0.08974756666005652,0.09502466583128887
2009-05-28,0.10919955361164453,0.10932588464856742,0.10624056418337904,0.10338136312792223,0.09270089775644244,0.09699806200552151,0.09760634532549528,0.09956815169841686,0.08987752726351354,0.09510165037909726
2009-05-29,0.10917747821686245,0.10887111309179606,0.10629048938549165,0.10351170226122515,0.09195231991786837,0.09709629488193115,0.096916139063177,0.09939191457706147,0.09043325824069048,0.09635929036389619
2009-06-01,0.11004582381277803,0.11129269922577215,0.10683421810966337,0.10104147377584391,0.08872654647550492,0.0989654348350571,0.09778171010410559,0.0998565164774423,0.08608599737725299,0.09936957980657958
2009-06-02,0.11044124627354088,0.10962121034727797,0.1076931431695214,0.10164606307784022,0.08897051302267686,0.10013994701566192,0.09785797631836717,0.09988151485908017,0.08649771385128141,0.09725067206475208
2009-06-03,0.10825739068307302,0.10722377275149227,0.1059571185169135,0.1009903855140727,0.09077382927948187,0.10087559229231217,0.09893532922821495,0.10000553335077787,0.08853852709428713,0.09844252128937452
2009-06-04,0.11086106319481652,0.10787897153269531,0.10532573928567286,0.10168268978238894,0.08862768077408043,0.10107159677298745,0.0988325042022005,0.09971495370984668,0.08565231273109503,0.10035248801421627
2009-06-05,0.11092270437687463,0.10875285621991224,0.10465205730802224,0.09961407986877878,0.0882727705831725,0.10171627867639747,0.09953380471211734,0.10033446962064593,0.08550949771022312,0.10069148092385574
2009-06-08,0.11139795595892624,0.10779974835486507,0.10514228947252464,0.10013222557204733,0.08842279243239913,0.1011965746254805,0.09991221491123403,0.1006014184927327,0.08587171548112135,0.09952306469866898
2009-06-09,0.11191787831707183,0.10746205874395018,0.10590911542458957,0.09992542931567454,0.08836558865901888,0.1011566955695068,0.10017809863227578,0.10061510595993724,0.08543829799570081,0.09903173138227435
2009-06-10,0.11188379196009124,0.10919891736396053,0.10647462397067012,0.10030214004486551,0.08813948050843211,0.10110195739166565,0.10016996154427533,0.10070606871350003,0.08438387985164685,0.09763917865089261
2009-06-11,0.11234351024708303,0.11098064299079798,0.10775488135702256,0.09962816817392271,0.08829467903201774,0.1006323440021009,0.09966678034739163,0.1006459567009325,0.08489292712010212,0.09516011002862891
2009-06-12,0.11084612390442097,0.1092810885243394,0.10728050905912055,0.09807361789104013,0.08882843987062342,0.10101275280013218,0.09927972946307592,0.10099640434282013,0.08571770240512867,0.09868363173929862
2009-06-15,0.11111118054627966,0.1076909968744285,0.1057123386222711,0.0990778171393106,0.09119975792483542,0.10046787095217208,0.09939773191183778,0.10086200822376974,0.08840128968409645,0.09607900812099875
2009-06-16,0.11136358953897926,0.10672042329702702,0.10513161804527091,0.1005946884430748,0.09227281624382143,0.09939241984537218,0.0990333268036677,0.10010528220151357,0.09049231532959442,0.09489352025167862
2009-06-17,0.11184244227816302,0.10565761765535629,0.10556390207411288,0.10118480474218708,0.09214552429540035,0.10005288854576899,0.1001096183110584,0.10013612646483849,0.0900990795373576,0.09320799609575683
2009-06-18,0.11221143337295084,0.10556954510789242,0.10559359619038243,0.10057606470871286,0.0912094760913204,0.10070848724293271,0.10011551234398001,0.10107203802606106,0.08891408956799365,0.09402975734777362
2009-06-19,0.11056701376181151,0.10545061742466456,0.1066012852039492,0.10027291324164528,0.09106679057705261,0.10069647895614225,0.10056668719670946,0.10081961622905954,0.08957778756800103,0.09438080984096453
2009-06-22,0.10965809960759916,0.10430239762253068,0.10588303120465326,0.10138555200229149,0.09396410043765599,0.09967752408564055,0.1001274145597482,0.10036679573941587,0.09282456737975364,0.09181051736071111
2009-06-23,0.11095287848103264,0.10440277119151704,0.10668663184697884,0.1012519145315738,0.09375084264524652,0.09832888776157286,0.09935041050564745,0.09989385304445207,0.09340165316605069,0.09198015682592796
2009-06-24,0.11010716629291331,0.10592570719017978,0.10601388634761698,0.10111020514680948,0.09272472235112632,0.09867610466036925,0.10029915863126393,0.10003061509961579,0.09179978347308813,0.09331265080701709
2009-06-25,0.10906866978604497,0.10711264579322713,0.10629363970129652,0.10021931160611759,0.09219106475494811,0.09968793856977068,0.10042632091407871,0.10036179731737323,0.09179578370695071,0.09284282785019216
2009-06-26,0.10807967543668788,0.10759144055996228,0.10599961090343074,0.10011610242594202,0.09223811329931693,0.0999580609147334,0.10056585204525989,0.10001878293106642,0.09187654612556743,0.093555815358033
2009-06-29,0.10869863012146805,0.10796973315174334,0.10648423763425126,0.09945741845519934,0.09207258882617946,0.09957013754721274,0.10039591561483319,0.10056358139675442,0.09165545210593912,0.09313230514641904
2009-06-30,0.10744592813401402,0.10755859710850682,0.10591639208548188,0.09915791814701307,0.09241649388300484,0.0999132254669417,0.10084353753480411,0.10038758595703183,0.09208550153692636,0.09427482014627533
2009-07-01,0.10616592276281313,0.10865509939141924,0.10681584546247379,0.0996734226559613,0.09162151478304338,0.10065023323107405,0.10009528311747835,0.09999942722375335,0.09117080623916672,0.09515244513281673
2009-07-02,0.10620491101214928,0.10811363911051748,0.10613584490841847,0.10071483878271802,0.09404660627784613,0.09942840597997707,0.10015402007878424,0.09951434246474938,0.09349238736186079,0.09219500402297905
2009-07-06,0.1033375645796047,0.10820583926949963,0.1066010742697826,0.1004797835970699,0.09439618577714275,0.09885266910708713,0.09992355015937346,0.09980697434630792,0.09359872476832415,0.0947976341258078
2009-07-07,0.10335473796321511,0.10738389545361007,0.10571111479258088,0.10206498506251134,0.09631889483576994,0.0982945166109527,0.09903213936596576,0.09947198720590057,0.09576456162678976,0.09260316708270386
2009-07-08,0.10236306178906973,0.10643835887855245,0.10557559670286654,0.10072626994756899,0.09770239140254422,0.09789794561559444,0.09982738747471502,0.0996828177646091,0.09780667106674976,0.09197949935772984
2009-07-09,0.1029423828223915,0.10827821347099344,0.10680732228412397,0.10093690891679913,0.09707187451401046,0.09743257038058209,0.09994039592264534,0.09981590154160887,0.09658356918441928,0.09019086096242598
2009-07-10,0.1022775782105682,0.1071269180415794,0.10568803380105836,0.10113773718217167,0.09779390562163628,0.0980188412179943,0.10049266013475597,0.09969835895634756,0.09759256491895818,0.09017340191493001
2009-07-13,0.10149352414180282,0.10649723713207075,0.10614892679734708,0.10051273668177509,0.09618647871152058,0.09908765016650774,0.101099426681369,0.10080633721669428,0.09579286909604622,0.09237481337486646
2009-07-14,0.10120643865529884,0.1073554977382575,0.10641571499717013,0.10091742792871673,0.09527739638036806,0.09938905292050607,0.10118170672891277,0.10109020060745669,0.09393464686300115,0.09323191718031205
2009-07-15,0.10147644287018032,0.11050563743909886,0.10751189820231463,0.10013854261067066,0.091872259766499,0.10083563702608671,0.10216484514664291,0.10164307880459911,0.08940476665574656,0.09444689147816121
2009-07-16,0.10110507086020103,0.11004332203035602,0.1078093808135349,0.0992589247756564,0.09187029552472509,0.10147899133243465,0.10276396170649668,0.10087253742362093,0.0898295441783781,0.09496797135459624
2009-07-17,0.10272466176009165,0.1112897807255719,0.10753582849168587,0.09931253127521757,0.09135060561100262,0.10119903493412472,0.10342612845136824,0.10208814674394667,0.0885392270180615,0.09253405498892918
2009-07-20,0.10271707279264704,0.11338444802547167,0.10783458843694534,0.09912432687403057,0.09018751802618472,0.10077297556957486,0.1027111615448578,0.1014867931067956,0.0875506986129986,0.09423041701049381
2009-07-21,0.10200808371161056,0.11268531675194171,0.10815436507404619,0.09863841259788145,0.09089529808646225,0.10026848099671813,0.10307428276349462,0.10161984299772066,0.08900290543913433,0.09365301158099004
2009-07-22,0.1024298794117826,0.11227914041127071,0.10828360538261067,0.09883808293439625,0.09024035796839767,0.10092087781607811,0.10380298284114253,0.10146649181858708,0.08808902928909045,0.09364955212664385
2009-07-23,0.10291936744181934,0.1136537585957505,0.10838254818520678,0.09710429686561282,0.0879673110686635,0.10248040757601581,0.10443494670998173,0.10208457229519587,0.08512087497562044,0.09585191628613327
2009-07-24,0.102826979543815,0.1129093116019487,0.10885257255075413,0.09708736998803708,0.08799628432422822,0.10282329569022719,0.10345418884086373,0.10232022304639565,0.08538011538908304,0.09634965902464722
2009-07-27,0.10288097275008476,0.113506815885843,0.10858879424357173,0.0970646387335583,0.08728524959682361,0.10299357909963722,0.10389100117845097,0.1022703763259622,0.08410997001537336,0.09740860217069476
2009-07-28,0.10216489309017274,0.11345910726335375,0.10856735047981828,0.09579647164210822,0.08781715727044613,0.10346997177060761,0.10359891293858896,0.1022071637439045,0.0852003433255545,0.09771862847544532
2009-07-29,0.10031270252555274,0.11177790527786871,0.10852956026967109,0.09559580807873126,0.08856672244029805,0.10375375276360602,0.10510807172286334,0.10275825035445166,0.08634102706544737,0.09725619950150968
2009-07-30,0.10169648348171656,0.11262874106705821,0.10879634214193305,0.09443011452399068,0.08743437980213938,0.10380463023459117,0.10395469138765345,0.10209525162066377,0.08610076613123425,0.09905859960901948
2009-07-31,0.10291088411707579,0.11228116557179456,0.10959765847126741,0.0954604972703576,0.08762495806101209,0.10256809511260048,0.10282870279855943,0.10144030131285657,0.08708983347496228,0.09819790380951372
2009-08-03,0.10428055477761708,0.1147978755705095,0.11051596833937381,0.09460097567727695,0.08543739625443383,0.10284587501878292,0.10285386763917193,0.10161921504412923,0.0845268456052795,0.09852142607342536
2009-08-04,0.10376433922125573,0.11313555412042077,0.10975199786906158,0.09490487525424474,0.08473286606511718,0.10332483017985408,0.10230152652719275,0.10133510330787487,0.08340441819913078,0.10334448925584747
2009-08-05,0.10486927117386526,0.112193029427649,0.10931529035808416,0.09501450083222958,0.08425935832411002,0.10230368676299437,0.10151954571270831,0.10105332245267182,0.08216583318236673,0.10730616177332084
2009-08-06,0.10324286292349712,0.11211926666746519,0.10946222437612897,0.09555772707362982,0.08490233546644468,0.1016440726966223,0.10139311253544464,0.10129715797934759,0.08307511010164595,0.10730613017977372
2009-08-07,0.10179492566099535,0.11217444933478202,0.10833044813504158,0.09381200665678514,0.08355054963617968,0.10311207204112183,0.10171854410927898,0.10166420034413037,0.08161144319662958,0.11223136088505556
2009-08-10,0.10219848701687079,0.11140300433296013,0.10814422171921742,0.09340022341544167,0.08445775736273219,0.10374675616990518,0.10144831089626903,0.10189914105586251,0.08299373026030925,0.11030836777043192
2009-08-11,0.10166451162316283,0.110394299838745,0.10859537347439537,0.09418830223007496,0.08589209710198366,0.10309441054793683,0.10157898148745756,0.10162998990340016,0.0847900278826899,0.10817200591015362
2009-08-12,0.10150658562675369,0.11063906151348664,0.10908404384845061,0.09371373233211022,0.08507464777580555,0.1039451785397186,0.10246086436701067,0.10202694811256015,0.08331803072148301,0.10823090716262095
2009-08-13,0.10181877637227336,0.11140515985019887,0.10962227154433611,0.09352286790096286,0.08486222713530987,0.10372772720107405,0.10197162789072778,0.10175401622202221,0.08363435733678365,0.10768096854631123
2009-08-14,0.10003564311484499,0.11059305199301821,0.10989011592170353,0.09383013025335353,0.08606650965825928,0.10272540753590187,0.10191577598267605,0.10208859022248112,0.084886129017682,0.10796864630007953
2009-08-17,0.10086207255266048,0.1087654254441966,0.10885994135208542,0.0946083334029257,0.0887005627614132,0.10218516733830062,0.10129297667093713,0.10192585708211725,0.08817334667122147,0.10462631672414223
2009-08-18,0.10177333560615469,0.10998223012324615,0.10959222501323822,0.0940807299073903,0.08746651782330131,0.10246513789765237,0.10166839042400816,0.10166228449139435,0.0867463948576287,0.10456275385598582
2009-08-19,0.10192909386094724,0.10966370595684938,0.10992425572074777,0.0940457922662582,0.08731563501659001,0.1031542497350683,0.10181396718078238,0.10199602559402073,0.08698823548821862,0.10316903918051734
2009-08-20,0.10008490409078592,0.11046173759383354,0.10960624434998033,0.0928531284739997,0.08667886707418601,0.10324103555989238,0.10198590439882885,0.10202687453089491,0.08683449711365143,0.10622680681394699
2009-08-21,0.09963103254167628,0.11079370415551516,0.11066830726394028,0.09311925541548002,0.0847748001213978,0.10436236623799836,0.10211435619345431,0.10278809458563946,0.08403470616379437,0.10771337732110382
2009-08-24,0.09971721880759382,0.11118427054851533,0.1105501385234706,0.09173615250014468,0.08522478536649994,0.10423493169116975,0.10192351653654785,0.10268796018998241,0.08548319432227786,0.10725783151379781
2009-08-25,0.0980212019320221,0.11064234474767774,0.1113485050471268,0.09190582587207641,0.08521996326576663,0.10440198369158432,0.10195273667980019,0.10261100850486873,0.08573572923258627,0.10816070102649072
2009-08-26,0.09777374852847892,0.11032168778728847,0.11089893522936306,0.09194703408821295,0.08534270362053206,0.10464752775440463,0.10178864548128981,0.10263375184159461,0.08613938846771942,0.10850657720111608
2009-08-27,0.09833561718630725,0.10981792975770632,0.11144643996781936,0.09209943444368697,0.08488432692595003,0.10421049420770498,0.10177173071144709,0.1025908502885833,0.08557335105729191,0.10926982545350265
2009-08-28,0.09802975092280297,0.10914143193926158,0.11140711650523326,0.09268635890858545,0.08500195730944297,0.10345548151647659,0.10177891178248814,0.10247687397920484,0.0858864210612213,0.11013569607528294
2009-08-31,0.09641390486095126,0.10817730553761165,0.11181553119582673,0.0932455918260665,0.08619914524980977,0.10307177485868363,0.10186501865977875,0.10269185015331575,0.08692040303820386,0.10959947461975207
2009-09-01,0.0,0.0,0.0,0.0,0.4059895721755305,0.0,0.0,0.5940104278244694,0.0,0.0
2009-09-02,0.0,0.0,0.0,0.0,0.408221077007262,0.0,0.0,0.591778922992738,0.0,0.0
2009-09-03,0.0,0.0,0.0,0.0,0.40535633983282715,0.0,0.0,0.5946436601671728,0.0,0.0
2009-09-04,0.0,0.0,0.0,0.0,0.400563104333818,0.0,0.0,0.599436895666182,0.0,0.0
2009-09-08,0.0,0.0,0.0,0.0,0.39795089560728814,0.0,0.0,0.6020491043927118,0.0,0.0
2009-09-09,0.0,0.0,0.0,0.0,0.39633093202520453,0.0,0.0,0.6036690679747955,0.0,0.0
2009-09-10,0.0,0.0,0.0,0.0,0.3956782705353916,0.0,0.0,0.6043217294646083,0.0,0.0
2009-09-11,0.0,0.0,0.0,0.0,0.39642665667517635,0.0,0.0,0.6035733433248237,0.0,0.0
2009-09-14,0.0,0.0,0.0,0.0,0.3938595676709166,0.0,0.0,0.6061404323290833,0.0,0.0
2009-09-15,0.0,0.0,0.0,0.0,0.3923685839012852,0.0,0.0,0.6076314160987148,0.0,0.0
2009-09-16,0.0,0.0,0.0,0.0,0.38861080106110224,0.0,0.0,0.6113891989388978,0.0,0.0
2009-09-17,0.0,0.0,0.0,0.0,0.3901357107637116,0.0,0.0,0.6098642892362883,0.0,0.0
2009-09-18,0.0,0.0,0.0,0.0,0.3887097788182704,0.0,0.0,0.6112902211817297,0.0,0.0
2009-09-21,0.0,0.0,0.0,0.0,0.38915539685845685,0.0,0.0,0.6108446031415431,0.0,0.0
2009-09-22,0.0,0.0,0.0,0.0,0.3884002390433281,0.0,0.0,0.611599760956672,0.0,0.0
2009-09-23,0.0,0.0,0.0,0.0,0.3909056450988829,0.0,0.0,0.6090943549011171,0.0,0.0
2009-09-24,0.0,0.0,0.0,0.0,0.3941978500223156,0.0,0.0,0.6058021499776844,0.0,0.0
2009-09-25,0.0,0.0,0.0,0.0,0.3964374664719142,0.0,0.0,0.6035625335280858,0.0,0.0
2009-09-28,0.0,0.0,0.0,0.0,0.3926129211706208,0.0,0.0,0.6073870788293791,0.0,0.0
2009-09-29,0.0,0.0,0.0,0.0,0.3932285921978064,0.0,0.0,0.6067714078021935,0.0,0.0
2009-09-30,0.0,0.0,0.0,0.0,0.3943348428124393,0.0,0.0,0.6056651571875608,0.0,0.0
2009-10-01,0.0,0.0,0.0,0.0,0.4021519628366515,0.0,0.0,0.5978480371633486,0.0,0.0
2009-10-02,0.0,0.0,0.0,0.0,0.40317215597205275,0.0,0.0,0.5968278440279472,0.0,0.0
2009-10-05,0.0,0.0,0.0,0.0,0.39958572811334836,0.0,0.0,0.6004142718866516,0.0,0.0
2009-10-06,0.0,0.0,0.0,0.0,0.3954036878782999,0.0,0.0,0.6045963121217,0.0,0.0
2009-10-07,0.0,0.0,0.0,0.0,0.3962683733917344,0.0,0.0,0.6037316266082656,0.0,0.0
2009-10-08,0.0,0.0,0.0,0.0,0.39357128842767397,0.0,0.0,0.606428711572326,0.0,0.0
2009-10-09,0.0,0.0,0.0,0.0,0.3898247789280886,0.0,0.0,0.6101752210719114,0.0,0.0
2009-10-12,0.0,0.0,0.0,0.0,0.3895936103744088,0.0,0.0,0.6104063896255911,0.0,0.0
2009-10-13,0.0,0.0,0.0,0.0,0.3906221078688624,0.0,0.0,0.6093778921311375,0.0,0.0
2009-10-14,0.0,0.0,0.0,0.0,0.3849437521313118,0.0,0.0,0.6150562478686882,0.0,0.0
2009-10-15,0.0,0.0,0.0,0.0,0.3833041573823154,0.0,0.0,0.6166958426176846,0.0,0.0
2009-10-16,0.0,0.0,0.0,0.0,0.38616562440021046,0.0,0.0,0.6138343755997896,0.0,0.0
2009-10-19,0.0,0.0,0.0,0.0,0.38457700393111544,0.0,0.0,0.6154229960688846,0.0,0.0
2009-10-20,0.0,0.0,0.0,0.0,0.38637209232356107,0.0,0.0,0.6136279076764388,0.0,0.0
2009-10-21,0.0,0.0,0.0,0.0,0.387969606670194,0.0,0.0,0.612030393329806,0.0,0.0
2009-10-22,0.0,0.0,0.0,0.0,0.38487469583975215,0.0,0.0,0.6151253041602478,0.0,0.0
2009-10-23,0.0,0.0,0.0,0.0,0.38643316875151745,0.0,0.0,0.6135668312484827,0.0,0.0
2009-10-26,0.0,0.0,0.0,0.0,0.38765886149944623,0.0,0.0,0.6123411385005538,0.0,0.0
2009-10-27,0.0,0.0,0.0,0.0,0.3907866940937839,0.0,0.0,0.6092133059062161,0.0,0.0
2009-10-28,0.0,0.0,0.0,0.0,0.39606677191909373,0.0,0.0,0.6039332280809062,0.0,0.0
2009-10-29,0.0,0.0,0.0,0.0,0.38985659339688805,0.0,0.0,0.6101434066031118,0.0,0.0
2009-10-30,0.0,0.0,0.0,0.0,0.39864945565913945,0.0,0.0,0.6013505443408605,0.0,0.0
2009-11-02,0.0,0.0,0.0,0.0,0.3962676141671009,0.0,0.0,0.6037323858328992,0.0,0.0
2009-11-03,0.0,0.0,0.0,0.0,0.39495983438766313,0.0,0.0,0.6050401656123369,0.0,0.0
2009-11-04,0.0,0.0,0.0,0.0,0.3936859154714422,0.0,0.0,0.6063140845285577,0.0,0.0
2009-11-05,0.0,0.0,0.0,0.0,0.3893960526131679,0.0,0.0,0.6106039473868321,0.0,0.0
2009-11-06,0.0,0.0,0.0,0.0,0.3894817349651266,0.0,0.0,0.6105182650348734,0.0,0.0
2009-11-09,0.0,0.0,0.0,0.0,0.38424433317816753,0.0,0.0,0.6157556668218324,0.0,0.0
2009-11-10,0.0,0.0,0.0,0.0,0.3843837688479903,0.0,0.0,0.6156162311520097,0.0,0.0
2009-11-11,0.0,0.0,0.0,0.0,0.38385322033848795,0.0,0.0,0.6161467796615121,0.0,0.0
2009-11-12,0.0,0.0,0.0,0.0,0.3863513533926824,0.0,0.0,0.6136486466073175,0.0,0.0
2009-11-13,0.0,0.0,0.0,0.0,0.38525412484499333,0.0,0.0,0.6147458751550067,0.0,0.0
2009-11-16,0.0,0.0,0.0,0.0,0.38311380324175515,0.0,0.0,0.616886196758245,0.0,0.0
2009-11-17,0.0,0.0,0.0,0.0,0.38335225340600176,0.0,0.0,0.6166477465939983,0.0,0.0
2009-11-18,0.0,0.0,0.0,0.0,0.3829089819404502,0.0,0.0,0.6170910180595498,0.0,0.0
2009-11-19,0.0,0.0,0.0,0.0,0.38629728116564493,0.0,0.0,0.613702718834355,0.0,0.0
2009-11-20,0.0,0.0,0.0,0.0,0.38711514441116984,0.0,0.0,0.6128848555888301,0.0,0.0
2009-11-23,0.0,0.0,0.0,0.0,0.3837896312867417,0.0,0.0,0.6162103687132582,0.0,0.0
2009-11-24,0.0,0.0,0.0,0.0,0.3846364022904085,0.0,0.0,0.6153635977095914,0.0,0.0
2009-11-25,0.0,0.0,0.0,0.0,0.3846008575502178,0.0,0.0,0.6153991424497823,0.0,0.0
2009-11-27,0.0,0.0,0.0,0.0,0.3895629424714219,0.0,0.0,0.6104370575285781,0.0,0.0
2009-11-30,0.0,0.0,0.0,0.0,0.38914473459436544,0.0,0.0,0.6108552654056344,0.0,0.0
2009-12-01,0.0,0.0,0.0,0.0,0.3849162113233385,0.0,0.0,0.6150837886766615,0.0,0.0
2009-12-02,0.0,0.0,0.0,0.0,0.3845352206353467,0.0,0.0,0.6154647793646533,0.0,0.0
2009-12-03,0.0,0.0,0.0,0.0,0.38528652997116986,0.0,0.0,0.6147134700288301,0.0,0.0
2009-12-04,0.0,0.0,0.0,0.0,0.38218070879713917,0.0,0.0,0.6178192912028609,0.0,0.0
2009-12-07,0.0,0.0,0.0,0.0,0.38319091666452837,0.0,0.0,0.6168090833354717,0.0,0.0
2009-12-08,0.0,0.0,0.0,0.0,0.38666102988591966,0.0,0.0,0.6133389701140803,0.0,0.0
2009-12-09,0.0,0.0,0.0,0.0,0.38531029984492676,0.0,0.0,0.6146897001550733,0.0,0.0
2009-12-10,0.0,0.0,0.0,0.0,0.3831771833346055,0.0,0.0,0.6168228166653945,0.0,0.0
2009-12-11,0.0,0.0,0.0,0.0,0.3810074938571873,0.0,0.0,0.6189925061428128,0.0,0.0
2009-12-14,0.0,0.0,0.0,0.0,0.37940118503514497,0.0,0.0,0.6205988149648549,0.0,0.0
2009-12-15,0.0,0.0,0.0,0.0,0.3797439451329409,0.0,0.0,0.620256054867059,0.0,0.0
2009-12-16,0.0,0.0,0.0,0.0,0.37938473336868744,0.0,0.0,0.6206152666313125,0.0,0.0
2009-12-17,0.0,0.0,0.0,0.0,0.38431816467982444,0.0,0.0,0.6156818353201755,0.0,0.0
2009-12-18,0.0,0.0,0.0,0.0,0.3818157309855941,0.0,0.0,0.6181842690144058,0.0,0.0
2009-12-21,0.0,0.0,0.0,0.0,0.3770088857276911,0.0,0.0,0.6229911142723089,0.0,0.0
2009-12-22,0.0,0.0,0.0,0.0,0.3751199388224129,0.0,0.0,0.624880061177587,0.0,0.0
2009-12-23,0.0,0.0,0.0,0.0,0.3745543474846215,0.0,0.0,0.6254456525153785,0.0,0.0
2009-12-24,0.0,0.0,0.0,0.0,0.37260933216340375,0.0,0.0,0.6273906678365964,0.0,0.0
2009-12-28,0.0,0.0,0.0,0.0,0.3714805377041237,0.0,0.0,0.6285194622958763,0.0,0.0
2009-12-29,0.0,0.0,0.0,0.0,0.3724285018620764,0.0,0.0,0.6275714981379237,0.0,0.0
2009-12-30,0.0,0.0,0.0,0.0,0.37293212519221136,0.0,0.0,0.6270678748077887,0.0,0.0
2009-12-31,0.0,0.0,0.0,0.0,0.3740557750790217,0.0,0.0,0.6259442249209783,0.0,0.0
2010-01-04,0.0,0.0,0.0,0.0,0.37070521288114405,0.0,0.0,0.6292947871188559,0.0,0.0
2010-01-05,0.0,0.0,0.0,0.0,0.37111044691489153,0.0,0.0,0.6288895530851083,0.0,0.0
2010-01-06,0.0,0.0,0.0,0.0,0.3700031887072568,0.0,0.0,0.6299968112927432,0.0,0.0
2010-01-07,0.0,0.0,0.0,0.0,0.3690218037492342,0.0,0.0,0.6309781962507657,0.0,0.0
2010-01-08,0.0,0.0,0.0,0.0,0.3685364513798883,0.0,0.0,0.6314635486201117,0.0,0.0
2010-01-11,0.0,0.0,0.0,0.0,0.3683688159479348,0.0,0.0,0.6316311840520652,0.0,0.0
2010-01-12,0.0,0.0,0.0,0.0,0.3722241563170858,0.0,0.0,0.6277758436829142,0.0,0.0
2010-01-13,0.0,0.0,0.0,0.0,0.36914055592534023,0.0,0.0,0.6308594440746599,0.0,0.0
2010-01-14,0.0,0.0,0.0,0.0,0.3696052299268717,0.0,0.0,0.6303947700731283,0.0,0.0
2010-01-15,0.0,0.0,0.0,0.0,0.3732798448541333,0.0,0.0,0.6267201551458667,0.0,0.0
2010-01-19,0.0,0.0,0.0,0.0,0.3699648356518518,0.0,0.0,0.6300351643481483,0.0,0.0
2010-01-20,0.0,0.0,0.0,0.0,0.37315517791717595,0.0,0.0,0.626844822082824,0.0,0.0
2010-01-21,0.0,0.0,0.0,0.0,0.37856673091434107,0.0,0.0,0.621433269085659,0.0,0.0
2010-01-22,0.0,0.0,0.0,0.0,0.3840934396974127,0.0,0.0,0.6159065603025873,0.0,0.0
2010-01-25,0.0,0.0,0.0,0.0,0.38236241041579255,0.0,0.0,0.6176375895842076,0.0,0.0
2010-01-26,0.0,0.0,0.0,0.0,0.3838248963599431,0.0,0.0,0.6161751036400569,0.0,0.0
2010-01-27,0.0,0.0,0.0,0.0,0.3821549347401864,0.0,0.0,0.6178450652598135,0.0,0.0
2010-01-28,0.0,0.0,0.0,0.0,0.38480443723191277,0.0,0.0,0.6151955627680873,0.0,0.0
2010-01-29,0.0,0.0,0.0,0.0,0.38831271080183044,0.0,0.0,0.6116872891981696,0.0,0.0
2010-02-01,0.0,0.0,0.0,0.0,0.38384106488444053,0.0,0.0,0.6161589351155594,0.0,0.0
2010-02-02,0.0,0.0,0.0,0.0,0.38139218274319814,0.0,0.0,0.6186078172568019,0.0,0.0
2010-02-03,0.0,0.0,0.0,0.0,0.38144360303996777,0.0,0.0,0.6185563969600323,0.0,0.0
2010-02-04,0.0,0.0,0.0,0.0,0.39081998732886203,0.0,0.0,0.609180012671138,0.0,0.0
2010-02-05,0.0,0.0,0.0,0.0,0.3910896320643606,0.0,0.0,0.6089103679356394,0.0,0.0
2010-02-08,0.0,0.0,0.0,0.0,0.3926063731706341,0.0,0.0,0.6073936268293659,0.0,0.0
2010-02-09,0.0,0.0,0.0,0.0,0.38834703181597563,0.0,0.0,0.6116529681840244,0.0,0.0
2010-02-10,0.0,0.0,0.0,0.0,0.38815400977890363,0.0,0.0,0.6118459902210964,0.0,0.0
2010-02-11,0.0,0.0,0.0,0.0,0.3853946316404768,0.0,0.0,0.6146053683595232,0.0,0.0
2010-02-12,0.0,0.0,0.0,0.0,0.3861446368020434,0.0,0.0,0.6138553631979565,0.0,0.0
2010-02-16,0.0,0.0,0.0,0.0,0.3829743599180693,0.0,0.0,0.6170256400819306,0.0,0.0
2010-02-17,0.0,0.0,0.0,0.0,0.38060095695128654,0.0,0.0,0.6193990430487135,0.0,0.0
2010-02-18,0.0,0.0,0.0,0.0,0.3783763744474978,0.0,0.0,0.6216236255525023,0.0,0.0
2010-02-19,0.0,0.0,0.0,0.0,0.37802052130348496,0.0,0.0,0.621979478696515,0.0,0.0
2010-02-22,0.0,0.0,0.0,0.0,0.37779468575597563,0.0,0.0,0.6222053142440243,0.0,0.0
2010-02-23,0.0,0.0,0.0,0.0,0.38245726740933955,0.0,0.0,0.6175427325906605,0.0,0.0
2010-02-24,0.0,0.0,0.0,0.0,0.3804278851251764,0.0,0.0,0.6195721148748236,0.0,0.0
2010-02-25,0.0,0.0,0.0,0.0,0.38160822346632073,0.0,0.0,0.6183917765336793,0.0,0.0
2010-02-26,0.0,0.0,0.0,0.0,0.3818235910607432,0.0,0.0,0.6181764089392568,0.0,0.0
2010-03-01,0.0,0.0,0.0,0.0,0.3796325493108225,0.0,0.0,0.6203674506891774,0.0,0.0
2010-03-02,0.0,0.0,0.0,0.0,0.3791113333795131,0.0,0.0,0.6208886666204869,0.0,0.0
2010-03-03,0.0,0.0,0.0,0.0,0.37866767690496433,0.0,0.0,0.6213323230950356,0.0,0.0
2010-03-04,0.0,0.0,0.0,0.0,0.37837190661509096,0.0,0.0,0.621628093384909,0.0,0.0
2010-03-05,0.0,0.0,0.0,0.0,0.37392596030569597,0.0,0.0,0.626074039694304,0.0,0.0
2010-03-08,0.0,0.0,0.0,0.0,0.37326183123049483,0.0,0.0,0.6267381687695052,0.0,0.0
2010-03-09,0.0,0.0,0.0,0.0,0.3734704692402604,0.0,0.0,0.6265295307597397,0.0,0.0
2010-03-10,0.0,0.0,0.0,0.0,0.3720418348493594,0.0,0.0,0.6279581651506406,0.0,0.0
2010-03-11,0.0,0.0,0.0,0.0,0.37086158510588235,0.0,0.0,0.6291384148941176,0.0,0.0
2010-03-12,0.0,0.0,0.0,0.0,0.37120417655363647,0.0,0.0,0.6287958234463635,0.0,0.0
2010-03-15,0.0,0.0,0.0,0.0,0.3711435510826011,0.0,0.0,0.628856448917399,0.0,0.0
2010-03-16,0.0,0.0,0.0,0.0,0.3701967120682808,0.0,0.0,0.6298032879317192,0.0,0.0
2010-03-17,0.0,0.0,0.0,0.0,0.369102811222372,0.0,0.0,0.630897188777628,0.0,0.0
2010-03-18,0.0,0.0,0.0,0.0,0.36860445366338107,0.0,0.0,0.631395546336619,0.0,0.0
2010-03-19,0.0,0.0,0.0,0.0,0.3694765213801545,0.0,0.0,0.6305234786198455,0.0,0.0
2010-03-22,0.0,0.0,0.0,0.0,0.3690080951423398,0.0,0.0,0.6309919048576601,0.0,0.0
2010-03-23,0.0,0.0,0.0,0.0,0.36688945860086936,0.0,0.0,0.6331105413991307,0.0,0.0
2010-03-24,0.0,0.0,0.0,0.0,0.3656952586076922,0.0,0.0,0.6343047413923079,0.0,0.0
2010-03-25,0.0,0.0,0.0,0.0,0.3652156470158649,0.0,0.0,0.634784352984135,0.0,0.0
2010-03-26,0.0,0.0,0.0,0.0,0.3659005086943003,0.0,0.0,0.6340994913056998,0.0,0.0
2010-03-29,0.0,0.0,0.0,0.0,0.3640965528445787,0.0,0.0,0.6359034471554212,0.0,0.0
2010-03-30,0.0,0.0,0.0,0.0,0.364172117527992,0.0,0.0,0.635827882472008,0.0,0.0
2010-03-31,0.0,0.0,0.0,0.0,0.3655074957033549,0.0,0.0,0.6344925042966452,0.0,0.0
2010-04-01,0.0,0.0,0.0,0.0,0.36344822391998166,0.0,0.0,0.6365517760800183,0.0,0.0
2010-04-05,0.0,0.0,0.0,0.0,0.35949239775089215,0.0,0.0,0.6405076022491077,0.0,0.0
2010-04-06,0.0,0.0,0.0,0.0,0.35962733417958903,0.0,0.0,0.640372665820411,0.0,0.0
2010-04-07,0.0,0.0,0.0,0.0,0.36237773978418353,0.0,0.0,0.6376222602158165,0.0,0.0
2010-04-08,0.0,0.0,0.0,0.0,0.36131991751025616,0.0,0.0,0.6386800824897438,0.0,0.0
2010-04-09,0.0,0.0,0.0,0.0,0.3600695098429726,0.0,0.0,0.6399304901570273,0.0,0.0
2010-04-12,0.0,0.0,0.0,0.0,0.36032372816736635,0.0,0.0,0.6396762718326336,0.0,0.0
2010-04-13,0.0,0.0,0.0,0.0,0.3605886966843342,0.0,0.0,0.6394113033156659,0.0,0.0
2010-04-14,0.0,0.0,0.0,0.0,0.3573738558925085,0.0,0.0,0.6426261441074916,0.0,0.0
2010-04-15,0.0,0.0,0.0,0.0,0.3575702387039006,0.0,0.0,0.6424297612960994,0.0,0.0
2010-04-16,0.0,0.0,0.0,0.0,0.3626541678440986,0.0,0.0,0.6373458321559013,0.0,0.0
2010-04-19,0.0,0.0,0.0,0.0,0.3612195076424414,0.0,0.0,0.6387804923575586,0.0,0.0
2010-04-20,0.0,0.0,0.0,0.0,0.3592730141936639,0.0,0.0,0.640726985806336,0.0,0.0
2010-04-21,0.0,0.0,0.0,0.0,0.360435737237442,0.0,0.0,0.6395642627625581,0.0,0.0
2010-04-22,0.0,0.0,0.0,0.0,0.359211685059889,0.0,0.0,0.640788314940111,0.0,0.0
2010-04-23,0.0,0.0,0.0,0.0,0.35707534470200547,0.0,0.0,0.6429246552979945,0.0,0.0
2010-04-26,0.0,0.0,0.0,0.0,0.3580982668920616,0.0,0.0,0.6419017331079383,0.0,0.0
2010-04-27,0.0,0.0,0.0,0.0,0.36577947438016145,0.0,0.0,0.6342205256198387,0.0,0.0
2010-04-28,0.0,0.0,0.0,0.0,0.36284635394814646,0.0,0.0,0.6371536460518534,0.0,0.0
2010-04-29,0.0,0.0,0.0,0.0,0.3603866978337956,0.0,0.0,0.6396133021662043,0.0,0.0
2010-04-30,0.0,0.0,0.0,0.0,0.36574891767441564,0.0,0.0,0.6342510823255844,0.0,0.0
2010-05-03,0.0,0.0,0.0,0.0,0.3621602571215128,0.0,0.0,0.6378397428784872,0.0,0.0
2010-05-04,0.0,0.0,0.0,0.0,0.3692430354746791,0.0,0.0,0.6307569645253208,0.0,0.0
2010-05-05,0.0,0.0,0.0,0.0,0.3715331862319513,0.0,0.0,0.6284668137680487,0.0,0.0
2010-05-06,0.0,0.0,0.0,0.0,0.38202580335017366,0.0,0.0,0.6179741966498262,0.0,0.0
2010-05-07,0.0,0.0,0.0,0.0,0.38492677380893153,0.0,0.0,0.6150732261910684,0.0,0.0
2010-05-10,0.0,0.0,0.0,0.0,0.3729853789513012,0.0,0.0,0.6270146210486988,0.0,0.0
2010-05-11,0.0,0.0,0.0,0.0,0.37393294457623144,0.0,0.0,0.6260670554237686,0.0,0.0
2010-05-12,0.0,0.0,0.0,0.0,0.37009911543250523,0.0,0.0,0.6299008845674947,0.0,0.0
2010-05-13,0.0,0.0,0.0,0.0,0.37366113441211396,0.0,0.0,0.6263388655878861,0.0,0.0
2010-05-14,0.0,0.0,0.0,0.0,0.3794617412465991,0.0,0.0,0.6205382587534009,0.0,0.0
2010-05-17,0.0,0.0,0.0,0.0,0.37882502651812405,0.0,0.0,0.621174973481876,0.0,0.0
2010-05-18,0.0,0.0,0.0,0.0,0.38377278903198186,0.0,0.0,0.6162272109680181,0.0,0.0
2010-05-19,0.0,0.0,0.0,0.0,0.38532895609062834,0.0,0.0,0.6146710439093717,0.0,0.0
2010-05-20,0.0,0.0,0.0,0.0,0.3968002407633831,0.0,0.0,0.603199759236617,0.0,0.0
2010-05-21,0.0,0.0,0.0,0.0,0.39346432744513454,0.0,0.0,0.6065356725548654,0.0,0.0
2010-05-24,0.0,0.0,0.0,0.0,0.3965505512402102,0.0,0.0,0.6034494487597898,0.0,0.0
2010-05-25,0.0,0.0,0.0,0.0,0.39712469618828344,0.0,0.0,0.6028753038117167,0.0,0.0
2010-05-26,0.0,0.0,0.0,0.0,0.398086727463758,0.0,0.0,0.6019132725362419,0.0,0.0
2010-05-27,0.0,0.0,0.0,0.0,0.38794708431224273,0.0,0.0,0.6120529156877574,0.0,0.0
2010-05-28,0.0,0.0,0.0,0.0,0.39202745239997505,0.0,0.0,0.607972547600025,0.0,0.0
2010-06-01,0.013810677861969628,2.1614025362589414e-17,0.0,0.08418446789151446,0.4012114040933691,0.0,0.08872284679019905,0.19775546025174243,0.21431514311120525,0.0
2010-06-02,0.013935457097241468,2.230411253729986e-17,0.0,0.0838414304349468,0.3977297334307963,0.0,0.09055218744389301,0.20229730932354695,0.21164388226957537,0.0
2010-06-03,0.01403659188698954,2.2262249330641894e-17,0.0,0.08271164981324966,0.3978637347394437,0.0,0.09157321189930233,0.203348507747024,0.21046630391399068,0.0
2010-06-04,0.01358343169458928,2.144320848989023e-17,0.0,0.08346399968785752,0.4028496568556956,0.0,0.08831864079070056,0.19594497424025809,0.2158392967308989,0.0
2010-06-07,0.013597007109765805,2.1090281514521082e-17,0.0,0.08499963879005779,0.40412925452326415,0.0,0.08663610542117078,0.19333484980302842,0.21730314435271295,0.0
2010-06-08,0.013714457777641884,2.15880302054547e-17,0.0,0.08471165869086662,0.403143309599084,0.0,0.08653556949772644,0.19553238732467504,0.216362617110006,0.0
2010-06-09,0.013808939826006686,2.152042011745626e-17,0.0,0.0845909045928137,0.404080559553762,0.0,0.08600145878549162,0.19491861047807116,0.21659952676385488,0.0
2010-06-10,0.014044523978266187,2.2279209514656147e-17,0.0,0.08350506972916884,0.4004709468763324,0.0,0.08848625548602726,0.20068794142925842,0.2128052625009471,0.0
2010-06-11,0.013954729953197326,2.2221182051467223e-17,0.0,0.08358207533612821,0.39989238031808116,0.0,0.08863798827730861,0.2000991662400097,0.2138336598752749,0.0
2010-06-14,0.014021151401035483,2.227182931040446e-17,0.0,0.08346485773813621,0.4003574899635023,0.0,0.08879759783749876,0.200192786151378,0.2131661169084492,0.0
2010-06-15,0.014171612658451174,2.2806759040866533e-17,0.0,0.08393005101970104,0.39672715465146186,0.0,0.09063387678610638,0.20352049576322298,0.21101680912105664,0.0
2010-06-16,0.014172357383673229,2.2757114198122918e-17,0.0,0.08329051666033895,0.3969700722538081,0.0,0.09080450828671355,0.20300502456366568,0.21175752085180058,0.0
2010-06-17,0.014103849365055952,2.252365797329836e-17,0.0,0.08393194931708693,0.39673731499752274,0.0,0.09061414061306983,0.20225831072883113,0.2123544349784334,0.0
2010-06-18,0.01408210881941994,2.2631138641001917e-17,0.0,0.0845927237650347,0.39602876786050295,0.0,0.09071130167459769,0.20252655301602113,0.21205854486442366,0.0
2010-06-21,0.014081763614792962,2.311462026091409e-17,0.0,0.08324472666479735,0.3973191495732709,0.0,0.09029989102871686,0.2027560884152289,0.21229838070319307,0.0
2010-06-22,0.014028267585714668,2.2635263441391857e-17,0.0,0.08384655073191766,0.3990754765251428,0.0,0.08946242475451996,0.19909613627335435,0.21449114412935047,0.0
2010-06-23,0.013776091290703809,2.2662355171610317e-17,0.0,0.08338634617072162,0.40000907103558586,0.0,0.0889720491287435,0.19820491981908775,0.21565152255515743,0.0
2010-06-24,0.013890691956596889,2.2396500587217223e-17,0.0,0.08413117018989842,0.4020765932602048,0.0,0.08814719843569545,0.1960942241220829,0.2156601220355215,0.0
2010-06-25,0.01409293943476156,2.2579158994473996e-17,0.0,0.08483677867731655,0.4012638295727452,0.0,0.08784682815902868,0.19620573141445136,0.21575389274169662,0.0
2010-06-28,0.013904861834666023,2.2365552745307228e-17,0.0,0.08346252249295498,0.4030473212349813,0.0,0.08730603629869174,0.1950726148664327,0.2172066432722733,0.0
2010-06-29,0.013596455000150784,2.1577093332259672e-17,0.0,0.08405266079008912,0.4070414861964385,0.0,0.08440644805448802,0.19010389062554564,0.22079905933328783,0.0
2010-06-30,0.013656268705139547,2.1447968763175624e-17,0.0,0.08439369317991594,0.40791270510723726,0.0,0.08317804179070015,0.1884248878351884,0.22243440338181864,0.0
2010-07-01,0.013505810159241783,2.169706641690241e-17,0.0,0.08152847298316376,0.4095060722046824,0.0,0.08330497430762766,0.18840073248426073,0.2237539378610237,0.0
2010-07-02,0.013518095772909767,2.1850375990686306e-17,0.0,0.08276947637416938,0.40992005767882833,0.0,0.08330266089744401,0.18789829136596908,0.22259141791067938,0.0
2010-07-06,0.013516279163793356,2.218976863955009e-17,0.0,0.08114577692088168,0.4096953924348852,0.0,0.08331066732354102,0.1885710236657456,0.22376086049115312,0.0
2010-07-07,0.01374111435897444,2.2548487590991853e-17,0.0,0.08151891792418504,0.40603421780132304,0.0,0.08547065664173789,0.19337985753634304,0.2198552357374365,0.0
2010-07-08,0.01387080536132771,2.266285796012182e-17,0.0,0.08117804304868992,0.4051482158841568,0.0,0.0859575869414661,0.19533954298081588,0.21850580578354345,0.0
2010-07-09,0.013885240531945415,2.2920410955688573e-17,0.0,0.08191048530295747,0.40376566485509946,0.0,0.08670666983676871,0.19664407113667468,0.21708786833655427,0.0
2010-07-12,0.013725784282775157,2.273437965794061e-17,0.0,0.08119557655937817,0.4044027917161229,0.0,0.08694960102335862,0.19674974906950246,0.21697649734886276,0.0
2010-07-13,0.01393072996557085,2.2971532891844556e-17,0.0,0.08180664784447683,0.40193284082154007,0.0,0.08797467225500555,0.1994873655890215,0.21486774352438534,0.0
2010-07-14,0.01384282362611248,2.2822390033210996e-17,0.0,0.08139667783174459,0.40211453278536147,0.0,0.08802254225486796,0.1985701622173739,0.2160532612845396,0.0
2010-07-15,0.013912849410353274,2.2613505358966332e-17,0.0,0.08098835980112173,0.4024030922657121,0.0,0.08770979391893526,0.19774525340124052,0.21724065120263714,0.0
2010-07-16,0.013816918317047133,2.206445776791561e-17,0.0,0.08038021552521882,0.4070572358371286,0.0,0.08577761682960813,0.19340834818192584,0.2195596653090714,0.0
2010-07-19,0.0138208566114111,2.238234714549039e-17,0.0,0.07982799057220633,0.4064812652668857,0.0,0.08661620613617982,0.1947834434162793,0.21847023799703777,0.0
2010-07-20,0.013868917371712737,2.280087236323274e-17,0.0,0.08008565972126215,0.405000265210732,0.0,0.08725145945134694,0.1960213371836624,0.21777236106128384,0.0
2010-07-21,0.013804516772308515,2.2523902814561032e-17,0.0,0.0793823073517535,0.4067919776181006,0.0,0.08588950476111508,0.19309854301348922,0.22103315048323294,0.0
2010-07-22,0.014042423604230967,2.3143751110497925e-17,0.0,0.07986220187015837,0.4034814750268651,0.0,0.0878303367143891,0.19688576186360418,0.2178978009207523,0.0
2010-07-23,0.014025713607823972,2.3347180920422316e-17,0.0,0.07948875631346614,0.4029502676328785,0.0,0.08855706279104489,0.1989770480957098,0.2160011515590766,0.0
2010-07-26,0.013986556086019104,2.3461336729010424e-17,0.0,0.07894800902878225,0.4020575113565226,0.0,0.08911778327810468,0.2006670525857205,0.21522308766485093,0.0
2010-07-27,0.013906983040020944,2.3540431139395784e-17,0.0,0.07796763501571649,0.4026985912758278,0.0,0.08953102542223192,0.20166632807357315,0.21422943717262957,0.0
2010-07-28,0.013954243525942078,2.339415653658444e-17,0.0,0.0781017635945912,0.4041686091468413,0.0,0.0887590465300301,0.20023298245408366,0.2147833547485116,0.0
2010-07-29,0.014158988702151659,2.3440988831941123e-17,0.0,0.07847532346384543,0.4051359862056446,0.0,0.08813010869814442,0.19931706093520746,0.2147825319950064,0.0
2010-07-30,0.014248965492414927,2.3393788662966287e-17,0.0,0.07875729329934304,0.40472097991005807,0.0,0.08771926341256053,0.1979189026733139,0.21663459521230946,0.0
2010-08-02,0.012045133803131661,5.358178422654487e-18,0.0,0.06074364608718417,0.3980038097924271,1.3180792338258317e-17,0.046632786982370854,0.24493101704990564,0.2376436062849805,0.0
2010-08-03,0.012060535299940956,5.3215175098176926e-18,0.0,0.06084954289079472,0.3990176932578863,1.3047171623606705e-17,0.04633343721421729,0.24323563877178275,0.23850315256537782,0.0
2010-08-04,0.012174580283782783,5.333893635128525e-18,0.0,0.06128792034280924,0.39771789581786904,1.3196294656047253e-17,0.046844405445596954,0.24508289724547916,0.2368923008644628,0.0
2010-08-05,0.012084923151867185,5.295518385826457e-18,0.0,0.06125749275190144,0.39854194909925994,1.3005618318723284e-17,0.04660761131103664,0.24415708923342108,0.23735093445251368,0.0
2010-08-06,0.011923576923271874,5.264425936874427e-18,0.0,0.0614329520350463,0.39936326897669333,1.2870624941005677e-17,0.04633063320415279,0.24207871682995183,0.23887085203088396,0.0
2010-08-09,0.011959082586443756,5.289535924047469e-18,0.0,0.06117568174737231,0.399099136597057,1.3006960128380918e-17,0.04662643764114967,0.24326010550445862,0.2378795559235187,0.0
2010-08-10,0.011821168105349918,5.212606603693171e-18,0.0,0.06129588453644415,0.4007796620538727,1.2751298204598704e-17,0.04618139440080281,0.24174266193137856,0.2381792289721518,0.0
2010-08-11,0.011588823499083955,5.061074352402151e-18,0.0,0.0612700893718376,0.4042134511591175,1.2285631854758163e-17,0.045055014626079526,0.23579947000281928,0.24207315134106216,0.0
2010-08-12,0.011533633602509622,5.083943249659654e-18,0.0,0.062189226664945155,0.40430231192200555,1.2258268984653596e-17,0.044822063860437245,0.23500568563777102,0.24214707831233132,0.0
2010-08-13,0.011480611193820994,5.092630659754324e-18,0.0,0.0619429392803431,0.4045356050592458,1.2074411674349744e-17,0.044338546903700406,0.23344443884816413,0.24425785871472555,0.0
2010-08-16,0.011337119790304093,5.091860196804275e-18,0.0,0.06187199946526691,0.4036322542085766,1.2056825901710007e-17,0.04400017333812451,0.23114219859032584,0.24801625460740193,0.0
2010-08-17,0.011498250233640608,5.144618184592561e-18,0.0,0.06187552743089944,0.4015451111469168,1.2263086847112659e-17,0.04455507094135982,0.23395621121880347,0.24656982902837976,0.0
2010-08-18,0.011440519073106434,5.135484477673564e-18,0.0,0.062052958760954735,0.4007136898758466,1.2287338053115754e-17,0.044684742349971995,0.2341363564517244,0.24697173348839574,0.0
2010-08-19,0.011314109425592307,5.091426297793951e-18,0.0,0.0620867901687356,0.4021606885157787,1.1940491969162082e-17,0.04396966391702683,0.22986349110290763,0.250605256869959,0.0
2010-08-20,0.011272099150558762,5.089620550918608e-18,0.0,0.06202918306384244,0.401885638297708,1.1982935864984922e-17,0.04414161500943844,0.2297064119966028,0.2509650524818495,0.0
2010-08-23,0.011206064497295656,5.048275352093032e-18,0.0,0.06198696946870178,0.40278087536036916,1.1830980494467396e-17,0.04374876954751648,0.2290376556978744,0.25123966542824255,0.0
2010-08-24,0.011043931736644587,4.967917500365289e-18,0.0,0.06208990114487895,0.4046876468992982,1.165861231064829e-17,0.04279646518168476,0.22492356871206756,0.254458486325426,0.0
2010-08-25,0.011108598433988872,4.9397042189609024e-18,0.0,0.06265619517991518,0.40317658662770844,1.184411203969371e-17,0.04324305735543157,0.22597926235622265,0.25383630004673324,0.0
2010-08-26,0.01121169912090353,4.898398005782589e-18,0.0,0.06231821722826983,0.4041610028433184,1.1731310015207423e-17,0.04263306869800968,0.22399232325173635,0.25568368885776227,0.0
2010-08-27,0.011492187412485502,5.044691210453219e-18,0.0,0.06282630812910531,0.4026078612924132,1.213100187638076e-17,0.04348587512190498,0.22922173847367527,0.2503660295704157,0.0
2010-08-30,0.011425765122139768,4.941308681695375e-18,0.0,0.06252253432594242,0.40405909577311083,1.1817753933332224e-17,0.04285933054241386,0.22499045611228796,0.2541428181241051,0.0
2010-08-31,0.011218213914767195,4.946744761653378e-18,0.0,0.06281839589012211,0.40387060279926673,1.1736480362206925e-17,0.042502769941554296,0.22388864702434524,0.25570137042994456,0.0
2010-09-01,0.01144290950822933,5.1219121548170126e-18,0.0,0.06263059291588209,0.4010447956868796,1.2193388089286184e-17,0.04378312481893929,0.2306329797897701,0.25046559728029955,0.0
2010-09-02,0.011538694089785726,5.137198784870258e-18,0.0,0.06302087159806309,0.3998889796216854,1.2343940409861e-17,0.04432950748069658,0.23308200500955656,0.2481399422002126,0.0
2010-09-03,0.011619945165503,5.206991859147078e-18,0.0,0.06291036633983156,0.398304727744573,1.2586878470345263e-17,0.04514380419825656,0.23652313527115196,0.245498021280684,0.0
2010-09-07,0.011614583343898697,5.102336988724018e-18,0.0,0.06298503014846835,0.39918051406943283,1.227818734722792e-17,0.044585545007112044,0.23253166342963466,0.24910266400145334,0.0
2010-09-08,0.011650025798791663,5.162308333841611e-18,0.0,0.06304555596123398,0.3984316822233358,1.2361034392840038e-17,0.04516180789055229,0.23437066905182719,0.24734025907425905,0.0
2010-09-09,0.011670986164612596,5.230690016656443e-18,0.0,0.06292134152658814,0.3982497915745043,1.2461233904564415e-17,0.045676300781088315,0.2372124336283274,0.24426914632487914,0.0
2010-09-10,0.011801138134740718,5.252951885866476e-18,0.0,0.06305291204691355,0.3973753688650612,1.250911595300806e-17,0.0458752366815718,0.23857488720587114,0.24332045706584166,0.0
2010-09-13,0.011812010031845413,5.344290148404545e-18,0.0,0.0625952915097928,0.3967245229660603,1.2731909386239267e-17,0.04621931169101982,0.2396944007121066,0.24295446308917487,0.0
2010-09-14,0.011780761124518679,5.3117763059640014e-18,0.0,0.06347153594126119,0.39648140917874997,1.2605995205279166e-17,0.046153912936955276,0.2381982867069881,0.24391409411152679,0.0
2010-09-15,0.011806199502742556,5.339743762074449e-18,0.0,0.06367623074084744,0.396632131587756,1.272685673382616e-17,0.04662557077610068,0.2400335391730744,0.241226328219479,0.0
2010-09-16,0.011785151245851394,5.330481897221392e-18,0.0,0.06424603693271605,0.39657649834697634,1.268759622304795e-17,0.04696851396776859,0.2407767535682308,0.2396470459384568,0.0
2010-09-17,0.011800721280495368,5.310607577433023e-18,0.0,0.06406431126685548,0.39663755774194637,1.2713489207473913e-17,0.04702825341804601,0.24035889098373864,0.24011026530891816,0.0
2010-09-20,0.011809541528442682,5.355027733882736e-18,0.0,0.06376345964890584,0.3949457890340124,1.2970637509860524e-17,0.0475008429065515,0.2422461436516539,0.23973422323043378,0.0
2010-09-21,0.011603279517093376,5.302130362503348e-18,0.0,0.06390008379354982,0.39586962829006733,1.2805879133477496e-17,0.047162302580192175,0.24008450483494947,0.24138020098414784,0.0
2010-09-22,0.011654013753249126,5.29715007498696e-18,0.0,0.06389234283129513,0.3958276626992204,1.2633465228719276e-17,0.046960208807847445,0.2385163014923069,0.243149470416081,0.0
2010-09-23,0.01167135843623234,5.266474356582978e-18,0.0,0.06398355935860449,0.3966411456161789,1.248845738019432e-17,0.04697072089312547,0.23673178186343247,0.2440014338324263,0.0
2010-09-24,0.011839009820829378,5.358547454234477e-18,0.0,0.06411912131552011,0.39429210732449543,1.2882143948995524e-17,0.04787984212200752,0.24138030391406545,0.2404896155030821,0.0
2010-09-27,0.01169225212651924,5.318248837275882e-18,0.0,0.06376760912967765,0.3950693860671625,1.2775990925606357e-17,0.04734725220884926,0.2388505978459904,0.24327290262180076,0.0
2010-09-28,0.011641436533472372,5.333611706389915e-18,0.0,0.0640566313423697,0.3946628439318485,1.2846108366789228e-17,0.04712239043344135,0.23864490255554882,0.24387179520331914,0.0
2010-09-29,0.011820620555857232,5.363740092919356e-18,0.0,0.06425162456023928,0.3945995599566182,1.291138999840164e-17,0.047152359764383055,0.2387671187781812,0.24340871638472109,0.0
2010-09-30,0.011907637185733412,5.403230963798411e-18,0.0,0.06432865941435131,0.3947177872572165,1.289843130286814e-17,0.047012886913197015,0.2384178958322355,0.24361513339726626,0.0
2010-10-01,0.0,0.0,0.0,0.0,0.39912198534997795,0.0,0.0,0.600878014650022,0.0,0.0
2010-10-04,0.0,0.0,0.0,0.0,0.4017788923926841,0.0,0.0,0.598221107607316,0.0,0.0
2010-10-05,0.0,0.0,0.0,0.0,0.3970459000355364,0.0,0.0,0.6029540999644636,0.0,0.0
2010-10-06,0.0,0.0,0.0,0.0,0.3986073866161322,0.0,0.0,0.6013926133838678,0.0,0.0
2010-10-07,0.0,0.0,0.0,0.0,0.3991369728482486,0.0,0.0,0.6008630271517513,0.0,0.0
2010-10-08,0.0,0.0,0.0,0.0,0.39789202221147646,0.0,0.0,0.6021079777885235,0.0,0.0
2010-10-11,0.0,0.0,0.0,0.0,0.3979053316197666,0.0,0.0,0.6020946683802334,0.0,0.0
2010-10-12,0.0,0.0,0.0,0.0,0.3964728858249164,0.0,0.0,0.6035271141750835,0.0,0.0
2010-10-13,0.0,0.0,0.0,0.0,0.39462066075327484,0.0,0.0,0.6053793392467252,0.0,0.0
2010-10-14,0.0,0.0,0.0,0.0,0.3941859635585156,0.0,0.0,0.6058140364414843,0.0,0.0
2010-10-15,0.0,0.0,0.0,0.0,0.39266243423836805,0.0,0.0,0.607337565761632,0.0,0.0
2010-10-18,0.0,0.0,0.0,0.0,0.39262215064587674,0.0,0.0,0.6073778493541233,0.0,0.0
2010-10-19,0.0,0.0,0.0,0.0,0.3965901275536089,0.0,0.0,0.6034098724463912,0.0,0.0
2010-10-20,0.0,0.0,0.0,0.0,0.3941226710702603,0.0,0.0,0.6058773289297396,0.0,0.0
2010-10-21,0.0,0.0,0.0,0.0,0.3922749770632396,0.0,0.0,0.6077250229367605,0.0,0.0
2010-10-22,0.0,0.0,0.0,0.0,0.3919038625558781,0.0,0.0,0.6080961374441218,0.0,0.0
2010-10-25,0.0,0.0,0.0,0.0,0.39112812185180185,0.0,0.0,0.6088718781481982,0.0,0.0
2010-10-26,0.0,0.0,0.0,0.0,0.38949619196466745,0.0,0.0,0.6105038080353326,0.0,0.0
2010-10-27,0.0,0.0,0.0,0.0,0.3887961107693634,0.0,0.0,0.6112038892306367,0.0,0.0
2010-10-28,0.0,0.0,0.0,0.0,0.39013815425306997,0.0,0.0,0.6098618457469301,0.0,0.0
2010-10-29,0.0,0.0,0.0,0.0,0.3910200102438296,0.0,0.0,0.6089799897561703,0.0,0.0
2010-11-01,0.0,0.0,0.0,0.0,0.390540811697907,0.0,0.0,0.609459188302093,0.0,0.0
2010-11-02,0.0,0.0,0.0,0.0,0.38945805955579144,0.0,0.0,0.6105419404442086,0.0,0.0
2010-11-03,0.0,0.0,0.0,0.0,0.389274509624657,0.0,0.0,0.610725490375343,0.0,0.0
2010-11-04,0.0,0.0,0.0,0.0,0.3866559239091095,0.0,0.0,0.6133440760908904,0.0,0.0
2010-11-05,0.0,0.0,0.0,0.0,0.38476705424960606,0.0,0.0,0.6152329457503939,0.0,0.0
2010-11-08,0.0,0.0,0.0,0.0,0.3852826437477419,0.0,0.0,0.6147173562522581,0.0,0.0
2010-11-09,0.0,0.0,0.0,0.0,0.3849807374568568,0.0,0.0,0.6150192625431432,0.0,0.0
2010-11-10,0.0,0.0,0.0,0.0,0.3849156974038017,0.0,0.0,0.6150843025961983,0.0,0.0
2010-11-11,0.0,0.0,0.0,0.0,0.3855463431795602,0.0,0.0,0.6144536568204397,0.0,0.0
2010-11-12,0.0,0.0,0.0,0.0,0.38639448683903327,0.0,0.0,0.6136055131609668,0.0,0.0
2010-11-15,0.0,0.0,0.0,0.0,0.3836664476698891,0.0,0.0,0.6163335523301109,0.0,0.0
2010-11-16,0.0,0.0,0.0,0.0,0.389146840688402,0.0,0.0,0.610853159311598,0.0,0.0
2010-11-17,0.0,0.0,0.0,0.0,0.38834278749218715,0.0,0.0,0.6116572125078128,0.0,0.0
2010-11-18,0.0,0.0,0.0,0.0,0.3843171680373577,0.0,0.0,0.6156828319626423,0.0,0.0
2010-11-19,0.0,0.0,0.0,0.0,0.3841547694776236,0.0,0.0,0.6158452305223765,0.0,0.0
2010-11-22,0.0,0.0,0.0,0.0,0.3856151157835328,0.0,0.0,0.6143848842164673,0.0,0.0
2010-11-23,0.0,0.0,0.0,0.0,0.38956210589799584,0.0,0.0,0.6104378941020042,0.0,0.0
2010-11-24,0.0,0.0,0.0,0.0,0.3835270975361405,0.0,0.0,0.6164729024638594,0.0,0.0
2010-11-26,0.0,0.0,0.0,0.0,0.38732717495159036,0.0,0.0,0.6126728250484096,0.0,0.0
2010-11-29,0.0,0.0,0.0,0.0,0.38712106469946705,0.0,0.0,0.6128789353005328,0.0,0.0
2010-11-30,0.0,0.0,0.0,0.0,0.38887362884418947,0.0,0.0,0.6111263711558106,0.0,0.0
2010-12-01,0.0,0.0,0.0,0.0,0.3807583030189146,0.0,0.0,0.6192416969810854,0.0,0.0
2010-12-02,0.0,0.0,0.0,0.0,0.3771746287879633,0.0,0.0,0.6228253712120367,0.0,0.0
2010-12-03,0.0,0.0,0.0,0.0,0.3765674156929102,0.0,0.0,0.6234325843070898,0.0,0.0
2010-12-06,0.0,0.0,0.0,0.0,0.37828206145570376,0.0,0.0,0.6217179385442962,0.0,0.0
2010-12-07,0.0,0.0,0.0,0.0,0.37422408465898616,0.0,0.0,0.6257759153410138,0.0,0.0
2010-12-08,0.0,0.0,0.0,0.0,0.3713649807656656,0.0,0.0,0.6286350192343343,0.0,0.0
2010-12-09,0.0,0.0,0.0,0.0,0.3709534014844705,0.0,0.0,0.6290465985155295,0.0,0.0
2010-12-10,0.0,0.0,0.0,0.0,0.3676179092324245,0.0,0.0,0.6323820907675756,0.0,0.0
2010-12-13,0.0,0.0,0.0,0.0,0.3682137000086419,0.0,0.0,0.6317862999913582,0.0,0.0
2010-12-14,0.0,0.0,0.0,0.0,0.3655436482480993,0.0,0.0,0.6344563517519007,0.0,0.0
2010-12-15,0.0,0.0,0.0,0.0,0.36565490079711926,0.0,0.0,0.6343450992028807,0.0,0.0
2010-12-16,0.0,0.0,0.0,0.0,0.3656892608626548,0.0,0.0,0.6343107391373451,0.0,0.0
2010-12-17,0.0,0.0,0.0,0.0,0.36743001304762973,0.0,0.0,0.6325699869523703,0.0,0.0
2010-12-20,0.0,0.0,0.0,0.0,0.3668453777188989,0.0,0.0,0.6331546222811012,0.0,0.0
2010-12-21,0.0,0.0,0.0,0.0,0.36587269771925124,0.0,0.0,0.6341273022807489,0.0,0.0
2010-12-22,0.0,0.0,0.0,0.0,0.3645103734660274,0.0,0.0,0.6354896265339726,0.0,0.0
2010-12-23,0.0,0.0,0.0,0.0,0.36402497482881546,0.0,0.0,0.6359750251711845,0.0,0.0
2010-12-27,0.0,0.0,0.0,0.0,0.3648241768173472,0.0,0.0,0.6351758231826529,0.0,0.0
2010-12-28,0.0,0.0,0.0,0.0,0.3620499555955939,0.0,0.0,0.6379500444044061,0.0,0.0
2010-12-29,0.0,0.0,0.0,0.0,0.36447059310373786,0.0,0.0,0.6355294068962621,0.0,0.0
2010-12-30,0.0,0.0,0.0,0.0,0.3643677815259388,0.0,0.0,0.6356322184740612,0.0,0.0
2010-12-31,0.0,0.0,0.0,0.0,0.36547633079546893,0.0,0.0,0.6345236692045312,0.0,0.0
2011-01-03,0.0,0.0,0.0,0.0,0.3623789898289874,0.0,0.0,0.6376210101710127,0.0,0.0
2011-01-04,0.0,0.0,0.0,0.0,0.3630493250432564,0.0,0.0,0.6369506749567436,0.0,0.0
2011-01-05,0.0,0.0,0.0,0.0,0.35935402717223147,0.0,0.0,0.6406459728277685,0.0,0.0
2011-01-06,0.0,0.0,0.0,0.0,0.36099544912330284,0.0,0.0,0.6390045508766972,0.0,0.0
2011-01-07,0.0,0.0,0.0,0.0,0.3629800212173621,0.0,0.0,0.6370199787826379,0.0,0.0
2011-01-10,0.0,0.0,0.0,0.0,0.36405899788145885,0.0,0.0,0.6359410021185411,0.0,0.0
2011-01-11,0.0,0.0,0.0,0.0,0.3623305057054741,0.0,0.0,0.6376694942945259,0.0,0.0
2011-01-12,0.0,0.0,0.0,0.0,0.3595929440442913,0.0,0.0,0.6404070559557086,0.0,0.0
2011-01-13,0.0,0.0,0.0,0.0,0.36151795198884473,0.0,0.0,0.6384820480111553,0.0,0.0
2011-01-14,0.0,0.0,0.0,0.0,0.3592165777669619,0.0,0.0,0.6407834222330381,0.0,0.0
2011-01-18,0.0,0.0,0.0,0.0,0.35826120333273437,0.0,0.0,0.6417387966672655,0.0,0.0
2011-01-19,0.0,0.0,0.0,0.0,0.3611199104741781,0.0,0.0,0.6388800895258219,0.0,0.0
2011-01-20,0.0,0.0,0.0,0.0,0.3596268753374949,0.0,0.0,0.6403731246625052,0.0,0.0
2011-01-21,0.0,0.0,0.0,0.0,0.359871039993488,0.0,0.0,0.6401289600065119,0.0,0.0
2011-01-24,0.0,0.0,0.0,0.0,0.3585902836110396,0.0,0.0,0.6414097163889603,0.0,0.0
2011-01-25,0.0,0.0,0.0,0.0,0.35961956736357936,0.0,0.0,0.6403804326364206,0.0,0.0
2011-01-26,0.0,0.0,0.0,0.0,0.35733177402783517,0.0,0.0,0.6426682259721649,0.0,0.0
2011-01-27,0.0,0.0,0.0,0.0,0.3576248946767854,0.0,0.0,0.6423751053232145,0.0,0.0
2011-01-28,0.0,0.0,0.0,0.0,0.36273944349319376,0.0,0.0,0.6372605565068064,0.0,0.0
2011-01-31,0.0,0.0,0.0,0.0,0.3601023865586726,0.0,0.0,0.6398976134413275,0.0,0.0
2011-02-01,0.0,0.0,0.0,0.0,0.35538260717190817,0.0,0.0,0.6446173928280919,0.0,0.0
2011-02-02,0.0,0.0,0.0,0.0,0.35527948797511083,0.0,0.0,0.6447205120248892,0.0,0.0
2011-02-03,0.0,0.0,0.0,0.0,0.35346282529856904,0.0,0.0,0.6465371747014309,0.0,0.0
2011-02-04,0.0,0.0,0.0,0.0,0.3514053971177679,0.0,0.0,0.648594602882232,0.0,0.0
2011-02-07,0.0,0.0,0.0,0.0,0.34988699616766117,0.0,0.0,0.6501130038323387,0.0,0.0
2011-02-08,0.0,0.0,0.0,0.0,0.3472926885852725,0.0,0.0,0.6527073114147276,0.0,0.0
2011-02-09,0.0,0.0,0.0,0.0,0.34909791441928856,0.0,0.0,0.6509020855807114,0.0,0.0
2011-02-10,0.0,0.0,0.0,0.0,0.34826782426622227,0.0,0.0,0.6517321757337777,0.0,0.0
2011-02-11,0.0,0.0,0.0,0.0,0.34795783273739656,0.0,0.0,0.6520421672626034,0.0,0.0
2011-02-14,0.0,0.0,0.0,0.0,0.34748724102055595,0.0,0.0,0.652512758979444,0.0,0.0
2011-02-15,0.0,0.0,0.0,0.0,0.34872109316721905,0.0,0.0,0.6512789068327809,0.0,0.0
2011-02-16,0.0,0.0,0.0,0.0,0.3469722674879281,0.0,0.0,0.6530277325120719,0.0,0.0
2011-02-17,0.0,0.0,0.0,0.0,0.34713322151925297,0.0,0.0,0.652866778480747,0.0,0.0
2011-02-18,0.0,0.0,0.0,0.0,0.34661210074670307,0.0,0.0,0.6533878992532969,0.0,0.0
2011-02-22,0.0,0.0,0.0,0.0,0.3534095416420458,0.0,0.0,0.6465904583579541,0.0,0.0
2011-02-23,0.0,0.0,0.0,0.0,0.35425334658664415,0.0,0.0,0.6457466534133558,0.0,0.0
2011-02-24,0.0,0.0,0.0,0.0,0.3550011086996789,0.0,0.0,0.6449988913003212,0.0,0.0
2011-02-25,0.0,0.0,0.0,0.0,0.35330398200910695,0.0,0.0,0.6466960179908932,0.0,0.0
2011-02-28,0.0,0.0,0.0,0.0,0.3517962869842172,0.0,0.0,0.6482037130157828,0.0,0.0
2011-03-01,0.0,0.0,0.0,0.0,0.3559004749925624,0.0,0.0,0.6440995250074376,0.0,0.0
2011-03-02,0.0,0.0,0.0,0.0,0.35420494183859114,0.0,0.0,0.6457950581614089,0.0,0.0
2011-03-03,0.0,0.0,0.0,0.0,0.3487592026142798,0.0,0.0,0.6512407973857202,0.0,0.0
2011-03-04,0.0,0.0,0.0,0.0,0.3520958903216826,0.0,0.0,0.6479041096783174,0.0,0.0
2011-03-07,0.0,0.0,0.0,0.0,0.3533286132193157,0.0,0.0,0.6466713867806844,0.0,0.0
2011-03-08,0.0,0.0,0.0,0.0,0.35079855907952573,0.0,0.0,0.6492014409204743,0.0,0.0
2011-03-09,0.0,0.0,0.0,0.0,0.35245468559796783,0.0,0.0,0.6475453144020321,0.0,0.0
2011-03-10,0.0,0.0,0.0,0.0,0.3586752989619444,0.0,0.0,0.6413247010380556,0.0,0.0
2011-03-11,0.0,0.0,0.0,0.0,0.3565493809249352,0.0,0.0,0.6434506190750648,0.0,0.0
2011-03-14,0.0,0.0,0.0,0.0,0.35845600364601354,0.0,0.0,0.6415439963539864,0.0,0.0
2011-03-15,0.0,0.0,0.0,0.0,0.36194654823288325,0.0,0.0,0.6380534517671168,0.0,0.0
2011-03-16,0.0,0.0,0.0,0.0,0.36824236464219345,0.0,0.0,0.6317576353578066,0.0,0.0
2011-03-17,0.0,0.0,0.0,0.0,0.3644788860409223,0.0,0.0,0.6355211139590777,0.0,0.0
2011-03-18,0.0,0.0,0.0,0.0,0.3634914862909724,0.0,0.0,0.6365085137090276,0.0,0.0
2011-03-21,0.0,0.0,0.0,0.0,0.35874349398641947,0.0,0.0,0.6412565060135806,0.0,0.0
2011-03-22,0.0,0.0,0.0,0.0,0.35966548626885714,0.0,0.0,0.6403345137311428,0.0,0.0
2011-03-23,0.0,0.0,0.0,0.0,0.35871388828226436,0.0,0.0,0.6412861117177356,0.0,0.0
2011-03-24,0.0,0.0,0.0,0.0,0.35535249094709576,0.0,0.0,0.6446475090529044,0.0,0.0
2011-03-25,0.0,0.0,0.0,0.0,0.35404087651883603,0.0,0.0,0.6459591234811639,0.0,0.0
2011-03-28,0.0,0.0,0.0,0.0,0.35467253448870206,0.0,0.0,0.6453274655112979,0.0,0.0
2011-03-29,0.0,0.0,0.0,0.0,0.3524791808839938,0.0,0.0,0.6475208191160062,0.0,0.0
2011-03-30,0.0,0.0,0.0,0.0,0.35169451482311714,0.0,0.0,0.648305485176883,0.0,0.0
2011-03-31,0.0,0.0,0.0,0.0,0.35141617750682724,0.0,0.0,0.6485838224931728,0.0,0.0
2011-04-01,0.0,0.0,0.0,0.0,0.3509416709487155,0.0,0.0,0.6490583290512845,0.0,0.0
2011-04-04,0.0,0.0,0.0,0.0,0.351267594275785,0.0,0.0,0.6487324057242149,0.0,0.0
2011-04-05,0.0,0.0,0.0,0.0,0.35015029524857216,0.0,0.0,0.6498497047514279,0.0,0.0
2011-04-06,0.0,0.0,0.0,0.0,0.3484521400614359,0.0,0.0,0.6515478599385641,0.0,0.0
2011-04-07,0.0,0.0,0.0,0.0,0.3490550396402121,0.0,0.0,0.650944960359788,0.0,0.0
2011-04-08,0.0,0.0,0.0,0.0,0.3491747541924757,0.0,0.0,0.6508252458075244,0.0,0.0
2011-04-11,0.0,0.0,0.0,0.0,0.35015681261420745,0.0,0.0,0.6498431873857925,0.0,0.0
2011-04-12,0.0,0.0,0.0,0.0,0.35314991411113106,0.0,0.0,0.646850085888869,0.0,0.0
2011-04-13,0.0,0.0,0.0,0.0,0.35405348621286964,0.0,0.0,0.6459465137871303,0.0,0.0
2011-04-14,0.0,0.0,0.0,0.0,0.35311701563422204,0.0,0.0,0.646882984365778,0.0,0.0
2011-04-15,0.0,0.0,0.0,0.0,0.3539544530627435,0.0,0.0,0.6460455469372565,0.0,0.0
2011-04-18,0.0,0.0,0.0,0.0,0.35710055030230803,0.0,0.0,0.6428994496976919,0.0,0.0
2011-04-19,0.0,0.0,0.0,0.0,0.3560802655185619,0.0,0.0,0.643919734481438,0.0,0.0
2011-04-20,0.0,0.0,0.0,0.0,0.35207936344347696,0.0,0.0,0.647920636556523,0.0,0.0
2011-04-21,0.0,0.0,0.0,0.0,0.3510884676160239,0.0,0.0,0.648911532383976,0.0,0.0
2011-04-25,0.0,0.0,0.0,0.0,0.35213075774290403,0.0,0.0,0.6478692422570961,0.0,0.0
2011-04-26,0.0,0.0,0.0,0.0,0.3511474143121043,0.0,0.0,0.6488525856878957,0.0,0.0
2011-04-27,0.0,0.0,0.0,0.0,0.3490137029533505,0.0,0.0,0.6509862970466495,0.0,0.0
2011-04-28,0.0,0.0,0.0,0.0,0.3491472822178181,0.0,0.0,0.650852717782182,0.0,0.0
2011-04-29,0.0,0.0,0.0,0.0,0.34907111403413404,0.0,0.0,0.6509288859658658,0.0,0.0
2011-05-02,0.0,0.0,0.0,0.0,0.4002959210295541,0.0,0.0,0.5997040789704459,0.0,0.0
2011-05-03,0.0,0.0,0.0,0.0,0.4017981071380449,0.0,0.0,0.598201892861955,0.0,0.0
2011-05-04,0.0,0.0,0.0,0.0,0.40400920254000366,0.0,0.0,0.5959907974599964,0.0,0.0
2011-05-05,0.0,0.0,0.0,0.0,0.4073945407327715,0.0,0.0,0.5926054592672285,0.0,0.0
2011-05-06,0.0,0.0,0.0,0.0,0.40645784834926757,0.0,0.0,0.5935421516507323,0.0,0.0
2011-05-09,0.0,0.0,0.0,0.0,0.4058795673626552,0.0,0.0,0.5941204326373447,0.0,0.0
2011-05-10,0.0,0.0,0.0,0.0,0.40266763173456155,0.0,0.0,0.5973323682654385,0.0,0.0
2011-05-11,0.0,0.0,0.0,0.0,0.4060774811882641,0.0,0.0,0.5939225188117359,0.0,0.0
2011-05-12,0.0,0.0,0.0,0.0,0.4044009987492594,0.0,0.0,0.5955990012507406,0.0,0.0
2011-05-13,0.0,0.0,0.0,0.0,0.4072016463721104,0.0,0.0,0.5927983536278896,0.0,0.0
2011-05-16,0.0,0.0,0.0,0.0,0.40932014602072647,0.0,0.0,0.5906798539792736,0.0,0.0
2011-05-17,0.0,0.0,0.0,0.0,0.4100638855129464,0.0,0.0,0.5899361144870537,0.0,0.0
2011-05-18,0.0,0.0,0.0,0.0,0.4065248959256066,0.0,0.0,0.5934751040743934,0.0,0.0
2011-05-19,0.0,0.0,0.0,0.0,0.4062039886761908,0.0,0.0,0.5937960113238092,0.0,0.0
2011-05-20,0.0,0.0,0.0,0.0,0.4087108682598707,0.0,0.0,0.5912891317401293,0.0,0.0
2011-05-23,0.0,0.0,0.0,0.0,0.411862651888918,0.0,0.0,0.5881373481110819,0.0,0.0
2011-05-24,0.0,0.0,0.0,0.0,0.41231722963198764,0.0,0.0,0.5876827703680124,0.0,0.0
2011-05-25,0.0,0.0,0.0,0.0,0.4115360834340459,0.0,0.0,0.5884639165659541,0.0,0.0
2011-05-26,0.0,0.0,0.0,0.0,0.41175723142073406,0.0,0.0,0.588242768579266,0.0,0.0
2011-05-27,0.0,0.0,0.0,0.0,0.4108053084473172,0.0,0.0,0.5891946915526828,0.0,0.0
2011-05-31,0.0,0.0,0.0,0.0,0.40867633214112065,0.0,0.0,0.5913236678588792,0.0,0.0
2011-06-01,0.0,0.0,0.0,0.0,0.4161700647271057,0.0,0.0,0.5838299352728943,0.0,0.0
2011-06-02,0.0,0.0,0.0,0.0,0.41497364713336016,0.0,0.0,0.5850263528666398,0.0,0.0
2011-06-03,0.0,0.0,0.0,0.0,0.4183574429444139,0.0,0.0,0.5816425570555861,0.0,0.0
2011-06-06,0.0,0.0,0.0,0.0,0.42079730080037414,0.0,0.0,0.5792026991996259,0.0,0.0
2011-06-07,0.0,0.0,0.0,0.0,0.42140094723615656,0.0,0.0,0.5785990527638434,0.0,0.0
2011-06-08,0.0,0.0,0.0,0.0,0.42295169401460464,0.0,0.0,0.5770483059853954,0.0,0.0
2011-06-09,0.0,0.0,0.0,0.0,0.42011848290045556,0.0,0.0,0.5798815170995445,0.0,0.0
2011-06-10,0.0,0.0,0.0,0.0,0.42431500828001295,0.0,0.0,0.575684991719987,0.0,0.0
2011-06-13,0.0,0.0,0.0,0.0,0.4235953222447279,0.0,0.0,0.5764046777552722,0.0,0.0
2011-06-14,0.0,0.0,0.0,0.0,0.4185791653683103,0.0,0.0,0.5814208346316897,0.0,0.0
2011-06-15,0.0,0.0,0.0,0.0,0.4255791552818498,0.0,0.0,0.5744208447181502,0.0,0.0
2011-06-16,0.0,0.0,0.0,0.0,0.42571851879463163,0.0,0.0,0.5742814812053684,0.0,0.0
2011-06-17,0.0,0.0,0.0,0.0,0.42481471018764333,0.0,0.0,0.5751852898123567,0.0,0.0
2011-06-20,0.0,0.0,0.0,0.0,0.4231924152748513,0.0,0.0,0.5768075847251487,0.0,0.0
2011-06-21,0.0,0.0,0.0,0.0,0.41954782889789016,0.0,0.0,0.58045217110211,0.0,0.0
2011-06-22,0.0,0.0,0.0,0.0,0.4209197958573876,0.0,0.0,0.5790802041426125,0.0,0.0
2011-06-23,0.0,0.0,0.0,0.0,0.42289964972511973,0.0,0.0,0.5771003502748803,0.0,0.0
2011-06-24,0.0,0.0,0.0,0.0,0.4267778670176806,0.0,0.0,0.5732221329823194,0.0,0.0
2011-06-27,0.0,0.0,0.0,0.0,0.42366042546503296,0.0,0.0,0.5763395745349671,0.0,0.0
2011-06-28,0.0,0.0,0.0,0.0,0.41824286848160547,0.0,0.0,0.5817571315183945,0.0,0.0
2011-06-29,0.0,0.0,0.0,0.0,0.4147094705368931,0.0,0.0,0.5852905294631068,0.0,0.0
2011-06-30,0.0,0.0,0.0,0.0,0.4115690225151259,0.0,0.0,0.5884309774848742,0.0,0.0
2011-07-01,4.9563381907141126e-17,2.741002291693845e-18,9.757193815248374e-18,0.09470126800638896,0.39764443392520293,1.0671127760062553e-17,0.0462000549759407,0.3184090279164276,0.14304521517603974,2.7774380182436804e-17
2011-07-05,5.00020899298965e-17,2.727436281545737e-18,9.655424799399944e-18,0.09602798463912963,0.3983308395439167,1.0648327435649424e-17,0.04622081190943122,0.3167045547089866,0.14271580919853574,2.7860978801722103e-17
2011-07-06,4.984563476366432e-17,2.7017479983127345e-18,9.567956202487923e-18,0.0965903794770832,0.3979229776290834,1.0661579391054052e-17,0.046242338210277074,0.31619867449976274,0.1430456301837935,2.7990725813304116e-17
2011-07-07,5.079012733256413e-17,2.7332586660958413e-18,9.630431162396936e-18,0.09654192092045903,0.3955556880476354,1.079921341517488e-17,0.04677699590998438,0.3188053062192383,0.1423200889026828,2.8282739270530516e-17
2011-07-08,5.050955737877506e-17,2.690012223778826e-18,9.468130764476246e-18,0.09681350210118807,0.3979571090013364,1.0685037245389464e-17,0.04643928475061906,0.31511086039027697,0.1436792437565794,2.811879815251334e-17
2011-07-11,5.014597544704068e-17,2.6160605785104274e-18,9.18610003025606e-18,0.0977237867405042,0.40119147174200626,1.046287628814815e-17,0.04561939354446726,0.3095618188874137,0.14590352908560847,2.7643701682673798e-17
2011-07-12,5.057674194480297e-17,2.5892798122810134e-18,9.122974297690383e-18,0.09846963646502406,0.4017068691795331,1.0402288395632384e-17,0.04526624063257789,0.3081783488586614,0.14637890486420355,2.7733650396612277e-17
2011-07-13,5.110604743828842e-17,2.6230752646810867e-18,9.229875163011853e-18,0.0990389053466155,0.4010936949395965,1.046204918815851e-17,0.045311553983550336,0.308233734405002,0.14632211132523562,2.7373530906630434e-17
2011-07-14,5.116722308769227e-17,2.6128058922197586e-18,9.211844948831183e-18,0.09997366664272889,0.40152048685731384,1.0365866942126446e-17,0.04509164950917259,0.3081956256588797,0.14521857133190497,2.7303979606849434e-17
2011-07-15,5.138213033919372e-17,2.6168245908849447e-18,9.200299182446642e-18,0.09993006942419021,0.4012818298126133,1.0386259202041479e-17,0.0454777785783093,0.30853169684116166,0.1447786253437254,2.747597580578431e-17
2011-07-18,5.1277257945221366e-17,2.595724361303108e-18,9.096486339761822e-18,0.10117015222461566,0.4024592685261405,1.0255736034714582e-17,0.04539468858074912,0.3070880663019069,0.14388782436658779,2.7380336189224303e-17
2011-07-19,5.115642188925708e-17,2.6091674546488195e-18,9.14789276579482e-18,0.09901514130969363,0.4002617601755507,1.0390703227559086e-17,0.046000381502618586,0.30919687102322274,0.14552584598891416,2.7564306727760908e-17
2011-07-20,5.148825293497711e-17,2.625356181824666e-18,9.286028361177528e-18,0.10020573757985322,0.39957726024105883,1.0406466498046065e-17,0.04595166127437791,0.310000294777055,0.14426504612765487,2.785354219235827e-17
2011-07-21,5.120975676905349e-17,2.665932103898947e-18,9.47829736485561e-18,0.0993899916188705,0.3971590377133582,1.049611567912462e-17,0.04623354513236152,0.3141377357257129,0.1430796898096969,2.8062307950411866e-17
2011-07-22,5.141806368057137e-17,2.653343554344074e-18,9.448895304445208e-18,0.09980763438857312,0.39704159680397555,1.046682566092143e-17,0.04652034453426501,0.31306051625662057,0.14356990801656577,2.808518491755447e-17
2011-07-25,5.1367185141242216e-17,2.6581207794340213e-18,9.42592132969821e-18,0.1009806316440781,0.3973235250402027,1.0383955239239917e-17,0.04660808549341308,0.31253236842569276,0.14255538939661333,2.7931632981850256e-17
2011-07-26,5.167292574909899e-17,2.6620608886536322e-18,9.464875326412734e-18,0.10106662139073663,0.39825353771792193,1.0285856400407268e-17,0.04663795725160268,0.3107804765692688,0.14326140707046986,2.7941590714634956e-17
2011-07-27,5.1765105959052507e-17,2.6378192955899655e-18,9.315080691541096e-18,0.10156631317604473,0.4010400492942748,1.0065230520914783e-17,0.04582658178675765,0.3070510450698815,0.14451601067304137,2.7392608562929018e-17
2011-07-28,5.15653479949657e-17,2.638496789838342e-18,9.287323391371556e-18,0.10158971044538301,0.4015837662776431,1.004288074342361e-17,0.04587808113404706,0.305974974435148,0.14497346770777897,2.740322200901915e-17
2011-07-29,5.083225661596013e-17,2.633641010237395e-18,9.254521240134474e-18,0.10159482560060767,0.4039743964543407,9.969342304945861e-18,0.045450371280055586,0.3020369118096838,0.14694349485531222,2.724112944343038e-17
2011-08-01,0.0,0.0,0.0,0.11553788409781615,0.4011885614114204,0.0,0.0,0.36467932256445795,0.11859423192630553,0.0
2011-08-02,0.0,0.0,0.0,0.1182360104226247,0.4045915196636469,0.0,0.0,0.3551056742013352,0.12206679571239332,0.0
2011-08-03,0.0,0.0,0.0,0.11792307479711076,0.403919593653044,0.0,0.0,0.3561510925303726,0.12200623901947273,0.0
2011-08-04,0.0,0.0,0.0,0.11820291310695029,0.4124052946289819,0.0,0.0,0.3420744323810049,0.12731735988306297,0.0
2011-08-05,0.0,0.0,0.0,0.11999666880508607,0.4109783303135094,0.0,0.0,0.34436629300852345,0.1246587078728811,0.0
2011-08-08,0.0,0.0,0.0,0.12497619768655224,0.4208715838609341,0.0,0.0,0.3245255626119665,0.12962665584054706,0.0
2011-08-09,0.0,0.0,0.0,0.123734161117541,0.41540672601544926,0.0,0.0,0.3332693039101524,0.12758980895685723,0.0
2011-08-10,0.0,0.0,0.0,0.1282502531429718,0.42134322623091286,0.0,0.0,0.3188819029995401,0.13152461762657508,0.0
2011-08-11,0.0,0.0,0.0,0.12560336720616963,0.41570397892251737,0.0,0.0,0.33363738458755376,0.12505526928375924,0.0
2011-08-12,0.0,0.0,0.0,0.12415493090211108,0.41567143468065204,0.0,0.0,0.33353406934531377,0.126639565071923,0.0
2011-08-15,0.0,0.0,0.0,0.12479610889641823,0.411837113294189,0.0,0.0,0.33870554635906325,0.12466123145032959,0.0
2011-08-16,0.0,0.0,0.0,0.12600791393869767,0.412655314929356,0.0,0.0,0.3349409043247179,0.12639586680722842,0.0
2011-08-17,0.0,0.0,0.0,0.12565500423896364,0.4131956974229501,0.0,0.0,0.3332682010989562,0.1278810972391302,0.0
2011-08-18,0.0,0.0,0.0,0.12896210248208287,0.41836879322061593,0.0,0.0,0.32121386781690386,0.13145523648039736,0.0
2011-08-19,0.0,0.0,0.0,0.130858284815266,0.41970280474510535,0.0,0.0,0.3166409931200921,0.13279791731953663,0.0
2011-08-22,0.0,0.0,0.0,0.1338941198104786,0.4178809456930843,0.0,0.0,0.31609524120283955,0.13212969329359767,0.0
2011-08-23,0.0,0.0,0.0,0.12863385582934964,0.41541442471425266,0.0,0.0,0.32588803402411165,0.13006368543228597,0.0
2011-08-24,0.0,0.0,0.0,0.1252677379752518,0.41424022373047437,0.0,0.0,0.33311715171916334,0.12737488657511048,0.0
2011-08-25,0.0,0.0,0.0,0.12586549174233297,0.417053243429776,0.0,0.0,0.32824657878413493,0.1288346860437561,0.0
2011-08-26,0.0,0.0,0.0,0.12817314367706606,0.4137921104993249,0.0,0.0,0.32935837532044915,0.12867637050315983,0.0
2011-08-29,0.0,0.0,0.0,0.12528976277282064,0.41009443729320816,0.0,0.0,0.3380194091967102,0.12659639073726095,0.0
2011-08-30,0.0,0.0,0.0,0.12782711861682255,0.4090380570787185,0.0,0.0,0.33571583145478573,0.1274189928496731,0.0
2011-08-31,0.0,0.0,0.0,0.12721471075733645,0.40877110708874487,0.0,0.0,0.33819589464261723,0.12581828751130153,0.0
2011-09-01,0.0,0.0,0.0,0.12700580949055304,0.4110051461234601,0.0,0.0,0.333822824085501,0.12816622030048572,0.0
2011-09-02,0.0,0.0,0.0,0.1304179040579518,0.4134355132084046,0.0,0.0,0.32424379808864273,0.13190278464500088,0.0
2011-09-06,0.0,0.0,0.0,0.13026482940620002,0.41427215200311246,0.0,0.0,0.3220974996942566,0.13336551889643095,0.0
2011-09-07,0.0,0.0,0.0,0.12609725064931854,0.4119824283373825,0.0,0.0,0.3311239991410553,0.13079632187224358,0.0
2011-09-08,0.0,0.0,0.0,0.1290629928633266,0.41271335755853306,0.0,0.0,0.3266645129403401,0.13155913663780025,0.0
2011-09-09,0.0,0.0,0.0,0.12904088018888987,0.41720119388539856,0.0,0.0,0.32000186060150126,0.1337560653242103,0.0
2011-09-12,0.0,0.0,0.0,0.12640775350883487,0.41673815424013194,0.0,0.0,0.3226970707227798,0.1341570215282534,0.0
2011-09-13,0.0,0.0,0.0,0.12759825310182957,0.4150260009261881,0.0,0.0,0.3252807811523482,0.13209496481963415,0.0
2011-09-14,0.0,0.0,0.0,0.12602897036644967,0.4132357731148433,0.0,0.0,0.3281726423995319,0.1325626141191751,0.0
2011-09-15,0.0,0.0,0.0,0.12420992791345019,0.4107463755492666,0.0,0.0,0.3343189033473875,0.13072479318989588,0.0
2011-09-16,0.0,0.0,0.0,0.12476183092646864,0.40953878919063946,0.0,0.0,0.33466402063828793,0.1310353592446039,0.0
2011-09-19,0.0,0.0,0.0,0.12276214795449278,0.4126446435066901,0.0,0.0,0.33113770541425963,0.13345550312455748,0.0
2011-09-20,0.0,0.0,0.0,0.12420427797036845,0.41217534343620366,0.0,0.0,0.32993577309440436,0.13368460549902356,0.0
2011-09-21,0.0,0.0,0.0,0.12328276775021117,0.41605455339358655,0.0,0.0,0.3218504061073343,0.13881227274886812,0.0
2011-09-22,0.0,0.0,0.0,0.12060639618828906,0.4218384865701377,0.0,0.0,0.3128681099117054,0.14468700732986786,0.0
2011-09-23,0.0,0.0,0.0,0.11526280423397187,0.4229574044908929,0.0,0.0,0.3182200054322793,0.14355978584285592,0.0
2011-09-26,0.0,0.0,0.0,0.11344627785176754,0.42039602222275246,0.0,0.0,0.32517029472419473,0.1409874052012854,0.0
2011-09-27,0.0,0.0,0.0,0.11554101805468688,0.4172314646233875,0.0,0.0,0.3285196926821239,0.1387078246398018,0.0
2011-09-28,0.0,0.0,0.0,0.11348650650356966,0.4214616555194971,0.0,0.0,0.32501235466278533,0.1400394833141478,0.0
2011-09-29,0.0,0.0,0.0,0.11403559147714364,0.4195263204556144,0.0,0.0,0.3260769018410332,0.14036118622620888,0.0
2011-09-30,0.0,0.0,0.0,0.11449173481442923,0.42290165014894243,0.0,0.0,0.31847314031554425,0.14413347472108412,0.0
2011-10-03,0.0,0.0,0.0,0.11648515969072347,0.42642536555538435,0.0,0.0,0.3091256284879683,0.1479638462659237,0.0
2011-10-04,0.0,0.0,0.0,0.11404579166570879,0.42411271413848894,0.0,0.0,0.31580094895113076,0.1460405452446715,0.0
2011-10-05,0.0,0.0,0.0,0.11486394704783702,0.42051538256268417,0.0,0.0,0.32025803418205573,0.14436263620742318,0.0
2011-10-06,0.0,0.0,0.0,0.11549692895501872,0.4171940724061547,0.0,0.0,0.3257445118149152,0.14156448682391135,0.0
2011-10-07,0.0,0.0,0.0,0.11528432577667029,0.41767559113082714,0.0,0.0,0.3256257844997883,0.14141429859271418,0.0
2011-10-10,0.0,0.0,0.0,0.11737082549167266,0.4102200369645631,0.0,0.0,0.33402460304451953,0.13838453449924454,0.0
2011-10-11,0.0,0.0,0.0,0.11648411786692194,0.4114193982421108,0.0,0.0,0.33422883917114277,0.1378676447198245,0.0
2011-10-12,0.0,0.0,0.0,0.11727549978688391,0.40987180675719714,0.0,0.0,0.3370394275186914,0.1358132659372276,0.0
2011-10-13,0.0,0.0,0.0,0.11639587462894885,0.4108407935272457,0.0,0.0,0.3358213173003199,0.13694201454348548,0.0
2011-10-14,0.0,0.0,0.0,0.1168921626264223,0.40778329046618955,0.0,0.0,0.34070911776230695,0.13461542914508115,0.0
2011-10-17,0.0,0.0,0.0,0.11657502916660756,0.41130228272016955,0.0,0.0,0.33489643610388664,0.13722625200933627,0.0
2011-10-18,0.0,0.0,0.0,0.11547370731694871,0.40894302302240704,0.0,0.0,0.3398467193013138,0.13573655035933035,0.0
2011-10-19,0.0,0.0,0.0,0.11462252858122637,0.4115695505712779,0.0,0.0,0.3374589016045714,0.1363490192429242,0.0
2011-10-20,0.0,0.0,0.0,0.11332524599135423,0.41148758102963284,0.0,0.0,0.33955966061823706,0.13562751236077578,0.0
2011-10-21,0.0,0.0,0.0,0.11395447345377978,0.4084772215920004,0.0,0.0,0.3441113126339215,0.13345699232029845,0.0
2011-10-24,0.0,0.0,0.0,0.11441772867900642,0.40611948194333947,0.0,0.0,0.3464885504183887,0.1329742389592655,0.0
2011-10-25,0.0,0.0,0.0,0.11726972731143522,0.40822496130681096,0.0,0.0,0.3386097512265579,0.13589556015519577,0.0
2011-10-26,0.0,0.0,0.0,0.11862858632241301,0.4054913631465815,0.0,0.0,0.3422718712140653,0.1336081793169402,0.0
2011-10-27,0.0,0.0,0.0,0.11967048021496267,0.39899282247474793,0.0,0.0,0.3527748235731819,0.1285618737371076,0.0
2011-10-28,0.0,0.0,0.0,0.119276603369059,0.39990377811151007,0.0,0.0,0.3513867580783578,0.12943286044107316,0.0
2011-10-31,0.0,0.0,0.0,0.11762353861289428,0.40509665309494736,0.0,0.0,0.34277114528223634,0.1345086630099221,0.0
2011-11-01,0.024199737492147096,5.918441403268822e-18,1.0793520555257692e-17,0.0928956040155275,0.4041732140157234,0.0,5.7283188211260915e-18,0.302646839522486,0.17608460495411604,2.4268272337957854e-17
2011-11-02,0.024280587508550545,6.0823948200854635e-18,1.0853988757679746e-17,0.09356078021050762,0.40205822294914323,0.0,5.760581596497867e-18,0.3067074552137672,0.17339295411803132,2.4663605104845948e-17
2011-11-03,0.024504365265767623,6.125700960766523e-18,1.1093319458355618e-17,0.09473994615743243,0.39893579683369074,0.0,5.861880200212473e-18,0.3113353449624472,0.1704845467806621,2.4926283985141624e-17
2011-11-04,0.024605638969303293,6.091311512950516e-18,1.0963659490104242e-17,0.09434516867434828,0.40048899498040186,0.0,5.8368823777932e-18,0.3097161977463499,0.17084399962959657,2.4747127209350647e-17
2011-11-07,0.024814362629757142,6.105743937197183e-18,1.0943319854738764e-17,0.0960386753352973,0.3985143459479722,0.0,5.842567530256878e-18,0.3097479494375859,0.1708846666493876,2.4601039031403244e-17
2011-11-08,0.0249537297398764,6.181987985862966e-18,1.1083423668549344e-17,0.09530793293341502,0.3969886365072493,0.0,5.913855976814952e-18,0.31393648581784134,0.16881321500161778,2.4937942607361552e-17
2011-11-09,0.02454818606178914,5.854810993465912e-18,1.0577646360837268e-17,0.09506873757183246,0.40289315738519343,0.0,5.7399205615066364e-18,0.3041494956571833,0.1733404233240016,2.3940077283063515e-17
2011-11-10,0.024576390822743467,5.906400756863643e-18,1.0726413097470786e-17,0.09476540451183224,0.4018229243324997,0.0,5.749659825252327e-18,0.3076975707296291,0.1711377096032953,2.3989082095501166e-17
2011-11-11,0.02469842799853439,6.020492300909147e-18,1.094245460027166e-17,0.0958767484597211,0.39810205626418826,0.0,5.830633585931176e-18,0.31202423171161364,0.16929853556594268,2.4519385193384865e-17
2011-11-14,0.024396661954647385,5.9284676058424855e-18,1.0731150668294517e-17,0.095307269602571,0.3999656992405126,0.0,5.785207703611007e-18,0.3085803272258329,0.171750041976436,2.4027435272669407e-17
2011-11-15,0.024546875954520028,5.959243400274791e-18,1.0690742203423467e-17,0.09529831475821565,0.399023160201918,0.0,5.843663609181428e-18,0.30978992506611697,0.17134172401922915,2.4182424307682204e-17
2011-11-16,0.024558689337705712,5.8160837900493935e-18,1.0517660352318404e-17,0.09456270294776699,0.4016730128995955,0.0,5.76430853432947e-18,0.30578564501162453,0.17341994980330716,2.4023224022630063e-17
2011-11-17,0.024124690962231167,5.7006916190008604e-18,1.046275172167249e-17,0.09265558163144583,0.404770214095812,0.0,5.6612358388084194e-18,0.3026433356318958,0.1758061776786152,2.371614148489716e-17
2011-11-18,0.024128470989119837,5.732251774008353e-18,1.0515918309140922e-17,0.09309471093871498,0.4039180796910294,0.0,5.626747708780853e-18,0.3028116658401017,0.17604707254103405,2.390567108209488e-17
2011-11-21,0.02409754383960203,5.581615879472442e-18,1.0312266082371019e-17,0.09135967311825526,0.4075075310558879,0.0,5.552707276964567e-18,0.29886192757610425,0.1781733244101506,2.3443389012531906e-17
2011-11-22,0.02417951868791659,5.583025574795152e-18,1.0249158241178429e-17,0.09207349336275343,0.40743624480780505,0.0,5.553154663465816e-18,0.2967291097166077,0.1795816334249171,2.325966148194172e-17
2011-11-23,0.023912125738075808,5.424351794735917e-18,1.0007602444712551e-17,0.09217675296604415,0.4104837986378747,0.0,5.449785720122983e-18,0.2913530312859418,0.1820742913720635,2.2649555615039573e-17
2011-11-25,0.023878638154179982,5.443395049624475e-18,1.0024322875551304e-17,0.09200265256799457,0.4106659408823864,0.0,5.444880904323314e-18,0.2927939130950982,0.18065885530034076,2.2905262049136443e-17
2011-11-28,0.023922170593862212,5.644732554865979e-18,1.0342563761436856e-17,0.09284228865687241,0.4064193150000823,0.0,5.5755445843191535e-18,0.29813149474115674,0.17868473100802632,2.317283099760065e-17
2011-11-29,0.024255540371166808,5.624679827223029e-18,1.042074554907377e-17,0.09306953371616368,0.4060265901763207,0.0,5.546141748876238e-18,0.2992610068299981,0.17738732890635076,2.3160076930449636e-17
2011-11-30,0.024314221122980293,5.920769027820157e-18,1.085239017081964e-17,0.09401046672742917,0.3999488319778716,0.0,5.698307851105431e-18,0.308713306202711,0.1730131739690079,2.4016537172526885e-17
2011-12-01,0.02426015727517501,5.911273811125472e-18,1.0774259677874565e-17,0.09386535170972353,0.40039268377667964,0.0,5.7457469241702104e-18,0.3090959324180412,0.17238587482038054,2.3852349072311764e-17
2011-12-02,0.02436831708640062,5.86862271450883e-18,1.072668224092973e-17,0.09357397213006112,0.4004722782542513,0.0,5.705382302871414e-18,0.3075207231761474,0.17406470935313956,2.3730276567820832e-17
2011-12-05,0.024206287727653514,5.957045594096326e-18,1.0835548984732335e-17,0.09208060603552654,0.3997389587441292,0.0,5.760610334669536e-18,0.3104797287028435,0.17349441878984723,2.3901467371960305e-17
2011-12-06,0.024386231016799268,5.8877039468394565e-18,1.0806428824165899e-17,0.09273841855752245,0.3994966373673386,0.0,5.7559631973108314e-18,0.31119745517415237,0.17218125788418734,2.3910555386594887e-17
2011-12-07,0.024078132186808,5.887510377373975e-18,1.0838663969671192e-17,0.09303475320100642,0.3996884010492932,0.0,5.732769384651149e-18,0.3110971734830806,0.17210154007981165,2.4074550511921793e-17
2011-12-08,0.023887444325532158,5.703249883552441e-18,1.053377214445562e-17,0.09159867873392426,0.403668508091354,0.0,5.663691578050085e-18,0.30574883621526655,0.17509653263392308,2.364241610320236e-17
2011-12-09,0.023996257747133203,5.823615421576146e-18,1.0805496274194186e-17,0.09191072809924346,0.4012459234682398,0.0,5.759549119889742e-18,0.31120073312273744,0.17164635756264607,2.4182435037402436e-17
2011-12-12,0.02378331852783646,5.6271258344210075e-18,1.0532038460150634e-17,0.08983302363637365,0.4042454121392114,0.0,5.717699245771673e-18,0.30788535033427117,0.17425289536230726,2.384829300407685e-17
2011-12-13,0.023910538485607157,5.582178440558533e-18,1.0402728590745194e-17,0.08798067475930552,0.40661524784118835,0.0,5.661953764276715e-18,0.30539460853260436,0.1760989303812946,2.3597893371719164e-17
2011-12-14,0.023111769992277573,5.513764488919613e-18,1.0301494909495028e-17,0.08507680009765303,0.40920225601294175,0.0,5.585653366823962e-18,0.30279608077705955,0.17981309312006816,2.378723762088184e-17
2011-12-15,0.023004629237473057,5.551464442000873e-18,1.0356293370124871e-17,0.0847947531943368,0.40899549076335046,0.0,5.5723317351511744e-18,0.3039963998707558,0.179208726934084,2.419349591227692e-17
2011-12-16,0.023045025759908435,5.5580632609675135e-18,1.0248827153984334e-17,0.08586615817042997,0.4083949437760065,0.0,5.565831799580472e-18,0.3025343804943947,0.18015949179926022,2.430800436163354e-17
2011-12-19,0.022936288175667487,5.413648643443433e-18,1.015206192506216e-17,0.0856555813891382,0.4097301746378436,0.0,5.510308981912219e-18,0.29925980704173233,0.18241814875561846,2.4094156754749428e-17
2011-12-20,0.023406180179002076,5.626458977413134e-18,1.0483971184211572e-17,0.08660652333416269,0.4050140843640694,0.0,5.659511748181284e-18,0.30754827258582934,0.1774249395369365,2.4763023734749774e-17
2011-12-21,0.02364198048437739,5.660863240719837e-18,1.045881931685264e-17,0.08695936753802629,0.40488515123743063,0.0,5.5948727169506785e-18,0.30904485258649295,0.17546864815367277,2.482684063619386e-17
2011-12-22,0.023588608453907034,5.716325719258705e-18,1.0517674864908814e-17,0.08604855111693738,0.40402017274236746,0.0,5.623545833951976e-18,0.31073141350999417,0.17561125417679394,2.5098821447965482e-17
2011-12-23,0.023716172444105368,5.741945166474736e-18,1.0596410350411693e-17,0.08624631942188014,0.4025935241675625,0.0,5.6753094702443655e-18,0.3136872769660503,0.1737567070004017,2.5222292480780455e-17
2011-12-27,0.023806481809066426,5.68314336876813e-18,1.0542637239261676e-17,0.08541968246425821,0.40256573624897474,0.0,5.69286906507781e-18,0.3137365749947936,0.1744715244829069,2.5318934292790905e-17
2011-12-28,0.02354363776285861,5.592017296785067e-18,1.0360224801750454e-17,0.08334412418082826,0.40542151606687143,0.0,5.631391851916484e-18,0.3098569360286844,0.17783378596075716,2.5034885371508033e-17
2011-12-29,0.02352646211487359,5.635223822048189e-18,1.0511655925949514e-17,0.0826560976305387,0.4044196213153546,0.0,5.650908335437712e-18,0.31189958069154333,0.1774982382476897,2.516246909712783e-17
2011-12-30,0.02346016144331085,5.6321740694620164e-18,1.0548769182354528e-17,0.0834519549221218,0.4053013127220695,0.0,5.627251943882312e-18,0.30995280615951226,0.1778337647529855,2.5021102204004443e-17
2012-01-03,0.0,0.0,0.0,0.0,0.3946895854941507,0.0,0.0,0.6053104145058493,0.0,0.0
2012-01-04,0.0,0.0,0.0,0.0,0.3935629728962454,0.0,0.0,0.6064370271037546,0.0,0.0
2012-01-05,0.0,0.0,0.0,0.0,0.3929741306998514,0.0,0.0,0.6070258693001487,0.0,0.0
2012-01-06,0.0,0.0,0.0,0.0,0.39452383382753864,0.0,0.0,0.6054761661724614,0.0,0.0
2012-01-09,0.0,0.0,0.0,0.0,0.3939905151258535,0.0,0.0,0.6060094848741466,0.0,0.0
2012-01-10,0.0,0.0,0.0,0.0,0.3914541968393878,0.0,0.0,0.6085458031606122,0.0,0.0
2012-01-11,0.0,0.0,0.0,0.0,0.3927082912566878,0.0,0.0,0.6072917087433122,0.0,0.0
2012-01-12,0.0,0.0,0.0,0.0,0.39163899267110275,0.0,0.0,0.6083610073288973,0.0,0.0
2012-01-13,0.0,0.0,0.0,0.0,0.39393930272917665,0.0,0.0,0.6060606972708235,0.0,0.0
2012-01-17,0.0,0.0,0.0,0.0,0.39324061225949436,0.0,0.0,0.6067593877405056,0.0,0.0
2012-01-18,0.0,0.0,0.0,0.0,0.3898763594850137,0.0,0.0,0.6101236405149864,0.0,0.0
2012-01-19,0.0,0.0,0.0,0.0,0.38720246534859726,0.0,0.0,0.6127975346514027,0.0,0.0
2012-01-20,0.0,0.0,0.0,0.0,0.3855046801483565,0.0,0.0,0.6144953198516435,0.0,0.0
2012-01-23,0.0,0.0,0.0,0.0,0.3855937582644381,0.0,0.0,0.6144062417355619,0.0,0.0
2012-01-24,0.0,0.0,0.0,0.0,0.386136620844247,0.0,0.0,0.6138633791557531,0.0,0.0
2012-01-25,0.0,0.0,0.0,0.0,0.38529504503093776,0.0,0.0,0.6147049549690622,0.0,0.0
2012-01-26,0.0,0.0,0.0,0.0,0.3877778858486492,0.0,0.0,0.6122221141513507,0.0,0.0
2012-01-27,0.0,0.0,0.0,0.0,0.3886059045757638,0.0,0.0,0.6113940954242362,0.0,0.0
2012-01-30,0.0,0.0,0.0,0.0,0.39022711058224013,0.0,0.0,0.6097728894177599,0.0,0.0
2012-01-31,0.0,0.0,0.0,0.0,0.39121370814433826,0.0,0.0,0.6087862918556618,0.0,0.0
2012-02-01,0.05511589626689352,0.0,4.45033435619328e-17,0.05689053463567349,0.39903420541085033,3.298494132322727e-17,7.367279474577497e-17,0.2828631654692274,0.20609619821735511,0.0
2012-02-02,0.055167742110101295,0.0,4.452610681182349e-17,0.05730077621805381,0.3989749851190402,3.3121083411961206e-17,7.378670291545108e-17,0.2828686694066365,0.2056878271461682,0.0
2012-02-03,0.05604828616350026,0.0,4.54089175799912e-17,0.05638997874740185,0.39744731293308955,3.3982761706884116e-17,7.510767352931431e-17,0.28801685240263725,0.20209756975337087,0.0
2012-02-06,0.056154867428663414,0.0,4.505308599583033e-17,0.056065024683629464,0.3973363168691491,3.3769612688734177e-17,7.482000111385376e-17,0.28695298511660716,0.20349080590195062,0.0
2012-02-07,0.056315502102115465,0.0,4.5491906494969386e-17,0.057113047918737045,0.3961833851059179,3.386952748197928e-17,7.52442110684189e-17,0.2887042948613943,0.20168377001183505,0.0
2012-02-08,0.0565132770155622,0.0,4.5603928260923747e-17,0.056649405243372905,0.3959543421289308,3.390752859173352e-17,7.556412441833454e-17,0.289255830577898,0.201627145034236,0.0
2012-02-09,0.056918952780052254,0.0,4.580950434349426e-17,0.056596375371468895,0.39580609289312635,3.3804368924467114e-17,7.625450921706307e-17,0.2901750673399175,0.2005035116154349,0.0
2012-02-10,0.056279141500312,0.0,4.4857103576592054e-17,0.05619539679917422,0.397298492959635,3.3278876782426964e-17,7.55805738343262e-17,0.2874964582608233,0.2027305104800553,0.0
2012-02-13,0.05628262789978434,0.0,4.5262214306567096e-17,0.05618504232576771,0.3960842326487454,3.362817904625085e-17,7.609977386828805e-17,0.28894318451354295,0.20250491261215942,0.0
2012-02-14,0.056184975350259986,0.0,4.486395252806479e-17,0.05597660438870304,0.3963631623421877,3.343067606190354e-17,7.618723265244482e-17,0.28818064446984865,0.20329461344900052,0.0
2012-02-15,0.056431477416332615,0.0,4.495368546297391e-17,0.056357577214064494,0.3970116550368375,3.318234533498221e-17,7.572325626051995e-17,0.28708920051405645,0.2031100898187088,0.0
2012-02-16,0.05668972453047678,0.0,4.557646481965858e-17,0.05632251792761564,0.3952177770775706,3.380812041526295e-17,7.676318315617667e-17,0.29027758716821167,0.20149239329612514,0.0
2012-02-17,0.05659192642369426,0.0,4.577866202503921e-17,0.05610541815903487,0.3948093168950431,3.3804531298460656e-17,7.652302273909867e-17,0.2910498484535737,0.20144349006865386,0.0
2012-02-21,0.057560936657901664,0.0,4.585186888282078e-17,0.05741698516532747,0.39393568419429953,3.362341166310999e-17,7.684881815752339e-17,0.29159015521827275,0.19949623876419836,0.0
2012-02-22,0.0578459627645678,0.0,4.552192413870579e-17,0.05781341612338219,0.39379097211844016,3.321504572580489e-17,7.61714803516442e-17,0.2894075861370836,0.20114206285652608,0.0
2012-02-23,0.05790465938485656,0.0,4.5805103715252876e-17,0.05772221402931955,0.3935498264492835,3.3643014963781894e-17,7.652034530131974e-17,0.2900914021873273,0.200731897949213,0.0
2012-02-24,0.05812237142789744,0.0,4.5973584556580545e-17,0.057324912867554395,0.3929327851458855,3.3499856157241935e-17,7.660574803391373e-17,0.29005168269773746,0.20156824786092514,0.0
2012-02-27,0.05748378239293629,0.0,4.5606383536307923e-17,0.056981382235122544,0.39308764616076597,3.334529509792565e-17,7.648920147483638e-17,0.28968925542509777,0.20275793378607726,0.0
2012-02-28,0.057410372729655254,0.0,4.5987137129573636e-17,0.05752143462595543,0.39290533298962654,3.322520419548594e-17,7.719298725603225e-17,0.2902615733811183,0.20190128627364437,0.0
2012-02-29,0.05761048442394781,0.0,4.5718335429032176e-17,0.05486606622035651,0.39417924384245,3.296580559628115e-17,7.74041584838938e-17,0.2912183818293107,0.20212582368393484,0.0
2012-03-01,0.0,0.0,0.0,0.0,0.39798250538200175,0.0,0.0,0.6020174946179983,0.0,0.0
2012-03-02,0.0,0.0,0.0,0.0,0.3996754987800664,0.0,0.0,0.6003245012199336,0.0,0.0
2012-03-05,0.0,0.0,0.0,0.0,0.4001759185297818,0.0,0.0,0.5998240814702182,0.0,0.0
2012-03-06,0.0,0.0,0.0,0.0,0.4047263367592697,0.0,0.0,0.5952736632407303,0.0,0.0
2012-03-07,0.0,0.0,0.0,0.0,0.4025950118457693,0.0,0.0,0.5974049881542308,0.0,0.0
2012-03-08,0.0,0.0,0.0,0.0,0.39950735326607356,0.0,0.0,0.6004926467339265,0.0,0.0
2012-03-09,0.0,0.0,0.0,0.0,0.3983985575128571,0.0,0.0,0.601601442487143,0.0,0.0
2012-03-12,0.0,0.0,0.0,0.0,0.39831238889574183,0.0,0.0,0.6016876111042582,0.0,0.0
2012-03-13,0.0,0.0,0.0,0.0,0.3923224253463624,0.0,0.0,0.6076775746536376,0.0,0.0
2012-03-14,0.0,0.0,0.0,0.0,0.3898340206472648,0.0,0.0,0.6101659793527352,0.0,0.0
2012-03-15,0.0,0.0,0.0,0.0,0.3883923779631511,0.0,0.0,0.6116076220368488,0.0,0.0
2012-03-16,0.0,0.0,0.0,0.0,0.3879944424860215,0.0,0.0,0.6120055575139784,0.0,0.0
2012-03-19,0.0,0.0,0.0,0.0,0.385606071000829,0.0,0.0,0.614393928999171,0.0,0.0
2012-03-20,0.0,0.0,0.0,0.0,0.3864130498051508,0.0,0.0,0.6135869501948491,0.0,0.0
2012-03-21,0.0,0.0,0.0,0.0,0.38800801055381284,0.0,0.0,0.6119919894461872,0.0,0.0
2012-03-22,0.0,0.0,0.0,0.0,0.39002728006857046,0.0,0.0,0.6099727199314295,0.0,0.0
2012-03-23,0.0,0.0,0.0,0.0,0.39013806778121524,0.0,0.0,0.6098619322187847,0.0,0.0
2012-03-26,0.0,0.0,0.0,0.0,0.38655073500386344,0.0,0.0,0.6134492649961366,0.0,0.0
2012-03-27,0.0,0.0,0.0,0.0,0.38859968948071905,0.0,0.0,0.611400310519281,0.0,0.0
2012-03-28,0.0,0.0,0.0,0.0,0.3893676290538349,0.0,0.0,0.6106323709461651,0.0,0.0
2012-03-29,0.0,0.0,0.0,0.0,0.3907622398146087,0.0,0.0,0.6092377601853913,0.0,0.0
2012-03-30,0.0,0.0,0.0,0.0,0.38860891401488745,0.0,0.0,0.6113910859851124,0.0,0.0
2012-04-02,0.0,0.0,0.0,0.0,0.3874464024559166,0.0,0.0,0.6125535975440835,0.0,0.0
2012-04-03,0.0,0.0,0.0,0.0,0.3866676723802359,0.0,0.0,0.6133323276197641,0.0,0.0
2012-04-04,0.0,0.0,0.0,0.0,0.3902346796496588,0.0,0.0,0.6097653203503411,0.0,0.0
2012-04-05,0.0,0.0,0.0,0.0,0.39141379887720906,0.0,0.0,0.6085862011227908,0.0,0.0
2012-04-09,0.0,0.0,0.0,0.0,0.39654150858946874,0.0,0.0,0.6034584914105312,0.0,0.0
2012-04-10,0.0,0.0,0.0,0.0,0.40172171924888994,0.0,0.0,0.5982782807511101,0.0,0.0
2012-04-11,0.0,0.0,0.0,0.0,0.398848246953168,0.0,0.0,0.601151753046832,0.0,0.0
2012-04-12,0.0,0.0,0.0,0.0,0.3952600977510967,0.0,0.0,0.6047399022489033,0.0,0.0
2012-04-13,0.0,0.0,0.0,0.0,0.3995634313443738,0.0,0.0,0.6004365686556261,0.0,0.0
2012-04-16,0.0,0.0,0.0,0.0,0.3996523441918071,0.0,0.0,0.6003476558081928,0.0,0.0
2012-04-17,0.0,0.0,0.0,0.0,0.3958793467620354,0.0,0.0,0.6041206532379645,0.0,0.0
2012-04-18,0.0,0.0,0.0,0.0,0.3971675038400168,0.0,0.0,0.6028324961599831,0.0,0.0
2012-04-19,0.0,0.0,0.0,0.0,0.3989842785374268,0.0,0.0,0.6010157214625732,0.0,0.0
2012-04-20,0.0,0.0,0.0,0.0,0.39860694684527553,0.0,0.0,0.6013930531547246,0.0,0.0
2012-04-23,0.0,0.0,0.0,0.0,0.40111124749315724,0.0,0.0,0.5988887525068428,0.0,0.0
2012-04-24,0.0,0.0,0.0,0.0,0.3995854354258376,0.0,0.0,0.6004145645741623,0.0,0.0
2012-04-25,0.0,0.0,0.0,0.0,0.3960317412884104,0.0,0.0,0.6039682587115895,0.0,0.0
2012-04-26,0.0,0.0,0.0,0.0,0.3951657923582999,0.0,0.0,0.6048342076417,0.0,0.0
2012-04-27,0.0,0.0,0.0,0.0,0.3950231107241103,0.0,0.0,0.6049768892758897,0.0,0.0
2012-04-30,0.0,0.0,0.0,0.0,0.3961141010380434,0.0,0.0,0.6038858989619565,0.0,0.0
2012-05-01,0.0,0.0,0.0,0.0,0.39419661894274066,0.0,0.0,0.6058033810572593,0.0,0.0
2012-05-02,0.0,0.0,0.0,0.0,0.3953640003136015,0.0,0.0,0.6046359996863985,0.0,0.0
2012-05-03,0.0,0.0,0.0,0.0,0.3971727893924918,0.0,0.0,0.6028272106075082,0.0,0.0
2012-05-04,0.0,0.0,0.0,0.0,0.4020340436082776,0.0,0.0,0.5979659563917223,0.0,0.0
2012-05-07,0.0,0.0,0.0,0.0,0.4017904460143399,0.0,0.0,0.5982095539856602,0.0,0.0
2012-05-08,0.0,0.0,0.0,0.0,0.40330167931061317,0.0,0.0,0.5966983206893868,0.0,0.0
2012-05-09,0.0,0.0,0.0,0.0,0.4049383641296554,0.0,0.0,0.5950616358703447,0.0,0.0
2012-05-10,0.0,0.0,0.0,0.0,0.4041018269237649,0.0,0.0,0.5958981730762352,0.0,0.0
2012-05-11,0.0,0.0,0.0,0.0,0.40562267830136434,0.0,0.0,0.5943773216986357,0.0,0.0
2012-05-14,0.0,0.0,0.0,0.0,0.4093719474469226,0.0,0.0,0.5906280525530774,0.0,0.0
2012-05-15,0.0,0.0,0.0,0.0,0.41083285350347604,0.0,0.0,0.589167146496524,0.0,0.0
2012-05-16,0.0,0.0,0.0,0.0,0.4119418136866407,0.0,0.0,0.5880581863133594,0.0,0.0
2012-05-17,0.0,0.0,0.0,0.0,0.41647257777440955,0.0,0.0,0.5835274222255905,0.0,0.0
2012-05-18,0.0,0.0,0.0,0.0,0.41840453739966055,0.0,0.0,0.5815954626003395,0.0,0.0
2012-05-21,0.0,0.0,0.0,0.0,0.4136295161080747,0.0,0.0,0.5863704838919254,0.0,0.0
2012-05-22,0.0,0.0,0.0,0.0,0.4126860876523408,0.0,0.0,0.5873139123476593,0.0,0.0
2012-05-23,0.0,0.0,0.0,0.0,0.4131920262998113,0.0,0.0,0.5868079737001887,0.0,0.0
2012-05-24,0.0,0.0,0.0,0.0,0.4121952773468377,0.0,0.0,0.5878047226531623,0.0,0.0
2012-05-25,0.0,0.0,0.0,0.0,0.4136850293932289,0.0,0.0,0.5863149706067711,0.0,0.0
2012-05-29,0.0,0.0,0.0,0.0,0.41056486279887594,0.0,0.0,0.5894351372011241,0.0,0.0
2012-05-30,0.0,0.0,0.0,0.0,0.4164078604858766,0.0,0.0,0.5835921395141234,0.0,0.0
2012-05-31,0.0,0.0,0.0,0.0,0.41788618957943047,0.0,0.0,0.5821138104205695,0.0,0.0
2012-06-01,0.12248168826367324,0.0,1.0799731196561764e-16,0.014959573735674896,0.40345728546657256,0.0,5.72324954890077e-17,0.24720877690431659,0.21189267562976255,0.0
2012-06-04,0.1236003524659727,0.0,1.0927788655576131e-16,0.014994033676046474,0.40251616902918574,0.0,5.786728684532787e-17,0.24794561767142323,0.2109438271573717,0.0
2012-06-05,0.12349152524715168,0.0,1.1037207811151451e-16,0.015018060307894187,0.40228592660322315,0.0,5.826469935918764e-17,0.2505100887232219,0.2086943991185089,0.0
2012-06-06,0.12564399986503097,0.0,1.1332649727356825e-16,0.015007926299945518,0.3992015554825503,0.0,5.953257784772708e-17,0.2558518059220328,0.20429471243044028,0.0
2012-06-07,0.1247568640814046,0.0,1.1345287241390564e-16,0.014744425891965719,0.4000362113359745,0.0,5.927525737813115e-17,0.2559238195292431,0.20453867916141202,0.0
2012-06-08,0.12481777266841873,0.0,1.1277507523375714e-16,0.014726571097929485,0.3992538032117378,0.0,5.968507984365905e-17,0.25726343061633655,0.2039384224055772,0.0
2012-06-11,0.12296301010272591,0.0,1.1207353366630937e-16,0.01483831217021736,0.4017281288459813,0.0,5.888425930444691e-17,0.25488624840039087,0.2055843004806844,0.0
2012-06-12,0.1236103750457521,0.0,1.139855009710555e-16,0.014949358600227378,0.39973564614566903,0.0,5.962265094005093e-17,0.2579184605094073,0.20378615969894406,0.0
2012-06-13,0.12246812678104936,0.0,1.1289531530385756e-16,0.014988523366258506,0.40121235364643437,0.0,5.911857630667449e-17,0.2558611285492179,0.2054698676570396,0.0
2012-06-14,0.12355548439265196,0.0,1.1340758232803515e-16,0.015005415699870274,0.3989885991298991,0.0,5.916704074276701e-17,0.25783103944738645,0.204619461330192,0.0
2012-06-15,0.12269025112106507,0.0,1.143891183069089e-16,0.014932823511989978,0.3986700234679001,0.0,5.957836023107969e-17,0.2590600694269362,0.20464683247210846,0.0
2012-06-18,0.1225928058268174,0.0,1.138833997710154e-16,0.014917471090892387,0.39792303281031605,0.0,6.004035615185346e-17,0.25914759910655,0.20541909116542414,0.0
2012-06-19,0.12369843472347382,0.0,1.1584167681792248e-16,0.01485325225938575,0.3967921498548894,0.0,6.069839063507672e-17,0.2618042222870344,0.2028519408752164,0.0
2012-06-20,0.12196525412709752,0.0,1.1678714711470812e-16,0.014775697926870791,0.39692246338001347,0.0,6.088953607750057e-17,0.2619989242502354,0.2043376603157826,0.0
2012-06-21,0.12018006484005611,0.0,1.1452490646713445e-16,0.014502135482870994,0.40054874830532583,0.0,5.978904879694594e-17,0.2579097537743534,0.20685929759739355,0.0
2012-06-22,0.12152772168474037,0.0,1.1564846621512556e-16,0.01457967683524918,0.3993102017139539,0.0,6.049482974202553e-17,0.2602243277314226,0.20435807203463377,0.0
2012-06-25,0.12248615276761182,0.0,1.1280547021207446e-16,0.014652295843921177,0.40056084007075615,0.0,5.919102280267767e-17,0.2554527345401577,0.20684797677755293,0.0
2012-06-26,0.12329225526103023,0.0,1.1350793882397733e-16,0.014539064410474721,0.3995457946558944,0.0,5.954375526370242e-17,0.2566553359678461,0.20596754970475437,0.0
2012-06-27,0.12350492516310041,0.0,1.1413302958867115e-16,0.014502347718033725,0.398542124566078,0.0,5.967226968589128e-17,0.2579606156725305,0.20548998688025716,0.0
2012-06-28,0.12222308529837851,0.0,1.144214370811854e-16,0.01433985580040046,0.40001189604641174,0.0,5.90345771795764e-17,0.25733962776309516,0.20608553509171412,0.0
2012-06-29,0.1265625432250693,0.0,1.176582955058719e-16,0.014622030219787951,0.3951713729942649,0.0,6.043666717521822e-17,0.2617696688839621,0.20187438467691557,0.0
2012-07-02,0.12575723684239684,0.0,1.1791079784954282e-16,0.014547875095788757,0.3952459323131612,0.0,6.034710042819875e-17,0.26139509302399044,0.20305386272466283,0.0
2012-07-03,0.12890361923352417,0.0,1.1864254051361267e-16,0.014727144710965649,0.39311142370688906,0.0,6.067618766895641e-17,0.2623517976671428,0.20090601468147823,0.0
2012-07-05,0.12923390862275574,0.0,1.165366820733521e-16,0.014542923723734624,0.3936866287576232,0.0,6.063962026321732e-17,0.26084982012840985,0.20168671876747646,0.0
2012-07-06,0.12656250404745195,0.0,1.1571461883112317e-16,0.014393145173512102,0.3960106008525668,0.0,6.002597116838635e-17,0.25898706360147056,0.20404668632499848,0.0
2012-07-09,0.12818837227102745,0.0,1.1490043160344679e-16,0.014354496414270444,0.3951893291315705,0.0,5.962476469533381e-17,0.25741496979994305,0.2048528323831883,0.0
2012-07-10,0.12697710563179984,0.0,1.145300366492364e-16,0.01422784625173082,0.3967499142201644,0.0,5.924381122902134e-17,0.2560606429698664,0.20598449092643817,0.0
2012-07-11,0.12820920112855946,0.0,1.1471733533571406e-16,0.014286056053164027,0.39582220650421335,0.0,5.88328523127627e-17,0.25573470617487304,0.20594783013918985,0.0
2012-07-12,0.12832412029651852,0.0,1.134169068631619e-16,0.014229038475044994,0.396183464069164,0.0,5.820161323536088e-17,0.2541443591141117,0.20711901804516047,0.0
2012-07-13,0.12922237471193748,0.0,1.1444206954111248e-16,0.014300716320274161,0.39385030000813237,0.0,5.878774883831929e-17,0.25709851446062376,0.20552809449903212,0.0
2012-07-16,0.13045178989675482,0.0,1.1409726771908792e-16,0.01426699515878224,0.393607227346897,0.0,5.845602117357479e-17,0.2557716085781305,0.20590237901943523,0.0
2012-07-17,0.13070034146579979,0.0,1.1451191255667368e-16,0.014209814510058634,0.39291105863813713,0.0,5.880793819928854e-17,0.2577325030859599,0.2044462823000444,0.0
2012-07-18,0.13139481278192094,0.0,1.1500770911003926e-16,0.014120981572634994,0.39192139724130787,0.0,5.939393716680045e-17,0.2587262899306426,0.20383651847349332,0.0
2012-07-19,0.13282371846741883,0.0,1.1592946817186373e-16,0.014134468485191573,0.3908775984525133,0.0,5.997687464267788e-17,0.25909350352686106,0.2030707110680152,0.0
2012-07-20,0.13260096539207727,0.0,1.1302162499816547e-16,0.014137443173408025,0.3917615572647953,0.0,5.908529875055507e-17,0.25629273633829186,0.20520729783142738,0.0
2012-07-23,0.13029145702593398,0.0,1.111032289934432e-16,0.01412996900798067,0.3938387959046041,0.0,5.858101312078036e-17,0.2546273493319693,0.2071124287295119,0.0
2012-07-24,0.12958895910660206,0.0,1.0996099754197132e-16,0.014182673987536023,0.3948011560093843,0.0,5.815002070702682e-17,0.25257379016122966,0.20885342073524768,0.0
2012-07-25,0.13029561265541076,0.0,1.1032052668850185e-16,0.014352967814189186,0.3942389652391904,0.0,5.764834239460801e-17,0.2521327993137801,0.20897965497742935,0.0
2012-07-26,0.1303577670246157,0.0,1.1352988903847737e-16,0.0144346412162999,0.39248204034340056,0.0,5.833360126234961e-17,0.2559421035596766,0.2067834478560071,0.0
2012-07-27,0.13178144358849336,0.0,1.1599271157729355e-16,0.014514215913249697,0.38988426068284876,0.0,5.975009886141561e-17,0.2608157615126395,0.20300431830276855,0.0
2012-07-30,0.1320840754450219,0.0,1.1544699290323111e-16,0.01445305437099376,0.38976297379473,0.0,5.949402393724905e-17,0.2598981795129901,0.20380171687626414,0.0
2012-07-31,0.13081714013051418,0.0,1.150112254943555e-16,0.014401268017691744,0.3913795971914733,0.0,5.961853877560597e-17,0.2587003619078165,0.20470163275250414,0.0
2012-08-01,0.1313518156610861,0.0,1.1533509572861258e-16,0.01431437022433558,0.3909720692797843,0.0,5.959918600655978e-17,0.2591507958815822,0.20421094895321168,0.0
2012-08-02,0.13036170153079843,0.0,1.1382282400660539e-16,0.014233948908329727,0.3922588148569214,0.0,5.944033282207129e-17,0.2575925930002718,0.20555294170367847,0.0
2012-08-03,0.13230159471608852,0.0,1.1745561099240247e-16,0.014335161641048769,0.3893945817399609,0.0,6.044057195790972e-17,0.262154223737127,0.20181443816577474,0.0
2012-08-06,0.13284797546005186,0.0,1.1808678675081562e-16,0.014380161979803132,0.38899374251716673,0.0,6.079925078288093e-17,0.2622223303384458,0.20155578970453242,0.0
2012-08-07,0.1341666777035332,0.0,1.1935214875057078e-16,0.014411709214853697,0.387847969841506,0.0,6.144752186081763e-17,0.2641490419073251,0.1994246013327819,0.0
2012-08-08,0.13466971672135072,0.0,1.1938781958412678e-16,0.014442829650486554,0.3876491436146119,0.0,6.147381459549702e-17,0.26470143472537216,0.19853687528817848,0.0
2012-08-09,0.1356482509033118,0.0,1.193436258650223e-16,0.014476150260637952,0.3869937815722311,0.0,6.159984780689027e-17,0.2646760502572406,0.19820576700657844,0.0
2012-08-10,0.13467874282610673,0.0,1.193313460398201e-16,0.01446703087351632,0.38739451634338934,0.0,6.152343679933115e-17,0.2646216126141522,0.19883809734283514,0.0
2012-08-13,0.13387418296227066,0.0,1.1897992606306112e-16,0.014384552969092903,0.3878727615933374,0.0,6.178685657578999e-17,0.2649885909846206,0.19887991149067832,0.0
2012-08-14,0.1346238367377875,0.0,1.1979518704573403e-16,0.014369862498933716,0.3877112502798763,0.0,6.209373060523246e-17,0.26622318143458057,0.19707186904882168,0.0
2012-08-15,0.1362209581430376,0.0,1.198326684805637e-16,0.014462616995116619,0.3870044465175903,0.0,6.245168520433777e-17,0.26738432134747603,0.1949276569967793,0.0
2012-08-16,0.1367556009277758,0.0,1.213205139545978e-16,0.014549191095561596,0.386066589863836,0.0,6.319560024295302e-17,0.26935996938122,0.1932686487316064,0.0
2012-08-17,0.136678523493816,0.0,1.212427213184521e-16,0.014535240704127837,0.3857727612696719,0.0,6.33487063543296e-17,0.2691867231701429,0.19382675136224115,0.0
2012-08-20,0.1371273672500756,0.0,1.2094474770890615e-16,0.014566191256842003,0.385483283660913,0.0,6.335821733899711e-17,0.2688526036102152,0.19397055422195394,0.0
2012-08-21,0.13813872951449852,0.0,1.2142400355064272e-16,0.014685574667400914,0.38512535389265584,0.0,6.299647595512885e-17,0.2675650899881638,0.1944852519372806,0.0
2012-08-22,0.1378701433094765,0.0,1.2041888907876936e-16,0.014737633798035991,0.38534352508669434,0.0,6.280340597654335e-17,0.26576596086295157,0.19628273694284123,0.0
2012-08-23,0.13736733941924612,0.0,1.1987676394913766e-16,0.014879723497516973,0.3864948837931271,0.0,6.236557700559581e-17,0.26391418837823144,0.19734386491187825,0.0
2012-08-24,0.1366606467864192,0.0,1.1961998420755465e-16,0.014877997646031215,0.38608023252035,0.0,6.271323241825293e-17,0.26534704428198824,0.19703407876521117,0.0
2012-08-27,0.13582956919663136,0.0,1.1950574795006765e-16,0.014799288648596351,0.38649039788148287,0.0,6.27181471548109e-17,0.26499735553788667,0.19788338873540273,0.0
2012-08-28,0.1358607274747258,0.0,1.1933444464456866e-16,0.014817928616272872,0.3864498463296402,0.0,6.268836224911907e-17,0.26460941241879804,0.19826208516056287,0.0
2012-08-29,0.13620440114302493,0.0,1.1905924335610175e-16,0.014732984981301734,0.38649662685526437,0.0,6.273653430472783e-17,0.2650187566302717,0.19754723039013702,0.0
2012-08-30,0.13635250746040475,0.0,1.172974065989076e-16,0.014727052684308722,0.38722437299876533,0.0,6.210571602542688e-17,0.26311736412725056,0.19857870272927047,0.0
2012-08-31,0.1366486980507352,0.0,1.1735065327650893e-16,0.014941900589994034,0.3865042153200639,0.0,6.200139810154796e-17,0.26218554978079794,0.19971963625840883,0.0
2012-09-04,0.0,0.0,0.0,0.0,0.399671396644099,0.0,0.0,0.6003286033559009,0.0,0.0
2012-09-05,0.0,0.0,0.0,0.0,0.3997872732551527,0.0,0.0,0.6002127267448473,0.0,0.0
2012-09-06,0.0,0.0,0.0,0.0,0.39334207837946517,0.0,0.0,0.6066579216205347,0.0,0.0
2012-09-07,0.0,0.0,0.0,0.0,0.3927243376671151,0.0,0.0,0.6072756623328849,0.0,0.0
2012-09-10,0.0,0.0,0.0,0.0,0.39419459875229473,0.0,0.0,0.6058054012477052,0.0,0.0
2012-09-11,0.0,0.0,0.0,0.0,0.3930876817857446,0.0,0.0,0.6069123182142554,0.0,0.0
2012-09-12,0.0,0.0,0.0,0.0,0.39111931538754247,0.0,0.0,0.6088806846124575,0.0,0.0
2012-09-13,0.0,0.0,0.0,0.0,0.3882094299548025,0.0,0.0,0.6117905700451974,0.0,0.0
2012-09-14,0.0,0.0,0.0,0.0,0.38492328896509964,0.0,0.0,0.6150767110349004,0.0,0.0
2012-09-17,0.0,0.0,0.0,0.0,0.3862178183015569,0.0,0.0,0.6137821816984431,0.0,0.0
2012-09-18,0.0,0.0,0.0,0.0,0.38701057799917665,0.0,0.0,0.6129894220008233,0.0,0.0
2012-09-19,0.0,0.0,0.0,0.0,0.3874346301366002,0.0,0.0,0.6125653698633999,0.0,0.0
2012-09-20,0.0,0.0,0.0,0.0,0.38755091492552657,0.0,0.0,0.6124490850744734,0.0,0.0
2012-09-21,0.0,0.0,0.0,0.0,0.38815836837046946,0.0,0.0,0.6118416316295304,0.0,0.0
2012-09-24,0.0,0.0,0.0,0.0,0.3890461982276968,0.0,0.0,0.6109538017723032,0.0,0.0
2012-09-25,0.0,0.0,0.0,0.0,0.3924746348407869,0.0,0.0,0.6075253651592131,0.0,0.0
2012-09-26,0.0,0.0,0.0,0.0,0.39481058201004404,0.0,0.0,0.605189417989956,0.0,0.0
2012-09-27,0.0,0.0,0.0,0.0,0.39206718635109655,0.0,0.0,0.6079328136489034,0.0,0.0
2012-09-28,0.0,0.0,0.0,0.0,0.3931744161059369,0.0,0.0,0.6068255838940632,0.0,0.0
2012-10-01,0.0,0.0,0.0,0.0,0.39298783069465604,0.0,0.0,0.6070121693053441,0.0,0.0
2012-10-02,0.0,0.0,0.0,0.0,0.3925862240680192,0.0,0.0,0.6074137759319808,0.0,0.0
2012-10-03,0.0,0.0,0.0,0.0,0.3918564390137764,0.0,0.0,0.6081435609862236,0.0,0.0
2012-10-04,0.0,0.0,0.0,0.0,0.389211829791626,0.0,0.0,0.6107881702083741,0.0,0.0
2012-10-05,0.0,0.0,0.0,0.0,0.388116461336034,0.0,0.0,0.6118835386639659,0.0,0.0
2012-10-08,0.0,0.0,0.0,0.0,0.3897025563953633,0.0,0.0,0.6102974436046368,0.0,0.0
2012-10-09,0.0,0.0,0.0,0.0,0.39158224065745,0.0,0.0,0.60841775934255,0.0,0.0
2012-10-10,0.0,0.0,0.0,0.0,0.3936832759339354,0.0,0.0,0.6063167240660646,0.0,0.0
2012-10-11,0.0,0.0,0.0,0.0,0.39377078027202433,0.0,0.0,0.6062292197279757,0.0,0.0
2012-10-12,0.0,0.0,0.0,0.0,0.3945771979831669,0.0,0.0,0.6054228020168331,0.0,0.0
2012-10-15,0.0,0.0,0.0,0.0,0.39266383661615273,0.0,0.0,0.6073361633838473,0.0,0.0
2012-10-16,0.0,0.0,0.0,0.0,0.38913812497636674,0.0,0.0,0.6108618750236332,0.0,0.0
2012-10-17,0.0,0.0,0.0,0.0,0.38655947016434017,0.0,0.0,0.6134405298356598,0.0,0.0
2012-10-18,0.0,0.0,0.0,0.0,0.38675516905747703,0.0,0.0,0.6132448309425229,0.0,0.0
2012-10-19,0.0,0.0,0.0,0.0,0.39174990195036574,0.0,0.0,0.6082500980496343,0.0,0.0
2012-10-22,0.0,0.0,0.0,0.0,0.39091554456857175,0.0,0.0,0.6090844554314282,0.0,0.0
2012-10-23,0.0,0.0,0.0,0.0,0.3953851334410069,0.0,0.0,0.604614866558993,0.0,0.0
2012-10-24,0.0,0.0,0.0,0.0,0.39554995760825723,0.0,0.0,0.6044500423917427,0.0,0.0
2012-10-25,0.0,0.0,0.0,0.0,0.39398505195779243,0.0,0.0,0.6060149480422075,0.0,0.0
2012-10-26,0.0,0.0,0.0,0.0,0.39563712273115453,0.0,0.0,0.6043628772688455,0.0,0.0
2012-10-31,0.0,0.0,0.0,0.0,0.3966145899241144,0.0,0.0,0.6033854100758856,0.0,0.0
2012-11-01,0.0,0.0,0.0,0.0,0.3936478163915508,0.0,0.0,0.6063521836084492,0.0,0.0
2012-11-02,0.0,0.0,0.0,0.0,0.3959817648467548,0.0,0.0,0.6040182351532453,0.0,0.0
2012-11-05,0.0,0.0,0.0,0.0,0.3960694440024287,0.0,0.0,0.6039305559975712,0.0,0.0
2012-11-06,0.0,0.0,0.0,0.0,0.3931198154756333,0.0,0.0,0.6068801845243668,0.0,0.0
2012-11-07,0.0,0.0,0.0,0.0,0.40060455909717135,0.0,0.0,0.5993954409028287,0.0,0.0
2012-11-08,0.0,0.0,0.0,0.0,0.40457777398321665,0.0,0.0,0.5954222260167833,0.0,0.0
2012-11-09,0.0,0.0,0.0,0.0,0.4043904760231371,0.0,0.0,0.5956095239768628,0.0,0.0
2012-11-12,0.0,0.0,0.0,0.0,0.40435390544745364,0.0,0.0,0.5956460945525465,0.0,0.0
2012-11-13,0.0,0.0,0.0,0.0,0.4054793031186033,0.0,0.0,0.5945206968813966,0.0,0.0
2012-11-14,0.0,0.0,0.0,0.0,0.40882631821182575,0.0,0.0,0.5911736817881743,0.0,0.0
2012-11-15,0.0,0.0,0.0,0.0,0.4091247792899044,0.0,0.0,0.5908752207100957,0.0,0.0
2012-11-16,0.0,0.0,0.0,0.0,0.40808978246785554,0.0,0.0,0.5919102175321446,0.0,0.0
2012-11-19,0.0,0.0,0.0,0.0,0.40277283800882624,0.0,0.0,0.5972271619911738,0.0,0.0
2012-11-20,0.0,0.0,0.0,0.0,0.40167263475187226,0.0,0.0,0.5983273652481278,0.0,0.0
2012-11-21,0.0,0.0,0.0,0.0,0.4008694143724296,0.0,0.0,0.5991305856275705,0.0,0.0
2012-11-23,0.0,0.0,0.0,0.0,0.39749058498765294,0.0,0.0,0.6025094150123471,0.0,0.0
2012-11-26,0.0,0.0,0.0,0.0,0.3983981267315384,0.0,0.0,0.6016018732684616,0.0,0.0
2012-11-27,0.0,0.0,0.0,0.0,0.40017866557085174,0.0,0.0,0.5998213344291483,0.0,0.0
2012-11-28,0.0,0.0,0.0,0.0,0.3985637921642831,0.0,0.0,0.6014362078357169,0.0,0.0
2012-11-29,0.0,0.0,0.0,0.0,0.39769096015762356,0.0,0.0,0.6023090398423765,0.0,0.0
2012-11-30,0.0,0.0,0.0,0.0,0.397596351437421,0.0,0.0,0.602403648562579,0.0,0.0
2012-12-03,0.0,0.0,0.0,0.0,0.3986844651862182,0.0,0.0,0.6013155348137819,0.0,0.0
2012-12-04,0.0,0.0,0.0,0.0,0.39944275126272566,0.0,0.0,0.6005572487372743,0.0,0.0
2012-12-05,0.0,0.0,0.0,0.0,0.3992171207264167,0.0,0.0,0.6007828792735833,0.0,0.0
2012-12-06,0.0,0.0,0.0,0.0,0.3985369696304024,0.0,0.0,0.6014630303695975,0.0,0.0
2012-12-07,0.0,0.0,0.0,0.0,0.39713013886010284,0.0,0.0,0.6028698611398972,0.0,0.0
2012-12-10,0.0,0.0,0.0,0.0,0.39724950373995405,0.0,0.0,0.6027504962600458,0.0,0.0
2012-12-11,0.0,0.0,0.0,0.0,0.3951638790870047,0.0,0.0,0.6048361209129954,0.0,0.0
2012-12-12,0.0,0.0,0.0,0.0,0.3940327063973165,0.0,0.0,0.6059672936026835,0.0,0.0
2012-12-13,0.0,0.0,0.0,0.0,0.3950372835445524,0.0,0.0,0.6049627164554475,0.0,0.0
2012-12-14,0.0,0.0,0.0,0.0,0.3964591669971724,0.0,0.0,0.6035408330028277,0.0,0.0
2012-12-17,0.0,0.0,0.0,0.0,0.39240574656170785,0.0,0.0,0.6075942534382921,0.0,0.0
2012-12-18,0.0,0.0,0.0,0.0,0.3888398352291921,0.0,0.0,0.6111601647708079,0.0,0.0
2012-12-19,0.0,0.0,0.0,0.0,0.39094645964051045,0.0,0.0,0.6090535403594894,0.0,0.0
2012-12-20,0.0,0.0,0.0,0.0,0.3897367804676169,0.0,0.0,0.6102632195323832,0.0,0.0
2012-12-21,0.0,0.0,0.0,0.0,0.3925508825810468,0.0,0.0,0.6074491174189531,0.0,0.0
2012-12-24,0.0,0.0,0.0,0.0,0.39304308261236587,0.0,0.0,0.606956917387634,0.0,0.0
2012-12-26,0.0,0.0,0.0,0.0,0.3945423100914593,0.0,0.0,0.6054576899085407,0.0,0.0
2012-12-27,0.0,0.0,0.0,0.0,0.39535090149575985,0.0,0.0,0.6046490985042402,0.0,0.0
2012-12-28,0.0,0.0,0.0,0.0,0.3985066934439664,0.0,0.0,0.6014933065560336,0.0,0.0
2012-12-31,0.0,0.0,0.0,0.0,0.39321125471473517,0.0,0.0,0.6067887452852648,0.0,0.0
2013-01-02,0.0,0.0,0.0,0.0,0.3861060157514347,0.0,0.0,0.6138939842485653,0.0,0.0
2013-01-03,0.0,0.0,0.0,0.0,0.3854210074371344,0.0,0.0,0.6145789925628656,0.0,0.0
2013-01-04,0.0,0.0,0.0,0.0,0.38449474157359476,0.0,0.0,0.6155052584264052,0.0,0.0
2013-01-07,0.0,0.0,0.0,0.0,0.3852757106132034,0.0,0.0,0.6147242893867966,0.0,0.0
2013-01-08,0.0,0.0,0.0,0.0,0.38653633557474854,0.0,0.0,0.6134636644252514,0.0,0.0
2013-01-09,0.0,0.0,0.0,0.0,0.3860673603536734,0.0,0.0,0.6139326396463265,0.0,0.0
2013-01-10,0.0,0.0,0.0,0.0,0.3835052963815282,0.0,0.0,0.6164947036184718,0.0,0.0
2013-01-11,0.0,0.0,0.0,0.0,0.3842750211369689,0.0,0.0,0.6157249788630312,0.0,0.0
2013-01-14,0.0,0.0,0.0,0.0,0.3843474790084455,0.0,0.0,0.6156525209915544,0.0,0.0
2013-01-15,0.0,0.0,0.0,0.0,0.38476148590663767,0.0,0.0,0.6152385140933624,0.0,0.0
2013-01-16,0.0,0.0,0.0,0.0,0.3851028927932215,0.0,0.0,0.6148971072067785,0.0,0.0
2013-01-17,0.0,0.0,0.0,0.0,0.38249716696404407,0.0,0.0,0.617502833035956,0.0,0.0
2013-01-18,0.0,0.0,0.0,0.0,0.38263372348706803,0.0,0.0,0.617366276512932,0.0,0.0
2013-01-22,0.0,0.0,0.0,0.0,0.38156213792113597,0.0,0.0,0.618437862078864,0.0,0.0
2013-01-23,0.0,0.0,0.0,0.0,0.3812927981246226,0.0,0.0,0.6187072018753774,0.0,0.0
2013-01-24,0.0,0.0,0.0,0.0,0.38083326432300535,0.0,0.0,0.6191667356769947,0.0,0.0
2013-01-25,0.0,0.0,0.0,0.0,0.37794627151838295,0.0,0.0,0.6220537284816171,0.0,0.0
2013-01-28,0.0,0.0,0.0,0.0,0.3777412470165542,0.0,0.0,0.6222587529834458,0.0,0.0
2013-01-29,0.0,0.0,0.0,0.0,0.3764650839130372,0.0,0.0,0.6235349160869629,0.0,0.0
2013-01-30,0.0,0.0,0.0,0.0,0.37751959762633075,0.0,0.0,0.6224804023736692,0.0,0.0
2013-01-31,0.0,0.0,0.0,0.0,0.37829955856563996,0.0,0.0,0.6217004414343601,0.0,0.0
2013-02-01,0.0,0.0,0.0,0.0,0.3750974014383058,0.0,0.0,0.6249025985616942,0.0,0.0
2013-02-04,0.0,0.0,0.0,0.0,0.3791055937360466,0.0,0.0,0.6208944062639534,0.0,0.0
2013-02-05,0.0,0.0,0.0,0.0,0.37590240641404354,0.0,0.0,0.6240975935859565,0.0,0.0
2013-02-06,0.0,0.0,0.0,0.0,0.37644006210526193,0.0,0.0,0.6235599378947381,0.0,0.0
2013-02-07,0.0,0.0,0.0,0.0,0.3768614360510806,0.0,0.0,0.6231385639489194,0.0,0.0
2013-02-08,0.0,0.0,0.0,0.0,0.3757356961490063,0.0,0.0,0.6242643038509937,0.0,0.0
2013-02-11,0.0,0.0,0.0,0.0,0.37553918957077476,0.0,0.0,0.6244608104292253,0.0,0.0
2013-02-12,0.0,0.0,0.0,0.0,0.37491039513278,0.0,0.0,0.6250896048672201,0.0,0.0
2013-02-13,0.0,0.0,0.0,0.0,0.3738917806101107,0.0,0.0,0.6261082193898893,0.0,0.0
2013-02-14,0.0,0.0,0.0,0.0,0.3746713172653882,0.0,0.0,0.6253286827346117,0.0,0.0
2013-02-15,0.0,0.0,0.0,0.0,0.3747274990910848,0.0,0.0,0.6252725009089152,0.0,0.0
2013-02-19,0.0,0.0,0.0,0.0,0.3726045482111675,0.0,0.0,0.6273954517888324,0.0,0.0
2013-02-20,0.0,0.0,0.0,0.0,0.37605012983667857,0.0,0.0,0.6239498701633215,0.0,0.0
2013-02-21,0.0,0.0,0.0,0.0,0.37794666272523153,0.0,0.0,0.6220533372747684,0.0,0.0
2013-02-22,0.0,0.0,0.0,0.0,0.375949705899594,0.0,0.0,0.6240502941004059,0.0,0.0
2013-02-25,0.0,0.0,0.0,0.0,0.3822776779083124,0.0,0.0,0.6177223220916876,0.0,0.0
2013-02-26,0.0,0.0,0.0,0.0,0.3802282671898566,0.0,0.0,0.6197717328101435,0.0,0.0
2013-02-27,0.0,0.0,0.0,0.0,0.3771727282173936,0.0,0.0,0.6228272717826063,0.0,0.0
2013-02-28,0.0,0.0,0.0,0.0,0.3779663021933524,0.0,0.0,0.6220336978066475,0.0,0.0
2013-03-01,0.0,0.0,0.0,0.0,0.3777779437415194,0.0,0.0,0.6222220562584806,0.0,0.0
2013-03-04,0.0,0.0,0.0,0.0,0.37598313767494346,0.0,0.0,0.6240168623250565,0.0,0.0
2013-03-05,0.0,0.0,0.0,0.0,0.37365210062320825,0.0,0.0,0.6263478993767918,0.0,0.0
2013-03-06,0.0,0.0,0.0,0.0,0.372589123789407,0.0,0.0,0.627410876210593,0.0,0.0
2013-03-07,0.0,0.0,0.0,0.0,0.37126599319521203,0.0,0.0,0.628734006804788,0.0,0.0
2013-03-08,0.0,0.0,0.0,0.0,0.3690853377226842,0.0,0.0,0.6309146622773157,0.0,0.0
2013-03-11,0.0,0.0,0.0,0.0,0.3683135512298407,0.0,0.0,0.6316864487701593,0.0,0.0
2013-03-12,0.0,0.0,0.0,0.0,0.3694742398342417,0.0,0.0,0.6305257601657582,0.0,0.0
2013-03-13,0.0,0.0,0.0,0.0,0.36894755957079817,0.0,0.0,0.6310524404292017,0.0,0.0
2013-03-14,0.0,0.0,0.0,0.0,0.36777801150395767,0.0,0.0,0.6322219884960422,0.0,0.0
2013-03-15,0.0,0.0,0.0,0.0,0.3688966755223264,0.0,0.0,0.6311033244776736,0.0,0.0
2013-03-18,0.0,0.0,0.0,0.0,0.370952772117788,0.0,0.0,0.629047227882212,0.0,0.0
2013-03-19,0.0,0.0,0.0,0.0,0.37221732940845437,0.0,0.0,0.6277826705915456,0.0,0.0
2013-03-20,0.0,0.0,0.0,0.0,0.36969681457192705,0.0,0.0,0.6303031854280728,0.0,0.0
2013-03-21,0.0,0.0,0.0,0.0,0.3723111296841088,0.0,0.0,0.6276888703158912,0.0,0.0
2013-03-22,0.0,0.0,0.0,0.0,0.3705306312202623,0.0,0.0,0.6294693687797378,0.0,0.0
2013-03-25,0.0,0.0,0.0,0.0,0.3716824346235891,0.0,0.0,0.6283175653764108,0.0,0.0
2013-03-26,0.0,0.0,0.0,0.0,0.370062337570102,0.0,0.0,0.6299376624298979,0.0,0.0
2013-03-27,0.0,0.0,0.0,0.0,0.37106210858258676,0.0,0.0,0.6289378914174132,0.0,0.0
2013-03-28,0.0,0.0,0.0,0.0,0.3699122988551287,0.0,0.0,0.6300877011448712,0.0,0.0
2013-04-01,0.0,0.0,0.0,0.0,0.3714566985765018,0.0,0.0,0.6285433014234981,0.0,0.0
2013-04-02,0.0,0.0,0.0,0.0,0.3698521124212191,0.0,0.0,0.6301478875787809,0.0,0.0
2013-04-03,0.0,0.0,0.0,0.0,0.37320929566611627,0.0,0.0,0.6267907043338837,0.0,0.0
2013-04-04,0.0,0.0,0.0,0.0,0.373193660090948,0.0,0.0,0.626806339909052,0.0,0.0
2013-04-05,0.0,0.0,0.0,0.0,0.3749827319033009,0.0,0.0,0.6250172680966991,0.0,0.0
2013-04-08,0.0,0.0,0.0,0.0,0.37264774307701765,0.0,0.0,0.6273522569229822,0.0,0.0
2013-04-09,0.0,0.0,0.0,0.0,0.3719274685280025,0.0,0.0,0.6280725314719975,0.0,0.0
2013-04-10,0.0,0.0,0.0,0.0,0.36811798181041994,0.0,0.0,0.63188201818958,0.0,0.0
2013-04-11,0.0,0.0,0.0,0.0,0.3676158716616605,0.0,0.0,0.6323841283383395,0.0,0.0
2013-04-12,0.0,0.0,0.0,0.0,0.369477986529309,0.0,0.0,0.6305220134706909,0.0,0.0
2013-04-15,0.0,0.0,0.0,0.0,0.3754750060828047,0.0,0.0,0.6245249939171953,0.0,0.0
2013-04-16,0.0,0.0,0.0,0.0,0.3713776476920498,0.0,0.0,0.62862235230795,0.0,0.0
2013-04-17,0.0,0.0,0.0,0.0,0.3752525169752768,0.0,0.0,0.6247474830247233,0.0,0.0
2013-04-18,0.0,0.0,0.0,0.0,0.3768541065560114,0.0,0.0,0.6231458934439886,0.0,0.0
2013-04-19,0.0,0.0,0.0,0.0,0.37469408625351724,0.0,0.0,0.6253059137464828,0.0,0.0
2013-04-22,0.0,0.0,0.0,0.0,0.37378668265619547,0.0,0.0,0.6262133173438045,0.0,0.0
2013-04-23,0.0,0.0,0.0,0.0,0.37123847440344715,0.0,0.0,0.6287615255965529,0.0,0.0
2013-04-24,0.0,0.0,0.0,0.0,0.3711979237705873,0.0,0.0,0.6288020762294128,0.0,0.0
2013-04-25,0.0,0.0,0.0,0.0,0.3699967400792743,0.0,0.0,0.6300032599207258,0.0,0.0
2013-04-26,0.0,0.0,0.0,0.0,0.3712458321076929,0.0,0.0,0.628754167892307,0.0,0.0
2013-04-29,0.0,0.0,0.0,0.0,0.36960328121797315,0.0,0.0,0.6303967187820269,0.0,0.0
2013-04-30,0.0,0.0,0.0,0.0,0.3690055744228281,0.0,0.0,0.630994425577172,0.0,0.0
2013-05-01,0.0,0.0,0.0,0.0,0.3718196740990575,0.0,0.0,0.6281803259009425,0.0,0.0
2013-05-02,0.0,0.0,0.0,0.0,0.36966298875460474,0.0,0.0,0.6303370112453952,0.0,0.0
2013-05-03,0.0,0.0,0.0,0.0,0.3653269320245147,0.0,0.0,0.6346730679754852,0.0,0.0
2013-05-06,0.0,0.0,0.0,0.0,0.3644384953426792,0.0,0.0,0.6355615046573208,0.0,0.0
2013-05-07,0.0,0.0,0.0,0.0,0.3629467811591416,0.0,0.0,0.6370532188408584,0.0,0.0
2013-05-08,0.0,0.0,0.0,0.0,0.36217587255783096,0.0,0.0,0.6378241274421691,0.0,0.0
2013-05-09,0.0,0.0,0.0,0.0,0.3627846830220575,0.0,0.0,0.6372153169779425,0.0,0.0
2013-05-10,0.0,0.0,0.0,0.0,0.3607261912235602,0.0,0.0,0.6392738087764398,0.0,0.0
2013-05-13,0.0,0.0,0.0,0.0,0.36013441148371617,0.0,0.0,0.6398655885162838,0.0,0.0
2013-05-14,0.0,0.0,0.0,0.0,0.3568452345235429,0.0,0.0,0.6431547654764572,0.0,0.0
2013-05-15,0.0,0.0,0.0,0.0,0.35621406343769974,0.0,0.0,0.6437859365623002,0.0,0.0
2013-05-16,0.0,0.0,0.0,0.0,0.3583868308585588,0.0,0.0,0.6416131691414411,0.0,0.0
2013-05-17,0.0,0.0,0.0,0.0,0.3549357242955071,0.0,0.0,0.6450642757044928,0.0,0.0
2013-05-20,0.0,0.0,0.0,0.0,0.35477811171130497,0.0,0.0,0.6452218882886951,0.0,0.0
2013-05-21,0.0,0.0,0.0,0.0,0.35504842967764594,0.0,0.0,0.6449515703223541,0.0,0.0
2013-05-22,0.0,0.0,0.0,0.0,0.3549290796086749,0.0,0.0,0.6450709203913251,0.0,0.0
2013-05-23,0.0,0.0,0.0,0.0,0.35582959887889704,0.0,0.0,0.644170401121103,0.0,0.0
2013-05-24,0.0,0.0,0.0,0.0,0.35611000302370954,0.0,0.0,0.6438899969762905,0.0,0.0
2013-05-28,0.0,0.0,0.0,0.0,0.35204216895106705,0.0,0.0,0.647957831048933,0.0,0.0
2013-05-29,0.0,0.0,0.0,0.0,0.3544629426343352,0.0,0.0,0.6455370573656648,0.0,0.0
2013-05-30,0.0,0.0,0.0,0.0,0.3536417370313678,0.0,0.0,0.6463582629686321,0.0,0.0
2013-05-31,0.0,0.0,0.0,0.0,0.3563221018699575,0.0,0.0,0.6436778981300424,0.0,0.0
2013-06-03,0.0,0.0,0.0,0.0,0.3553943161502582,0.0,0.0,0.6446056838497418,0.0,0.0
2013-06-04,0.0,0.0,0.0,0.0,0.35591046910159313,0.0,0.0,0.6440895308984068,0.0,0.0
2013-06-05,0.0,0.0,0.0,0.0,0.36026456172302684,0.0,0.0,0.6397354382769731,0.0,0.0
2013-06-06,0.0,0.0,0.0,0.0,0.35847309346707706,0.0,0.0,0.6415269065329229,0.0,0.0
2013-06-07,0.0,0.0,0.0,0.0,0.3537887711804947,0.0,0.0,0.6462112288195053,0.0,0.0
2013-06-10,0.0,0.0,0.0,0.0,0.35322159173093837,0.0,0.0,0.6467784082690616,0.0,0.0
2013-06-11,0.0,0.0,0.0,0.0,0.35616289861362926,0.0,0.0,0.6438371013863706,0.0,0.0
2013-06-12,0.0,0.0,0.0,0.0,0.35703956102570455,0.0,0.0,0.6429604389742954,0.0,0.0
2013-06-13,0.0,0.0,0.0,0.0,0.3553066158575294,0.0,0.0,0.6446933841424706,0.0,0.0
2013-06-14,0.0,0.0,0.0,0.0,0.3570546648881511,0.0,0.0,0.6429453351118489,0.0,0.0
2013-06-17,0.0,0.0,0.0,0.0,0.35474644801876243,0.0,0.0,0.6452535519812376,0.0,0.0
2013-06-18,0.0,0.0,0.0,0.0,0.3528157624573563,0.0,0.0,0.6471842375426435,0.0,0.0
2013-06-19,0.0,0.0,0.0,0.0,0.35284053909599944,0.0,0.0,0.6471594609040007,0.0,0.0
2013-06-20,0.0,0.0,0.0,0.0,0.35754536669090725,0.0,0.0,0.6424546333090928,0.0,0.0
2013-06-21,0.0,0.0,0.0,0.0,0.3543745340523058,0.0,0.0,0.6456254659476942,0.0,0.0
2013-06-24,0.0,0.0,0.0,0.0,0.35672625919368467,0.0,0.0,0.6432737408063153,0.0,0.0
2013-06-25,0.0,0.0,0.0,0.0,0.3542636005181694,0.0,0.0,0.6457363994818306,0.0,0.0
2013-06-26,0.0,0.0,0.0,0.0,0.35293166395342346,0.0,0.0,0.6470683360465765,0.0,0.0
2013-06-27,0.0,0.0,0.0,0.0,0.3528223159610516,0.0,0.0,0.6471776840389485,0.0,0.0
2013-06-28,0.0,0.0,0.0,0.0,0.3534929697309506,0.0,0.0,0.6465070302690494,0.0,0.0
2013-07-01,0.0,0.0,0.0,0.0,0.35224588683472197,0.0,0.0,0.6477541131652781,0.0,0.0
2013-07-02,0.0,0.0,0.0,0.0,0.352547073098054,0.0,0.0,0.647452926901946,0.0,0.0
2013-07-03,0.0,0.0,0.0,0.0,0.3520022261552904,0.0,0.0,0.6479977738447097,0.0,0.0
2013-07-05,0.0,0.0,0.0,0.0,0.3457107304299723,0.0,0.0,0.6542892695700276,0.0,0.0
2013-07-08,0.0,0.0,0.0,0.0,0.34574786294139737,0.0,0.0,0.6542521370586026,0.0,0.0
2013-07-09,0.0,0.0,0.0,0.0,0.34450669953612145,0.0,0.0,0.6554933004638785,0.0,0.0
2013-07-10,0.0,0.0,0.0,0.0,0.34362102142865497,0.0,0.0,0.656378978571345,0.0,0.0
2013-07-11,0.0,0.0,0.0,0.0,0.342816104201051,0.0,0.0,0.657183895798949,0.0,0.0
2013-07-12,0.0,0.0,0.0,0.0,0.3425451397547395,0.0,0.0,0.6574548602452606,0.0,0.0
2013-07-15,0.0,0.0,0.0,0.0,0.34239267726245765,0.0,0.0,0.6576073227375423,0.0,0.0
2013-07-16,0.0,0.0,0.0,0.0,0.34334871233362696,0.0,0.0,0.6566512876663729,0.0,0.0
2013-07-17,0.0,0.0,0.0,0.0,0.3437611896594656,0.0,0.0,0.6562388103405344,0.0,0.0
2013-07-18,0.0,0.0,0.0,0.0,0.3414753998607172,0.0,0.0,0.6585246001392827,0.0,0.0
2013-07-19,0.0,0.0,0.0,0.0,0.3423056986232287,0.0,0.0,0.6576943013767712,0.0,0.0
2013-07-22,0.0,0.0,0.0,0.0,0.3418451340520736,0.0,0.0,0.6581548659479264,0.0,0.0
2013-07-23,0.0,0.0,0.0,0.0,0.342060488104788,0.0,0.0,0.6579395118952119,0.0,0.0
2013-07-24,0.0,0.0,0.0,0.0,0.34136904152878755,0.0,0.0,0.6586309584712124,0.0,0.0
2013-07-25,0.0,0.0,0.0,0.0,0.3411534373196462,0.0,0.0,0.6588465626803538,0.0,0.0
2013-07-26,0.0,0.0,0.0,0.0,0.3411120836083133,0.0,0.0,0.6588879163916865,0.0,0.0
2013-07-29,0.0,0.0,0.0,0.0,0.34134201212762294,0.0,0.0,0.6586579878723771,0.0,0.0
2013-07-30,0.0,0.0,0.0,0.0,0.34127569278625036,0.0,0.0,0.6587243072137496,0.0,0.0
2013-07-31,0.0,0.0,0.0,0.0,0.3412701263696295,0.0,0.0,0.6587298736303704,0.0,0.0
2013-08-01,0.0,0.0,0.0,0.0,0.39512436386351546,0.0,0.0,0.6048756361364845,0.0,0.0
2013-08-02,0.0,0.0,0.0,0.0,0.39674689782407335,0.0,0.0,0.6032531021759268,0.0,0.0
2013-08-05,0.0,0.0,0.0,0.0,0.3963439772069323,0.0,0.0,0.6036560227930677,0.0,0.0
2013-08-06,0.0,0.0,0.0,0.0,0.39777889992429055,0.0,0.0,0.6022211000757095,0.0,0.0
2013-08-07,0.0,0.0,0.0,0.0,0.3994289335326762,0.0,0.0,0.6005710664673238,0.0,0.0
2013-08-08,0.0,0.0,0.0,0.0,0.3989044790882944,0.0,0.0,0.6010955209117057,0.0,0.0
2013-08-09,0.0,0.0,0.0,0.0,0.3997620329787643,0.0,0.0,0.6002379670212358,0.0,0.0
2013-08-12,0.0,0.0,0.0,0.0,0.3995754530084037,0.0,0.0,0.6004245469915963,0.0,0.0
2013-08-13,0.0,0.0,0.0,0.0,0.39669510685074344,0.0,0.0,0.6033048931492565,0.0,0.0
2013-08-14,0.0,0.0,0.0,0.0,0.39813991554187655,0.0,0.0,0.6018600844581234,0.0,0.0
2013-08-15,0.0,0.0,0.0,0.0,0.40018564292481323,0.0,0.0,0.5998143570751868,0.0,0.0
2013-08-16,0.0,0.0,0.0,0.0,0.40004758638794474,0.0,0.0,0.5999524136120553,0.0,0.0
2013-08-19,0.0,0.0,0.0,0.0,0.40055399993103685,0.0,0.0,0.5994460000689632,0.0,0.0
2013-08-20,0.0,0.0,0.0,0.0,0.40067308133007457,0.0,0.0,0.5993269186699254,0.0,0.0
2013-08-21,0.0,0.0,0.0,0.0,0.4006430125119375,0.0,0.0,0.5993569874880625,0.0,0.0
2013-08-22,0.0,0.0,0.0,0.0,0.39837017504759265,0.0,0.0,0.6016298249524074,0.0,0.0
2013-08-23,0.0,0.0,0.0,0.0,0.3989074885055199,0.0,0.0,0.6010925114944802,0.0,0.0
2013-08-26,0.0,0.0,0.0,0.0,0.400280461401497,0.0,0.0,0.599719538598503,0.0,0.0
2013-08-27,0.0,0.0,0.0,0.0,0.4055441307014873,0.0,0.0,0.5944558692985128,0.0,0.0
2013-08-28,0.0,0.0,0.0,0.0,0.40370929748217516,0.0,0.0,0.5962907025178249,0.0,0.0
2013-08-29,0.0,0.0,0.0,0.0,0.4035671840554519,0.0,0.0,0.5964328159445481,0.0,0.0
2013-08-30,0.0,0.0,0.0,0.0,0.40387587249999946,0.0,0.0,0.5961241275000004,0.0,0.0
2013-09-03,0.0,0.0,0.0,0.0,0.4014217603925905,0.0,0.0,0.5985782396074095,0.0,0.0
2013-09-04,0.0,0.0,0.0,0.0,0.39864858333719705,0.0,0.0,0.601351416662803,0.0,0.0
2013-09-05,0.0,0.0,0.0,0.0,0.39650628129156823,0.0,0.0,0.6034937187084317,0.0,0.0
2013-09-06,0.0,0.0,0.0,0.0,0.3978433733867528,0.0,0.0,0.6021566266132471,0.0,0.0
2013-09-09,0.0,0.0,0.0,0.0,0.39604421380571647,0.0,0.0,0.6039557861942835,0.0,0.0
2013-09-10,0.0,0.0,0.0,0.0,0.3931754781183823,0.0,0.0,0.6068245218816177,0.0,0.0
2013-09-11,0.0,0.0,0.0,0.0,0.39363057241900956,0.0,0.0,0.6063694275809904,0.0,0.0
2013-09-12,0.0,0.0,0.0,0.0,0.39428961648678995,0.0,0.0,0.60571038351321,0.0,0.0
2013-09-13,0.0,0.0,0.0,0.0,0.3940651900166517,0.0,0.0,0.6059348099833484,0.0,0.0
2013-09-16,0.0,0.0,0.0,0.0,0.39321433763311864,0.0,0.0,0.6067856623668814,0.0,0.0
2013-09-17,0.0,0.0,0.0,0.0,0.3926299145586468,0.0,0.0,0.6073700854413533,0.0,0.0
2013-09-18,0.0,0.0,0.0,0.0,0.39282456998455123,0.0,0.0,0.6071754300154489,0.0,0.0
2013-09-19,0.0,0.0,0.0,0.0,0.39239862716133495,0.0,0.0,0.6076013728386651,0.0,0.0
2013-09-20,0.0,0.0,0.0,0.0,0.3943091817086895,0.0,0.0,0.6056908182913106,0.0,0.0
2013-09-23,0.0,0.0,0.0,0.0,0.39631558367929237,0.0,0.0,0.6036844163207076,0.0,0.0
2013-09-24,0.0,0.0,0.0,0.0,0.39775209999821565,0.0,0.0,0.6022479000017844,0.0,0.0
2013-09-25,0.0,0.0,0.0,0.0,0.39910476080752105,0.0,0.0,0.600895239192479,0.0,0.0
2013-09-26,0.0,0.0,0.0,0.0,0.3976672767589874,0.0,0.0,0.6023327232410125,0.0,0.0
2013-09-27,0.0,0.0,0.0,0.0,0.39910078345710737,0.0,0.0,0.6008992165428927,0.0,0.0
2013-09-30,0.0,0.0,0.0,0.0,0.40078307565768545,0.0,0.0,0.5992169243423145,0.0,0.0
2013-10-01,0.0,0.0,0.0,0.0,0.3983565723555108,0.0,0.0,0.6016434276444892,0.0,0.0
2013-10-02,0.0,0.0,0.0,0.0,0.39898345317222506,0.0,0.0,0.601016546827775,0.0,0.0
2013-10-03,0.0,0.0,0.0,0.0,0.40153692541020053,0.0,0.0,0.5984630745897994,0.0,0.0
2013-10-04,0.0,0.0,0.0,0.0,0.39906512842036607,0.0,0.0,0.6009348715796339,0.0,0.0
2013-10-07,0.0,0.0,0.0,0.0,0.4013614220432752,0.0,0.0,0.5986385779567248,0.0,0.0
2013-10-08,0.0,0.0,0.0,0.0,0.4040611006494567,0.0,0.0,0.5959388993505433,0.0,0.0
2013-10-09,0.0,0.0,0.0,0.0,0.4034606346692267,0.0,0.0,0.5965393653307732,0.0,0.0
2013-10-10,0.0,0.0,0.0,0.0,0.3978187192281092,0.0,0.0,0.6021812807718908,0.0,0.0
2013-10-11,0.0,0.0,0.0,0.0,0.39663483259487226,0.0,0.0,0.6033651674051278,0.0,0.0
2013-10-14,0.0,0.0,0.0,0.0,0.3948795957673346,0.0,0.0,0.6051204042326653,0.0,0.0
2013-10-15,0.0,0.0,0.0,0.0,0.3966679542736921,0.0,0.0,0.6033320457263078,0.0,0.0
2013-10-16,0.0,0.0,0.0,0.0,0.39450639880992394,0.0,0.0,0.605493601190076,0.0,0.0
2013-10-17,0.0,0.0,0.0,0.0,0.3942732959959744,0.0,0.0,0.6057267040040257,0.0,0.0
2013-10-18,0.0,0.0,0.0,0.0,0.3926902586022367,0.0,0.0,0.6073097413977633,0.0,0.0
2013-10-21,0.0,0.0,0.0,0.0,0.3925132562980669,0.0,0.0,0.6074867437019331,0.0,0.0
2013-10-22,0.0,0.0,0.0,0.0,0.392786448762394,0.0,0.0,0.6072135512376059,0.0,0.0
2013-10-23,0.0,0.0,0.0,0.0,0.39434903376464203,0.0,0.0,0.605650966235358,0.0,0.0
2013-10-24,0.0,0.0,0.0,0.0,0.39307069090349084,0.0,0.0,0.6069293090965092,0.0,0.0
2013-10-25,0.0,0.0,0.0,0.0,0.3924007524574502,0.0,0.0,0.6075992475425498,0.0,0.0
2013-10-28,0.0,0.0,0.0,0.0,0.3917904329700782,0.0,0.0,0.6082095670299218,0.0,0.0
2013-10-29,0.0,0.0,0.0,0.0,0.39084695239680367,0.0,0.0,0.6091530476031962,0.0,0.0
2013-10-30,0.0,0.0,0.0,0.0,0.391408555951544,0.0,0.0,0.6085914440484561,0.0,0.0
2013-10-31,0.0,0.0,0.0,0.0,0.3918069826702813,0.0,0.0,0.6081930173297186,0.0,0.0
2013-11-01,0.0,0.0,0.0,0.0,0.38991453035270923,0.0,0.0,0.6100854696472908,0.0,0.0
2013-11-04,0.0,0.0,0.0,0.0,0.3895451132452764,0.0,0.0,0.6104548867547236,0.0,0.0
2013-11-05,0.0,0.0,0.0,0.0,0.389226820677157,0.0,0.0,0.610773179322843,0.0,0.0
2013-11-06,0.0,0.0,0.0,0.0,0.3887393116146645,0.0,0.0,0.6112606883853354,0.0,0.0
2013-11-07,0.0,0.0,0.0,0.0,0.39239672475673093,0.0,0.0,0.6076032752432691,0.0,0.0
2013-11-08,0.0,0.0,0.0,0.0,0.3865233055036727,0.0,0.0,0.6134766944963272,0.0,0.0
2013-11-11,0.0,0.0,0.0,0.0,0.3863659879208334,0.0,0.0,0.6136340120791666,0.0,0.0
2013-11-12,0.0,0.0,0.0,0.0,0.38663675941974196,0.0,0.0,0.613363240580258,0.0,0.0
2013-11-13,0.0,0.0,0.0,0.0,0.3857255200836085,0.0,0.0,0.6142744799163914,0.0,0.0
2013-11-14,0.0,0.0,0.0,0.0,0.38568773941413564,0.0,0.0,0.6143122605858643,0.0,0.0
2013-11-15,0.0,0.0,0.0,0.0,0.3844737262877384,0.0,0.0,0.6155262737122617,0.0,0.0
2013-11-18,0.0,0.0,0.0,0.0,0.3861393979746525,0.0,0.0,0.6138606020253475,0.0,0.0
2013-11-19,0.0,0.0,0.0,0.0,0.3857726157147569,0.0,0.0,0.614227384285243,0.0,0.0
2013-11-20,0.0,0.0,0.0,0.0,0.38520888127160197,0.0,0.0,0.6147911187283981,0.0,0.0
2013-11-21,0.0,0.0,0.0,0.0,0.3835172839133083,0.0,0.0,0.6164827160866917,0.0,0.0
2013-11-22,0.0,0.0,0.0,0.0,0.3830129329315218,0.0,0.0,0.6169870670684784,0.0,0.0
2013-11-25,0.0,0.0,0.0,0.0,0.38343412187455184,0.0,0.0,0.6165658781254482,0.0,0.0
2013-11-26,0.0,0.0,0.0,0.0,0.3838794485148341,0.0,0.0,0.6161205514851659,0.0,0.0
2013-11-27,0.0,0.0,0.0,0.0,0.3827707832738179,0.0,0.0,0.617229216726182,0.0,0.0
2013-11-29,0.0,0.0,0.0,0.0,0.3827880746241802,0.0,0.0,0.6172119253758198,0.0,0.0
2013-12-02,0.0,0.0,0.0,0.0,0.38238533490923293,0.0,0.0,0.6176146650907671,0.0,0.0
2013-12-03,0.0,0.0,0.0,0.0,0.38382929844554237,0.0,0.0,0.6161707015544576,0.0,0.0
2013-12-04,0.0,0.0,0.0,0.0,0.38277942096954826,0.0,0.0,0.6172205790304518,0.0,0.0
2013-12-05,0.0,0.0,0.0,0.0,0.3832336580555787,0.0,0.0,0.6167663419444213,0.0,0.0
2013-12-06,0.0,0.0,0.0,0.0,0.3808208212210955,0.0,0.0,0.6191791787789045,0.0,0.0
2013-12-09,0.0,0.0,0.0,0.0,0.38050311208866466,0.0,0.0,0.6194968879113354,0.0,0.0
2013-12-10,0.0,0.0,0.0,0.0,0.38233144866159136,0.0,0.0,0.6176685513384086,0.0,0.0
2013-12-11,0.0,0.0,0.0,0.0,0.3840882873470574,0.0,0.0,0.6159117126529425,0.0,0.0
2013-12-12,0.0,0.0,0.0,0.0,0.38418906447317175,0.0,0.0,0.6158109355268282,0.0,0.0
2013-12-13,0.0,0.0,0.0,0.0,0.38456845485693925,0.0,0.0,0.6154315451430608,0.0,0.0
2013-12-16,0.0,0.0,0.0,0.0,0.3829816786250027,0.0,0.0,0.6170183213749975,0.0,0.0
2013-12-17,0.0,0.0,0.0,0.0,0.38448583113981594,0.0,0.0,0.6155141688601841,0.0,0.0
2013-12-18,0.0,0.0,0.0,0.0,0.37959907521285485,0.0,0.0,0.6204009247871453,0.0,0.0
2013-12-19,0.0,0.0,0.0,0.0,0.37888560116254966,0.0,0.0,0.6211143988374503,0.0,0.0
2013-12-20,0.0,0.0,0.0,0.0,0.3782484742933153,0.0,0.0,0.6217515257066846,0.0,0.0
2013-12-23,0.0,0.0,0.0,0.0,0.3762469190935025,0.0,0.0,0.6237530809064974,0.0,0.0
2013-12-24,0.0,0.0,0.0,0.0,0.3748183335350691,0.0,0.0,0.6251816664649309,0.0,0.0
2013-12-26,0.0,0.0,0.0,0.0,0.37342870330447014,0.0,0.0,0.6265712966955297,0.0,0.0
2013-12-27,0.0,0.0,0.0,0.0,0.3733003317415218,0.0,0.0,0.6266996682584781,0.0,0.0
2013-12-30,0.0,0.0,0.0,0.0,0.37397303276722593,0.0,0.0,0.626026967232774,0.0,0.0
2013-12-31,0.0,0.0,0.0,0.0,0.37181084798080366,0.0,0.0,0.6281891520191962,0.0,0.0
2014-01-02,0.0,0.0,0.0,0.0,0.3749818212831838,0.0,0.0,0.6250181787168162,0.0,0.0
2014-01-03,0.0,0.0,0.0,0.0,0.37487918750906346,0.0,0.0,0.6251208124909365,0.0,0.0
2014-01-06,0.0,0.0,0.0,0.0,0.3762182489425807,0.0,0.0,0.6237817510574193,0.0,0.0
2014-01-07,0.0,0.0,0.0,0.0,0.3751576213273674,0.0,0.0,0.6248423786726325,0.0,0.0
2014-01-08,0.0,0.0,0.0,0.0,0.37395590636753534,0.0,0.0,0.6260440936324646,0.0,0.0
2014-01-09,0.0,0.0,0.0,0.0,0.37441379465302954,0.0,0.0,0.6255862053469704,0.0,0.0
2014-01-10,0.0,0.0,0.0,0.0,0.3757415999837326,0.0,0.0,0.6242584000162675,0.0,0.0
2014-01-13,0.0,0.0,0.0,0.0,0.37956580936326145,0.0,0.0,0.6204341906367385,0.0,0.0
2014-01-14,0.0,0.0,0.0,0.0,0.37613103944475473,0.0,0.0,0.6238689605552452,0.0,0.0
2014-01-15,0.0,0.0,0.0,0.0,0.37466081762841247,0.0,0.0,0.6253391823715876,0.0,0.0
2014-01-16,0.0,0.0,0.0,0.0,0.37561810073017166,0.0,0.0,0.6243818992698283,0.0,0.0
2014-01-17,0.0,0.0,0.0,0.0,0.37717165591675367,0.0,0.0,0.6228283440832464,0.0,0.0
2014-01-21,0.0,0.0,0.0,0.0,0.37622608208171787,0.0,0.0,0.6237739179182821,0.0,0.0
2014-01-22,0.0,0.0,0.0,0.0,0.37542129371513655,0.0,0.0,0.6245787062848634,0.0,0.0
2014-01-23,0.0,0.0,0.0,0.0,0.3789370576601561,0.0,0.0,0.6210629423398438,0.0,0.0
2014-01-24,0.0,0.0,0.0,0.0,0.38498201185700726,0.0,0.0,0.6150179881429927,0.0,0.0
2014-01-27,0.0,0.0,0.0,0.0,0.3854265017656679,0.0,0.0,0.6145734982343322,0.0,0.0
2014-01-28,0.0,0.0,0.0,0.0,0.38437112364135856,0.0,0.0,0.6156288763586414,0.0,0.0
2014-01-29,0.0,0.0,0.0,0.0,0.3877770528761076,0.0,0.0,0.6122229471238925,0.0,0.0
2014-01-30,0.0,0.0,0.0,0.0,0.38504430437550363,0.0,0.0,0.6149556956244964,0.0,0.0
2014-01-31,0.0,0.0,0.0,0.0,0.387365854351921,0.0,0.0,0.612634145648079,0.0,0.0
2014-02-03,0.0,0.0,0.0,0.0,0.3940750443805159,0.0,0.0,0.6059249556194841,0.0,0.0
2014-02-04,0.0,0.0,0.0,0.0,0.39168870935779615,0.0,0.0,0.6083112906422039,0.0,0.0
2014-02-05,0.0,0.0,0.0,0.0,0.39112506852337614,0.0,0.0,0.6088749314766239,0.0,0.0
2014-02-06,0.0,0.0,0.0,0.0,0.3875669076122823,0.0,0.0,0.6124330923877178,0.0,0.0
2014-02-07,0.0,0.0,0.0,0.0,0.38527398733668083,0.0,0.0,0.6147260126633192,0.0,0.0
2014-02-10,0.0,0.0,0.0,0.0,0.3849554359514989,0.0,0.0,0.6150445640485012,0.0,0.0
2014-02-11,0.0,0.0,0.0,0.0,0.3813391217030264,0.0,0.0,0.6186608782969736,0.0,0.0
2014-02-12,0.0,0.0,0.0,0.0,0.3806650866946942,0.0,0.0,0.6193349133053058,0.0,0.0
2014-02-13,0.0,0.0,0.0,0.0,0.380564115621956,0.0,0.0,0.619435884378044,0.0,0.0
2014-02-14,0.0,0.0,0.0,0.0,0.3791059532459598,0.0,0.0,0.6208940467540401,0.0,0.0
2014-02-18,0.0,0.0,0.0,0.0,0.3794017707109726,0.0,0.0,0.6205982292890275,0.0,0.0
2014-02-19,0.0,0.0,0.0,0.0,0.38050502009341497,0.0,0.0,0.6194949799065851,0.0,0.0
2014-02-20,0.0,0.0,0.0,0.0,0.3788649920282949,0.0,0.0,0.6211350079717051,0.0,0.0
2014-02-21,0.0,0.0,0.0,0.0,0.3794339678300693,0.0,0.0,0.6205660321699308,0.0,0.0
2014-02-24,0.0,0.0,0.0,0.0,0.3779015898043621,0.0,0.0,0.6220984101956379,0.0,0.0
2014-02-25,0.0,0.0,0.0,0.0,0.37879794228007474,0.0,0.0,0.6212020577199253,0.0,0.0
2014-02-26,0.0,0.0,0.0,0.0,0.3794753627233625,0.0,0.0,0.6205246372766375,0.0,0.0
2014-02-27,0.0,0.0,0.0,0.0,0.3785191150220652,0.0,0.0,0.6214808849779349,0.0,0.0
2014-02-28,0.0,0.0,0.0,0.0,0.3776959787666871,0.0,0.0,0.6223040212333131,0.0,0.0
2014-03-03,0.0,0.0,0.0,0.0,0.3805181502708974,0.0,0.0,0.6194818497291026,0.0,0.0
2014-03-04,0.0,0.0,0.0,0.0,0.3754232227017916,0.0,0.0,0.6245767772982085,0.0,0.0
2014-03-05,0.0,0.0,0.0,0.0,0.37546331646398673,0.0,0.0,0.6245366835360132,0.0,0.0
2014-03-06,0.0,0.0,0.0,0.0,0.37391592816972213,0.0,0.0,0.6260840718302778,0.0,0.0
2014-03-07,0.0,0.0,0.0,0.0,0.3728017951937379,0.0,0.0,0.6271982048062621,0.0,0.0
2014-03-10,0.0,0.0,0.0,0.0,0.3731799535110416,0.0,0.0,0.6268200464889583,0.0,0.0
2014-03-11,0.0,0.0,0.0,0.0,0.3745708194807257,0.0,0.0,0.6254291805192743,0.0,0.0
2014-03-12,0.0,0.0,0.0,0.0,0.37543041680133327,0.0,0.0,0.6245695831986668,0.0,0.0
2014-03-13,0.0,0.0,0.0,0.0,0.3794601045209322,0.0,0.0,0.6205398954790677,0.0,0.0
2014-03-14,0.0,0.0,0.0,0.0,0.3801456788130169,0.0,0.0,0.6198543211869831,0.0,0.0
2014-03-17,0.0,0.0,0.0,0.0,0.3770843263130725,0.0,0.0,0.6229156736869275,0.0,0.0
2014-03-18,0.0,0.0,0.0,0.0,0.37598884542382704,0.0,0.0,0.6240111545761728,0.0,0.0
2014-03-19,0.0,0.0,0.0,0.0,0.37505413208642185,0.0,0.0,0.6249458679135781,0.0,0.0
2014-03-20,0.0,0.0,0.0,0.0,0.37373652801397605,0.0,0.0,0.6262634719860241,0.0,0.0
2014-03-21,0.0,0.0,0.0,0.0,0.37508539624147036,0.0,0.0,0.6249146037585296,0.0,0.0
2014-03-24,0.0,0.0,0.0,0.0,0.37614955946477135,0.0,0.0,0.6238504405352286,0.0,0.0
2014-03-25,0.0,0.0,0.0,0.0,0.37490091641163575,0.0,0.0,0.6250990835883643,0.0,0.0
2014-03-26,0.0,0.0,0.0,0.0,0.37758670767003677,0.0,0.0,0.6224132923299632,0.0,0.0
2014-03-27,0.0,0.0,0.0,0.0,0.3783131566662092,0.0,0.0,0.6216868433337909,0.0,0.0
2014-03-28,0.0,0.0,0.0,0.0,0.3763276882074634,0.0,0.0,0.6236723117925366,0.0,0.0
2014-03-31,0.0,0.0,0.0,0.0,0.374437102990969,0.0,0.0,0.6255628970090311,0.0,0.0
2014-04-01,0.0,0.0,0.0,0.0,0.3724065130449687,0.0,0.0,0.6275934869550314,0.0,0.0
2014-04-02,0.0,0.0,0.0,0.0,0.370610302303122,0.0,0.0,0.629389697696878,0.0,0.0
2014-04-03,0.0,0.0,0.0,0.0,0.37108109760679725,0.0,0.0,0.6289189023932028,0.0,0.0
2014-04-04,0.0,0.0,0.0,0.0,0.37529525719766893,0.0,0.0,0.6247047428023311,0.0,0.0
2014-04-07,0.0,0.0,0.0,0.0,0.37845902652145036,0.0,0.0,0.6215409734785496,0.0,0.0
2014-04-08,0.0,0.0,0.0,0.0,0.3778146802627956,0.0,0.0,0.6221853197372045,0.0,0.0
2014-04-09,0.0,0.0,0.0,0.0,0.37523542028935886,0.0,0.0,0.6247645797106413,0.0,0.0
2014-04-10,0.0,0.0,0.0,0.0,0.3812178372957077,0.0,0.0,0.6187821627042923,0.0,0.0
2014-04-11,0.0,0.0,0.0,0.0,0.38383929605319456,0.0,0.0,0.6161607039468056,0.0,0.0
2014-04-14,0.0,0.0,0.0,0.0,0.38161664895098735,0.0,0.0,0.6183833510490128,0.0,0.0
2014-04-15,0.0,0.0,0.0,0.0,0.3802740229895423,0.0,0.0,0.6197259770104576,0.0,0.0
2014-04-16,0.0,0.0,0.0,0.0,0.3774537229311779,0.0,0.0,0.6225462770688222,0.0,0.0
2014-04-17,0.0,0.0,0.0,0.0,0.3757919030664319,0.0,0.0,0.6242080969335682,0.0,0.0
2014-04-21,0.0,0.0,0.0,0.0,0.37492976871634487,0.0,0.0,0.625070231283655,0.0,0.0
2014-04-22,0.0,0.0,0.0,0.0,0.3737756823501744,0.0,0.0,0.6262243176498257,0.0,0.0
2014-04-23,0.0,0.0,0.0,0.0,0.37492256346335523,0.0,0.0,0.6250774365366448,0.0,0.0
2014-04-24,0.0,0.0,0.0,0.0,0.3743792701155903,0.0,0.0,0.6256207298844096,0.0,0.0
2014-04-25,0.0,0.0,0.0,0.0,0.37663146367947964,0.0,0.0,0.6233685363205205,0.0,0.0
2014-04-28,0.0,0.0,0.0,0.0,0.37554454626314865,0.0,0.0,0.6244554537368514,0.0,0.0
2014-04-29,0.0,0.0,0.0,0.0,0.3746627837077833,0.0,0.0,0.6253372162922166,0.0,0.0
2014-04-30,0.0,0.0,0.0,0.0,0.37458401835689115,0.0,0.0,0.625415981643109,0.0,0.0
2014-05-01,0.0,0.0,0.0,0.0,0.37523295487808356,0.0,0.0,0.6247670451219165,0.0,0.0
2014-05-02,0.0,0.0,0.0,0.0,0.37591264811134456,0.0,0.0,0.6240873518886555,0.0,0.0
2014-05-05,0.0,0.0,0.0,0.0,0.37532698934928116,0.0,0.0,0.6246730106507189,0.0,0.0
2014-05-06,0.0,0.0,0.0,0.0,0.37765369525017717,0.0,0.0,0.6223463047498229,0.0,0.0
2014-05-07,0.0,0.0,0.0,0.0,0.37645765815264737,0.0,0.0,0.6235423418473525,0.0,0.0
2014-05-08,0.0,0.0,0.0,0.0,0.3769587271935494,0.0,0.0,0.6230412728064507,0.0,0.0
2014-05-09,0.0,0.0,0.0,0.0,0.37642610368624624,0.0,0.0,0.6235738963137538,0.0,0.0
2014-05-12,0.0,0.0,0.0,0.0,0.37353842252680336,0.0,0.0,0.6264615774731966,0.0,0.0
2014-05-13,0.0,0.0,0.0,0.0,0.3742409991385693,0.0,0.0,0.6257590008614308,0.0,0.0
2014-05-14,0.0,0.0,0.0,0.0,0.3764232279087402,0.0,0.0,0.6235767720912597,0.0,0.0
2014-05-15,0.0,0.0,0.0,0.0,0.37933676193255284,0.0,0.0,0.6206632380674472,0.0,0.0
2014-05-16,0.0,0.0,0.0,0.0,0.37802242193640745,0.0,0.0,0.6219775780635927,0.0,0.0
2014-05-19,0.0,0.0,0.0,0.0,0.37686637102868803,0.0,0.0,0.6231336289713121,0.0,0.0
2014-05-20,0.0,0.0,0.0,0.0,0.37903510022947007,0.0,0.0,0.6209648997705299,0.0,0.0
2014-05-21,0.0,0.0,0.0,0.0,0.3766995717016012,0.0,0.0,0.6233004282983988,0.0,0.0
2014-05-22,0.0,0.0,0.0,0.0,0.37587997885443164,0.0,0.0,0.6241200211455684,0.0,0.0
2014-05-23,0.0,0.0,0.0,0.0,0.37541755110744374,0.0,0.0,0.6245824488925561,0.0,0.0
2014-05-27,0.0,0.0,0.0,0.0,0.37404977607141504,0.0,0.0,0.6259502239285849,0.0,0.0
2014-05-28,0.0,0.0,0.0,0.0,0.37550625770300294,0.0,0.0,0.6244937422969971,0.0,0.0
2014-05-29,0.0,0.0,0.0,0.0,0.374005157228716,0.0,0.0,0.6259948427712841,0.0,0.0
2014-05-30,0.0,0.0,0.0,0.0,0.3734480904597046,0.0,0.0,0.6265519095402954,0.0,0.0
2014-06-02,0.0,0.0,0.0,0.0,0.3721089847357236,0.0,0.0,0.6278910152642765,0.0,0.0
2014-06-03,0.0,0.0,0.0,0.0,0.37105193886958737,0.0,0.0,0.6289480611304126,0.0,0.0
2014-06-04,0.0,0.0,0.0,0.0,0.37039899698230416,0.0,0.0,0.6296010030176957,0.0,0.0
2014-06-05,0.0,0.0,0.0,0.0,0.369223897638367,0.0,0.0,0.6307761023616332,0.0,0.0
2014-06-06,0.0,0.0,0.0,0.0,0.36793257223416603,0.0,0.0,0.6320674277658339,0.0,0.0
2014-06-09,0.0,0.0,0.0,0.0,0.36735517004205137,0.0,0.0,0.6326448299579487,0.0,0.0
2014-06-10,0.0,0.0,0.0,0.0,0.36692343828253793,0.0,0.0,0.6330765617174621,0.0,0.0
2014-06-11,0.0,0.0,0.0,0.0,0.36805033299512435,0.0,0.0,0.6319496670048756,0.0,0.0
2014-06-12,0.0,0.0,0.0,0.0,0.37061137259612636,0.0,0.0,0.6293886274038736,0.0,0.0
2014-06-13,0.0,0.0,0.0,0.0,0.3694490217629975,0.0,0.0,0.6305509782370026,0.0,0.0
2014-06-16,0.0,0.0,0.0,0.0,0.3692570731978207,0.0,0.0,0.6307429268021794,0.0,0.0
2014-06-17,0.0,0.0,0.0,0.0,0.36763615487576573,0.0,0.0,0.6323638451242343,0.0,0.0
2014-06-18,0.0,0.0,0.0,0.0,0.3671588910992692,0.0,0.0,0.6328411089007308,0.0,0.0
2014-06-19,0.0,0.0,0.0,0.0,0.36631143845601044,0.0,0.0,0.6336885615439896,0.0,0.0
2014-06-20,0.0,0.0,0.0,0.0,0.3661117174558281,0.0,0.0,0.6338882825441721,0.0,0.0
2014-06-23,0.0,0.0,0.0,0.0,0.3660246588456014,0.0,0.0,0.6339753411543986,0.0,0.0
2014-06-24,0.0,0.0,0.0,0.0,0.368376917015068,0.0,0.0,0.6316230829849321,0.0,0.0
2014-06-25,0.0,0.0,0.0,0.0,0.36755347414235945,0.0,0.0,0.6324465258576406,0.0,0.0
2014-06-26,0.0,0.0,0.0,0.0,0.36832754748178975,0.0,0.0,0.6316724525182102,0.0,0.0
2014-06-27,0.0,0.0,0.0,0.0,0.36787574462435113,0.0,0.0,0.6321242553756488,0.0,0.0
2014-06-30,0.0,0.0,0.0,0.0,0.3681742678749698,0.0,0.0,0.6318257321250302,0.0,0.0
2014-07-01,0.0,0.0,0.0,0.0,0.36586386792851594,0.0,0.0,0.6341361320714839,0.0,0.0
2014-07-02,0.0,0.0,0.0,0.0,0.3646817017866434,0.0,0.0,0.6353182982133566,0.0,0.0
2014-07-03,0.0,0.0,0.0,0.0,0.36307200544757584,0.0,0.0,0.6369279945524243,0.0,0.0
2014-07-07,0.0,0.0,0.0,0.0,0.3644433809509292,0.0,0.0,0.6355566190490708,0.0,0.0
2014-07-08,0.0,0.0,0.0,0.0,0.3669991457861986,0.0,0.0,0.6330008542138014,0.0,0.0
2014-07-09,0.0,0.0,0.0,0.0,0.3660052698460483,0.0,0.0,0.6339947301539518,0.0,0.0
2014-07-10,0.0,0.0,0.0,0.0,0.3674208980191408,0.0,0.0,0.6325791019808592,0.0,0.0
2014-07-11,0.0,0.0,0.0,0.0,0.36748334673865085,0.0,0.0,0.6325166532613492,0.0,0.0
2014-07-14,0.0,0.0,0.0,0.0,0.365800733780686,0.0,0.0,0.634199266219314,0.0,0.0
2014-07-15,0.0,0.0,0.0,0.0,0.3660333429177339,0.0,0.0,0.6339666570822661,0.0,0.0
2014-07-16,0.0,0.0,0.0,0.0,0.3655130765369728,0.0,0.0,0.6344869234630273,0.0,0.0
2014-07-17,0.0,0.0,0.0,0.0,0.36951539227223656,0.0,0.0,0.6304846077277635,0.0,0.0
2014-07-18,0.0,0.0,0.0,0.0,0.3666800375657052,0.0,0.0,0.6333199624342948,0.0,0.0
2014-07-21,0.0,0.0,0.0,0.0,0.36718228868600644,0.0,0.0,0.6328177113139936,0.0,0.0
2014-07-22,0.0,0.0,0.0,0.0,0.3664632364671906,0.0,0.0,0.6335367635328094,0.0,0.0
2014-07-23,0.0,0.0,0.0,0.0,0.36592599502442447,0.0,0.0,0.6340740049755754,0.0,0.0
2014-07-24,0.0,0.0,0.0,0.0,0.364975296701283,0.0,0.0,0.6350247032987171,0.0,0.0
2014-07-25,0.0,0.0,0.0,0.0,0.3669593379848019,0.0,0.0,0.633040662015198,0.0,0.0
2014-07-28,0.0,0.0,0.0,0.0,0.36659704197707216,0.0,0.0,0.6334029580229279,0.0,0.0
2014-07-29,0.0,0.0,0.0,0.0,0.3679107447398232,0.0,0.0,0.6320892552601768,0.0,0.0
2014-07-30,0.0,0.0,0.0,0.0,0.3662376772227465,0.0,0.0,0.6337623227772535,0.0,0.0
2014-07-31,0.0,0.0,0.0,0.0,0.3708115871053933,0.0,0.0,0.6291884128946067,0.0,0.0
2014-08-01,0.0,0.0,0.0,0.0,0.37289738057192284,0.0,0.0,0.6271026194280772,0.0,0.0
2014-08-04,0.0,0.0,0.0,0.0,0.37135147943979213,0.0,0.0,0.6286485205602078,0.0,0.0
2014-08-05,0.0,0.0,0.0,0.0,0.3737418640949942,0.0,0.0,0.6262581359050058,0.0,0.0
2014-08-06,0.0,0.0,0.0,0.0,0.37387182325113166,0.0,0.0,0.6261281767488683,0.0,0.0
2014-08-07,0.0,0.0,0.0,0.0,0.3762036755448536,0.0,0.0,0.6237963244551464,0.0,0.0
2014-08-08,0.0,0.0,0.0,0.0,0.3733059877146669,0.0,0.0,0.6266940122853332,0.0,0.0
2014-08-11,0.0,0.0,0.0,0.0,0.3725170451365676,0.0,0.0,0.6274829548634325,0.0,0.0
2014-08-12,0.0,0.0,0.0,0.0,0.37250565006851366,0.0,0.0,0.6274943499314865,0.0,0.0
2014-08-13,0.0,0.0,0.0,0.0,0.37169262634677275,0.0,0.0,0.6283073736532273,0.0,0.0
2014-08-14,0.0,0.0,0.0,0.0,0.3710624780657345,0.0,0.0,0.6289375219342656,0.0,0.0
2014-08-15,0.0,0.0,0.0,0.0,0.37204679956460635,0.0,0.0,0.6279532004353937,0.0,0.0
2014-08-18,0.0,0.0,0.0,0.0,0.36936503319352415,0.0,0.0,0.6306349668064758,0.0,0.0
2014-08-19,0.0,0.0,0.0,0.0,0.3679088908148947,0.0,0.0,0.6320911091851054,0.0,0.0
2014-08-20,0.0,0.0,0.0,0.0,0.3665984070839937,0.0,0.0,0.6334015929160063,0.0,0.0
2014-08-21,0.0,0.0,0.0,0.0,0.366412293323835,0.0,0.0,0.6335877066761649,0.0,0.0
2014-08-22,0.0,0.0,0.0,0.0,0.3667955444434201,0.0,0.0,0.6332044555565799,0.0,0.0
2014-08-25,0.0,0.0,0.0,0.0,0.3657994159167392,0.0,0.0,0.6342005840832609,0.0,0.0
2014-08-26,0.0,0.0,0.0,0.0,0.3656043537317131,0.0,0.0,0.6343956462682868,0.0,0.0
2014-08-27,0.0,0.0,0.0,0.0,0.3663403414921217,0.0,0.0,0.6336596585078783,0.0,0.0
2014-08-28,0.0,0.0,0.0,0.0,0.36677806385358513,0.0,0.0,0.6332219361464148,0.0,0.0
2014-08-29,0.0,0.0,0.0,0.0,0.36613982484040675,0.0,0.0,0.6338601751595934,0.0,0.0
2014-09-02,0.0,0.0,0.0,0.0,0.3647693492843717,0.0,0.0,0.6352306507156282,0.0,0.0
2014-09-03,0.0,0.0,0.0,0.0,0.3652302326847968,0.0,0.0,0.6347697673152033,0.0,0.0
2014-09-04,0.0,0.0,0.0,0.0,0.36474126580461763,0.0,0.0,0.6352587341953824,0.0,0.0
2014-09-05,0.0,0.0,0.0,0.0,0.36376951647642536,0.0,0.0,0.6362304835235746,0.0,0.0
2014-09-08,0.0,0.0,0.0,0.0,0.3641234566539519,0.0,0.0,0.635876543346048,0.0,0.0
2014-09-09,0.0,0.0,0.0,0.0,0.3650584636337423,0.0,0.0,0.6349415363662577,0.0,0.0
2014-09-10,0.0,0.0,0.0,0.0,0.3636061993432264,0.0,0.0,0.6363938006567736,0.0,0.0
2014-09-11,0.0,0.0,0.0,0.0,0.3630490016709153,0.0,0.0,0.6369509983290847,0.0,0.0
2014-09-12,0.0,0.0,0.0,0.0,0.3635276185843969,0.0,0.0,0.6364723814156031,0.0,0.0
2014-09-15,0.0,0.0,0.0,0.0,0.36412970525718225,0.0,0.0,0.6358702947428179,0.0,0.0
2014-09-16,0.0,0.0,0.0,0.0,0.3623252265809072,0.0,0.0,0.6376747734190927,0.0,0.0
2014-09-17,0.0,0.0,0.0,0.0,0.36142993644268834,0.0,0.0,0.6385700635573116,0.0,0.0
2014-09-18,0.0,0.0,0.0,0.0,0.36004680335211064,0.0,0.0,0.6399531966478893,0.0,0.0
2014-09-19,0.0,0.0,0.0,0.0,0.3611299891748989,0.0,0.0,0.6388700108251012,0.0,0.0
2014-09-22,0.0,0.0,0.0,0.0,0.36341420825423876,0.0,0.0,0.6365857917457611,0.0,0.0
2014-09-23,0.0,0.0,0.0,0.0,0.3652369929832919,0.0,0.0,0.6347630070167082,0.0,0.0
2014-09-24,0.0,0.0,0.0,0.0,0.3627816502062565,0.0,0.0,0.6372183497937435,0.0,0.0
2014-09-25,0.0,0.0,0.0,0.0,0.36767438777429395,0.0,0.0,0.632325612225706,0.0,0.0
2014-09-26,0.0,0.0,0.0,0.0,0.3653433455670945,0.0,0.0,0.6346566544329054,0.0,0.0
2014-09-29,0.0,0.0,0.0,0.0,0.3665054421067733,0.0,0.0,0.6334945578932267,0.0,0.0
2014-09-30,0.0,0.0,0.0,0.0,0.36691583008383805,0.0,0.0,0.6330841699161619,0.0,0.0
2014-10-01,0.0,0.0,0.0,0.0,0.3720436395008974,0.0,0.0,0.6279563604991025,0.0,0.0
2014-10-02,0.0,0.0,0.0,0.0,0.37131255473648284,0.0,0.0,0.6286874452635172,0.0,0.0
2014-10-03,0.0,0.0,0.0,0.0,0.3686928098897388,0.0,0.0,0.6313071901102613,0.0,0.0
2014-10-06,0.0,0.0,0.0,0.0,0.36934604034054264,0.0,0.0,0.6306539596594574,0.0,0.0
2014-10-07,0.0,0.0,0.0,0.0,0.37434393033618485,0.0,0.0,0.6256560696638152,0.0,0.0
2014-10-08,0.0,0.0,0.0,0.0,0.3711149078915968,0.0,0.0,0.6288850921084032,0.0,0.0
2014-10-09,0.0,0.0,0.0,0.0,0.37540013093520563,0.0,0.0,0.6245998690647944,0.0,0.0
2014-10-10,0.0,0.0,0.0,0.0,0.3790131293394985,0.0,0.0,0.6209868706605015,0.0,0.0
2014-10-13,0.0,0.0,0.0,0.0,0.3841505907835611,0.0,0.0,0.6158494092164388,0.0,0.0
2014-10-14,0.0,0.0,0.0,0.0,0.3842534431771469,0.0,0.0,0.6157465568228531,0.0,0.0
2014-10-15,0.0,0.0,0.0,0.0,0.387198312453731,0.0,0.0,0.612801687546269,0.0,0.0
2014-10-16,0.0,0.0,0.0,0.0,0.38675632095203116,0.0,0.0,0.6132436790479688,0.0,0.0
2014-10-17,0.0,0.0,0.0,0.0,0.3832852538789851,0.0,0.0,0.616714746121015,0.0,0.0
2014-10-20,0.0,0.0,0.0,0.0,0.3813369543953546,0.0,0.0,0.6186630456046454,0.0,0.0
2014-10-21,0.0,0.0,0.0,0.0,0.37607842503687555,0.0,0.0,0.6239215749631244,0.0,0.0
2014-10-22,0.0,0.0,0.0,0.0,0.3776877548630591,0.0,0.0,0.622312245136941,0.0,0.0
2014-10-23,0.0,0.0,0.0,0.0,0.3739998757822625,0.0,0.0,0.6260001242177374,0.0,0.0
2014-10-24,0.0,0.0,0.0,0.0,0.3724062915946604,0.0,0.0,0.6275937084053396,0.0,0.0
2014-10-27,0.0,0.0,0.0,0.0,0.37297142715220266,0.0,0.0,0.6270285728477973,0.0,0.0
2014-10-28,0.0,0.0,0.0,0.0,0.3697337501468803,0.0,0.0,0.6302662498531197,0.0,0.0
2014-10-29,0.0,0.0,0.0,0.0,0.3693118675240016,0.0,0.0,0.6306881324759984,0.0,0.0
2014-10-30,0.0,0.0,0.0,0.0,0.368067915689217,0.0,0.0,0.631932084310783,0.0,0.0
2014-10-31,0.0,0.0,0.0,0.0,0.3650522330514489,0.0,0.0,0.6349477669485512,0.0,0.0
2014-11-03,0.0,0.0,0.0,0.0,0.3648396318780543,0.0,0.0,0.6351603681219457,0.0,0.0
2014-11-04,0.0,0.0,0.0,0.0,0.36562320648066765,0.0,0.0,0.6343767935193324,0.0,0.0
2014-11-05,0.0,0.0,0.0,0.0,0.36423032395546395,0.0,0.0,0.635769676044536,0.0,0.0
2014-11-06,0.0,0.0,0.0,0.0,0.36259863593588193,0.0,0.0,0.6374013640641182,0.0,0.0
2014-11-07,0.0,0.0,0.0,0.0,0.36386062225216026,0.0,0.0,0.6361393777478396,0.0,0.0
2014-11-10,0.0,0.0,0.0,0.0,0.36218673720790856,0.0,0.0,0.6378132627920915,0.0,0.0
2014-11-11,0.0,0.0,0.0,0.0,0.36198247703398967,0.0,0.0,0.6380175229660102,0.0,0.0
2014-11-12,0.0,0.0,0.0,0.0,0.3621431107521467,0.0,0.0,0.6378568892478532,0.0,0.0
2014-11-13,0.0,0.0,0.0,0.0,0.3622574198004078,0.0,0.0,0.6377425801995923,0.0,0.0
2014-11-14,0.0,0.0,0.0,0.0,0.3626851695808909,0.0,0.0,0.6373148304191092,0.0,0.0
2014-11-17,0.0,0.0,0.0,0.0,0.36227411094097256,0.0,0.0,0.6377258890590274,0.0,0.0
2014-11-18,0.0,0.0,0.0,0.0,0.361208611904317,0.0,0.0,0.638791388095683,0.0,0.0
2014-11-19,0.0,0.0,0.0,0.0,0.3609639073926961,0.0,0.0,0.639036092607304,0.0,0.0
2014-11-20,0.0,0.0,0.0,0.0,0.3609771647811632,0.0,0.0,0.6390228352188368,0.0,0.0
2014-11-21,0.0,0.0,0.0,0.0,0.36020756420108274,0.0,0.0,0.6397924357989172,0.0,0.0
2014-11-24,0.0,0.0,0.0,0.0,0.3598244214067538,0.0,0.0,0.6401755785932461,0.0,0.0
2014-11-25,0.0,0.0,0.0,0.0,0.3605594927405003,0.0,0.0,0.6394405072594997,0.0,0.0
2014-11-26,0.0,0.0,0.0,0.0,0.3603628030475559,0.0,0.0,0.6396371969524441,0.0,0.0
2014-11-28,0.0,0.0,0.0,0.0,0.3617446896977803,0.0,0.0,0.6382553103022197,0.0,0.0
2014-12-01,0.0,0.0,0.0,0.0,0.36278869567136546,0.0,0.0,0.6372113043286345,0.0,0.0
2014-12-02,0.0,0.0,0.0,0.0,0.36027310909837607,0.0,0.0,0.6397268909016238,0.0,0.0
2014-12-03,0.0,0.0,0.0,0.0,0.3594725177445663,0.0,0.0,0.6405274822554338,0.0,0.0
2014-12-04,0.0,0.0,0.0,0.0,0.3605354962716188,0.0,0.0,0.6394645037283812,0.0,0.0
2014-12-05,0.0,0.0,0.0,0.0,0.35886946321615015,0.0,0.0,0.6411305367838499,0.0,0.0
2014-12-08,0.0,0.0,0.0,0.0,0.36118033681517936,0.0,0.0,0.6388196631848206,0.0,0.0
2014-12-09,0.0,0.0,0.0,0.0,0.3621890986674933,0.0,0.0,0.6378109013325066,0.0,0.0
2014-12-10,0.0,0.0,0.0,0.0,0.3669812841171216,0.0,0.0,0.6330187158828784,0.0,0.0
2014-12-11,0.0,0.0,0.0,0.0,0.3654142058808506,0.0,0.0,0.6345857941191494,0.0,0.0
2014-12-12,0.0,0.0,0.0,0.0,0.3711038250089502,0.0,0.0,0.6288961749910498,0.0,0.0
2014-12-15,0.0,0.0,0.0,0.0,0.3718607660111708,0.0,0.0,0.6281392339888293,0.0,0.0
2014-12-16,0.0,0.0,0.0,0.0,0.37492675868194625,0.0,0.0,0.6250732413180538,0.0,0.0
2014-12-17,0.0,0.0,0.0,0.0,0.36877323513015914,0.0,0.0,0.6312267648698408,0.0,0.0
2014-12-18,0.0,0.0,0.0,0.0,0.3617988779483243,0.0,0.0,0.6382011220516757,0.0,0.0
2014-12-19,0.0,0.0,0.0,0.0,0.3616681167356239,0.0,0.0,0.6383318832643762,0.0,0.0
2014-12-22,0.0,0.0,0.0,0.0,0.3606092804154341,0.0,0.0,0.6393907195845658,0.0,0.0
2014-12-23,0.0,0.0,0.0,0.0,0.3583829212070191,0.0,0.0,0.6416170787929808,0.0,0.0
2014-12-24,0.0,0.0,0.0,0.0,0.35852683301630595,0.0,0.0,0.641473166983694,0.0,0.0
2014-12-26,0.0,0.0,0.0,0.0,0.358092237707696,0.0,0.0,0.641907762292304,0.0,0.0
2014-12-29,0.0,0.0,0.0,0.0,0.35856773473751036,0.0,0.0,0.6414322652624896,0.0,0.0
2014-12-30,0.0,0.0,0.0,0.0,0.36006732791838747,0.0,0.0,0.6399326720816125,0.0,0.0
2014-12-31,0.0,0.0,0.0,0.0,0.3626300238748052,0.0,0.0,0.6373699761251949,0.0,0.0
2015-01-02,0.0,0.0,0.0,0.0,0.36392953053931815,0.0,0.0,0.6360704694606819,0.0,0.0
2015-01-05,0.0,0.0,0.0,0.0,0.369574800346022,0.0,0.0,0.630425199653978,0.0,0.0
2015-01-06,0.0,0.0,0.0,0.0,0.3733475346730144,0.0,0.0,0.6266524653269856,0.0,0.0
2015-01-07,0.0,0.0,0.0,0.0,0.37041145619567434,0.0,0.0,0.6295885438043257,0.0,0.0
2015-01-08,0.0,0.0,0.0,0.0,0.3653707833235265,0.0,0.0,0.6346292166764734,0.0,0.0
2015-01-09,0.0,0.0,0.0,0.0,0.3683826005676704,0.0,0.0,0.6316173994323296,0.0,0.0
2015-01-12,0.0,0.0,0.0,0.0,0.37103387930079496,0.0,0.0,0.6289661206992051,0.0,0.0
2015-01-13,0.0,0.0,0.0,0.0,0.37190684693911,0.0,0.0,0.62809315306089,0.0,0.0
2015-01-14,0.0,0.0,0.0,0.0,0.3743992511782994,0.0,0.0,0.6256007488217006,0.0,0.0
2015-01-15,0.0,0.0,0.0,0.0,0.378554696093374,0.0,0.0,0.621445303906626,0.0,0.0
2015-01-16,0.0,0.0,0.0,0.0,0.37376105165442447,0.0,0.0,0.6262389483455756,0.0,0.0
2015-01-20,0.0,0.0,0.0,0.0,0.3737983210519715,0.0,0.0,0.6262016789480285,0.0,0.0
2015-01-21,0.0,0.0,0.0,0.0,0.3715064889374261,0.0,0.0,0.6284935110625739,0.0,0.0
2015-01-22,0.0,0.0,0.0,0.0,0.3674886711208555,0.0,0.0,0.6325113288791445,0.0,0.0
2015-01-23,0.0,0.0,0.0,0.0,0.37028678085302863,0.0,0.0,0.6297132191469713,0.0,0.0
2015-01-26,0.0,0.0,0.0,0.0,0.36920766555001944,0.0,0.0,0.6307923344499805,0.0,0.0
2015-01-27,0.0,0.0,0.0,0.0,0.3726269238187173,0.0,0.0,0.6273730761812827,0.0,0.0
2015-01-28,0.0,0.0,0.0,0.0,0.37744916815060386,0.0,0.0,0.6225508318493961,0.0,0.0
2015-01-29,0.0,0.0,0.0,0.0,0.3744571015945459,0.0,0.0,0.6255428984054542,0.0,0.0
2015-01-30,0.0,0.0,0.0,0.0,0.37947760139300574,0.0,0.0,0.6205223986069942,0.0,0.0
2015-02-02,0.10331734726716642,0.0,0.031323356645071215,0.022921858128593913,0.3980283263691035,2.4813222363754045e-18,0.0,0.26493553982805934,0.14916029541356474,0.030313276348440964
2015-02-03,0.10611370302577662,0.0,0.03180179695258045,0.022649641411362893,0.39439684005457465,2.523988256238659e-18,0.0,0.2685806023099245,0.14590193012619973,0.030555486119581192
2015-02-04,0.10405921801418092,0.0,0.0316262322233775,0.022811655010187126,0.39613758104218616,2.521590702044303e-18,0.0,0.2682970936230355,0.14655500639851426,0.030513213688518462
2015-02-05,0.10526760478326314,0.0,0.032001032786044596,0.022807679766499937,0.3939411359053096,2.5493249247641073e-18,0.0,0.27049108614018924,0.14467089259050725,0.030820568028186175
2015-02-06,0.10655219921729539,0.0,0.03189846556835152,0.02242650427259958,0.39319450924074645,2.570485799538343e-18,0.0,0.2722773037454094,0.1434449630368643,0.030206054918733332
2015-02-09,0.10770616946462082,0.0,0.031771800000499,0.022545450337065145,0.3933395886463692,2.5522267553816286e-18,0.0,0.2712844086422098,0.14333426517175782,0.03001831773747819
2015-02-10,0.10638139193757187,0.0,0.03207391336700113,0.02242068065918754,0.3924887962921829,2.569424359488218e-18,0.0,0.27426808822187143,0.14224271591501483,0.0301244136071703
2015-02-11,0.10566669964677478,0.0,0.0319346691239306,0.02217967774362642,0.39276683433940507,2.568545794964581e-18,0.0,0.2747239563093426,0.14266001459222022,0.03006814824470034
2015-02-12,0.10675200739207447,0.0,0.03227521020115469,0.02212413740270884,0.39102735546226747,2.5853228571511868e-18,0.0,0.2760347748620184,0.1415055215170851,0.030280993162691186
2015-02-13,0.10796541147170635,0.0,0.032499197887883004,0.02225178302640114,0.3898405288552922,2.6015458249644596e-18,0.0,0.2772578972143831,0.14009631465619193,0.030088866888142267
2015-02-17,0.10853974814678281,0.0,0.03273098539235194,0.021984609672316434,0.38892272402850087,2.6221301134066076e-18,0.0,0.2790187813710149,0.138645379480776,0.030157771908257018
2015-02-18,0.10702721441425926,0.0,0.032861423151141794,0.022004297136888028,0.3900268805701239,2.6198246145485828e-18,0.0,0.2785030016257947,0.1391978041394719,0.030379378962320455
2015-02-19,0.10700893219325688,0.0,0.03300612971802314,0.021997856885094594,0.39027017768938116,2.628309314744032e-18,0.0,0.27918263552788475,0.1387137590361942,0.02982050895016526
2015-02-20,0.10638945821643449,0.0,0.03324974240665235,0.021830773167763773,0.38930412306474843,2.630372131694539e-18,0.0,0.2803204495567299,0.1388543156785153,0.030051137909155742
2015-02-23,0.10538542934333991,0.0,0.033040221141418094,0.021798529856968465,0.3900084686751347,2.625646390302116e-18,0.0,0.2795029867271874,0.14005576371581918,0.030208600540132222
2015-02-24,0.1049351672243353,0.0,0.033083588816763765,0.021661286779880277,0.39069777329187133,2.6163760719361107e-18,0.0,0.278942956855253,0.1412086938427136,0.029470533189182708
2015-02-25,0.10626339238907956,0.0,0.033028458435725466,0.02169110290643387,0.39010936452632866,2.6129927916227195e-18,0.0,0.27802821397665295,0.14147358063007354,0.029405887135705876
2015-02-26,0.10599822299473408,0.0,0.03312939758283971,0.021887355881769942,0.39005680424689704,2.6378604642551917e-18,0.0,0.279319062286326,0.14035362579084731,0.029255531216585928
2015-02-27,0.10685179679681128,0.0,0.03304380556168785,0.02183767026156964,0.39024744429367964,2.6155372760609206e-18,0.0,0.2775205690466498,0.1411030329570327,0.02939568108256905
2015-03-02,0.0,0.0,0.0,0.0,0.3967008860404861,0.0,0.0,0.6032991139595141,0.0,0.0
2015-03-03,0.0,0.0,0.0,0.0,0.39716868261024957,0.0,0.0,0.6028313173897504,0.0,0.0
2015-03-04,0.0,0.0,0.0,0.0,0.3983605769427139,0.0,0.0,0.6016394230572862,0.0,0.0
2015-03-05,0.0,0.0,0.0,0.0,0.3982334336716705,0.0,0.0,0.6017665663283295,0.0,0.0
2015-03-06,0.0,0.0,0.0,0.0,0.3991647595426627,0.0,0.0,0.6008352404573373,0.0,0.0
2015-03-09,0.0,0.0,0.0,0.0,0.39928434900681437,0.0,0.0,0.6007156509931856,0.0,0.0
2015-03-10,0.0,0.0,0.0,0.0,0.40423344717254867,0.0,0.0,0.5957665528274513,0.0,0.0
2015-03-11,0.0,0.0,0.0,0.0,0.4052279709080649,0.0,0.0,0.594772029091935,0.0,0.0
2015-03-12,0.0,0.0,0.0,0.0,0.4024120916632553,0.0,0.0,0.5975879083367446,0.0,0.0
2015-03-13,0.0,0.0,0.0,0.0,0.4035310020409544,0.0,0.0,0.5964689979590456,0.0,0.0
2015-03-16,0.0,0.0,0.0,0.0,0.40117308999607304,0.0,0.0,0.5988269100039271,0.0,0.0
2015-03-17,0.0,0.0,0.0,0.0,0.4023826371407106,0.0,0.0,0.5976173628592893,0.0,0.0
2015-03-18,0.0,0.0,0.0,0.0,0.40225374439531736,0.0,0.0,0.5977462556046825,0.0,0.0
2015-03-19,0.0,0.0,0.0,0.0,0.4022188492774696,0.0,0.0,0.5977811507225305,0.0,0.0
2015-03-20,0.0,0.0,0.0,0.0,0.4010850726627355,0.0,0.0,0.5989149273372644,0.0,0.0
2015-03-23,0.0,0.0,0.0,0.0,0.40186432016391227,0.0,0.0,0.5981356798360877,0.0,0.0
2015-03-24,0.0,0.0,0.0,0.0,0.4039507123104114,0.0,0.0,0.5960492876895885,0.0,0.0
2015-03-25,0.0,0.0,0.0,0.0,0.40646504883094253,0.0,0.0,0.5935349511690574,0.0,0.0
2015-03-26,0.0,0.0,0.0,0.0,0.4056779187839474,0.0,0.0,0.5943220812160526,0.0,0.0
2015-03-27,0.0,0.0,0.0,0.0,0.4060650108314681,0.0,0.0,0.5939349891685319,0.0,0.0
2015-03-30,0.0,0.0,0.0,0.0,0.40312150229012594,0.0,0.0,0.5968784977098741,0.0,0.0
2015-03-31,0.0,0.0,0.0,0.0,0.40585902154994474,0.0,0.0,0.5941409784500552,0.0,0.0
2015-04-01,0.0,0.0,0.0,0.0,0.4078597191245846,0.0,0.0,0.5921402808754154,0.0,0.0
2015-04-02,0.0,0.0,0.0,0.0,0.40630365903813354,0.0,0.0,0.5936963409618665,0.0,0.0
2015-04-06,0.0,0.0,0.0,0.0,0.40499701507226,0.0,0.0,0.5950029849277401,0.0,0.0
2015-04-07,0.0,0.0,0.0,0.0,0.40583547011563126,0.0,0.0,0.5941645298843687,0.0,0.0
2015-04-08,0.0,0.0,0.0,0.0,0.4048008952087048,0.0,0.0,0.5951991047912951,0.0,0.0
2015-04-09,0.0,0.0,0.0,0.0,0.4027605147359626,0.0,0.0,0.5972394852640374,0.0,0.0
2015-04-10,0.0,0.0,0.0,0.0,0.40138547090302795,0.0,0.0,0.598614529096972,0.0,0.0
2015-04-13,0.0,0.0,0.0,0.0,0.40296420872516403,0.0,0.0,0.597035791274836,0.0,0.0
2015-04-14,0.0,0.0,0.0,0.0,0.4032142755340501,0.0,0.0,0.5967857244659499,0.0,0.0
2015-04-15,0.0,0.0,0.0,0.0,0.4022702839580344,0.0,0.0,0.5977297160419657,0.0,0.0
2015-04-16,0.0,0.0,0.0,0.0,0.40251579828665685,0.0,0.0,0.5974842017133432,0.0,0.0
2015-04-17,0.0,0.0,0.0,0.0,0.4057885528903037,0.0,0.0,0.5942114471096963,0.0,0.0
2015-04-20,0.0,0.0,0.0,0.0,0.40315523212973425,0.0,0.0,0.5968447678702657,0.0,0.0
2015-04-21,0.0,0.0,0.0,0.0,0.40293280074258314,0.0,0.0,0.5970671992574169,0.0,0.0
2015-04-22,0.0,0.0,0.0,0.0,0.40035587774557674,0.0,0.0,0.5996441222544233,0.0,0.0
2015-04-23,0.0,0.0,0.0,0.0,0.4004855831363941,0.0,0.0,0.599514416863606,0.0,0.0
2015-04-24,0.0,0.0,0.0,0.0,0.40077046147771145,0.0,0.0,0.5992295385222887,0.0,0.0
2015-04-27,0.0,0.0,0.0,0.0,0.4013951775668741,0.0,0.0,0.5986048224331258,0.0,0.0
2015-04-28,0.0,0.0,0.0,0.0,0.39952369328928006,0.0,0.0,0.6004763067107199,0.0,0.0
2015-04-29,0.0,0.0,0.0,0.0,0.3996222149391767,0.0,0.0,0.6003777850608232,0.0,0.0
2015-04-30,0.0,0.0,0.0,0.0,0.4019740105522413,0.0,0.0,0.5980259894477588,0.0,0.0
2015-05-01,0.0,0.0,0.0,0.0,0.3980702332355999,0.0,0.0,0.6019297667644001,0.0,0.0
2015-05-04,0.0,0.0,0.0,0.0,0.396895453176399,0.0,0.0,0.6031045468236009,0.0,0.0
2015-05-05,0.0,0.0,0.0,0.0,0.39925001662722354,0.0,0.0,0.6007499833727765,0.0,0.0
2015-05-06,0.0,0.0,0.0,0.0,0.3990645177583096,0.0,0.0,0.6009354822416905,0.0,0.0
2015-05-07,0.0,0.0,0.0,0.0,0.39912675400486947,0.0,0.0,0.6008732459951306,0.0,0.0
2015-05-08,0.0,0.0,0.0,0.0,0.39691499449664774,0.0,0.0,0.6030850055033524,0.0,0.0
2015-05-11,0.0,0.0,0.0,0.0,0.39569398460251,0.0,0.0,0.6043060153974901,0.0,0.0
2015-05-12,0.0,0.0,0.0,0.0,0.3965916826203789,0.0,0.0,0.6034083173796211,0.0,0.0
2015-05-13,0.0,0.0,0.0,0.0,0.3962290339345772,0.0,0.0,0.6037709660654229,0.0,0.0
2015-05-14,0.0,0.0,0.0,0.0,0.39456276312346533,0.0,0.0,0.6054372368765347,0.0,0.0
2015-05-15,0.0,0.0,0.0,0.0,0.3960120705006699,0.0,0.0,0.6039879294993301,0.0,0.0
2015-05-18,0.0,0.0,0.0,0.0,0.39365340716609176,0.0,0.0,0.6063465928339083,0.0,0.0
2015-05-19,0.0,0.0,0.0,0.0,0.3926717459707637,0.0,0.0,0.6073282540292363,0.0,0.0
2015-05-20,0.0,0.0,0.0,0.0,0.3933591403457833,0.0,0.0,0.6066408596542165,0.0,0.0
2015-05-21,0.0,0.0,0.0,0.0,0.3940823833787974,0.0,0.0,0.6059176166212025,0.0,0.0
2015-05-22,0.0,0.0,0.0,0.0,0.39411436527579974,0.0,0.0,0.6058856347242003,0.0,0.0
2015-05-26,0.0,0.0,0.0,0.0,0.3981828751334856,0.0,0.0,0.6018171248665145,0.0,0.0
2015-05-27,0.0,0.0,0.0,0.0,0.39578679267651107,0.0,0.0,0.6042132073234889,0.0,0.0
2015-05-28,0.0,0.0,0.0,0.0,0.39628065484682795,0.0,0.0,0.6037193451531719,0.0,0.0
2015-05-29,0.0,0.0,0.0,0.0,0.39790720152569375,0.0,0.0,0.6020927984743062,0.0,0.0
2015-06-01,0.0,0.0,0.0,0.0,0.39636138007746724,0.0,0.0,0.6036386199225328,0.0,0.0
2015-06-02,0.0,0.0,0.0,0.0,0.3949280236910881,0.0,0.0,0.605071976308912,0.0,0.0
2015-06-03,0.0,0.0,0.0,0.0,0.39225263920440917,0.0,0.0,0.6077473607955909,0.0,0.0
2015-06-04,0.0,0.0,0.0,0.0,0.3954383188204103,0.0,0.0,0.6045616811795897,0.0,0.0
2015-06-05,0.0,0.0,0.0,0.0,0.39411469744742644,0.0,0.0,0.6058853025525736,0.0,0.0
2015-06-08,0.0,0.0,0.0,0.0,0.39593204945062077,0.0,0.0,0.6040679505493792,0.0,0.0
2015-06-09,0.0,0.0,0.0,0.0,0.39518749667206454,0.0,0.0,0.6048125033279353,0.0,0.0
2015-06-10,0.0,0.0,0.0,0.0,0.3914250693194467,0.0,0.0,0.6085749306805532,0.0,0.0
2015-06-11,0.0,0.0,0.0,0.0,0.3925333693538363,0.0,0.0,0.6074666306461638,0.0,0.0
2015-06-12,0.0,0.0,0.0,0.0,0.3942302163241037,0.0,0.0,0.6057697836758964,0.0,0.0
2015-06-15,0.0,0.0,0.0,0.0,0.3958272293428434,0.0,0.0,0.6041727706571566,0.0,0.0
2015-06-16,0.0,0.0,0.0,0.0,0.39543827990214386,0.0,0.0,0.604561720097856,0.0,0.0
2015-06-17,0.0,0.0,0.0,0.0,0.3951882277369368,0.0,0.0,0.6048117722630632,0.0,0.0
2015-06-18,0.0,0.0,0.0,0.0,0.3925366303173077,0.0,0.0,0.6074633696826924,0.0,0.0
2015-06-19,0.0,0.0,0.0,0.0,0.394866196547479,0.0,0.0,0.6051338034525211,0.0,0.0
2015-06-22,0.0,0.0,0.0,0.0,0.3916302901885276,0.0,0.0,0.6083697098114724,0.0,0.0
2015-06-23,0.0,0.0,0.0,0.0,0.3907339438392101,0.0,0.0,0.6092660561607899,0.0,0.0
2015-06-24,0.0,0.0,0.0,0.0,0.39317664872256797,0.0,0.0,0.606823351277432,0.0,0.0
2015-06-25,0.0,0.0,0.0,0.0,0.39331087834320816,0.0,0.0,0.6066891216567919,0.0,0.0
2015-06-26,0.0,0.0,0.0,0.0,0.39221345346844294,0.0,0.0,0.6077865465315571,0.0,0.0
2015-06-29,0.0,0.0,0.0,0.0,0.4000478486485826,0.0,0.0,0.5999521513514174,0.0,0.0
2015-06-30,0.0,0.0,0.0,0.0,0.39888450150191523,0.0,0.0,0.6011154984980848,0.0,0.0
2015-07-01,0.09871195464746302,0.09985768724696306,0.1005786954585707,0.0995865125533684,0.09941104819888745,0.10022949599443398,0.10072666820156527,0.10073439946486774,0.09858447998291275,0.10157905825096775
2015-07-02,0.09850901429273184,0.10029987883194968,0.10066743909136616,0.09935417482433247,0.09972686335202571,0.09945250419792843,0.10071750503676605,0.10060500065118604,0.09887191080992179,0.10179570891179186
2015-07-06,0.09578368377280462,0.09800616135850307,0.09914860060566064,0.10013684826371504,0.100952067918434,0.09993530967898083,0.10100471654781376,0.10083826890660691,0.10122609706293223,0.1029682458845488
2015-07-07,0.09516159010459585,0.09647108153276343,0.09911334746316544,0.09890840023242474,0.10115196616539901,0.09998087894446976,0.1011896229674768,0.10140396616851743,0.10210816423833716,0.1045109821828505
2015-07-08,0.09566117596754525,0.09408319627113472,0.09777224784385673,0.10019345614798096,0.10256778957060285,0.09943840781779524,0.10042028090178612,0.10069803578349572,0.10401813758384877,0.10514727211195357
2015-07-09,0.09659259380872769,0.09570651591484476,0.09918459599375148,0.10023496625127205,0.1016476352679876,0.09959633936781646,0.10016162098830864,0.10067730222989066,0.10176366849087204,0.10443476168652874
2015-07-10,0.09617927474816272,0.09725913674005696,0.101523674146735,0.09945969519006756,0.1000459218440888,0.1000814622826128,0.10078777444459863,0.10103853126101744,0.09925941922713645,0.10436511011552357
2015-07-13,0.0958294310901824,0.09750437701057348,0.10147317627185763,0.09859639691826973,0.09935770720281319,0.10078368675437208,0.10212509368308977,0.10172324061432415,0.09853453751978454,0.10407235293473312
2015-07-14,0.09521134633434614,0.09738887297293505,0.10201646951847947,0.09808038803797735,0.09937408250804779,0.10104289252856231,0.1024892217225456,0.10185927388730058,0.0985628678764909,0.10397458461331484
2015-07-15,0.09429055352943932,0.09647293066740781,0.1018400890447912,0.09775851955226174,0.09994989693645502,0.10070418485102273,0.10280249941466656,0.1020255876500739,0.09980316356957214,0.1043525747843096
2015-07-16,0.09331963877625465,0.09713178648398783,0.10214205634913383,0.09685584613605193,0.09935001361482997,0.10073606679952846,0.1036691664195649,0.10226600192222035,0.0999272210538189,0.1046022024446091
2015-07-17,0.09286491589917482,0.09704957163313103,0.1020153652147937,0.09591877098683403,0.099403439578707,0.10034181368658146,0.10524379398838268,0.10239799054571083,0.10048775934998594,0.10427657911669849
2015-07-20,0.09184374851554675,0.09691624714087782,0.10280355975457584,0.09379120367321835,0.0997115807936231,0.1003091573114131,0.10614473455798022,0.10297444514464876,0.100575811833898,0.10492951127421798
2015-07-21,0.09228658996798783,0.0969993098551121,0.10256639579866472,0.09355422902537892,0.10004713037650312,0.09989561524428886,0.10614287812522996,0.1026288522126323,0.10118069093121519,0.10469830846298708
2015-07-22,0.09130478310066349,0.09598063482329294,0.10217060513419636,0.09340461501330401,0.10055452115614846,0.10064885584176388,0.10534285682721219,0.10283712707402502,0.10220065475532791,0.10555534627406586
2015-07-23,0.09089986800419429,0.09543804085955791,0.10232349942988733,0.09336991913075963,0.10138247498894679,0.09994852052079396,0.10538363214349569,0.10268068373045434,0.10390141972907707,0.10467194146283298
2015-07-24,0.09064663155240991,0.09456089647802798,0.10172979695545564,0.09477739108738427,0.10201078095579068,0.0988548311222271,0.10489790921199624,0.1021487499274947,0.1047052857597967,0.10566772694941677
2015-07-27,0.08943439050829978,0.09332662208239514,0.10158207265535878,0.09489767610519201,0.10295706118853838,0.09861669473665637,0.10464802883543085,0.10215855984526258,0.10589204470097568,0.10648684934189034
2015-07-28,0.089710003552102,0.09379655980700538,0.10234001758499096,0.09455883084062432,0.10214361209177196,0.09895304359419985,0.105013227393376,0.10288710919334448,0.10458489468244014,0.1060127012601449
2015-07-29,0.0897003392068812,0.09440991037495321,0.10237474294478202,0.09438798275207191,0.10166932955683451,0.0989091827661298,0.10506959685972043,0.10326025089326586,0.10385978499877598,0.10635887964658503
2015-07-30,0.08945079235931491,0.09355872923944208,0.10239450001308423,0.09367095296208731,0.10188347178355595,0.09928922721121797,0.10567111003032431,0.10338487480435818,0.10476150247555949,0.10593483912105564
2015-07-31,0.08791308523117669,0.094252042145085,0.10264384050866594,0.09393913143823136,0.1021273228354526,0.09948925727689001,0.10518490538931627,0.1028723204231135,0.10517311885292825,0.10640497589914051
2015-08-03,0.0,0.0,0.0,0.0,0.40154241158249315,0.0,0.0,0.5984575884175068,0.0,0.0
2015-08-04,0.0,0.0,0.0,0.0,0.400769719940613,0.0,0.0,0.5992302800593869,0.0,0.0
2015-08-05,0.0,0.0,0.0,0.0,0.39905068686924833,0.0,0.0,0.6009493131307516,0.0,0.0
2015-08-06,0.0,0.0,0.0,0.0,0.4018640622781456,0.0,0.0,0.5981359377218544,0.0,0.0
2015-08-07,0.0,0.0,0.0,0.0,0.4032769911120417,0.0,0.0,0.5967230088879584,0.0,0.0
2015-08-10,0.0,0.0,0.0,0.0,0.3992735764856005,0.0,0.0,0.6007264235143994,0.0,0.0
2015-08-11,0.0,0.0,0.0,0.0,0.4030324311856625,0.0,0.0,0.5969675688143374,0.0,0.0
2015-08-12,0.0,0.0,0.0,0.0,0.4026542929692159,0.0,0.0,0.597345707030784,0.0,0.0
2015-08-13,0.0,0.0,0.0,0.0,0.40232166313646917,0.0,0.0,0.5976783368635309,0.0,0.0
2015-08-14,0.0,0.0,0.0,0.0,0.40119898593741193,0.0,0.0,0.598801014062588,0.0,0.0
2015-08-17,0.0,0.0,0.0,0.0,0.4002900808113693,0.0,0.0,0.5997099191886308,0.0,0.0
2015-08-18,0.0,0.0,0.0,0.0,0.40060290491638983,0.0,0.0,0.59939709508361,0.0,0.0
2015-08-19,0.0,0.0,0.0,0.0,0.40397726617921836,0.0,0.0,0.5960227338207816,0.0,0.0
2015-08-20,0.0,0.0,0.0,0.0,0.40972336068818377,0.0,0.0,0.5902766393118163,0.0,0.0
2015-08-21,0.0,0.0,0.0,0.0,0.41810885537621983,0.0,0.0,0.5818911446237801,0.0,0.0
2015-08-24,0.0,0.0,0.0,0.0,0.4290197816494382,0.0,0.0,0.5709802183505618,0.0,0.0
2015-08-25,0.0,0.0,0.0,0.0,0.43057625058591686,0.0,0.0,0.5694237494140832,0.0,0.0
2015-08-26,0.0,0.0,0.0,0.0,0.4198596194479839,0.0,0.0,0.580140380552016,0.0,0.0
2015-08-27,0.0,0.0,0.0,0.0,0.4137833851044208,0.0,0.0,0.5862166148955791,0.0,0.0
2015-08-28,0.0,0.0,0.0,0.0,0.4138168528096118,0.0,0.0,0.5861831471903882,0.0,0.0
2015-08-31,0.0,0.0,0.0,0.0,0.41537510483616974,0.0,0.0,0.5846248951638302,0.0,0.0
2015-09-01,0.08916348440298362,0.0,0.002826670977778598,0.08384256495018357,0.4054231655298396,0.08019319465924145,0.0,0.21183359870701093,0.1267173207729622,5.014413384533953e-18
2015-09-02,0.08960238082339445,0.0,0.0028582390676971164,0.08309567079638089,0.40285869830835275,0.08133846268993282,0.0,0.21507378180416745,0.12517276651007456,5.047880070319402e-18
2015-09-03,0.09004246342980551,0.0,0.002860419419583346,0.08236582094703937,0.4031916116448904,0.08107886362639576,0.0,0.21488058852628764,0.12558023240599803,5.053473056210311e-18
2015-09-04,0.08919154512770426,0.0,0.002803095172505907,0.08233851188695698,0.405621805968549,0.0807010132918672,0.0,0.2122467046243675,0.12709732392804915,4.9738672046230995e-18
2015-09-08,0.08945446979742651,0.0,0.002873052726890635,0.08201117389734175,0.40212201630628047,0.0821945634833543,0.0,0.21665521227500129,0.12468951151370491,5.027482162320084e-18
2015-09-09,0.08876015195487216,0.0,0.002876770611456835,0.08138510596726177,0.4044302233396613,0.08168342314586614,0.0,0.21490450564084052,0.12595981934004127,4.996513388133479e-18
2015-09-10,0.08945582589817892,0.0,0.0028935852734397077,0.0815153290467739,0.4032153750975304,0.08199377531145458,0.0,0.21591111825659418,0.1250149911160283,5.003774101218268e-18
2015-09-11,0.08907747787898866,0.0,0.0028846443627029423,0.08110907022789877,0.40309589381525235,0.0821393287200921,0.0,0.21625852190671874,0.12543506308834645,5.084664858146317e-18
2015-09-14,0.08811536016809625,0.0,0.0028676608911584194,0.08129252986281342,0.4041584628275299,0.08189998929799523,0.0,0.21582152262330775,0.12584447432909907,5.096039350946969e-18
2015-09-15,0.08857726997576644,0.0,0.0028926237158874834,0.08120252128814429,0.4017424513962407,0.08297977627244785,0.0,0.21893675037139537,0.12366860698011783,5.156118094977798e-18
2015-09-16,0.08963016295935296,0.0,0.0029234229615449046,0.08190483136936122,0.39977931928527416,0.08331014817379306,0.0,0.21981739725307184,0.12263471799760195,5.187290526476659e-18
2015-09-17,0.08861438786484814,0.0,0.0029107047725031652,0.08234346254926835,0.40115086453106813,0.08319003852350823,0.0,0.2182605188779868,0.12353002288081708,5.220902758957893e-18
2015-09-18,0.08742893160462509,0.0,0.002842790945651063,0.08309547305214589,0.40373231876350024,0.08218430362172909,0.0,0.21506746884542066,0.12564871316692788,5.2210949402959576e-18
2015-09-21,0.0886773412092895,0.0,0.0028496396148769347,0.08281923271331686,0.4026069619434225,0.0822747391782224,0.0,0.21681022104231598,0.12396186429855581,5.280948452255822e-18
2015-09-22,0.08828340322067738,0.0,0.0027859390384895374,0.08237753622359846,0.40521433819731956,0.08114940041866076,0.0,0.21431600353801722,0.12587337936323706,5.22217861916403e-18
2015-09-23,0.08770732494383338,0.0,0.0027768201099351176,0.08282512008098515,0.40534227768916353,0.08102323672951775,0.0,0.2142811357749067,0.12604408467165837,5.262501538925033e-18
2015-09-24,0.08798722090235411,0.0,0.0027612782253398694,0.08432533692331429,0.40481033278765793,0.08066074125193068,0.0,0.21290768555065567,0.1265474043587474,5.198525758649873e-18
2015-09-25,0.08880055077952362,0.0,0.0027945649358204583,0.08407858921832974,0.4050639091857203,0.0798576591444635,0.0,0.21354392321781607,0.1258608035183263,5.2362778278740815e-18
2015-09-28,0.08805215716262146,0.0,0.0027547020450629112,0.08347170171294879,0.40962055474055864,0.07804914865908172,0.0,0.2093316952047421,0.12872004047498437,5.1833085397618426e-18
2015-09-29,0.08850090492362699,0.0,0.0027464265795504443,0.08300108402220434,0.41037866630573294,0.07737131497036859,0.0,0.20912189183690452,0.12887971136161214,5.230245287168437e-18
2015-09-30,0.08874253140646293,0.0,0.00278593450077889,0.08176639674334871,0.40858705107789045,0.07821539919449468,0.0,0.21205445087704217,0.12784823619998212,5.250230733773107e-18
2015-10-01,0.0881034760533188,0.0,0.002792993803936393,0.0816175503836895,0.4086585829335376,0.07803210503987056,0.0,0.21247916103738151,0.12831613074826564,5.272758121443744e-18
2015-10-02,0.08785916217436102,0.0,0.002814020867682649,0.08256606291000954,0.40678852539885374,0.07845086462372897,0.0,0.2136356571856022,0.12788570683976191,5.2612751156978376e-18
2015-10-05,0.08877630356578636,0.0,0.0028620147801621987,0.08217472745410088,0.4034319641960931,0.08010397350069635,0.0,0.21684437553553162,0.12580664096762936,5.335451495588635e-18
2015-10-06,0.09027356199661628,0.0,0.0028578463664336766,0.08278017393413198,0.40319398190291766,0.07934335051167488,0.0,0.21553371273117888,0.12601737255704656,5.309116098143538e-18
2015-10-07,0.08996699578207316,0.0,0.002889454698229973,0.08253711786298161,0.4015896034731191,0.08062733982844526,0.0,0.21697695963817765,0.12541252871697323,5.36207388823426e-18
2015-10-08,0.0903165518498055,0.0,0.0029106671864263215,0.0820670628358437,0.40030707029649687,0.08130448440985372,0.0,0.21880570059363444,0.12428846282793954,5.403968509462518e-18
2015-10-09,0.09048863940210924,0.0,0.002908500059213045,0.08315577040623032,0.3995115844913309,0.08125905889726358,0.0,0.21837904408019915,0.12429740266365381,5.38136251184653e-18
2015-10-12,0.08894119847929594,0.0,0.0028991311158587975,0.08338075597363567,0.4003459080530279,0.08103762031182625,0.0,0.21831012779238634,0.12508525827396907,5.41269739309694e-18
2015-10-13,0.08855344760997409,0.0,0.0028685087152179913,0.08396884396623956,0.4015595175961023,0.08009770879731283,0.0,0.21739024030585957,0.12556173300929366,5.381795999963991e-18
2015-10-14,0.08850324760377035,0.0,0.002865163880471998,0.08516313384681946,0.4024813963965633,0.07906052774559591,0.0,0.2156656020740229,0.12626092845275597,5.324716236190185e-18
2015-10-15,0.08804146653625841,0.0,0.0029064409103031525,0.08455060726250495,0.40005184375966685,0.0807384067663322,0.0,0.2183999830944604,0.125311251670474,5.383220446046083e-18
2015-10-16,0.08809390136791952,0.0,0.0029039156532189945,0.08394906626710787,0.3996976983012285,0.0806293263560336,0.0,0.2193811647468812,0.1253449273076104,5.423604680370778e-18
2015-10-19,0.0866873801022643,0.0,0.0029004221934504936,0.08378495314762076,0.40040465216869436,0.08096336521890236,0.0,0.21997912888161572,0.12528009828745207,5.511802430237942e-18
2015-10-20,0.08701969644538374,0.0,0.002893883917536319,0.08447184535960282,0.3997699163737965,0.08100079360062006,0.0,0.22010395670560626,0.12473990759745439,5.519947665520955e-18
2015-10-21,0.08640206285902133,0.0,0.002896750609037528,0.08384682841671437,0.4017403622055867,0.07988470030205565,0.0,0.21906337752854796,0.12616591807903643,5.5076965071958125e-18
2015-10-22,0.08623094997079803,0.0,0.0029136764555056363,0.0833736332995013,0.40002313252003213,0.08016108275755787,0.0,0.22158624102609129,0.12571128397051382,5.526715269523756e-18
2015-10-23,0.08578001282625697,0.0,0.00294477551869012,0.08329333055366796,0.39805947295297234,0.08101052333287574,0.0,0.2241808568943534,0.12473102792118342,5.477196594443359e-18
2015-10-26,0.08551092652122541,0.0,0.0029324777271725463,0.08320177479562232,0.398908269748161,0.08042013013968932,0.0,0.22352442232198722,0.12550199874614226,5.4732546143908986e-18
2015-10-27,0.08513108335210649,0.0,0.0029075597421970734,0.08340831136275263,0.40000333127314214,0.07955842498581887,0.0,0.22314557707885851,0.12584571220512417,5.472523744649238e-18
2015-10-28,0.08629673210159698,0.0,0.0029176201943834764,0.08248411217535001,0.39671743249348607,0.081630040767967,0.0,0.2249962390327758,0.12495782323444059,5.4605896248905955e-18
2015-10-29,0.08636656379045418,0.0,0.002916015923811075,0.0822499105166429,0.3969598456118121,0.08130748028047674,0.0,0.22639487935601482,0.12380530452078824,5.4901982893275e-18
2015-10-30,0.08714826736682846,0.0,0.002907187059068095,0.08186077644567531,0.39737978785285827,0.08086222816922467,0.0,0.22521488323625666,0.12462686987008861,5.434880131410661e-18
2015-11-02,0.08654508132068593,0.0,0.0029298874784090866,0.08119344188776714,0.3955775569960482,0.08240721938585159,0.0,0.22749940586176026,0.12384740706947779,5.5412766628075925e-18
2015-11-03,0.08814588416944434,0.0,0.0029307780200718446,0.08003989530082971,0.3947859318307184,0.08288617270128039,0.0,0.22830238880469536,0.12290894917295984,5.489031490788696e-18
2015-11-04,0.08694030642183367,0.0,0.002924157831616234,0.07954368636713806,0.3956678622750554,0.08311526971410484,0.0,0.22835474528908148,0.1234539721011703,5.482448405099135e-18
2015-11-05,0.08639715584415227,0.0,0.0029238666570369958,0.07943056024869125,0.39607810312281955,0.0833196730410132,0.0,0.2285139784563177,0.12333666262996906,5.513610092643295e-18
2015-11-06,0.08637261806961066,0.0,0.00292721979077999,0.07872242238029116,0.39565046345107896,0.08439308887624564,0.0,0.22970674610122313,0.12222744133077046,5.3728818236683574e-18
2015-11-09,0.08605499318097756,0.0,0.002911674860011292,0.07935036212793503,0.3969811644904941,0.08382575069346819,0.0,0.2287193645724049,0.12215669007470888,5.307665590682384e-18
2015-11-10,0.08574761151211203,0.0,0.0029052430113487428,0.07906067730073298,0.3971208932263035,0.08394470737172421,0.0,0.2288923968748342,0.12232847070294428,5.360116501546745e-18
2015-11-11,0.08514864918360454,0.0,0.0029295600500541664,0.07904799929498287,0.39820663428424036,0.0834801459989137,0.0,0.2287243173110776,0.12246269387712687,5.383545882633014e-18
2015-11-12,0.08436514515436978,0.0,0.002906529522753666,0.07947811576379445,0.4005241127648858,0.08231347164827664,0.0,0.22671480048434947,0.12369782466157014,5.374953751183829e-18
2015-11-13,0.08387201249815199,0.0,0.002887432648841744,0.0793994232512669,0.4027707176459219,0.08186660265267473,0.0,0.2245743478289857,0.12462946347415703,5.3233842451949035e-18
2015-11-16,0.08385524945615191,0.0,0.0029091224809704064,0.07911101201331382,0.4012575983131513,0.08215102063469053,0.0,0.2268327702246373,0.12388322687708485,5.357349424839264e-18
2015-11-17,0.08279474948754753,0.0,0.0029247950232745147,0.07827791884755494,0.4022334413107355,0.0820590274946602,0.0,0.22728269559845335,0.12442737223777381,5.371895272463766e-18
2015-11-18,0.08269031807948383,0.0,0.0029353378946332573,0.07791731711587364,0.39983959703070043,0.08299062946955184,0.0,0.22962321037347033,0.12400359003628685,5.389433844460575e-18
2015-11-19,0.08252337155341948,0.0,0.002944360445208392,0.07861784739541061,0.3998993650313577,0.08247485088541837,0.0,0.22896202358123516,0.12457818110795021,5.39510219846865e-18
2015-11-20,0.08240894043288734,0.0,0.00293767354985863,0.07826274627027541,0.3993802848416564,0.08300964445393974,0.0,0.2298013839458982,0.12419932650548418,5.4627984096108e-18
2015-11-23,0.08296120321226584,0.0,0.0029162902477916403,0.07755130170188226,0.3994890612964175,0.0833343949009227,0.0,0.22929738692302237,0.12445036171769776,5.468785416911109e-18
2015-11-24,0.08403302608960478,0.0,0.0029076561151368005,0.0778230149223444,0.39861581622726755,0.08368253592481752,0.0,0.22888688551788886,0.12405106520294021,5.422852022809626e-18
2015-11-25,0.0838620215148395,0.0,0.0029124603674755265,0.07740911915273803,0.3985781971863622,0.08427808060080888,0.0,0.2287033480513577,0.12425677312641814,5.4412405004157715e-18
2015-11-27,0.08269844594025631,0.0,0.0029167786398825797,0.07659575839856277,0.39951667403708035,0.08470781242765592,0.0,0.229267355296448,0.1242971752601141,5.495825066148497e-18
2015-11-30,0.08223424785936595,0.0,0.002916397595365263,0.07715609996278623,0.3999443314428306,0.08439807189497886,0.0,0.2284738785823527,0.12487697266232047,5.459067300990667e-18
2015-12-01,0.0,0.0,0.0,0.0,0.39899563519526365,0.0,0.0,0.6010043648047364,0.0,0.0
2015-12-02,0.0,0.0,0.0,0.0,0.40078224427884135,0.0,0.0,0.5992177557211587,0.0,0.0
2015-12-03,0.0,0.0,0.0,0.0,0.4016302167760481,0.0,0.0,0.5983697832239518,0.0,0.0
2015-12-04,0.0,0.0,0.0,0.0,0.39788190442216087,0.0,0.0,0.6021180955778391,0.0,0.0
2015-12-07,0.0,0.0,0.0,0.0,0.4001086802665031,0.0,0.0,0.5998913197334969,0.0,0.0
2015-12-08,0.0,0.0,0.0,0.0,0.4018639343303922,0.0,0.0,0.5981360656696079,0.0,0.0
2015-12-09,0.0,0.0,0.0,0.0,0.40410518911783844,0.0,0.0,0.5958948108821616,0.0,0.0
2015-12-10,0.0,0.0,0.0,0.0,0.40296358174669666,0.0,0.0,0.5970364182533034,0.0,0.0
2015-12-11,0.0,0.0,0.0,0.0,0.40960914042483393,0.0,0.0,0.590390859575166,0.0,0.0
2015-12-14,0.0,0.0,0.0,0.0,0.4066010345933914,0.0,0.0,0.5933989654066085,0.0,0.0
2015-12-15,0.0,0.0,0.0,0.0,0.40347068090067306,0.0,0.0,0.5965293190993269,0.0,0.0
2015-12-16,0.0,0.0,0.0,0.0,0.3993442714523468,0.0,0.0,0.6006557285476533,0.0,0.0
2015-12-17,0.0,0.0,0.0,0.0,0.4040338512657083,0.0,0.0,0.5959661487342917,0.0,0.0
2015-12-18,0.0,0.0,0.0,0.0,0.4092339443744367,0.0,0.0,0.5907660556255633,0.0,0.0
2015-12-21,0.0,0.0,0.0,0.0,0.40736274542514567,0.0,0.0,0.5926372545748544,0.0,0.0
2015-12-22,0.0,0.0,0.0,0.0,0.4045040356581527,0.0,0.0,0.5954959643418474,0.0,0.0
2015-12-23,0.0,0.0,0.0,0.0,0.40099931619258616,0.0,0.0,0.5990006838074139,0.0,0.0
2015-12-24,0.0,0.0,0.0,0.0,0.4018365145280141,0.0,0.0,0.5981634854719858,0.0,0.0
2015-12-28,0.0,0.0,0.0,0.0,0.4024317814592055,0.0,0.0,0.5975682185407944,0.0,0.0
2015-12-29,0.0,0.0,0.0,0.0,0.398611055211307,0.0,0.0,0.6013889447886931,0.0,0.0
2015-12-30,0.0,0.0,0.0,0.0,0.4004085118741917,0.0,0.0,0.5995914881258083,0.0,0.0
2015-12-31,0.0,0.0,0.0,0.0,0.40309820226987986,0.0,0.0,0.5969017977301201,0.0,0.0
2016-01-04,0.0,0.0,0.0,0.0,0.4075164291595423,0.0,0.0,0.5924835708404578,0.0,0.0
2016-01-05,0.0,0.0,0.0,0.0,0.4070404610651407,0.0,0.0,0.5929595389348592,0.0,0.0
2016-01-06,0.0,0.0,0.0,0.0,0.4115646179425736,0.0,0.0,0.5884353820574264,0.0,0.0
2016-01-07,0.0,0.0,0.0,0.0,0.41798203194448574,0.0,0.0,0.5820179680555143,0.0,0.0
2016-01-08,0.0,0.0,0.0,0.0,0.42128465772198087,0.0,0.0,0.5787153422780191,0.0,0.0
2016-01-11,0.0,0.0,0.0,0.0,0.420268818504753,0.0,0.0,0.579731181495247,0.0,0.0
2016-01-12,0.0,0.0,0.0,0.0,0.41940361464063713,0.0,0.0,0.5805963853593629,0.0,0.0
2016-01-13,0.0,0.0,0.0,0.0,0.42652141347453576,0.0,0.0,0.5734785865254642,0.0,0.0
2016-01-14,0.0,0.0,0.0,0.0,0.4220443453053994,0.0,0.0,0.5779556546946006,0.0,0.0
2016-01-15,0.0,0.0,0.0,0.0,0.4284822476967637,0.0,0.0,0.5715177523032363,0.0,0.0
2016-01-19,0.0,0.0,0.0,0.0,0.42783898853305663,0.0,0.0,0.5721610114669433,0.0,0.0
2016-01-20,0.0,0.0,0.0,0.0,0.43220185329353067,0.0,0.0,0.5677981467064693,0.0,0.0
2016-01-21,0.0,0.0,0.0,0.0,0.43021999951228784,0.0,0.0,0.5697800004877122,0.0,0.0
2016-01-22,0.0,0.0,0.0,0.0,0.42470598035538204,0.0,0.0,0.575294019644618,0.0,0.0
2016-01-25,0.0,0.0,0.0,0.0,0.42924792173726856,0.0,0.0,0.5707520782627316,0.0,0.0
2016-01-26,0.0,0.0,0.0,0.0,0.4261120356499785,0.0,0.0,0.5738879643500215,0.0,0.0
2016-01-27,0.0,0.0,0.0,0.0,0.42897096757556813,0.0,0.0,0.5710290324244319,0.0,0.0
2016-01-28,0.0,0.0,0.0,0.0,0.42801465422645346,0.0,0.0,0.5719853457735466,0.0,0.0
2016-01-29,0.0,0.0,0.0,0.0,0.423429383718704,0.0,0.0,0.5765706162812959,0.0,0.0
2016-02-01,0.07265385561365939,2.720908878919234e-18,0.014087194766622678,0.15371045958422166,0.399673284819639,0.06077785886660264,3.487924183784982e-17,0.1737277951107008,0.12536955123855362,6.38410279101848e-17
2016-02-02,0.0714385304913705,2.635035514667473e-18,0.013770722648631113,0.1538951328145382,0.402838835127663,0.05951672250600768,3.4152624126478345e-17,0.17073854961483345,0.1278015067969559,6.331412005121664e-17
2016-02-03,0.07300519868767134,2.7011363712607927e-18,0.01384142602794667,0.15505628362722237,0.4011285229264463,0.059405994912110585,3.388162912151443e-17,0.17122062019823198,0.12634195362037082,6.353568868721104e-17
2016-02-04,0.07261068833261142,2.711342201524728e-18,0.013806151084457674,0.15632928343873845,0.40054389682441227,0.05940856681050069,3.374866813551341e-17,0.1708329880820109,0.1264684254272688,6.332548986612749e-17
2016-02-05,0.07232510188405014,2.686587717411588e-18,0.01362692686380834,0.15918884115588885,0.4020285868041922,0.057922075931168,3.265573869626004e-17,0.16798523058900375,0.12692323677188855,6.227505598058524e-17
2016-02-08,0.07168749473495316,2.639159847330617e-18,0.013319560873636458,0.16067606416561292,0.40339338017649984,0.056740344579276646,3.2026373195950957e-17,0.1650532895223733,0.12912986594764758,6.024882563678107e-17
2016-02-09,0.0700236012672311,2.6091511354075083e-18,0.013198834339623867,0.1607265180554305,0.4044813544716496,0.05649965842356674,3.200725378039685e-17,0.16547746136494695,0.1295925720775509,5.92887404993953e-17
2016-02-10,0.069888588798497,2.6105293823318318e-18,0.01313661695837682,0.16139383304315014,0.40424069243395466,0.056327444699052,3.2015559498810085e-17,0.16474474678263407,0.13026807728433526,5.94874527725897e-17
2016-02-11,0.07024613312213795,2.5486063316964072e-18,0.01285294462684496,0.16668447899724337,0.40320710057078085,0.05531936193954535,3.174154226123493e-17,0.16144373740412968,0.13024624333931764,5.822468328123223e-17
2016-02-12,0.07131437315960833,2.594347329443698e-18,0.013085776563427477,0.16580190409545603,0.4003666846144596,0.056402980838895375,3.2243756616851286e-17,0.16486909281763576,0.12815918791051725,5.892733954068968e-17
2016-02-16,0.07079825721599718,2.662488905621484e-18,0.0134046021887142,0.1614172606264581,0.4007718023748348,0.057971605768831515,3.3102876294334196e-17,0.168323744035236,0.12731272778992814,6.02520173449136e-17
2016-02-17,0.07195561779646056,2.7024379181431424e-18,0.01357319243503944,0.1616700696195963,0.3979546101896738,0.05860998853737115,3.369714740481467e-17,0.17028765434677334,0.12594886707508535,6.048858131086324e-17
2016-02-18,0.0711381189038732,2.6708130454744075e-18,0.013424200851186206,0.1646357688310106,0.39746232978434576,0.057988822583861885,3.311773120063695e-17,0.16859860026638723,0.12675215877933516,6.074233684072468e-17
2016-02-19,0.07060702069276327,2.661989690016764e-18,0.013426852566194742,0.16386209150230813,0.39798329572824975,0.058355294233717006,3.325930993600448e-17,0.16874053115328352,0.1270249141234834,6.117066748784486e-17
2016-02-22,0.07161757226620637,2.7254285138807153e-18,0.013565898172085663,0.16079706078737124,0.39721075951687385,0.058950108927828336,3.376730066484921e-17,0.17102172931699683,0.12683687101263755,6.169611074531536e-17
2016-02-23,0.07066569101958868,2.667841576756456e-18,0.013346770393815021,0.16323371248874455,0.39807069967722525,0.05842033958072878,3.321716712206088e-17,0.16889071373801168,0.12737207310188586,6.154460312244428e-17
2016-02-24,0.0713955512161165,2.6550810166586445e-18,0.013266497842473444,0.16337046093933447,0.39708305801860394,0.05883706944834646,3.3451158915665666e-17,0.16924258347606433,0.12680477905906073,6.131917590190639e-17
2016-02-25,0.07100100281875016,2.651235234284275e-18,0.013361746863050833,0.16302507983587755,0.3963808293905119,0.05909430238552582,3.3620585266355536e-17,0.1704808914221663,0.12665614728411737,6.22756395721954e-17
2016-02-26,0.07120423631482393,2.6367330592234563e-18,0.013386542009018565,0.16262659369032112,0.3962089450188533,0.059733843109188015,3.372798862827231e-17,0.17084637246971562,0.12599346738807934,6.222985255021074e-17
2016-02-29,0.07192638118957749,2.652798525590278e-18,0.013273413550551316,0.1643337158837767,0.3958492848455645,0.05931685974857893,3.334001876757001e-17,0.16907692657883214,0.126223418203119,6.183034081377727e-17
2016-03-01,0.06773127072834456,9.42370663559068e-18,0.048964704578987446,0.13812390913017583,0.39714213084553546,0.04899280958692854,9.784212454538066e-17,0.15900055356627088,0.14004462156375713,1.2303792007373478e-16
2016-03-02,0.06790694658050725,9.522286697739491e-18,0.04916100563177326,0.13879082253921332,0.39531308420939093,0.04935464445730773,9.759754660571955e-17,0.15925545741102518,0.14021803917078193,1.2357069132548748e-16
2016-03-03,0.06791284918379147,9.578594527387686e-18,0.0493750399140742,0.1404342802026681,0.39366925976946104,0.04960506408885514,9.689294213185831e-17,0.15902594476778206,0.13997756207336776,1.2356069337072783e-16
2016-03-04,0.06922763146830584,9.768903621248062e-18,0.0497358798973589,0.14021050945175184,0.3923313374305793,0.0498772804216209,9.692770504343949e-17,0.1595402108922359,0.13907715043814703,1.2357368705842042e-16
2016-03-07,0.07036903529130693,9.737132291067737e-18,0.049588089203082275,0.14066443087294855,0.390862401632711,0.05033171399541438,9.616469816490475e-17,0.15939109673561538,0.13879323226892104,1.2368406304915855e-16
2016-03-08,0.06950942447874035,9.582640896816726e-18,0.04916465309603807,0.14018833168366174,0.39361261071108505,0.04917716240170245,9.548666753118723e-17,0.15784701756915978,0.14050080005961235,1.2256984584689582e-16
2016-03-09,0.0706532861820311,9.654642491875171e-18,0.04941385827380638,0.1392059444674163,0.39257564011142143,0.04949115676114658,9.622550381306397e-17,0.15883227810759792,0.13982783609658,1.234099803858276e-16
2016-03-10,0.07056219908095214,9.671496788967448e-18,0.049344362242089275,0.14146972658132143,0.39125134949919915,0.04909794058010657,9.609814488426374e-17,0.15899193995944047,0.1392824820568907,1.229859209886707e-16
2016-03-11,0.0708104834882041,9.87198308883215e-18,0.05062319079228916,0.13900637526354048,0.3900521568719891,0.050139301704460425,9.775741328973978e-17,0.16152296161398405,0.1378455302655323,1.2571568213707326e-16
2016-03-14,0.07032926182715395,9.833518713575279e-18,0.05062593990911939,0.1375089037359608,0.39117978019821625,0.050117166085200074,9.813334903061653e-17,0.16166295047737025,0.13857599776697907,1.2600174101287256e-16
2016-03-15,0.06988398416065623,9.712045395915505e-18,0.05024543032540779,0.13788127977742795,0.3918677521319522,0.04943285424658583,9.828718970737975e-17,0.16171306724458592,0.13897563211338385,1.263087603874372e-16
2016-03-16,0.07050207272903825,9.823054042486e-18,0.05026202686180794,0.13976859986292853,0.3906101418323234,0.04936265265805063,9.832791397816703e-17,0.16127952385481206,0.13821498220103903,1.2675608236364436e-16
2016-03-17,0.07104584954746966,1.0005333791788324e-17,0.05047622158680872,0.13876067251678542,0.38970667976268025,0.04994842877514992,9.793795907746721e-17,0.16174928775845374,0.13831286005265203,1.2810607638010897e-16
2016-03-18,0.07088486375077017,1.0043134332467762e-17,0.05031144179485981,0.13816763123337986,0.3897873613705636,0.050321859522116326,9.794128457267487e-17,0.16213624838091134,0.13839059394739858,1.273576527632059e-16
2016-03-21,0.07130006111212506,1.0093010896215282e-17,0.0503785265976147,0.13759714617355528,0.3898106110196427,0.05034822915992052,9.860982968696034e-17,0.16283767516296183,0.13772775077417962,1.2657461688207614e-16
2016-03-22,0.07183514068139059,1.0070956510238452e-17,0.05029888914505038,0.1380242423402399,0.3890511633314291,0.05029650957450333,9.892767143363545e-17,0.16277642820471747,0.13771762672266902,1.2659503762557776e-16
2016-03-23,0.07058551404495819,9.937094231355183e-18,0.04998013790351163,0.1354163315304769,0.39233281248459023,0.049555390369820145,9.848833631789199e-17,0.16232022253056896,0.1398095911360737,1.2639163636343018e-16
2016-03-24,0.0702595352245603,9.926671673557033e-18,0.049712196624650776,0.13527309907765672,0.3924656858573276,0.04977070073060134,9.86485854770463e-17,0.1624668158371634,0.1400519666480395,1.2660875639521007e-16
2016-03-28,0.07034766737250948,9.942108056504972e-18,0.04992529584079988,0.13535159415935316,0.39235829787789195,0.049744519443345535,9.833953059131221e-17,0.1622804938992071,0.13999213140689248,1.275286308579754e-16
2016-03-29,0.06950251725250854,9.980022860767463e-18,0.04996821703486185,0.13650858747074202,0.39114414002020587,0.050624866981265726,9.893995682001129e-17,0.16217729419168053,0.14007437704873518,1.2901594338963763e-16
2016-03-30,0.06945665373894126,1.0114168980960869e-17,0.050498961784917897,0.135016976968191,0.3918200252034952,0.05078612523483515,9.972942160287126e-17,0.16339285497462727,0.13902840209499195,1.291669836451277e-16
2016-03-31,0.06920159784541223,1.0083358889101005e-17,0.04989171760084661,0.1353448714018812,0.3923910290288401,0.05081817036603348,9.93671002923693e-17,0.16264217606970843,0.13971043768727762,1.2967550465134642e-16
2016-04-01,0.07091996960294333,1.9771992347848185e-17,0.0803642458468748,0.11338554558285427,0.40041578193335103,0.0,9.938414518628945e-18,0.1725826529811163,0.16233180405286027,0.0
2016-04-04,0.0700750123040817,1.9571615971231512e-17,0.0803456567910727,0.11284257651094455,0.40164817308629,0.0,9.919344693621245e-18,0.17234971838687183,0.16273886292073922,0.0
2016-04-05,0.06981515334340985,1.9162250032333848e-17,0.07865632340556647,0.11415155603806491,0.4026933669559241,0.0,9.810128623079953e-18,0.17039244978319848,0.1642911504738361,0.0
2016-04-06,0.07049566111046311,1.9371937382671242e-17,0.07984524227352142,0.11332422949906683,0.4013641875720884,0.0,9.960086350137531e-18,0.17205775704395027,0.16291292250090994,0.0
2016-04-07,0.07012010525758969,1.8941461882600312e-17,0.07850324329892266,0.1146834021636757,0.4025254209038796,0.0,9.794852811511694e-18,0.1696156379696507,0.16455219040628158,0.0
2016-04-08,0.07166914403597896,1.9235765651818443e-17,0.07986096469324151,0.11430280358455991,0.4011841671621468,0.0,9.770013502497782e-18,0.16976620789513572,0.163216712628937,0.0
2016-04-11,0.07210534447956107,1.9455416430291142e-17,0.07978801177708204,0.1156797333442443,0.4005326012725319,0.0,9.720101321051351e-18,0.16912320440972176,0.16277110471685893,0.0
2016-04-12,0.07355045416801576,1.9722454871926958e-17,0.0808424909007101,0.11551046922157548,0.3982923957322495,0.0,9.785578759746021e-18,0.1704200065913702,0.16138418338607902,0.0
2016-04-13,0.07370606631943906,2.001273856831037e-17,0.0818795575260069,0.11393636127371055,0.39738668977352437,0.0,9.880977753018313e-18,0.17162546751001284,0.16146585759730636,0.0
2016-04-14,0.07338059452005748,1.9987675060740674e-17,0.08244495136125356,0.11275181490793225,0.39789076364806447,0.0,9.91774804914201e-18,0.17225687158977074,0.16127500397292152,0.0
2016-04-15,0.07291348076884394,1.9819009223325344e-17,0.08203923367232589,0.11322492783030329,0.3980039354500571,0.0,9.865982787517066e-18,0.17160153134183115,0.1622168909366387,0.0
2016-04-18,0.07316572533911135,1.989160164396711e-17,0.08266331965878192,0.11294345205481132,0.39722556373362183,0.0,9.909060274981286e-18,0.1726413102226633,0.16136062899101025,0.0
2016-04-19,0.07441473752999307,2.0111690954072546e-17,0.0837496978160104,0.1142343791613415,0.3949392453586781,0.0,9.807778799460639e-18,0.1724699672886517,0.16019197284532516,0.0
2016-04-20,0.07606240518782331,2.007406627393422e-17,0.08404425250268323,0.11395613691576557,0.39398621681851215,0.0,9.842060197002943e-18,0.17309685779507714,0.1588541307801387,0.0
2016-04-21,0.07596223969704256,1.9932064289172866e-17,0.08378340248677933,0.11472196482739253,0.39449111489242844,0.0,9.871759576798927e-18,0.17266979977740812,0.15837147831894893,0.0
2016-04-22,0.07583576331071851,1.9863026148173355e-17,0.0840431892865566,0.11354608049672947,0.3950816765544402,0.0,9.748000006114768e-18,0.17311793020509,0.15837536014646517,0.0
2016-04-25,0.07589836313189242,1.976686259357327e-17,0.0837483146122191,0.11404867016002826,0.395255232101136,0.0,9.762990407128221e-18,0.17308543711280222,0.15796398288192204,0.0
2016-04-26,0.07683757129667582,1.9971353375230168e-17,0.08400898297344103,0.11445267415536332,0.3942533808543134,0.0,9.711322941828772e-18,0.1732679239746474,0.15717946674555888,0.0
2016-04-27,0.07713991507530552,1.9988700536651124e-17,0.08363222421368526,0.11418895581095584,0.3943791445410881,0.0,9.583768973143321e-18,0.17272974278002595,0.1579300175789392,0.0
2016-04-28,0.07742258762715999,1.9745002820622328e-17,0.08233712338408355,0.11612666852579653,0.3949954921193465,0.0,9.450006366313803e-18,0.1708375517805473,0.15828057656306613,0.0
2016-04-29,0.0780173283902735,1.9620053307599774e-17,0.08182282994745009,0.11815010555394156,0.3940645208230805,0.0,9.381466151911045e-18,0.16957631005837528,0.15836890522687894,0.0
2016-05-02,0.0,0.0,0.0,0.0,0.39740447438685067,0.0,0.0,0.6025955256131492,0.0,0.0
2016-05-03,0.0,0.0,0.0,0.0,0.40092024845390384,0.0,0.0,0.5990797515460962,0.0,0.0
2016-05-04,0.0,0.0,0.0,0.0,0.40270075481021794,0.0,0.0,0.5972992451897821,0.0,0.0
2016-05-05,0.0,0.0,0.0,0.0,0.40340079109859933,0.0,0.0,0.5965992089014008,0.0,0.0
2016-05-06,0.0,0.0,0.0,0.0,0.4019564958508077,0.0,0.0,0.5980435041491923,0.0,0.0
2016-05-09,0.0,0.0,0.0,0.0,0.4022148127308903,0.0,0.0,0.5977851872691097,0.0,0.0
2016-05-10,0.0,0.0,0.0,0.0,0.3992038791434741,0.0,0.0,0.6007961208565259,0.0,0.0
2016-05-11,0.0,0.0,0.0,0.0,0.4018293024857515,0.0,0.0,0.5981706975142485,0.0,0.0
2016-05-12,0.0,0.0,0.0,0.0,0.40110785086361017,0.0,0.0,0.5988921491363898,0.0,0.0
2016-05-13,0.0,0.0,0.0,0.0,0.40412557743676875,0.0,0.0,0.5958744225632312,0.0,0.0
2016-05-16,0.0,0.0,0.0,0.0,0.4008957217521765,0.0,0.0,0.5991042782478235,0.0,0.0
2016-05-17,0.0,0.0,0.0,0.0,0.40282322875666376,0.0,0.0,0.5971767712433362,0.0,0.0
2016-05-18,0.0,0.0,0.0,0.0,0.4008060300234272,0.0,0.0,0.5991939699765728,0.0,0.0
2016-05-19,0.0,0.0,0.0,0.0,0.4018814684528056,0.0,0.0,0.5981185315471944,0.0,0.0
2016-05-20,0.0,0.0,0.0,0.0,0.4005221108193852,0.0,0.0,0.5994778891806146,0.0,0.0
2016-05-23,0.0,0.0,0.0,0.0,0.4010028446670629,0.0,0.0,0.5989971553329371,0.0,0.0
2016-05-24,0.0,0.0,0.0,0.0,0.397519768952354,0.0,0.0,0.602480231047646,0.0,0.0
2016-05-25,0.0,0.0,0.0,0.0,0.3957926767094239,0.0,0.0,0.604207323290576,0.0,0.0
2016-05-26,0.0,0.0,0.0,0.0,0.39646591501694783,0.0,0.0,0.6035340849830523,0.0,0.0
2016-05-27,0.0,0.0,0.0,0.0,0.3949823720260147,0.0,0.0,0.6050176279739852,0.0,0.0
2016-05-31,0.0,0.0,0.0,0.0,0.39572107956855174,0.0,0.0,0.6042789204314483,0.0,0.0
2016-06-01,0.0,0.0,0.0,0.0,0.3951507712558617,0.0,0.0,0.6048492287441384,0.0,0.0
2016-06-02,0.0,0.0,0.0,0.0,0.3951652226063426,0.0,0.0,0.6048347773936573,0.0,0.0
2016-06-03,0.0,0.0,0.0,0.0,0.3980926698087103,0.0,0.0,0.6019073301912896,0.0,0.0
2016-06-06,0.0,0.0,0.0,0.0,0.3962504328769535,0.0,0.0,0.6037495671230465,0.0,0.0
2016-06-07,0.0,0.0,0.0,0.0,0.39622294196537466,0.0,0.0,0.6037770580346252,0.0,0.0
2016-06-08,0.0,0.0,0.0,0.0,0.395725217495682,0.0,0.0,0.6042747825043181,0.0,0.0
2016-06-09,0.0,0.0,0.0,0.0,0.3964185357168365,0.0,0.0,0.6035814642831634,0.0,0.0
2016-06-10,0.0,0.0,0.0,0.0,0.3995400269040871,0.0,0.0,0.6004599730959129,0.0,0.0
2016-06-13,0.0,0.0,0.0,0.0,0.40187272790586454,0.0,0.0,0.5981272720941354,0.0,0.0
2016-06-14,0.0,0.0,0.0,0.0,0.40228137111697104,0.0,0.0,0.597718628883029,0.0,0.0
2016-06-15,0.0,0.0,0.0,0.0,0.4033482807676991,0.0,0.0,0.5966517192323009,0.0,0.0
2016-06-16,0.0,0.0,0.0,0.0,0.4028889914607816,0.0,0.0,0.5971110085392184,0.0,0.0
2016-06-17,0.0,0.0,0.0,0.0,0.4029697947411206,0.0,0.0,0.5970302052588794,0.0,0.0
2016-06-20,0.0,0.0,0.0,0.0,0.40039209389355596,0.0,0.0,0.5996079061064441,0.0,0.0
2016-06-21,0.0,0.0,0.0,0.0,0.39917215742850776,0.0,0.0,0.6008278425714922,0.0,0.0
2016-06-22,0.0,0.0,0.0,0.0,0.40003878541414445,0.0,0.0,0.5999612145858555,0.0,0.0
2016-06-23,0.0,0.0,0.0,0.0,0.39579471841466235,0.0,0.0,0.6042052815853377,0.0,0.0
2016-06-24,0.0,0.0,0.0,0.0,0.40788387823108735,0.0,0.0,0.5921161217689126,0.0,0.0
2016-06-27,0.0,0.0,0.0,0.0,0.41434295519049946,0.0,0.0,0.5856570448095004,0.0,0.0
2016-06-28,0.0,0.0,0.0,0.0,0.40996929032105756,0.0,0.0,0.5900307096789424,0.0,0.0
2016-06-29,0.0,0.0,0.0,0.0,0.4049094642255224,0.0,0.0,0.5950905357744777,0.0,0.0
2016-06-30,0.0,0.0,0.0,0.0,0.40218044275835096,0.0,0.0,0.5978195572416491,0.0,0.0
2016-07-01,0.06055159709870306,1.5485358651444603e-17,0.09651536188967082,0.07604380135999317,0.3985605709980214,1.4462325767593834e-17,0.0,0.15165954537702583,0.21666912327658572,0.0
2016-07-05,0.058786998804075084,1.5142114131684897e-17,0.0945673453537653,0.07660618231121669,0.4004040889719626,1.4237114998265304e-17,0.0,0.1504403637426961,0.2191950208162842,0.0
2016-07-06,0.05891233378962721,1.5074273657385543e-17,0.09422145465089457,0.07691453547938458,0.3997400355429953,1.4314189232864077e-17,0.0,0.15106506278788867,0.21914657774920965,0.0
2016-07-07,0.05741220942034445,1.5079084726657855e-17,0.09412220514816659,0.07685387125157994,0.40040435453181755,1.43871718429291e-17,0.0,0.15142202181267084,0.21978533783542065,0.0
2016-07-08,0.05758618619334565,1.529596819522544e-17,0.09488110079306437,0.0767684519640422,0.39833923390885007,1.4618240604011345e-17,0.0,0.15258859526415397,0.2198364318765437,0.0
2016-07-11,0.057529756706706014,1.5489600981520664e-17,0.09656715302362613,0.07627804496265114,0.39745356392955583,1.483253204754548e-17,0.0,0.15359606904489292,0.21857541233256791,0.0
2016-07-12,0.05883417853161115,1.5765795933122932e-17,0.09823946143583141,0.07529383920405325,0.3965670453782813,1.50866748806799e-17,0.0,0.15528573869332138,0.2157797367569015,0.0
2016-07-13,0.057897471456147896,1.5685805122507183e-17,0.09780393272082574,0.07572977838318402,0.39624489297973914,1.4976641964285594e-17,0.0,0.15473915430686822,0.21758477015323505,0.0
2016-07-14,0.05833217264868363,1.596790022029757e-17,0.09899057929980308,0.07540626535864986,0.39596336102175483,1.5043733102468527e-17,0.0,0.15614304305772717,0.2151645786133814,0.0
2016-07-15,0.05844058473385608,1.6004563827650656e-17,0.09893656326142067,0.07545731119801842,0.3962397886479518,1.5153850461408762e-17,0.0,0.15664187609655056,0.21428387606220248,0.0
2016-07-18,0.058154876368997445,1.6144808651022308e-17,0.09915974154059469,0.07556108105242042,0.3960537198176657,1.5176115531134274e-17,0.0,0.15703121466747422,0.21403936655284764,0.0
2016-07-19,0.057740451705470736,1.5961724657767095e-17,0.0982724055571543,0.07558076123293248,0.39668834720407653,1.508392079180168e-17,0.0,0.15670276284806692,0.21501527145229907,0.0
2016-07-20,0.05746005279370297,1.6073257318342495e-17,0.0993482190012141,0.07464301138859965,0.39663802098185763,1.5211799346925412e-17,0.0,0.15765841163706773,0.21425228419755787,0.0
2016-07-21,0.057081185882660694,1.600552802135426e-17,0.09883502582052632,0.07569312568390558,0.3970680168448044,1.5122238113661166e-17,0.0,0.1568828055088053,0.21443984025929783,0.0
2016-07-22,0.056948718758853205,1.6117793007304378e-17,0.09899975694263399,0.07510834315405357,0.39664413589302167,1.523081564059407e-17,0.0,0.15754472229001584,0.21475432296142175,0.0
2016-07-25,0.05644546565819817,1.599119739930586e-17,0.0990934311570879,0.07474752758397243,0.3971882302162857,1.524113715842155e-17,0.0,0.15745871052950958,0.21506663485494623,0.0
2016-07-26,0.05614515000389569,1.6098263257708487e-17,0.0993955794029193,0.07497630348829383,0.39697589667045624,1.5296927070280402e-17,0.0,0.15734888622798404,0.21515818420645094,0.0
2016-07-27,0.05530736151240618,1.6067939273912852e-17,0.09924069610030921,0.07578734543088278,0.3965987773638796,1.5260059782345303e-17,0.0,0.15636304456509487,0.21670277502742732,0.0
2016-07-28,0.055178444504283934,1.6080235277869353e-17,0.09918531494325063,0.07560516012080656,0.39700369078532793,1.522842812297732e-17,0.0,0.15661984737631854,0.2164075422700124,0.0
2016-07-29,0.05531433885187946,1.6068695700783056e-17,0.09976288078236607,0.07593155330052283,0.39614352387562446,1.5167715190930532e-17,0.0,0.1559375729324666,0.21691013025714043,0.0
2016-08-01,0.0,0.0,0.0,0.0,0.3993645102155395,0.0,0.0,0.6006354897844605,0.0,0.0
2016-08-02,0.0,0.0,0.0,0.0,0.4003304836921984,0.0,0.0,0.5996695163078015,0.0,0.0
2016-08-03,0.0,0.0,0.0,0.0,0.39975838933953967,0.0,0.0,0.6002416106604603,0.0,0.0
2016-08-04,0.0,0.0,0.0,0.0,0.4000793654921363,0.0,0.0,0.5999206345078637,0.0,0.0
2016-08-05,0.0,0.0,0.0,0.0,0.39663221203676785,0.0,0.0,0.6033677879632323,0.0,0.0
2016-08-08,0.0,0.0,0.0,0.0,0.3966464826572711,0.0,0.0,0.6033535173427289,0.0,0.0
2016-08-09,0.0,0.0,0.0,0.0,0.3973586260648242,0.0,0.0,0.6026413739351759,0.0,0.0
2016-08-10,0.0,0.0,0.0,0.0,0.39859201311490927,0.0,0.0,0.6014079868850907,0.0,0.0
2016-08-11,0.0,0.0,0.0,0.0,0.39633111990091635,0.0,0.0,0.6036688800990837,0.0,0.0
2016-08-12,0.0,0.0,0.0,0.0,0.39739279237801417,0.0,0.0,0.6026072076219858,0.0,0.0
2016-08-15,0.0,0.0,0.0,0.0,0.39599980436543103,0.0,0.0,0.604000195634569,0.0,0.0
2016-08-16,0.0,0.0,0.0,0.0,0.39683094873786096,0.0,0.0,0.603169051262139,0.0,0.0
2016-08-17,0.0,0.0,0.0,0.0,0.39676598846964534,0.0,0.0,0.6032340115303546,0.0,0.0
2016-08-18,0.0,0.0,0.0,0.0,0.3966564464353592,0.0,0.0,0.6033435535646408,0.0,0.0
2016-08-19,0.0,0.0,0.0,0.0,0.39619503667207895,0.0,0.0,0.6038049633279211,0.0,0.0
2016-08-22,0.0,0.0,0.0,0.0,0.39674019922075154,0.0,0.0,0.6032598007792485,0.0,0.0
2016-08-23,0.0,0.0,0.0,0.0,0.3962374576545624,0.0,0.0,0.6037625423454376,0.0,0.0
2016-08-24,0.0,0.0,0.0,0.0,0.39737937928197126,0.0,0.0,0.6026206207180288,0.0,0.0
2016-08-25,0.0,0.0,0.0,0.0,0.39715945421208837,0.0,0.0,0.6028405457879117,0.0,0.0
2016-08-26,0.0,0.0,0.0,0.0,0.39668887093039557,0.0,0.0,0.6033111290696044,0.0,0.0
2016-08-29,0.0,0.0,0.0,0.0,0.39649897499800313,0.0,0.0,0.603501025001997,0.0,0.0
2016-08-30,0.0,0.0,0.0,0.0,0.39687256447815084,0.0,0.0,0.6031274355218491,0.0,0.0
2016-08-31,0.0,0.0,0.0,0.0,0.3972761923834182,0.0,0.0,0.6027238076165817,0.0,0.0
2016-09-01,0.0,0.0,0.0,0.0,0.39764033554437134,0.0,0.0,0.6023596644556287,0.0,0.0
2016-09-02,0.0,0.0,0.0,0.0,0.39594198876386993,0.0,0.0,0.6040580112361301,0.0,0.0
2016-09-06,0.0,0.0,0.0,0.0,0.39633313963109823,0.0,0.0,0.6036668603689017,0.0,0.0
2016-09-07,0.0,0.0,0.0,0.0,0.39648325164259374,0.0,0.0,0.6035167483574063,0.0,0.0
2016-09-08,0.0,0.0,0.0,0.0,0.3958530525990757,0.0,0.0,0.6041469474009242,0.0,0.0
2016-09-09,0.0,0.0,0.0,0.0,0.4005168792484436,0.0,0.0,0.5994831207515563,0.0,0.0
2016-09-12,0.0,0.0,0.0,0.0,0.3973172386651448,0.0,0.0,0.6026827613348552,0.0,0.0
2016-09-13,0.0,0.0,0.0,0.0,0.3999017935055165,0.0,0.0,0.6000982064944835,0.0,0.0
2016-09-14,0.0,0.0,0.0,0.0,0.4005335016705976,0.0,0.0,0.5994664983294024,0.0,0.0
2016-09-15,0.0,0.0,0.0,0.0,0.3982132230455087,0.0,0.0,0.6017867769544913,0.0,0.0
2016-09-16,0.0,0.0,0.0,0.0,0.39940093539078264,0.0,0.0,0.6005990646092174,0.0,0.0
2016-09-19,0.0,0.0,0.0,0.0,0.3989453180586073,0.0,0.0,0.6010546819413928,0.0,0.0
2016-09-20,0.0,0.0,0.0,0.0,0.39930158696423623,0.0,0.0,0.6006984130357638,0.0,0.0
2016-09-21,0.0,0.0,0.0,0.0,0.39700991553786263,0.0,0.0,0.6029900844621374,0.0,0.0
2016-09-22,0.0,0.0,0.0,0.0,0.3962154263649065,0.0,0.0,0.6037845736350935,0.0,0.0
2016-09-23,0.0,0.0,0.0,0.0,0.3976379158404726,0.0,0.0,0.6023620841595275,0.0,0.0
2016-09-26,0.0,0.0,0.0,0.0,0.4002751635450106,0.0,0.0,0.5997248364549895,0.0,0.0
2016-09-27,0.0,0.0,0.0,0.0,0.39919689393093954,0.0,0.0,0.6008031060690605,0.0,0.0
2016-09-28,0.0,0.0,0.0,0.0,0.3979032262946782,0.0,0.0,0.6020967737053217,0.0,0.0
2016-09-29,0.0,0.0,0.0,0.0,0.40023238872294736,0.0,0.0,0.5997676112770527,0.0,0.0
2016-09-30,0.0,0.0,0.0,0.0,0.39783016870719473,0.0,0.0,0.6021698312928053,0.0,0.0
2016-10-03,0.0,0.0,0.0,0.0,0.39784873407104376,0.0,0.0,0.6021512659289563,0.0,0.0
2016-10-04,0.0,0.0,0.0,0.0,0.3979745257460133,0.0,0.0,0.6020254742539867,0.0,0.0
2016-10-05,0.0,0.0,0.0,0.0,0.3963772566634972,0.0,0.0,0.6036227433365028,0.0,0.0
2016-10-06,0.0,0.0,0.0,0.0,0.3957135255511133,0.0,0.0,0.6042864744488867,0.0,0.0
2016-10-07,0.0,0.0,0.0,0.0,0.39688165920233226,0.0,0.0,0.6031183407976678,0.0,0.0
2016-10-10,0.0,0.0,0.0,0.0,0.39501146663082226,0.0,0.0,0.6049885333691777,0.0,0.0
2016-10-11,0.0,0.0,0.0,0.0,0.3979877317709517,0.0,0.0,0.6020122682290483,0.0,0.0
2016-10-12,0.0,0.0,0.0,0.0,0.39767375167230623,0.0,0.0,0.6023262483276938,0.0,0.0
2016-10-13,0.0,0.0,0.0,0.0,0.39895899766991544,0.0,0.0,0.6010410023300846,0.0,0.0
2016-10-14,0.0,0.0,0.0,0.0,0.3980968936583479,0.0,0.0,0.6019031063416521,0.0,0.0
2016-10-17,0.0,0.0,0.0,0.0,0.3994522772207223,0.0,0.0,0.6005477227792777,0.0,0.0
2016-10-18,0.0,0.0,0.0,0.0,0.3984326776972132,0.0,0.0,0.6015673223027868,0.0,0.0
2016-10-19,0.0,0.0,0.0,0.0,0.3979025632970919,0.0,0.0,0.602097436702908,0.0,0.0
2016-10-20,0.0,0.0,0.0,0.0,0.39813374285531183,0.0,0.0,0.6018662571446882,0.0,0.0
2016-10-21,0.0,0.0,0.0,0.0,0.39828145430710493,0.0,0.0,0.6017185456928951,0.0,0.0
2016-10-24,0.0,0.0,0.0,0.0,0.3969404129158061,0.0,0.0,0.6030595870841939,0.0,0.0
2016-10-25,0.0,0.0,0.0,0.0,0.39770078303737,0.0,0.0,0.60229921696263,0.0,0.0
2016-10-26,0.0,0.0,0.0,0.0,0.397661705472091,0.0,0.0,0.602338294527909,0.0,0.0
2016-10-27,0.0,0.0,0.0,0.0,0.3974750588573881,0.0,0.0,0.6025249411426119,0.0,0.0
2016-10-28,0.0,0.0,0.0,0.0,0.39822767502901685,0.0,0.0,0.6017723249709831,0.0,0.0
2016-10-31,0.0,0.0,0.0,0.0,0.39841234610594606,0.0,0.0,0.6015876538940539,0.0,0.0
2016-11-01,0.10097181028457965,0.09968975378428092,0.10006700765414209,0.10115267690664691,0.10050523249384717,0.09927179934117517,0.0997455917333761,0.09977339656562736,0.10050917863596823,0.09831355260035647
2016-11-02,0.10033347244847506,0.09906277965246485,0.09995788623508632,0.10248582232375411,0.10138389729696834,0.09856895163646269,0.09951289666260503,0.09974042712346695,0.10152413461376518,0.09742973200695161
2016-11-03,0.10036458378292848,0.09915511847355062,0.1002214188363788,0.10341304879444223,0.10169337259213942,0.0984532121549466,0.09890012674954833,0.09965019545391582,0.1011166242206636,0.09703229894148609
2016-11-04,0.0997276219064161,0.09818500975566172,0.09929737793023705,0.10353067340867575,0.10204932283882519,0.09912766102405492,0.09859397898207785,0.09958156679916096,0.10206478326441845,0.09784200409047208
2016-11-07,0.09906012377489172,0.10064572246982785,0.09958628098243039,0.10057532428585365,0.10053399622692422,0.100461719052054,0.09985316849232727,0.10068587364623285,0.10011110504315435,0.09848668602630363
2016-11-08,0.09877830845068629,0.10114338585986456,0.09971511719613307,0.10000597068208521,0.10002825405235147,0.10057409400571138,0.1003554650781202,0.10098844159292295,0.09955616376461292,0.09885479931751201
2016-11-09,0.09978794910440586,0.09838317915438581,0.10034535735744637,0.1004845178831469,0.0990414425726815,0.10423515718946685,0.10136729860129962,0.10261499692279938,0.09585097722425302,0.09788912399011473
2016-11-10,0.09985256020736515,0.09643098577356395,0.10094920287152506,0.09986157405558785,0.09931374758258081,0.10683659798278562,0.10061003797944777,0.10377856901827945,0.09526826362446933,0.09709846090439511
2016-11-11,0.09838805217919509,0.09502026317499807,0.10078304718589845,0.09808909537404553,0.099554121842366,0.10978035663177954,0.10110434866056268,0.10400310231256898,0.09515705593619311,0.09812055670239248
2016-11-14,0.09823115708849636,0.09437876076606648,0.1002843496835824,0.09730729930340662,0.09902620021697718,0.11137766392755877,0.1001316768931001,0.1041356152411751,0.09463395408082409,0.10049332279881293
2016-11-15,0.0996646465271648,0.09555591433933842,0.09997144324761544,0.09741824800996314,0.09828416762971168,0.11088542505859258,0.1007598647874807,0.1041617799290019,0.09438939165657326,0.09890911881455812
2016-11-16,0.09867153566536387,0.09498272048156546,0.09914728957549464,0.09735135113970253,0.09860360428027397,0.11113284486125884,0.10159206996435624,0.10420615657362613,0.09546094162557633,0.09885148583278205
2016-11-17,0.09890741128546462,0.09515037642361023,0.09993568973745079,0.09688248611191742,0.09820064360420934,0.11182103129409345,0.10236383359871376,0.10477575472934468,0.09408679367008856,0.09787597954510718
2016-11-18,0.09992386848481619,0.09490287541980542,0.09904418459695002,0.09622513135759714,0.09796252676195116,0.11263947641602846,0.10218663157817408,0.10475171135648263,0.09400392685683816,0.09835966717135662
2016-11-21,0.10196945338798181,0.09513867302682791,0.09916355064087573,0.09588195829992047,0.09733288326357627,0.11234091262151882,0.10249829101602866,0.1047751194730316,0.09355184369358877,0.09734731457665004
2016-11-22,0.10134482860899825,0.09611809320493139,0.09893076966732382,0.09538815143393138,0.09695674326731189,0.11282048881872976,0.10231548255836416,0.10447524847351061,0.09307151550209312,0.09857867846480549
2016-11-23,0.10212072845955388,0.09543582242199486,0.09894312921786187,0.0938395274285734,0.09696195081604866,0.11394082812563862,0.10227514960754557,0.10491439651876049,0.09304939176881298,0.09851907563520956
2016-11-25,0.10125587259091624,0.09578300384762187,0.09912084122537303,0.09319699840638901,0.09676271009367747,0.11417856623252355,0.10247993119564207,0.10517757544643916,0.09307614321449108,0.09896835774692662
2016-11-28,0.10153696838350214,0.09611020983182036,0.09854266295343024,0.09412975740661679,0.09714972947328086,0.1126343328651157,0.1021904772737695,0.10462586651189618,0.09370992596930344,0.09937006933126485
2016-11-29,0.09949001847651057,0.09622251489832777,0.09914643849900404,0.09366848536542315,0.0972269210153614,0.11254727043359464,0.10251891308444541,0.10480432276503146,0.09407962406902447,0.10029549139327708
2016-11-30,0.10288684517834967,0.09672722905822942,0.09939306683458579,0.09273925618045971,0.09691800132350283,0.11239132239501586,0.10163688096956867,0.10492366316471174,0.09288367642973794,0.09950005846583834
2016-12-01,0.10534010573004686,0.09609296132340552,0.09953640834700969,0.0930590044287156,0.09706351134018565,0.11244168948573674,0.10041404128766947,0.10509596132916654,0.09239348549265781,0.09856283123540616
2016-12-02,0.10567677612684513,0.09582950161300127,0.09939579813538414,0.09319678963522668,0.09712111994927693,0.1119458122626519,0.10022388718145511,0.10474083310744298,0.09270965226287867,0.09915982972583708
2016-12-05,0.10561219594431731,0.09606910068807342,0.09980417118617384,0.09216883914533662,0.09652980043274208,0.11321980714054403,0.10042677187293068,0.1047685510409083,0.09208005100363295,0.09932071154534082
2016-12-06,0.10482220380118147,0.09629197810204525,0.10017942916948719,0.09179900249022198,0.09627402059221063,0.11409758192081844,0.10036296417129273,0.10478204514775444,0.09173198753117238,0.09965878707381547
2016-12-07,0.10303883584732304,0.09699466338826367,0.10071807689792293,0.09126269379839554,0.09568655011429086,0.11412539189338439,0.10067865374354566,0.10515497409330586,0.09164622750310664,0.10069393272046136
2016-12-08,0.10305151865267459,0.097247004054119,0.10044984320413246,0.09088569050909583,0.0951513108520301,0.11571268716056327,0.10067468270684764,0.10522166361471387,0.09040143680691669,0.10120416243890655
2016-12-09,0.10364194696645514,0.09679416598776033,0.10093703257695394,0.08998404034946322,0.0947167077030802,0.11600529265367526,0.10152235217688656,0.10591782047895297,0.08932799960477257,0.10115264150199972
2016-12-12,0.1044142108233071,0.09625138869465209,0.10059406218604268,0.09041979838508755,0.0948328379820004,0.11489948828438658,0.1011681377250545,0.10590565323261054,0.08958783803157949,0.10192658465527908
2016-12-13,0.10421792861682894,0.09689311950975722,0.10122905496458026,0.0897199155227312,0.09446816906834556,0.11440037862309367,0.10199139037944423,0.10614166113760741,0.08951039246591388,0.10142798971169767
2016-12-14,0.10460549845584673,0.09527024867487387,0.10107276673449775,0.08958647466533451,0.09493610355793689,0.11448212971977914,0.10314109911784439,0.10667357170406368,0.08969415213014242,0.10053795523968072
2016-12-15,0.10450975110478515,0.09546753755887014,0.10088419170310008,0.08839245931098696,0.09470568016617006,0.11538017188457636,0.10334218967034602,0.10715219044239414,0.09018038078961356,0.09998544736915745
2016-12-16,0.10484365544436311,0.09491185155271703,0.10082290642927674,0.08886190960098406,0.09470181209179276,0.11501915069775023,0.10282573618014346,0.10680413421626811,0.08985646942037231,0.10135237436633213
2016-12-19,0.10393471588329044,0.09398744899335985,0.10037167083030303,0.08904417101598813,0.09486149027854554,0.11543290263764074,0.1029443239102748,0.10672286523243496,0.09055670289430813,0.10214370832385447
2016-12-20,0.10421018110634153,0.09413670756008438,0.10053191789123826,0.08822528008301349,0.09448663879350652,0.11619716376149744,0.1031481725254023,0.10693712317464629,0.08993940812218637,0.10218740698208334
2016-12-21,0.1039263347160487,0.09403176723058301,0.10086711104055644,0.08854412113376316,0.09493036897804115,0.11579189063918499,0.10338612480508541,0.1069653626625477,0.09061239579225099,0.10094452300193847
2016-12-22,0.1041611547095342,0.0932439915680257,0.10099715977937182,0.08864440113541437,0.0952263048446044,0.11520115970673867,0.10346050331239492,0.107159914833584,0.09077168620788574,0.10113372390244624
2016-12-23,0.10408461872719986,0.09354135522560081,0.10099076051352804,0.0886876578990074,0.09506403683213856,0.11550561326286203,0.10325363398605338,0.10703089643906108,0.09071432628665214,0.10112710082789661
2016-12-27,0.10532226371222947,0.09362187263998512,0.10051521233679987,0.08889318285832201,0.09459478407710259,0.11561753539997423,0.10342304937501567,0.10692103165325278,0.09010586168793573,0.10098520625938252
2016-12-28,0.10558365520305722,0.0945030924308325,0.10031631549632793,0.0893034653243035,0.09511637354570514,0.11464434898699861,0.10280789940937994,0.10623319451131873,0.09093204401395692,0.10055961107811959
2016-12-29,0.1052018795282872,0.09558752372709414,0.1000706593028802,0.09003537094877645,0.0949432948535538,0.11418654355784448,0.10216151215758185,0.10569160580715609,0.09080929363066491,0.10131231648616071
2016-12-30,0.10549228447461151,0.09499153273486724,0.10050503973776401,0.0895573275012165,0.09530692171504282,0.11384587093078569,0.10119888580551016,0.1053959963483146,0.09102504524353164,0.10268109550835589
2017-01-03,0.10379500964378187,0.09573276316727043,0.10071269546175413,0.08988597731094704,0.0948666940092411,0.11393741813099707,0.10168118900410861,0.10576224108281158,0.09103589577766126,0.1025901164114271
2017-01-04,0.10375801124404287,0.09569413533621823,0.10104587429717232,0.08948499848935512,0.09421900245607544,0.11491509397707987,0.10141998164435635,0.10554421777997604,0.09065821166198124,0.1032604731137425
2017-01-05,0.10372984760617202,0.09622512987432831,0.10136396036603762,0.0903901592427091,0.09432560992568682,0.1129849516434589,0.10145144646962423,0.1048995986300178,0.09158779490389517,0.10304150133806994
2017-01-06,0.10380104013512999,0.09601213883470791,0.10121888078812556,0.0898987755602896,0.09407985662809111,0.11278974790266216,0.10254075993459129,0.10548025087920514,0.09092381615228953,0.10325473318490766
2017-01-09,0.10239757702335164,0.09609175810302534,0.1012329088571323,0.09078984292381562,0.09459531211347566,0.11223656327296366,0.10304852662229368,0.10530714547324617,0.09180620671364804,0.10249415889704787
2017-01-10,0.10185313209288464,0.09657340637438888,0.10116600227677386,0.09110089333286849,0.09447191269347835,0.11321648593897157,0.1031902029892559,0.10521966983583422,0.09166974267621818,0.10153855178932596
2017-01-11,0.10259483524632723,0.09736823318959746,0.10132848761149202,0.09105082993293645,0.09423599131109361,0.11300430085084989,0.10309220106695181,0.10513386196221498,0.09164442650737044,0.10054683232116608
2017-01-12,0.10394459584003281,0.09764959811959834,0.10133201921767067,0.09124439313606383,0.09414985029637313,0.11196785089365006,0.10278038873227582,0.10471469302501331,0.09130640633778143,0.10091020440154062
2017-01-13,0.10364949064881412,0.0974764913375314,0.10161022577361752,0.09139718857596248,0.09385496399336062,0.1126710658917022,0.10303345893030211,0.10485466288865623,0.0907849874440192,0.10066746451603413
2017-01-17,0.10350015996378512,0.09734425054562677,0.10115289819301938,0.09263433482361957,0.09425042479164594,0.11105113599884048,0.10264050359872247,0.10440035224493949,0.09166097021604837,0.1013649696237524
2017-01-18,0.10293607964726897,0.09714195078550276,0.10120580862163185,0.09216265262660658,0.09390082062650487,0.11179301614360561,0.10319877811056181,0.10498639727332133,0.09079424325118686,0.10188025291380928
2017-01-19,0.10305491621410107,0.0972696762924043,0.10138799843372193,0.09248251515705186,0.09395014259919045,0.11136290088204871,0.10359663957989053,0.10505195213636917,0.09056328471102247,0.10127997399419955
2017-01-20,0.10382531908208056,0.09707188118544463,0.10156882436514399,0.09234180972763012,0.0936235802076709,0.11149511271002396,0.103413803186445,0.10502127930572001,0.09002531719447261,0.10161307303536829
2017-01-23,0.10342368475113368,0.09813010603674421,0.10143145993810353,0.09257623974371984,0.09375074918138564,0.11060116672194452,0.1030973438573296,0.1043428235751664,0.09057425539354262,0.10207217080092996
2017-01-24,0.10339327877462329,0.0984635553532767,0.10140150807465459,0.09190176364278536,0.09313264784644572,0.11197942277671769,0.10349968681031368,0.10471701994294025,0.0897011776474174,0.1018099391308252
2017-01-25,0.1025916695080499,0.09940202340109233,0.1023034451036544,0.09100973102822894,0.09253439902857052,0.11286695083416887,0.10438710917689419,0.10546737351635072,0.08844450373276797,0.10099279467022225
2017-01-26,0.1031951411823537,0.09912240636499003,0.10204393117350066,0.09029646508619701,0.09279268737583696,0.11257736642777808,0.10464663451026178,0.10550972687432325,0.088870836329937,0.10094480467482143
2017-01-27,0.10251971948202528,0.09936598824577347,0.10204263973815679,0.09062956163093291,0.09306170734631454,0.1123758514881464,0.10502018475947335,0.10551842459381441,0.08933902348550521,0.10012689922985761
2017-01-30,0.10249570290584725,0.09938034584715996,0.10186934701412535,0.0915144930095944,0.09354781979327519,0.11141879130148491,0.10477637405378049,0.10544197790889831,0.08956108538855777,0.09999406277727636
2017-01-31,0.1026305637251535,0.09912828849212478,0.10157380164124735,0.09237438457089364,0.09345593629419627,0.11170435834541298,0.1041057943596038,0.10496818826539187,0.08978698452104449,0.10027169978493145
2017-02-01,0.0,0.0,0.0,0.0,0.39944478923277005,0.0,0.0,0.60055521076723,0.0,0.0
2017-02-02,0.0,0.0,0.0,0.0,0.39937858619145034,0.0,0.0,0.6006214138085496,0.0,0.0
2017-02-03,0.0,0.0,0.0,0.0,0.39791471552948865,0.0,0.0,0.6020852844705114,0.0,0.0
2017-02-06,0.0,0.0,0.0,0.0,0.39948460544749137,0.0,0.0,0.6005153945525087,0.0,0.0
2017-02-07,0.0,0.0,0.0,0.0,0.3999066768028999,0.0,0.0,0.6000933231971,0.0,0.0
2017-02-08,0.0,0.0,0.0,0.0,0.4005687936314817,0.0,0.0,0.5994312063685183,0.0,0.0
2017-02-09,0.0,0.0,0.0,0.0,0.39771958440841265,0.0,0.0,0.6022804155915874,0.0,0.0
2017-02-10,0.0,0.0,0.0,0.0,0.39661731050583005,0.0,0.0,0.60338268949417,0.0,0.0
2017-02-13,0.0,0.0,0.0,0.0,0.3949555295799588,0.0,0.0,0.6050444704200413,0.0,0.0
2017-02-14,0.0,0.0,0.0,0.0,0.3931382952347247,0.0,0.0,0.6068617047652752,0.0,0.0
2017-02-15,0.0,0.0,0.0,0.0,0.3914411606065225,0.0,0.0,0.6085588393934775,0.0,0.0
2017-02-16,0.0,0.0,0.0,0.0,0.3926002826615303,0.0,0.0,0.6073997173384695,0.0,0.0
2017-02-17,0.0,0.0,0.0,0.0,0.3928603133022741,0.0,0.0,0.6071396866977259,0.0,0.0
2017-02-21,0.0,0.0,0.0,0.0,0.39133169406078216,0.0,0.0,0.608668305939218,0.0,0.0
2017-02-22,0.0,0.0,0.0,0.0,0.391928232758556,0.0,0.0,0.608071767241444,0.0,0.0
2017-02-23,0.0,0.0,0.0,0.0,0.39239995124230675,0.0,0.0,0.6076000487576932,0.0,0.0
2017-02-24,0.0,0.0,0.0,0.0,0.39320169769487756,0.0,0.0,0.6067983023051224,0.0,0.0
2017-02-27,0.0,0.0,0.0,0.0,0.39197349595969044,0.0,0.0,0.6080265040403097,0.0,0.0
2017-02-28,0.0,0.0,0.0,0.0,0.3925050535729093,0.0,0.0,0.6074949464270907,0.0,0.0
2017-03-01,0.0,0.0,0.0,0.0,0.3875349149390124,0.0,0.0,0.6124650850609876,0.0,0.0
2017-03-02,0.0,0.0,0.0,0.0,0.3883541547240851,0.0,0.0,0.6116458452759149,0.0,0.0
2017-03-03,0.0,0.0,0.0,0.0,0.38843179549630574,0.0,0.0,0.6115682045036943,0.0,0.0
2017-03-06,0.0,0.0,0.0,0.0,0.38909510773366507,0.0,0.0,0.6109048922663348,0.0,0.0
2017-03-07,0.0,0.0,0.0,0.0,0.3894648763446801,0.0,0.0,0.61053512365532,0.0,0.0
2017-03-08,0.0,0.0,0.0,0.0,0.3891084182610961,0.0,0.0,0.6108915817389039,0.0,0.0
2017-03-09,0.0,0.0,0.0,0.0,0.388144088376023,0.0,0.0,0.611855911623977,0.0,0.0
2017-03-10,0.0,0.0,0.0,0.0,0.3878164144380121,0.0,0.0,0.6121835855619878,0.0,0.0
2017-03-13,0.0,0.0,0.0,0.0,0.38710224037934204,0.0,0.0,0.6128977596206581,0.0,0.0
2017-03-14,0.0,0.0,0.0,0.0,0.38826412312093733,0.0,0.0,0.6117358768790627,0.0,0.0
2017-03-15,0.0,0.0,0.0,0.0,0.3882902978574109,0.0,0.0,0.6117097021425891,0.0,0.0
2017-03-16,0.0,0.0,0.0,0.0,0.3880992610626294,0.0,0.0,0.6119007389373707,0.0,0.0
2017-03-17,0.0,0.0,0.0,0.0,0.3891532308302441,0.0,0.0,0.6108467691697559,0.0,0.0
2017-03-20,0.0,0.0,0.0,0.0,0.38998104408964646,0.0,0.0,0.6100189559103536,0.0,0.0
2017-03-21,0.0,0.0,0.0,0.0,0.3938540926171444,0.0,0.0,0.6061459073828557,0.0,0.0
2017-03-22,0.0,0.0,0.0,0.0,0.3937456999288138,0.0,0.0,0.6062543000711863,0.0,0.0
2017-03-23,0.0,0.0,0.0,0.0,0.3937516309910878,0.0,0.0,0.6062483690089122,0.0,0.0
2017-03-24,0.0,0.0,0.0,0.0,0.3940610777277926,0.0,0.0,0.6059389222722074,0.0,0.0
2017-03-27,0.0,0.0,0.0,0.0,0.3948943038007031,0.0,0.0,0.6051056961992968,0.0,0.0
2017-03-28,0.0,0.0,0.0,0.0,0.3923497567836951,0.0,0.0,0.6076502432163049,0.0,0.0
2017-03-29,0.0,0.0,0.0,0.0,0.3928048809675089,0.0,0.0,0.6071951190324911,0.0,0.0
2017-03-30,0.0,0.0,0.0,0.0,0.39136947204420097,0.0,0.0,0.6086305279557991,0.0,0.0
2017-03-31,0.0,0.0,0.0,0.0,0.3923993196437644,0.0,0.0,0.6076006803562355,0.0,0.0
2017-04-03,0.0,0.0,0.0,0.0,0.39398617091418014,0.0,0.0,0.6060138290858199,0.0,0.0
2017-04-04,0.0,0.0,0.0,0.0,0.3934959318847482,0.0,0.0,0.6065040681152518,0.0,0.0
2017-04-05,0.0,0.0,0.0,0.0,0.39465776981520095,0.0,0.0,0.6053422301847989,0.0,0.0
2017-04-06,0.0,0.0,0.0,0.0,0.3938295889621898,0.0,0.0,0.6061704110378103,0.0,0.0
2017-04-07,0.0,0.0,0.0,0.0,0.39335088377357286,0.0,0.0,0.6066491162264271,0.0,0.0
2017-04-10,0.0,0.0,0.0,0.0,0.39363787951094326,0.0,0.0,0.6063621204890568,0.0,0.0
2017-04-11,0.0,0.0,0.0,0.0,0.3950257598384873,0.0,0.0,0.6049742401615126,0.0,0.0
2017-04-12,0.0,0.0,0.0,0.0,0.39681740736234666,0.0,0.0,0.6031825926376533,0.0,0.0
2017-04-13,0.0,0.0,0.0,0.0,0.3990965480371016,0.0,0.0,0.6009034519628984,0.0,0.0
2017-04-17,0.0,0.0,0.0,0.0,0.3966023243345834,0.0,0.0,0.6033976756654166,0.0,0.0
2017-04-18,0.0,0.0,0.0,0.0,0.39868277720466294,0.0,0.0,0.6013172227953372,0.0,0.0
2017-04-19,0.0,0.0,0.0,0.0,0.3984979313180232,0.0,0.0,0.6015020686819769,0.0,0.0
2017-04-20,0.0,0.0,0.0,0.0,0.39601989378933655,0.0,0.0,0.6039801062106633,0.0,0.0
2017-04-21,0.0,0.0,0.0,0.0,0.39689545980121926,0.0,0.0,0.6031045401987808,0.0,0.0
2017-04-24,0.0,0.0,0.0,0.0,0.39378846334143547,0.0,0.0,0.6062115366585645,0.0,0.0
2017-04-25,0.0,0.0,0.0,0.0,0.39117272167842704,0.0,0.0,0.6088272783215728,0.0,0.0
2017-04-26,0.0,0.0,0.0,0.0,0.391950257167257,0.0,0.0,0.6080497428327429,0.0,0.0
2017-04-27,0.0,0.0,0.0,0.0,0.39190710014886226,0.0,0.0,0.6080928998511377,0.0,0.0
2017-04-28,0.0,0.0,0.0,0.0,0.39267332713697023,0.0,0.0,0.6073266728630298,0.0,0.0
2017-05-01,0.0,0.0,0.0,0.0,0.391557833377124,0.0,0.0,0.6084421666228761,0.0,0.0
2017-05-02,0.0,0.0,0.0,0.0,0.39196098122212814,0.0,0.0,0.6080390187778719,0.0,0.0
2017-05-03,0.0,0.0,0.0,0.0,0.39175753982094447,0.0,0.0,0.6082424601790556,0.0,0.0
2017-05-04,0.0,0.0,0.0,0.0,0.3909391779570485,0.0,0.0,0.6090608220429514,0.0,0.0
2017-05-05,0.0,0.0,0.0,0.0,0.3900489176393259,0.0,0.0,0.609951082360674,0.0,0.0
2017-05-08,0.0,0.0,0.0,0.0,0.3895044137939547,0.0,0.0,0.6104955862060453,0.0,0.0
2017-05-09,0.0,0.0,0.0,0.0,0.3894526587177037,0.0,0.0,0.6105473412822963,0.0,0.0
2017-05-10,0.0,0.0,0.0,0.0,0.38893624884191175,0.0,0.0,0.6110637511580883,0.0,0.0
2017-05-11,0.0,0.0,0.0,0.0,0.38960236842863427,0.0,0.0,0.6103976315713657,0.0,0.0
2017-05-12,0.0,0.0,0.0,0.0,0.391213702690538,0.0,0.0,0.6087862973094619,0.0,0.0
2017-05-15,0.0,0.0,0.0,0.0,0.3897457033697105,0.0,0.0,0.6102542966302895,0.0,0.0
2017-05-16,0.0,0.0,0.0,0.0,0.39027724274633,0.0,0.0,0.60972275725367,0.0,0.0
2017-05-17,0.0,0.0,0.0,0.0,0.3964507432797856,0.0,0.0,0.6035492567202144,0.0,0.0
2017-05-18,0.0,0.0,0.0,0.0,0.395422271389808,0.0,0.0,0.6045777286101921,0.0,0.0
2017-05-19,0.0,0.0,0.0,0.0,0.39380650116727006,0.0,0.0,0.60619349883273,0.0,0.0
2017-05-22,0.0,0.0,0.0,0.0,0.39233058435305973,0.0,0.0,0.6076694156469403,0.0,0.0
2017-05-23,0.0,0.0,0.0,0.0,0.3911790891435802,0.0,0.0,0.6088209108564199,0.0,0.0
2017-05-24,0.0,0.0,0.0,0.0,0.39111503248544466,0.0,0.0,0.6088849675145555,0.0,0.0
2017-05-25,0.0,0.0,0.0,0.0,0.39011364401554144,0.0,0.0,0.6098863559844586,0.0,0.0
2017-05-26,0.0,0.0,0.0,0.0,0.390318614576904,0.0,0.0,0.6096813854230961,0.0,0.0
2017-05-30,0.0,0.0,0.0,0.0,0.3911253921425728,0.0,0.0,0.6088746078574271,0.0,0.0
2017-05-31,0.0,0.0,0.0,0.0,0.3912956281894223,0.0,0.0,0.6087043718105777,0.0,0.0
2017-06-01,0.0,0.0,0.0,0.0,0.3892863850550392,0.0,0.0,0.6107136149449607,0.0,0.0
2017-06-02,0.0,0.0,0.0,0.0,0.38953744059871004,0.0,0.0,0.61046255940129,0.0,0.0
2017-06-05,0.0,0.0,0.0,0.0,0.38931455119331204,0.0,0.0,0.610685448806688,0.0,0.0
2017-06-06,0.0,0.0,0.0,0.0,0.3908284754972188,0.0,0.0,0.6091715245027812,0.0,0.0
2017-06-07,0.0,0.0,0.0,0.0,0.389946268464542,0.0,0.0,0.610053731535458,0.0,0.0
2017-06-08,0.0,0.0,0.0,0.0,0.389452915803458,0.0,0.0,0.6105470841965419,0.0,0.0
2017-06-09,0.0,0.0,0.0,0.0,0.38959251992824334,0.0,0.0,0.6104074800717567,0.0,0.0
2017-06-12,0.0,0.0,0.0,0.0,0.38959693050858196,0.0,0.0,0.610403069491418,0.0,0.0
2017-06-13,0.0,0.0,0.0,0.0,0.38852622272808174,0.0,0.0,0.6114737772719182,0.0,0.0
2017-06-14,0.0,0.0,0.0,0.0,0.39006553362745455,0.0,0.0,0.6099344663725454,0.0,0.0
2017-06-15,0.0,0.0,0.0,0.0,0.39010424380959113,0.0,0.0,0.6098957561904089,0.0,0.0
2017-06-16,0.0,0.0,0.0,0.0,0.3901849544627989,0.0,0.0,0.609815045537201,0.0,0.0
2017-06-19,0.0,0.0,0.0,0.0,0.38755178855109973,0.0,0.0,0.6124482114489003,0.0,0.0
2017-06-20,0.0,0.0,0.0,0.0,0.38975614746443416,0.0,0.0,0.6102438525355658,0.0,0.0
2017-06-21,0.0,0.0,0.0,0.0,0.3897927358083978,0.0,0.0,0.6102072641916022,0.0,0.0
2017-06-22,0.0,0.0,0.0,0.0,0.39012136921410956,0.0,0.0,0.6098786307858904,0.0,0.0
2017-06-23,0.0,0.0,0.0,0.0,0.3899036052921489,0.0,0.0,0.610096394707851,0.0,0.0
2017-06-26,0.0,0.0,0.0,0.0,0.3899456319644572,0.0,0.0,0.6100543680355427,0.0,0.0
2017-06-27,0.0,0.0,0.0,0.0,0.39069869056333745,0.0,0.0,0.6093013094366626,0.0,0.0
2017-06-28,0.0,0.0,0.0,0.0,0.38835824465764524,0.0,0.0,0.6116417553423548,0.0,0.0
2017-06-29,0.0,0.0,0.0,0.0,0.3895683579234779,0.0,0.0,0.6104316420765221,0.0,0.0
2017-06-30,0.0,0.0,0.0,0.0,0.3885687957388983,0.0,0.0,0.6114312042611018,0.0,0.0
2017-07-03,0.0,0.0,0.0,0.0,0.38729265717540806,0.0,0.0,0.6127073428245919,0.0,0.0
2017-07-05,0.0,0.0,0.0,0.0,0.3869237188869562,0.0,0.0,0.6130762811130439,0.0,0.0
2017-07-06,0.0,0.0,0.0,0.0,0.3886569050514698,0.0,0.0,0.6113430949485302,0.0,0.0
2017-07-07,0.0,0.0,0.0,0.0,0.38674122756742285,0.0,0.0,0.613258772432577,0.0,0.0
2017-07-10,0.0,0.0,0.0,0.0,0.3868003571416425,0.0,0.0,0.6131996428583575,0.0,0.0
2017-07-11,0.0,0.0,0.0,0.0,0.3872899697196373,0.0,0.0,0.6127100302803626,0.0,0.0
2017-07-12,0.0,0.0,0.0,0.0,0.3862065841412973,0.0,0.0,0.6137934158587027,0.0,0.0
2017-07-13,0.0,0.0,0.0,0.0,0.3855635459051932,0.0,0.0,0.6144364540948068,0.0,0.0
2017-07-14,0.0,0.0,0.0,0.0,0.38479556633469836,0.0,0.0,0.6152044336653016,0.0,0.0
2017-07-17,0.0,0.0,0.0,0.0,0.38511372092054286,0.0,0.0,0.6148862790794571,0.0,0.0
2017-07-18,0.0,0.0,0.0,0.0,0.3858539736812297,0.0,0.0,0.6141460263187704,0.0,0.0
2017-07-19,0.0,0.0,0.0,0.0,0.38457529537792373,0.0,0.0,0.6154247046220762,0.0,0.0
2017-07-20,0.0,0.0,0.0,0.0,0.3845362214867124,0.0,0.0,0.6154637785132876,0.0,0.0
2017-07-21,0.0,0.0,0.0,0.0,0.3851673277423301,0.0,0.0,0.6148326722576698,0.0,0.0
2017-07-24,0.0,0.0,0.0,0.0,0.38507006744693145,0.0,0.0,0.6149299325530686,0.0,0.0
2017-07-25,0.0,0.0,0.0,0.0,0.38316632089425956,0.0,0.0,0.6168336791057405,0.0,0.0
2017-07-26,0.0,0.0,0.0,0.0,0.3839107147779829,0.0,0.0,0.6160892852220171,0.0,0.0
2017-07-27,0.0,0.0,0.0,0.0,0.38375384193647094,0.0,0.0,0.6162461580635291,0.0,0.0
2017-07-28,0.0,0.0,0.0,0.0,0.3844304273747833,0.0,0.0,0.6155695726252167,0.0,0.0
2017-07-31,0.0,0.0,0.0,0.0,0.38463115459346875,0.0,0.0,0.6153688454065313,0.0,0.0
2017-08-01,0.0,0.0,0.0,0.0,0.38469133990263316,0.0,0.0,0.6153086600973668,0.0,0.0
2017-08-02,0.0,0.0,0.0,0.0,0.38435519148354574,0.0,0.0,0.6156448085164543,0.0,0.0
2017-08-03,0.0,0.0,0.0,0.0,0.3856334672308636,0.0,0.0,0.6143665327691364,0.0,0.0
2017-08-04,0.0,0.0,0.0,0.0,0.3845610695549583,0.0,0.0,0.6154389304450417,0.0,0.0
2017-08-07,0.0,0.0,0.0,0.0,0.3842541884419417,0.0,0.0,0.6157458115580583,0.0,0.0
2017-08-08,0.0,0.0,0.0,0.0,0.3846381035894442,0.0,0.0,0.6153618964105558,0.0,0.0
2017-08-09,0.0,0.0,0.0,0.0,0.3849355179771453,0.0,0.0,0.6150644820228548,0.0,0.0
2017-08-10,0.0,0.0,0.0,0.0,0.3891930810699842,0.0,0.0,0.6108069189300158,0.0,0.0
2017-08-11,0.0,0.0,0.0,0.0,0.3891076750567066,0.0,0.0,0.6108923249432934,0.0,0.0
2017-08-14,0.0,0.0,0.0,0.0,0.3861914856799364,0.0,0.0,0.6138085143200636,0.0,0.0
2017-08-15,0.0,0.0,0.0,0.0,0.3855125736755555,0.0,0.0,0.6144874263244445,0.0,0.0
2017-08-16,0.0,0.0,0.0,0.0,0.38554209046733373,0.0,0.0,0.6144579095326661,0.0,0.0
2017-08-17,0.0,0.0,0.0,0.0,0.39011321153356515,0.0,0.0,0.6098867884664348,0.0,0.0
2017-08-18,0.0,0.0,0.0,0.0,0.3905297257655195,0.0,0.0,0.6094702742344806,0.0,0.0
2017-08-21,0.0,0.0,0.0,0.0,0.39049825160346446,0.0,0.0,0.6095017483965356,0.0,0.0
2017-08-22,0.0,0.0,0.0,0.0,0.38756150004746254,0.0,0.0,0.6124384999525375,0.0,0.0
2017-08-23,0.0,0.0,0.0,0.0,0.389231445285014,0.0,0.0,0.6107685547149859,0.0,0.0
2017-08-24,0.0,0.0,0.0,0.0,0.38941092481697187,0.0,0.0,0.6105890751830281,0.0,0.0
2017-08-25,0.0,0.0,0.0,0.0,0.3892534239991856,0.0,0.0,0.6107465760008144,0.0,0.0
2017-08-28,0.0,0.0,0.0,0.0,0.38946425661259293,0.0,0.0,0.6105357433874069,0.0,0.0
2017-08-29,0.0,0.0,0.0,0.0,0.38974245979353134,0.0,0.0,0.6102575402064686,0.0,0.0
2017-08-30,0.0,0.0,0.0,0.0,0.38842116393784637,0.0,0.0,0.6115788360621537,0.0,0.0
2017-08-31,0.0,0.0,0.0,0.0,0.3873701193669198,0.0,0.0,0.6126298806330802,0.0,0.0
2017-09-01,0.0,0.0,0.0,0.0,0.38633604164038543,0.0,0.0,0.6136639583596145,0.0,0.0
2017-09-05,0.0,0.0,0.0,0.0,0.3896945937382891,0.0,0.0,0.610305406261711,0.0,0.0
2017-09-06,0.0,0.0,0.0,0.0,0.38831439281092806,0.0,0.0,0.611685607189072,0.0,0.0
2017-09-07,0.0,0.0,0.0,0.0,0.3893727958594297,0.0,0.0,0.6106272041405703,0.0,0.0
2017-09-08,0.0,0.0,0.0,0.0,0.3894773503774405,0.0,0.0,0.6105226496225594,0.0,0.0
2017-09-11,0.0,0.0,0.0,0.0,0.3856007861825319,0.0,0.0,0.6143992138174681,0.0,0.0
2017-09-12,0.0,0.0,0.0,0.0,0.3842334653749379,0.0,0.0,0.6157665346250621,0.0,0.0
2017-09-13,0.0,0.0,0.0,0.0,0.38363661985053266,0.0,0.0,0.6163633801494673,0.0,0.0
2017-09-14,0.0,0.0,0.0,0.0,0.3837561017399055,0.0,0.0,0.6162438982600945,0.0,0.0
2017-09-15,0.0,0.0,0.0,0.0,0.3837237246769287,0.0,0.0,0.6162762753230713,0.0,0.0
2017-09-18,0.0,0.0,0.0,0.0,0.3822981797387563,0.0,0.0,0.6177018202612437,0.0,0.0
2017-09-19,0.0,0.0,0.0,0.0,0.38179776433635504,0.0,0.0,0.618202235663645,0.0,0.0
2017-09-20,0.0,0.0,0.0,0.0,0.3812499510943498,0.0,0.0,0.6187500489056502,0.0,0.0
2017-09-21,0.0,0.0,0.0,0.0,0.3815738924747138,0.0,0.0,0.6184261075252862,0.0,0.0
2017-09-22,0.0,0.0,0.0,0.0,0.38194606931698166,0.0,0.0,0.6180539306830184,0.0,0.0
2017-09-25,0.0,0.0,0.0,0.0,0.3831348085143139,0.0,0.0,0.6168651914856861,0.0,0.0
2017-09-26,0.0,0.0,0.0,0.0,0.3827943461800723,0.0,0.0,0.6172056538199275,0.0,0.0
2017-09-27,0.0,0.0,0.0,0.0,0.3806631024254483,0.0,0.0,0.6193368975745517,0.0,0.0
2017-09-28,0.0,0.0,0.0,0.0,0.38033623756213236,0.0,0.0,0.6196637624378677,0.0,0.0
2017-09-29,0.0,0.0,0.0,0.0,0.3792225792905914,0.0,0.0,0.6207774207094086,0.0,0.0
2017-10-02,0.0,0.0,0.0,0.0,0.3779362176659965,0.0,0.0,0.6220637823340036,0.0,0.0
2017-10-03,0.0,0.0,0.0,0.0,0.37776531465770624,0.0,0.0,0.6222346853422938,0.0,0.0
2017-10-04,0.0,0.0,0.0,0.0,0.3774202884310484,0.0,0.0,0.6225797115689516,0.0,0.0
2017-10-05,0.0,0.0,0.0,0.0,0.3757904701591429,0.0,0.0,0.624209529840857,0.0,0.0
2017-10-06,0.0,0.0,0.0,0.0,0.3757706321061707,0.0,0.0,0.6242293678938293,0.0,0.0
2017-10-09,0.0,0.0,0.0,0.0,0.3764236010464537,0.0,0.0,0.6235763989535463,0.0,0.0
2017-10-10,0.0,0.0,0.0,0.0,0.3758936553241056,0.0,0.0,0.6241063446758944,0.0,0.0
2017-10-11,0.0,0.0,0.0,0.0,0.37579008666946107,0.0,0.0,0.6242099133305389,0.0,0.0
2017-10-12,0.0,0.0,0.0,0.0,0.37636042030615924,0.0,0.0,0.6236395796938409,0.0,0.0
2017-10-13,0.0,0.0,0.0,0.0,0.3768670059599509,0.0,0.0,0.6231329940400492,0.0,0.0
2017-10-16,0.0,0.0,0.0,0.0,0.3761583384709514,0.0,0.0,0.6238416615290485,0.0,0.0
2017-10-17,0.0,0.0,0.0,0.0,0.3759051439682432,0.0,0.0,0.6240948560317567,0.0,0.0
2017-10-18,0.0,0.0,0.0,0.0,0.3750811126892859,0.0,0.0,0.6249188873107142,0.0,0.0
2017-10-19,0.0,0.0,0.0,0.0,0.3752593934725461,0.0,0.0,0.624740606527454,0.0,0.0
2017-10-20,0.0,0.0,0.0,0.0,0.3730844209748439,0.0,0.0,0.626915579025156,0.0,0.0
2017-10-23,0.0,0.0,0.0,0.0,0.3742170861033653,0.0,0.0,0.6257829138966347,0.0,0.0
2017-10-24,0.0,0.0,0.0,0.0,0.3730994627841682,0.0,0.0,0.6269005372158317,0.0,0.0
2017-10-25,0.0,0.0,0.0,0.0,0.37388442615845746,0.0,0.0,0.6261155738415425,0.0,0.0
2017-10-26,0.0,0.0,0.0,0.0,0.3732719428921783,0.0,0.0,0.6267280571078216,0.0,0.0
2017-10-27,0.0,0.0,0.0,0.0,0.3721202588735099,0.0,0.0,0.62787974112649,0.0,0.0
2017-10-30,0.0,0.0,0.0,0.0,0.3738311750856728,0.0,0.0,0.6261688249143272,0.0,0.0
2017-10-31,0.0,0.0,0.0,0.0,0.37331257206636653,0.0,0.0,0.6266874279336335,0.0,0.0
2017-11-01,0.0,0.0,0.0,0.0,0.37314471990755893,0.0,0.0,0.6268552800924412,0.0,0.0
2017-11-02,0.0,0.0,0.0,0.0,0.3733624934842132,0.0,0.0,0.6266375065157869,0.0,0.0
2017-11-03,0.0,0.0,0.0,0.0,0.37295696096475256,0.0,0.0,0.6270430390352474,0.0,0.0
2017-11-06,0.0,0.0,0.0,0.0,0.37288089605783026,0.0,0.0,0.6271191039421696,0.0,0.0
2017-11-07,0.0,0.0,0.0,0.0,0.3731314143548459,0.0,0.0,0.6268685856451541,0.0,0.0
2017-11-08,0.0,0.0,0.0,0.0,0.3724485951541817,0.0,0.0,0.6275514048458182,0.0,0.0
2017-11-09,0.0,0.0,0.0,0.0,0.37321041878083966,0.0,0.0,0.6267895812191603,0.0,0.0
2017-11-10,0.0,0.0,0.0,0.0,0.3720930116063979,0.0,0.0,0.627906988393602,0.0,0.0
2017-11-13,0.0,0.0,0.0,0.0,0.37176550076063475,0.0,0.0,0.6282344992393654,0.0,0.0
2017-11-14,0.0,0.0,0.0,0.0,0.3726400638107527,0.0,0.0,0.6273599361892473,0.0,0.0
2017-11-15,0.0,0.0,0.0,0.0,0.3746524764283582,0.0,0.0,0.6253475235716418,0.0,0.0
2017-11-16,0.0,0.0,0.0,0.0,0.37207689460983573,0.0,0.0,0.6279231053901642,0.0,0.0
2017-11-17,0.0,0.0,0.0,0.0,0.37307331639241625,0.0,0.0,0.6269266836075837,0.0,0.0
2017-11-20,0.0,0.0,0.0,0.0,0.3723001859052158,0.0,0.0,0.6276998140947841,0.0,0.0
2017-11-21,0.0,0.0,0.0,0.0,0.3708212998115535,0.0,0.0,0.6291787001884466,0.0,0.0
2017-11-22,0.0,0.0,0.0,0.0,0.37177528675063737,0.0,0.0,0.6282247132493626,0.0,0.0
2017-11-24,0.0,0.0,0.0,0.0,0.37103907155646615,0.0,0.0,0.6289609284435339,0.0,0.0
2017-11-27,0.0,0.0,0.0,0.0,0.371309359905799,0.0,0.0,0.628690640094201,0.0,0.0
2017-11-28,0.0,0.0,0.0,0.0,0.3689999063980711,0.0,0.0,0.631000093601929,0.0,0.0
2017-11-29,0.0,0.0,0.0,0.0,0.36839634890722023,0.0,0.0,0.6316036510927798,0.0,0.0
2017-11-30,0.0,0.0,0.0,0.0,0.3656472278661888,0.0,0.0,0.6343527721338112,0.0,0.0
2017-12-01,0.0,0.0,0.0,0.0,0.3669857736257802,0.0,0.0,0.6330142263742199,0.0,0.0
2017-12-04,0.0,0.0,0.0,0.0,0.36715728123137414,0.0,0.0,0.6328427187686257,0.0,0.0
2017-12-05,0.0,0.0,0.0,0.0,0.3681704835420443,0.0,0.0,0.6318295164579556,0.0,0.0
2017-12-06,0.0,0.0,0.0,0.0,0.36860894888739876,0.0,0.0,0.6313910511126011,0.0,0.0
2017-12-07,0.0,0.0,0.0,0.0,0.3674602429056176,0.0,0.0,0.6325397570943824,0.0,0.0
2017-12-08,0.0,0.0,0.0,0.0,0.36602172479035666,0.0,0.0,0.6339782752096434,0.0,0.0
2017-12-11,0.0,0.0,0.0,0.0,0.3651707060802458,0.0,0.0,0.6348292939197542,0.0,0.0
2017-12-12,0.0,0.0,0.0,0.0,0.36456485156254964,0.0,0.0,0.6354351484374504,0.0,0.0
2017-12-13,0.0,0.0,0.0,0.0,0.36553165555050493,0.0,0.0,0.6344683444494951,0.0,0.0
2017-12-14,0.0,0.0,0.0,0.0,0.3663942802404393,0.0,0.0,0.6336057197595607,0.0,0.0
2017-12-15,0.0,0.0,0.0,0.0,0.3644275267258133,0.0,0.0,0.6355724732741866,0.0,0.0
2017-12-18,0.0,0.0,0.0,0.0,0.3624412978240142,0.0,0.0,0.6375587021759859,0.0,0.0
2017-12-19,0.0,0.0,0.0,0.0,0.36228035238130435,0.0,0.0,0.6377196476186956,0.0,0.0
2017-12-20,0.0,0.0,0.0,0.0,0.3617212970738346,0.0,0.0,0.6382787029261654,0.0,0.0
2017-12-21,0.0,0.0,0.0,0.0,0.3614090387633757,0.0,0.0,0.6385909612366243,0.0,0.0
2017-12-22,0.0,0.0,0.0,0.0,0.36155739453420155,0.0,0.0,0.6384426054657986,0.0,0.0
2017-12-26,0.0,0.0,0.0,0.0,0.36192154686020334,0.0,0.0,0.6380784531397967,0.0,0.0
2017-12-27,0.0,0.0,0.0,0.0,0.3627965805506391,0.0,0.0,0.6372034194493608,0.0,0.0
2017-12-28,0.0,0.0,0.0,0.0,0.36203690053426135,0.0,0.0,0.6379630994657387,0.0,0.0
2017-12-29,0.0,0.0,0.0,0.0,0.3632825793021876,0.0,0.0,0.6367174206978123,0.0,0.0
2018-01-02,0.0,0.0,0.0,0.0,0.3608681261861356,0.0,0.0,0.6391318738138645,0.0,0.0
2018-01-03,0.0,0.0,0.0,0.0,0.35965578612308424,0.0,0.0,0.6403442138769156,0.0,0.0
2018-01-04,0.0,0.0,0.0,0.0,0.3585784627340056,0.0,0.0,0.6414215372659943,0.0,0.0
2018-01-05,0.0,0.0,0.0,0.0,0.3567686093347007,0.0,0.0,0.6432313906652992,0.0,0.0
2018-01-08,0.0,0.0,0.0,0.0,0.35624049788268736,0.0,0.0,0.6437595021173127,0.0,0.0
2018-01-09,0.0,0.0,0.0,0.0,0.35463009883276936,0.0,0.0,0.6453699011672306,0.0,0.0
2018-01-10,0.0,0.0,0.0,0.0,0.3549147785563296,0.0,0.0,0.6450852214436704,0.0,0.0
2018-01-11,0.0,0.0,0.0,0.0,0.35340509437747025,0.0,0.0,0.6465949056225299,0.0,0.0
2018-01-12,0.0,0.0,0.0,0.0,0.3517690255492608,0.0,0.0,0.6482309744507393,0.0,0.0
2018-01-16,0.0,0.0,0.0,0.0,0.3526593811228278,0.0,0.0,0.6473406188771722,0.0,0.0
2018-01-17,0.0,0.0,0.0,0.0,0.34999590205782377,0.0,0.0,0.6500040979421763,0.0,0.0
2018-01-18,0.0,0.0,0.0,0.0,0.34965839213633493,0.0,0.0,0.6503416078636651,0.0,0.0
2018-01-19,0.0,0.0,0.0,0.0,0.3480369217891201,0.0,0.0,0.65196307821088,0.0,0.0
2018-01-22,0.0,0.0,0.0,0.0,0.3461145351866765,0.0,0.0,0.6538854648133235,0.0,0.0
2018-01-23,0.0,0.0,0.0,0.0,0.3462881764921738,0.0,0.0,0.6537118235078262,0.0,0.0
2018-01-24,0.0,0.0,0.0,0.0,0.3459406421415803,0.0,0.0,0.6540593578584197,0.0,0.0
2018-01-25,0.0,0.0,0.0,0.0,0.3463454648991216,0.0,0.0,0.6536545351008785,0.0,0.0
2018-01-26,0.0,0.0,0.0,0.0,0.3430714875342007,0.0,0.0,0.6569285124657994,0.0,0.0
2018-01-29,0.0,0.0,0.0,0.0,0.3440059765270426,0.0,0.0,0.6559940234729574,0.0,0.0
2018-01-30,0.0,0.0,0.0,0.0,0.3458109890668942,0.0,0.0,0.6541890109331058,0.0,0.0
2018-01-31,0.0,0.0,0.0,0.0,0.3457642500798736,0.0,0.0,0.6542357499201263,0.0,0.0
2018-02-01,0.0,0.0,0.0,0.0,0.3990318176579264,0.0,0.0,0.6009681823420736,0.0,0.0
2018-02-02,0.0,0.0,0.0,0.0,0.40342812764452884,0.0,0.0,0.5965718723554712,0.0,0.0
2018-02-05,0.0,0.0,0.0,0.0,0.41573785103266586,0.0,0.0,0.5842621489673342,0.0,0.0
2018-02-06,0.0,0.0,0.0,0.0,0.4099478134253,0.0,0.0,0.5900521865746999,0.0,0.0
2018-02-07,0.0,0.0,0.0,0.0,0.41055537783920565,0.0,0.0,0.5894446221607944,0.0,0.0
2018-02-08,0.0,0.0,0.0,0.0,0.42005194357446796,0.0,0.0,0.579948056425532,0.0,0.0
2018-02-09,0.0,0.0,0.0,0.0,0.415996693833235,0.0,0.0,0.5840033061667649,0.0,0.0
2018-02-12,0.0,0.0,0.0,0.0,0.4123882961692403,0.0,0.0,0.5876117038307596,0.0,0.0
2018-02-13,0.0,0.0,0.0,0.0,0.4121893179600369,0.0,0.0,0.5878106820399631,0.0,0.0
2018-02-14,0.0,0.0,0.0,0.0,0.4074772731193676,0.0,0.0,0.5925227268806325,0.0,0.0
2018-02-15,0.0,0.0,0.0,0.0,0.4044905298450392,0.0,0.0,0.5955094701549608,0.0,0.0
2018-02-16,0.0,0.0,0.0,0.0,0.4049876130314764,0.0,0.0,0.5950123869685237,0.0,0.0
2018-02-20,0.0,0.0,0.0,0.0,0.4062416532177637,0.0,0.0,0.5937583467822363,0.0,0.0
2018-02-21,0.0,0.0,0.0,0.0,0.40673340535192537,0.0,0.0,0.5932665946480746,0.0,0.0
2018-02-22,0.0,0.0,0.0,0.0,0.40675317010165707,0.0,0.0,0.5932468298983429,0.0,0.0
2018-02-23,0.0,0.0,0.0,0.0,0.4038638583061607,0.0,0.0,0.5961361416938393,0.0,0.0
2018-02-26,0.0,0.0,0.0,0.0,0.4013692448329874,0.0,0.0,0.5986307551670126,0.0,0.0
2018-02-27,0.0,0.0,0.0,0.0,0.40363735540997325,0.0,0.0,0.5963626445900267,0.0,0.0
2018-02-28,0.0,0.0,0.0,0.0,0.406658010163086,0.0,0.0,0.593341989836914,0.0,0.0
2018-03-01,0.0,0.0,0.0,0.0,0.41123631070490024,0.0,0.0,0.5887636892950997,0.0,0.0
2018-03-02,0.0,0.0,0.0,0.0,0.40909337701606424,0.0,0.0,0.5909066229839357,0.0,0.0
2018-03-05,0.0,0.0,0.0,0.0,0.40601098363472027,0.0,0.0,0.5939890163652796,0.0,0.0
2018-03-06,0.0,0.0,0.0,0.0,0.40537687410932466,0.0,0.0,0.5946231258906752,0.0,0.0
2018-03-07,0.0,0.0,0.0,0.0,0.4054652363242748,0.0,0.0,0.5945347636757252,0.0,0.0
2018-03-08,0.0,0.0,0.0,0.0,0.40479780533055326,0.0,0.0,0.5952021946694467,0.0,0.0
2018-03-09,0.0,0.0,0.0,0.0,0.4001303108260721,0.0,0.0,0.5998696891739279,0.0,0.0
2018-03-12,0.0,0.0,0.0,0.0,0.4009967266930555,0.0,0.0,0.5990032733069445,0.0,0.0
2018-03-13,0.0,0.0,0.0,0.0,0.40295488979555916,0.0,0.0,0.5970451102044408,0.0,0.0
2018-03-14,0.0,0.0,0.0,0.0,0.40466346767836436,0.0,0.0,0.5953365323216356,0.0,0.0
2018-03-15,0.0,0.0,0.0,0.0,0.4048323477211321,0.0,0.0,0.5951676522788678,0.0,0.0
2018-03-16,0.0,0.0,0.0,0.0,0.40428882873859096,0.0,0.0,0.5957111712614092,0.0,0.0
2018-03-19,0.0,0.0,0.0,0.0,0.40733796824816654,0.0,0.0,0.5926620317518334,0.0,0.0
2018-03-20,0.0,0.0,0.0,0.0,0.4064555948898818,0.0,0.0,0.5935444051101181,0.0,0.0
2018-03-21,0.0,0.0,0.0,0.0,0.4070845527711408,0.0,0.0,0.5929154472288591,0.0,0.0
2018-03-22,0.0,0.0,0.0,0.0,0.41420400836197774,0.0,0.0,0.5857959916380223,0.0,0.0
2018-03-23,0.0,0.0,0.0,0.0,0.41977344882721224,0.0,0.0,0.5802265511727878,0.0,0.0
2018-03-26,0.0,0.0,0.0,0.0,0.4125521199243415,0.0,0.0,0.5874478800756585,0.0,0.0
2018-03-27,0.0,0.0,0.0,0.0,0.41808975580160224,0.0,0.0,0.5819102441983977,0.0,0.0
2018-03-28,0.0,0.0,0.0,0.0,0.4187626099083452,0.0,0.0,0.5812373900916549,0.0,0.0
2018-03-29,0.0,0.0,0.0,0.0,0.4161704404301805,0.0,0.0,0.5838295595698195,0.0,0.0
2018-04-02,0.09983335432471535,0.09938051329884827,0.09980986432540422,0.1023868656969857,0.1013073209224957,0.09873790451671037,0.09828426600362995,0.09901971367856255,0.10140385982398262,0.09983633740866533
2018-04-03,0.09987884159118204,0.09987481390658197,0.09995761985744048,0.1011174841724349,0.10048921879124541,0.0996611481005513,0.09890415175207841,0.09979831604284713,0.1001296466626666,0.10018875912297182
2018-04-04,0.09899084643506921,0.09944155491785807,0.09982766435164524,0.10075632095624526,0.0999531078112132,0.1004482975102619,0.09998630148319589,0.10038659116485316,0.09944765797621166,0.10076165739344649
2018-04-05,0.0992621230355659,0.0994892804106943,0.10028634123405934,0.10003589247872269,0.0994987525033928,0.10107547735005884,0.10035275718007855,0.10097443657196713,0.09850666365836389,0.10051827557709643
2018-04-06,0.0994366576431626,0.09841413309412526,0.10051700379690419,0.10140393641922174,0.10082949353848107,0.09994544832813693,0.09871664255271062,0.09960706190055668,0.10047454626801258,0.10065507645868832
2018-04-09,0.1003144924509426,0.09815629163410218,0.10096984946285573,0.1013746930723154,0.10047808897159487,0.09969702080220408,0.09904433167700877,0.09972982665084394,0.10027031406792904,0.09996509121020339
2018-04-10,0.10100726747899835,0.09906747207632485,0.10102740107684777,0.10059415753404312,0.09929526593006148,0.10055791160433063,0.10021304828721635,0.10029822691394381,0.09908342463817248,0.09885582446006115
2018-04-11,0.10167044226893761,0.09901239000634286,0.10054383185877555,0.10127903079597358,0.0992952688324227,0.10067626800811942,0.09953808416810864,0.0996754614049806,0.09933869465095838,0.0989705280053807
2018-04-12,0.10133435557401024,0.09904337570662232,0.10100282798988579,0.10017411994037671,0.09901030896915554,0.10143795508623586,0.10081018549335062,0.10056881959061877,0.0986830047900876,0.0979350468596566
2018-04-13,0.10146315774847445,0.09812187190266272,0.10117277483089902,0.10090057262711671,0.09916584311788545,0.10097689727896755,0.10035754598573916,0.100343256853137,0.09898056957257706,0.09851751008254071
2018-04-16,0.10079030932089758,0.09793379037849954,0.10100834935105472,0.10072233778533142,0.09880290440284621,0.10158482664431091,0.10080152238742907,0.10084709827981872,0.09869901678216521,0.09880984466764658
2018-04-17,0.10018227465453589,0.09749081464454251,0.10079369067708605,0.10015075324301582,0.09820733294291675,0.10201109592288743,0.10229072234634073,0.10125237544346666,0.09831424899484749,0.09930669113036064
2018-04-18,0.10178863229509677,0.09808530853660406,0.10106697916395757,0.09998151955409561,0.09758276209992349,0.10203118434339199,0.1022468890809764,0.10107702853276897,0.09728692809131645,0.09885276830186877
2018-04-19,0.1020210353220657,0.09812841864950486,0.10131937709548028,0.10041391047360357,0.09792776321983297,0.10196259997961983,0.10194447169720029,0.1011487790750092,0.09710159718684713,0.0980320473008362
2018-04-20,0.10261602429499946,0.09763071649676085,0.1016988174133235,0.10040386562069455,0.09833880753392424,0.10218150928285585,0.10108942724573397,0.1010492382489504,0.09713041976903909,0.09786117409371814
2018-04-23,0.10279850033916531,0.09707348832290623,0.10180889705862799,0.09983731518033381,0.09847303802531608,0.10227042598041036,0.10107121135320628,0.10127171304934927,0.09738352435122825,0.09801188633945647
2018-04-24,0.10280292579380175,0.09712270184439369,0.10192252579171097,0.10084625883679589,0.09887048344910665,0.1022156490816902,0.09944668489767329,0.10042981552640617,0.09744618284733016,0.09889677193109116
2018-04-25,0.10321150945416925,0.09658956173793284,0.10197774360418706,0.1004159218584522,0.0988771573748187,0.10229240147437985,0.09978927625545186,0.10090389139537023,0.09701069791506307,0.09893183893017488
2018-04-26,0.10292813596081762,0.09721544684355009,0.10167636481808871,0.09927537771755633,0.09837957628333135,0.10195388781630668,0.1010874714888819,0.10112675268906009,0.09692013019488274,0.09943685618752442
2018-04-27,0.10249049893549154,0.09745548641796023,0.10140197966497681,0.09932930095469464,0.09818164577251952,0.10143420346260029,0.1007774088792408,0.10084894423378145,0.09730806640441927,0.10077246527431535
2018-04-30,0.10335099498287731,0.09712219742421974,0.10145760667780583,0.09898396316025665,0.09866163383701448,0.10091808305526195,0.10044283929005418,0.10045385089650682,0.09785054211299328,0.10075828856300974
2018-05-01,0.10275164380309315,0.09663597882782038,0.10108844732484064,0.09827451244620472,0.09849675196869172,0.1014010917902193,0.10158055171321419,0.10062176942778985,0.09748791377845767,0.10166133891966847
2018-05-02,0.10297903513200456,0.09608235306787624,0.10126905103099565,0.09844422860675794,0.09873421687916223,0.10200807820893905,0.1012049282627434,0.10016700791189702,0.09759637360722731,0.10151472729239668
2018-05-03,0.10351435814581761,0.09576994564303509,0.10147402950601671,0.09883745653576416,0.09887906578118824,0.10134296922593711,0.10108163411082366,0.0998368506114218,0.09792633201649237,0.10133735842350318
2018-05-04,0.10345015867319211,0.09549317600225529,0.10107941639935784,0.09831134654579585,0.09815704313473808,0.10184874367322436,0.10223739307733465,0.10038106318449962,0.09734900230279568,0.10169265700680646
2018-05-07,0.10318971203771807,0.09475242853280598,0.10089621647247485,0.09814295019668227,0.09791711936380283,0.10251140981588706,0.10288559260309983,0.10052394694252142,0.09700375091960944,0.10217687311539818
2018-05-08,0.10343048009047265,0.09523911494564578,0.1008606450710266,0.0981102808616916,0.09770507111941452,0.10296970179814378,0.10272967073181845,0.10047435635179436,0.09686609641567277,0.10161458261431959
2018-05-09,0.10398102089877245,0.09507372597254493,0.10073144595256833,0.09754639900664522,0.09712586362916312,0.10314450318472915,0.10346837510826684,0.10107338528576812,0.09593341756485685,0.10192186339668514
2018-05-10,0.10365764753711856,0.09627042508090847,0.10056175664317671,0.09741775870292074,0.09653907457976275,0.10285706816332783,0.10369401098139702,0.1011921346099558,0.095922576358798,0.10188754734263404
2018-05-11,0.10306032958930494,0.0961425687641877,0.10086473398409032,0.09731245745547945,0.0965831313903107,0.10309378914476791,0.10363321568613999,0.10153718711231016,0.09619893849210823,0.10157364838130069
2018-05-14,0.10392414009761379,0.09637005841913938,0.10115850825947946,0.09702193869351877,0.09647950814987838,0.10281321588396271,0.10392465709370817,0.101697212624937,0.09579582444824708,0.10081493632951524
2018-05-15,0.10501263126819169,0.09526277270772142,0.10136611278027251,0.09634817077064087,0.09684287164962055,0.1037943216880052,0.1037348488862412,0.10194140356723222,0.09559110551745259,0.10010576116462178
2018-05-16,0.10524429613938058,0.09637595861241552,0.1011706219435931,0.09587885544673054,0.09631949940046881,0.10452749220433889,0.10407361027668748,0.10202968133008386,0.0949076138417104,0.0994723708045909
2018-05-17,0.1055910118997087,0.09511288513369234,0.10154802856115172,0.0961436681690769,0.09647257857096544,0.10523793506449247,0.10390013031121569,0.10216660263517843,0.09463478870182088,0.09919237095269734
2018-05-18,0.105692066234063,0.0943527074529332,0.10122026007929687,0.09622195256124902,0.09688672402127592,0.10541736363371038,0.1034050389968797,0.10195247391212607,0.09548786646896514,0.09936354663950066
2018-05-21,0.10593300015620372,0.0944142824827217,0.10130959431446991,0.09575782498654364,0.09643125753391367,0.10554201893731888,0.10342473561002406,0.10216512909174136,0.09502155428207254,0.10000060260499044
2018-05-22,0.10615119032325054,0.09483165067339534,0.10128020770776036,0.09579547789667624,0.09648605244796175,0.10487878220327172,0.10338935262333035,0.1019794046928584,0.09496729691767562,0.1002405845138196
2018-05-23,0.10641716770616853,0.0945121988562245,0.09986967856668919,0.09561527856972275,0.09664149409020993,0.10470622256433987,0.10395578243134852,0.10195939759590796,0.09537549922463534,0.10094728039475345
2018-05-24,0.10573334102436113,0.09401269348855074,0.09956904752683571,0.09644352738453149,0.09689871434891618,0.10475478323284405,0.10393480612183344,0.10175994934663904,0.09614455745101536,0.10074858007447296
2018-05-25,0.10428859748905935,0.09450420395884597,0.09903126010505592,0.0962541636582175,0.0973889824761988,0.1046838243297273,0.10415498616728289,0.10163064658519774,0.09685088805906966,0.10121244717134491
2018-05-29,0.10365007210639249,0.09261451324397069,0.09733884014211143,0.09656024437878867,0.09876931862262163,0.10489091498815563,0.10404131070498844,0.10079759631825903,0.09930304396358897,0.10203414553112297
2018-05-30,0.10417854843526726,0.09263210547351926,0.0980648918392897,0.09595795021157841,0.09759133706523157,0.10573420427704718,0.10398084528682246,0.1013574703258984,0.09787864237795676,0.10262400470738903
2018-05-31,0.10422893706777767,0.0928932541254664,0.09776456936125581,0.09605989486916712,0.0978616259942916,0.10523177807891973,0.10425218971750821,0.10106479329404887,0.09803578257533913,0.10260717491622535
2018-06-01,0.0,0.0,0.0,0.0,0.39677117425582475,0.0,0.0,0.6032288257441754,0.0,0.0
2018-06-04,0.0,0.0,0.0,0.0,0.39479158325851643,0.0,0.0,0.6052084167414835,0.0,0.0
2018-06-05,0.0,0.0,0.0,0.0,0.39522875121292433,0.0,0.0,0.6047712487870757,0.0,0.0
2018-06-06,0.0,0.0,0.0,0.0,0.3922781927005683,0.0,0.0,0.6077218072994316,0.0,0.0
2018-06-07,0.0,0.0,0.0,0.0,0.39331299043186574,0.0,0.0,0.6066870095681343,0.0,0.0
2018-06-08,0.0,0.0,0.0,0.0,0.3922807999486922,0.0,0.0,0.6077192000513079,0.0,0.0
2018-06-11,0.0,0.0,0.0,0.0,0.39172960222260145,0.0,0.0,0.6082703977773984,0.0,0.0
2018-06-12,0.0,0.0,0.0,0.0,0.39128117549206154,0.0,0.0,0.6087188245079386,0.0,0.0
2018-06-13,0.0,0.0,0.0,0.0,0.3917610032191562,0.0,0.0,0.6082389967808438,0.0,0.0
2018-06-14,0.0,0.0,0.0,0.0,0.3919122084276361,0.0,0.0,0.6080877915723638,0.0,0.0
2018-06-15,0.0,0.0,0.0,0.0,0.3924040623353022,0.0,0.0,0.6075959376646978,0.0,0.0
2018-06-18,0.0,0.0,0.0,0.0,0.3930121261780813,0.0,0.0,0.6069878738219187,0.0,0.0
2018-06-19,0.0,0.0,0.0,0.0,0.39456071530744974,0.0,0.0,0.6054392846925503,0.0,0.0
2018-06-20,0.0,0.0,0.0,0.0,0.39338105380447846,0.0,0.0,0.6066189461955216,0.0,0.0
2018-06-21,0.0,0.0,0.0,0.0,0.3955156176111415,0.0,0.0,0.6044843823888585,0.0,0.0
2018-06-22,0.0,0.0,0.0,0.0,0.3951270596679834,0.0,0.0,0.6048729403320167,0.0,0.0
2018-06-25,0.0,0.0,0.0,0.0,0.3987359671616332,0.0,0.0,0.6012640328383668,0.0,0.0
2018-06-26,0.0,0.0,0.0,0.0,0.39832307130508654,0.0,0.0,0.6016769286949135,0.0,0.0
2018-06-27,0.0,0.0,0.0,0.0,0.40123241825909556,0.0,0.0,0.5987675817409044,0.0,0.0
2018-06-28,0.0,0.0,0.0,0.0,0.39962961148171977,0.0,0.0,0.6003703885182804,0.0,0.0
2018-06-29,0.0,0.0,0.0,0.0,0.39909737255613975,0.0,0.0,0.6009026274438602,0.0,0.0
2018-07-02,0.0,0.0,0.0,0.0,0.3984212312980424,0.0,0.0,0.6015787687019576,0.0,0.0
2018-07-03,0.0,0.0,0.0,0.0,0.3998787477636024,0.0,0.0,0.6001212522363976,0.0,0.0
2018-07-05,0.0,0.0,0.0,0.0,0.3979538493258368,0.0,0.0,0.6020461506741632,0.0,0.0
2018-07-06,0.0,0.0,0.0,0.0,0.3961476510496445,0.0,0.0,0.6038523489503556,0.0,0.0
2018-07-09,0.0,0.0,0.0,0.0,0.3933995927416451,0.0,0.0,0.6066004072583548,0.0,0.0
2018-07-10,0.0,0.0,0.0,0.0,0.3923564506580735,0.0,0.0,0.6076435493419264,0.0,0.0
2018-07-11,0.0,0.0,0.0,0.0,0.3945979500286438,0.0,0.0,0.6054020499713562,0.0,0.0
2018-07-12,0.0,0.0,0.0,0.0,0.3923509332505927,0.0,0.0,0.6076490667494073,0.0,0.0
2018-07-13,0.0,0.0,0.0,0.0,0.3925586258001262,0.0,0.0,0.6074413741998738,0.0,0.0
2018-07-16,0.0,0.0,0.0,0.0,0.3923766289421904,0.0,0.0,0.6076233710578096,0.0,0.0
2018-07-17,0.0,0.0,0.0,0.0,0.39127481974233586,0.0,0.0,0.6087251802576641,0.0,0.0
2018-07-18,0.0,0.0,0.0,0.0,0.390588440073376,0.0,0.0,0.6094115599266239,0.0,0.0
2018-07-19,0.0,0.0,0.0,0.0,0.3921395222398846,0.0,0.0,0.6078604777601155,0.0,0.0
2018-07-20,0.0,0.0,0.0,0.0,0.3915741869103119,0.0,0.0,0.6084258130896881,0.0,0.0
2018-07-23,0.0,0.0,0.0,0.0,0.38996459560769675,0.0,0.0,0.6100354043923033,0.0,0.0
2018-07-24,0.0,0.0,0.0,0.0,0.3889347336503704,0.0,0.0,0.6110652663496294,0.0,0.0
2018-07-25,0.0,0.0,0.0,0.0,0.38675649805147533,0.0,0.0,0.6132435019485247,0.0,0.0
2018-07-26,0.0,0.0,0.0,0.0,0.3870601687289152,0.0,0.0,0.6129398312710848,0.0,0.0
2018-07-27,0.0,0.0,0.0,0.0,0.3890482723426399,0.0,0.0,0.61095172765736,0.0,0.0
2018-07-30,0.0,0.0,0.0,0.0,0.38998973925680586,0.0,0.0,0.6100102607431942,0.0,0.0
2018-07-31,0.0,0.0,0.0,0.0,0.38914785688900816,0.0,0.0,0.6108521431109918,0.0,0.0
2018-08-01,0.0,0.0,0.0,0.0,0.3889829243273457,0.0,0.0,0.6110170756726543,0.0,0.0
2018-08-02,0.0,0.0,0.0,0.0,0.3879735086282007,0.0,0.0,0.6120264913717992,0.0,0.0
2018-08-03,0.0,0.0,0.0,0.0,0.38756597261383313,0.0,0.0,0.6124340273861668,0.0,0.0
2018-08-06,0.0,0.0,0.0,0.0,0.3868140270988709,0.0,0.0,0.6131859729011291,0.0,0.0
2018-08-07,0.0,0.0,0.0,0.0,0.3855429502335968,0.0,0.0,0.6144570497664033,0.0,0.0
2018-08-08,0.0,0.0,0.0,0.0,0.38585236712332166,0.0,0.0,0.6141476328766785,0.0,0.0
2018-08-09,0.0,0.0,0.0,0.0,0.3868286300223045,0.0,0.0,0.6131713699776955,0.0,0.0
2018-08-10,0.0,0.0,0.0,0.0,0.38944817266386894,0.0,0.0,0.6105518273361311,0.0,0.0
2018-08-13,0.0,0.0,0.0,0.0,0.390270506294728,0.0,0.0,0.609729493705272,0.0,0.0
2018-08-14,0.0,0.0,0.0,0.0,0.3885258813368275,0.0,0.0,0.6114741186631725,0.0,0.0
2018-08-15,0.0,0.0,0.0,0.0,0.3908894171688721,0.0,0.0,0.609110582831128,0.0,0.0
2018-08-16,0.0,0.0,0.0,0.0,0.3889027065077025,0.0,0.0,0.6110972934922975,0.0,0.0
2018-08-17,0.0,0.0,0.0,0.0,0.3881605763648019,0.0,0.0,0.611839423635198,0.0,0.0
2018-08-20,0.0,0.0,0.0,0.0,0.38839310450481185,0.0,0.0,0.6116068954951882,0.0,0.0
2018-08-21,0.0,0.0,0.0,0.0,0.3875134421032745,0.0,0.0,0.6124865578967256,0.0,0.0
2018-08-22,0.0,0.0,0.0,0.0,0.38809331928490376,0.0,0.0,0.6119066807150964,0.0,0.0
2018-08-23,0.0,0.0,0.0,0.0,0.3883856925200317,0.0,0.0,0.6116143074799684,0.0,0.0
2018-08-24,0.0,0.0,0.0,0.0,0.38703049661503164,0.0,0.0,0.6129695033849685,0.0,0.0
2018-08-27,0.0,0.0,0.0,0.0,0.38463676177544026,0.0,0.0,0.6153632382245597,0.0,0.0
2018-08-28,0.0,0.0,0.0,0.0,0.38399164833017746,0.0,0.0,0.6160083516698226,0.0,0.0
2018-08-29,0.0,0.0,0.0,0.0,0.382653969755418,0.0,0.0,0.6173460302445821,0.0,0.0
2018-08-30,0.0,0.0,0.0,0.0,0.3840510238175961,0.0,0.0,0.615948976182404,0.0,0.0
2018-08-31,0.0,0.0,0.0,0.0,0.38408907345371585,0.0,0.0,0.6159109265462841,0.0,0.0
2018-09-04,0.0,0.0,0.0,0.0,0.3839557177638526,0.0,0.0,0.6160442822361474,0.0,0.0
2018-09-05,0.0,0.0,0.0,0.0,0.3845700970459702,0.0,0.0,0.6154299029540297,0.0,0.0
2018-09-06,0.0,0.0,0.0,0.0,0.38577024055033937,0.0,0.0,0.6142297594496606,0.0,0.0
2018-09-07,0.0,0.0,0.0,0.0,0.3851643336344241,0.0,0.0,0.6148356663655759,0.0,0.0
2018-09-10,0.0,0.0,0.0,0.0,0.38489240263972024,0.0,0.0,0.6151075973602798,0.0,0.0
2018-09-11,0.0,0.0,0.0,0.0,0.3832535485944885,0.0,0.0,0.6167464514055115,0.0,0.0
2018-09-12,0.0,0.0,0.0,0.0,0.3834756223940506,0.0,0.0,0.6165243776059494,0.0,0.0
2018-09-13,0.0,0.0,0.0,0.0,0.3820590794473745,0.0,0.0,0.6179409205526256,0.0,0.0
2018-09-14,0.0,0.0,0.0,0.0,0.3815770727833111,0.0,0.0,0.6184229272166889,0.0,0.0
2018-09-17,0.0,0.0,0.0,0.0,0.38287710707565387,0.0,0.0,0.6171228929243462,0.0,0.0
2018-09-18,0.0,0.0,0.0,0.0,0.3806216643383731,0.0,0.0,0.6193783356616268,0.0,0.0
2018-09-19,0.0,0.0,0.0,0.0,0.3799740256421205,0.0,0.0,0.6200259743578793,0.0,0.0
2018-09-20,0.0,0.0,0.0,0.0,0.37809780821553063,0.0,0.0,0.6219021917844694,0.0,0.0
2018-09-21,0.0,0.0,0.0,0.0,0.37840577576398954,0.0,0.0,0.6215942242360105,0.0,0.0
2018-09-24,0.0,0.0,0.0,0.0,0.3789323560361969,0.0,0.0,0.6210676439638031,0.0,0.0
2018-09-25,0.0,0.0,0.0,0.0,0.37891739727481905,0.0,0.0,0.621082602725181,0.0,0.0
2018-09-26,0.0,0.0,0.0,0.0,0.38039306126522454,0.0,0.0,0.6196069387347753,0.0,0.0
2018-09-27,0.0,0.0,0.0,0.0,0.3797357522599387,0.0,0.0,0.6202642477400614,0.0,0.0
2018-09-28,0.0,0.0,0.0,0.0,0.37982773721090957,0.0,0.0,0.6201722627890904,0.0,0.0
2018-10-01,0.0,0.0,0.0,0.0,0.37841376984668623,0.0,0.0,0.6215862301533137,0.0,0.0
2018-10-02,0.0,0.0,0.0,0.0,0.3791577464551322,0.0,0.0,0.6208422535448677,0.0,0.0
2018-10-03,0.0,0.0,0.0,0.0,0.37727524850945876,0.0,0.0,0.6227247514905412,0.0,0.0
2018-10-04,0.0,0.0,0.0,0.0,0.37850921490590805,0.0,0.0,0.621490785094092,0.0,0.0
2018-10-05,0.0,0.0,0.0,0.0,0.37926438879331126,0.0,0.0,0.6207356112066887,0.0,0.0
2018-10-08,0.0,0.0,0.0,0.0,0.3793588626858229,0.0,0.0,0.620641137314177,0.0,0.0
2018-10-09,0.0,0.0,0.0,0.0,0.3801509963553943,0.0,0.0,0.6198490036446057,0.0,0.0
2018-10-10,0.0,0.0,0.0,0.0,0.38788014190563563,0.0,0.0,0.6121198580943643,0.0,0.0
2018-10-11,0.0,0.0,0.0,0.0,0.3941579821373393,0.0,0.0,0.6058420178626607,0.0,0.0
2018-10-12,0.0,0.0,0.0,0.0,0.3905843151024156,0.0,0.0,0.6094156848975845,0.0,0.0
2018-10-15,0.0,0.0,0.0,0.0,0.392068533418471,0.0,0.0,0.607931466581529,0.0,0.0
2018-10-16,0.0,0.0,0.0,0.0,0.38690160366990556,0.0,0.0,0.6130983963300946,0.0,0.0
2018-10-17,0.0,0.0,0.0,0.0,0.3861730068356517,0.0,0.0,0.6138269931643484,0.0,0.0
2018-10-18,0.0,0.0,0.0,0.0,0.39005428819459936,0.0,0.0,0.6099457118054007,0.0,0.0
2018-10-19,0.0,0.0,0.0,0.0,0.3898984822305747,0.0,0.0,0.6101015177694252,0.0,0.0
2018-10-22,0.0,0.0,0.0,0.0,0.39101654917278356,0.0,0.0,0.6089834508272164,0.0,0.0
2018-10-23,0.0,0.0,0.0,0.0,0.3928510949650899,0.0,0.0,0.6071489050349101,0.0,0.0
2018-10-24,0.0,0.0,0.0,0.0,0.40150157234594325,0.0,0.0,0.5984984276540568,0.0,0.0
2018-10-25,0.0,0.0,0.0,0.0,0.3966664891378604,0.0,0.0,0.6033335108621397,0.0,0.0
2018-10-26,0.0,0.0,0.0,0.0,0.4019922340138915,0.0,0.0,0.5980077659861084,0.0,0.0
2018-10-29,0.0,0.0,0.0,0.0,0.4033047770377745,0.0,0.0,0.5966952229622255,0.0,0.0
2018-10-30,0.0,0.0,0.0,0.0,0.39924740867937003,0.0,0.0,0.6007525913206299,0.0,0.0
2018-10-31,0.0,0.0,0.0,0.0,0.3961084419152888,0.0,0.0,0.6038915580847112,0.0,0.0
2018-11-01,0.09823411179007063,0.10247106018714472,0.10020127262548659,0.10020568296512175,0.0990187911029894,0.101215724039872,0.1002391246922086,0.09998695949842057,0.0990258089700934,0.09940146412859237
2018-11-02,0.09837832493917044,0.10352523508137958,0.1007304029618259,0.10060898433948334,0.0988465864497122,0.10194326986229699,0.09905794774338579,0.09977767691389695,0.0981713998961268,0.09896017181272206
2018-11-05,0.09811175229145339,0.10358460026743814,0.10051728155080532,0.10015513576094014,0.098696643902296,0.10164829329320556,0.09860325559208488,0.10011585978465957,0.09834853882520664,0.10021863873191036
2018-11-06,0.09753092170583061,0.1032256023943162,0.10075238521855862,0.09969551928828063,0.09841476566016046,0.10197076411041885,0.09917557518012272,0.10057227163064113,0.09811450259119474,0.100547692220476
2018-11-07,0.09619413082372764,0.10397812527549721,0.10094079495484146,0.09855636346732738,0.09729863089025308,0.10262014273667097,0.10112641675766139,0.10156035165139446,0.09713126008858396,0.10059378335404255
2018-11-08,0.09616037805904853,0.10185572939841925,0.1005218269006637,0.0989024485671625,0.09771406993157492,0.10292746189772928,0.10105192003667997,0.1019516801747535,0.09767414528126223,0.10124033975270616
2018-11-09,0.09590358788212064,0.10079920251249332,0.10068681698469926,0.09860126967959824,0.09890776438680747,0.10185559344553226,0.10017118902263324,0.10179130259448807,0.09921774941074918,0.10206552408087824
2018-11-12,0.09661774774223718,0.10036577814320034,0.10001685079759964,0.09886512868067202,0.10018709711944392,0.10082874622987893,0.09810277379862431,0.10087917557883164,0.10085512047889413,0.10328158143061794
2018-11-13,0.09410602077153053,0.10167434671437085,0.10060574966553557,0.09905343891704246,0.10042251922509217,0.10066433105137673,0.09833774843647693,0.10084675200336178,0.10094967209920126,0.10333942111601169
2018-11-14,0.09491678272453744,0.10227050199536045,0.10066769088740568,0.09985413316961103,0.10061388367444161,0.09991059688970012,0.09756969285406672,0.10013897741740603,0.1009932511449061,0.10306448924256463
2018-11-15,0.09417116063298327,0.10392295412224015,0.10038315519252682,0.09936779277114684,0.10007991657352514,0.10072682209336353,0.09868118249491471,0.100577251201832,0.10034352615214504,0.10174623876532249
2018-11-16,0.09440245928849879,0.10373484009098616,0.10011677599387249,0.09972708528168038,0.1000099464567782,0.10058612216035977,0.09796482183954455,0.10045940091838604,0.10054455797604576,0.10245398999384786
2018-11-19,0.09521925114210875,0.10322534884410416,0.1001008588280416,0.1006334432805804,0.10102483133968605,0.09939981034342255,0.0956032603084065,0.09961467143346393,0.10169735449069023,0.10348116998949577
2018-11-20,0.09357591097650382,0.10236824159615586,0.09970154293900049,0.10199706413797274,0.10237353704378521,0.09880431002384897,0.09516471698529248,0.09909604636780658,0.10311132103863511,0.10380730889099876
2018-11-21,0.0937250266929676,0.10356583840807199,0.10042545593226852,0.10148334315667777,0.10167078694667084,0.09951685894260903,0.09524877138534987,0.0987706531482073,0.10238805444292741,0.10320521094424968
2018-11-23,0.09155416156467001,0.10299060358016097,0.10038258181433798,0.10203391275235216,0.10236246108138446,0.1000398941904317,0.09514678899413256,0.09871996931468682,0.10313110272874013,0.10363852397910323
2018-11-26,0.09123787297138712,0.10342712361156099,0.10107923653615423,0.10110467539628197,0.10146406721898858,0.10052860557019258,0.09656790653459663,0.09951187710777519,0.10207574333153051,0.10300289172153218
2018-11-27,0.09089486673587803,0.10416202622822991,0.10070697860213162,0.10051596023373535,0.10157902260436245,0.0997110085256027,0.09690797449017469,0.09986116470842721,0.10220605042885221,0.10345494744260579
2018-11-28,0.08949656647872609,0.10535949094042849,0.10089992922757207,0.09966536256305919,0.10033413572702668,0.100931855023449,0.09881070775546333,0.10091846004598957,0.10047189013489476,0.10311160210339071
2018-11-29,0.0901428230022466,0.1045143830375545,0.10045695488364581,0.1000426790322232,0.10065837942950517,0.10072684459706546,0.0985539241458258,0.1007647707562865,0.10093383207401788,0.10320540904162909
2018-11-30,0.08952679665018203,0.10417394824979315,0.09979792784428482,0.09964139203182049,0.10062591790306717,0.10101935581809159,0.09904193751545871,0.1011471311897555,0.10107986719273186,0.1039457256048148
2018-12-03,0.07190167302967668,0.0,0.0778826687768169,0.16346519296963058,0.39799323904768336,0.041133329069115855,0.0,0.056346303678391114,0.18967231309256352,0.0016052803361220735
2018-12-04,0.07191638363825924,0.0,0.07582916350530998,0.1643907268827545,0.3996572341430788,0.03936495661831178,0.0,0.054496854862682235,0.19276384907880345,0.001580831270800002
2018-12-06,0.07130380755204828,0.0,0.07510322213750636,0.16438376029505172,0.40058777547437724,0.039271187700190315,0.0,0.05440259140572123,0.1933280379457854,0.0016196174893194962
2018-12-07,0.07207312984688245,0.0,0.07428505273864393,0.1655844537106348,0.40143902752950095,0.038392101290576255,0.0,0.05309602743352519,0.19353308288003843,0.0015971245701982143
2018-12-10,0.07101663061985473,0.0,0.07380508305117857,0.16522165959160326,0.40218945810526846,0.03832936156383572,0.0,0.053265121117428774,0.19458383050204991,0.0015888554487804326
2018-12-11,0.07147510276525308,0.0,0.07408414761061709,0.16512856973172624,0.4014245805448201,0.03831331011983215,0.0,0.05331062337600381,0.1946730336608442,0.0015906321909032325
2018-12-12,0.07125523564392099,0.0,0.07518516986685599,0.16550324112473203,0.4003860938701642,0.03868470787475301,0.0,0.053586662847149615,0.19383258728604488,0.0015663014863792073
2018-12-13,0.0722012786774079,0.0,0.0750774548259724,0.1651974953410629,0.4007653803677657,0.038150866043611745,0.0,0.053587819976653135,0.19344378305028304,0.0015759217172432193
2018-12-14,0.0713112852057459,0.0,0.07433261069126697,0.16503308961625107,0.40260200525594064,0.037686988327495057,0.0,0.05275697923675755,0.1947009185613865,0.0015761231051562798
2018-12-17,0.07047349824515478,0.0,0.07373517720039696,0.16615860075789346,0.40373982947938375,0.03684402882658889,0.0,0.05171683489792616,0.1958154213827991,0.0015166092098568393
2018-12-18,0.06892368881493645,0.0,0.07371678378308082,0.16637719521768662,0.40430697661631104,0.03675941041739607,0.0,0.05160549658958389,0.1967798287367902,0.0015306198242147516
2018-12-19,0.06913019976317195,0.0,0.07293530852861976,0.16519576394588312,0.40531042309788773,0.035957406467856445,0.0,0.05078118040820398,0.19917743238269667,0.0015122854056803408
2018-12-20,0.06855891205363732,0.0,0.07271568303497214,0.16792201636123572,0.4052344702023272,0.03540232367379692,0.0,0.05000817454475767,0.1986672430819216,0.0014911770473515446
2018-12-21,0.0682489985007677,0.0,0.07175386970552937,0.16790181845982646,0.40731557640520827,0.034630494420931766,0.0,0.04919216392324629,0.19948039298740716,0.0014766855970830175
2018-12-24,0.06747755373952946,0.0,0.07090152365343586,0.169699372370103,0.40824308536490006,0.03395056613904846,0.0,0.04788079074635611,0.20042337062690097,0.001423737359726036
2018-12-26,0.06879548520121712,0.0,0.07235456640967734,0.1687424624886366,0.4052342632726508,0.03548808394931274,0.0,0.05016680452778127,0.19775086202488298,0.0014674721258410616
2018-12-27,0.06797564002218695,0.0,0.07239007007381479,0.16961377677174536,0.4052730753533603,0.035549692352254914,0.0,0.05042947313920633,0.19730455279653483,0.001463719490896637
2018-12-28,0.067119552657079,0.0,0.07245466228325516,0.1695547382339121,0.40568064414482297,0.03549499439317191,0.0,0.050143107340355354,0.19809029532911024,0.0014620056182933854
2018-12-31,0.06706653499049808,0.0,0.0723083011938742,0.16921829758445925,0.4057597101369564,0.03564591592246445,0.0,0.050402830612691546,0.1981376742234861,0.0014607353355698914
2019-01-02,0.06709918605082961,0.0,0.07199705537855859,0.1689460048317244,0.40569451707642135,0.03576696761035556,0.0,0.05034085181666404,0.19872965586025088,0.00142576137519553
2019-01-03,0.06731073054905991,0.0,0.07098524051663162,0.16961435122587046,0.4068483671546778,0.03494894850281119,0.0,0.04889073158535939,0.19997317233942252,0.0014284581261670712
2019-01-04,0.06829245122774882,0.0,0.07322622243295306,0.16839767151258087,0.40393412274304125,0.036287777037029824,0.0,0.05057486544596131,0.1978403780155816,0.001446511585103221
2019-01-07,0.06874937096584412,0.0,0.07345504538661504,0.16885984488901545,0.4025255591830891,0.03689633378030936,0.0,0.050937365270414856,0.19711680039999743,0.0014596801247147445
2019-01-08,0.06942070333997373,0.0,0.0739122344281341,0.16835892597844632,0.4014161348543789,0.03745225458853611,0.0,0.05140261469279182,0.19654769111921602,0.0014894409985228374
2019-01-09,0.0705337385058771,0.0,0.07446253370135306,0.16880460905915448,0.4001431907584461,0.03761994004748443,0.0,0.05144934654401613,0.1955049122509494,0.0014817291327193444
2019-01-10,0.07048731028640422,0.0,0.07489970734431137,0.16813688643092883,0.40072751487394115,0.0378882211025392,0.0,0.05173113171699903,0.19462443471634275,0.0015047935285334231
2019-01-11,0.07015001837446268,0.0,0.0742734349957145,0.16816841791423676,0.40130577995905825,0.037840520754808156,0.0,0.05167157142218932,0.19508351287014827,0.0015067437093819276
2019-01-14,0.06970737118623169,0.0,0.07409489571935707,0.168938684230332,0.4019548549860081,0.03754610655250199,0.0,0.05146901669235148,0.19478407044431542,0.0015050001889023318
2019-01-15,0.07022478845678053,0.0,0.07444992030256886,0.16856825605245027,0.40137850828305977,0.03784490354344118,0.0,0.052034235714811,0.1939807346986741,0.0015186529482141217
2019-01-16,0.07048636977703297,0.0,0.07454573961259915,0.16885521958425892,0.4005482010856206,0.03807029829718565,0.0,0.052082294601754245,0.19388483015552335,0.0015270468860249914
2019-01-17,0.0705211235983685,0.0,0.074801825308578,0.16860786886311466,0.39975349087809936,0.03840937651590349,0.0,0.05246921506530806,0.19390292658301156,0.0015341731876165545
2019-01-18,0.07133990926171745,0.0,0.07564769317918393,0.16730471325873822,0.3989636255923226,0.03885133196154629,0.0,0.053231818465878676,0.19311964280727284,0.001541265473339963
2019-01-22,0.07081580958476395,0.0,0.07445711417846067,0.1678523216563838,0.4002406395842015,0.038226230818878895,0.0,0.05249797868934976,0.1943737254456859,0.001536180042275534
2019-01-23,0.07074215829961802,0.0,0.07481726088905587,0.16766006231061162,0.400149629061506,0.03813048986154745,0.0,0.05262122592254913,0.19434240860613144,0.0015367650489804842
2019-01-24,0.07072625654832809,0.0,0.07469209012138328,0.16692704652769358,0.40029473889177547,0.03825212906605573,0.0,0.05250126425170719,0.19506880312961278,0.001537671463443835
2019-01-25,0.07089676985786801,0.0,0.07533521178260796,0.16890194143408108,0.39827450117403174,0.03863745599004427,0.0,0.052800105438813826,0.19360146243088033,0.0015525518916726963
2019-01-28,0.07004081119753928,0.0,0.07503193501551524,0.16973903495074075,0.39896783174130507,0.0384860433401961,0.0,0.052474845553232695,0.19368942784994025,0.0015700703515306824
2019-01-29,0.0704587156419233,0.0,0.07491795024875506,0.1700446665358137,0.3986099059961179,0.03824920488808307,0.0,0.052207379335745145,0.1939357131265222,0.0015764642270396098
2019-01-30,0.07065325496293816,0.0,0.07541361444108935,0.170281439941136,0.397806530154884,0.03850116287937023,0.0,0.052805311990415375,0.1929563647875153,0.0015823208426517462
2019-01-31,0.07000722637900514,0.0,0.07514519803702072,0.16967574441056724,0.3980224985551692,0.038672649047931745,0.0,0.053054066533617494,0.1938302646958687,0.0015923523408197327
2019-02-01,0.07085030613986652,0.0,0.07534621970917095,0.16984290329350915,0.39707862637724356,0.03881970247783928,0.0,0.05323860212791258,0.1932366666127122,0.0015869732617457024
2019-02-04,0.07098822050235017,0.0,0.07572162094365222,0.16932727258595479,0.39671908456300276,0.03933425390523047,0.0,0.05368323979306859,0.19262537226522475,0.0016009354415161775
2019-02-05,0.07049110917052984,0.0,0.07611725460110665,0.16933202058511082,0.396394543282631,0.03927565263536242,0.0,0.05377096193928339,0.19301242035882868,0.001606037427147197
2019-02-06,0.07066407204834348,0.0,0.07582156360005461,0.16838431651338706,0.3971635379035752,0.039272168798626814,0.0,0.05376291431399871,0.19333404046919028,0.001597386352823847
2019-02-07,0.06995236767695215,0.0,0.07477616659772665,0.16871367833878548,0.39827170622365005,0.038931098031252866,0.0,0.05322521293070803,0.1945199353899335,0.0016098348109911628
2019-02-08,0.0699056888712118,0.0,0.07438989848258089,0.1690229693371273,0.3980247309803324,0.03889642344320002,0.0,0.05318590639741905,0.19496769913945716,0.0016066833486713867
2019-02-11,0.06966137242621852,0.0,0.0744910016342897,0.16858459009281931,0.39834156325249,0.03931221339019708,0.0,0.053339317591570325,0.19465511283361514,0.0016148287787998827
2019-02-12,0.06994496995763616,0.0,0.07522378139608676,0.1686414060345011,0.39710642239632243,0.039733785187935466,0.0,0.053930007029974594,0.19381777494356434,0.0016018530539793853
2019-02-13,0.07046955078002154,0.0,0.07536217744785952,0.16825644786393587,0.3967819968370969,0.039912395870842464,0.0,0.05419601686595845,0.19340863917493886,0.0016127751593463641
2019-02-14,0.07036251037273614,0.0,0.07507894986695687,0.1685078550707523,0.397025745413201,0.03984039429373188,0.0,0.05385538677778875,0.1937178084511428,0.0016113497536901454
2019-02-15,0.0713438211696863,0.0,0.0758229875599419,0.1687441922207445,0.39484702040851205,0.04029159490503356,0.0,0.05419535094100342,0.19314017372748882,0.0016148590675894414
2019-02-19,0.07120915198739781,0.0,0.0757748631455434,0.17056104079637405,0.3937908353524642,0.04022511374576846,0.0,0.05405078688803692,0.19278081674950928,0.0016073913349058705
2019-02-20,0.07144648656689333,0.0,0.0760034642998751,0.17029851838227508,0.3937933049958398,0.040423114314348224,0.0,0.05417041452237632,0.1922670047811478,0.0015976921372443055
2019-02-21,0.07203622707508074,0.0,0.07623700261200123,0.16923403344648386,0.3946338807251159,0.04047492424328282,0.0,0.05425378447044662,0.19152276620662323,0.001607381220965649
2019-02-22,0.07192445929597567,0.0,0.07617898719325207,0.1691579404248083,0.3942103206152803,0.04066131104792078,0.0,0.054369953628051644,0.19188667082083785,0.0016103569738735424
2019-02-25,0.07100228018165013,0.0,0.07656717792131305,0.16934202168676257,0.39444434270801165,0.04075808507923335,0.0,0.05455975625393303,0.19172525770666687,0.0016010784624292474
2019-02-26,0.07111947849803,0.0,0.07672440965216583,0.16915859652420817,0.39452568822303496,0.04036577881362769,0.0,0.05437056880422353,0.19214372550691636,0.0015917539777935495
2019-02-27,0.07181404748772008,0.0,0.07677619299069235,0.16875209074146907,0.3949867318334715,0.04061300094421138,0.0,0.05460358760705398,0.1908630637537022,0.0015912846416794176
2019-02-28,0.07186035559163242,0.0,0.07691054518586907,0.1683337544345146,0.3952069618811938,0.040601199166462244,0.0,0.054673730059770734,0.19081295935964532,0.0016004943209118412
2019-03-01,0.04821856182017591,9.967206492874157e-18,0.11298048137030721,0.14364438521920578,0.40074793737813313,0.0073508291441882504,6.762702217877992e-18,0.06568571963103786,0.19470004595359275,0.026672039483358997
2019-03-04,0.048277898183683846,9.961999164066253e-18,0.11234340987371204,0.14299046807960558,0.40120937187270433,0.007270328788745131,6.750797291479695e-18,0.06532035421297787,0.19584684064405242,0.026741328344518586
2019-03-05,0.04846717770570231,1.0048988683426178e-17,0.11232132983421529,0.14301724998116477,0.4009886955961721,0.007228325937126859,6.748212758718758e-18,0.06515796950821763,0.19603502658058092,0.026784224856820093
2019-03-06,0.048169130105802725,9.987910629245018e-18,0.11198694798734987,0.14281721971513675,0.4019079009275786,0.007083101861701903,6.7066133196649254e-18,0.06473124293006804,0.19665729582471675,0.026647160647645333
2019-03-07,0.048033099709615584,9.800347098153197e-18,0.11052560450045763,0.14265749987818976,0.40313799298030917,0.007018993390113532,6.622343634240203e-18,0.06417072305136037,0.19787394410685225,0.02658214238310183
2019-03-08,0.04786584375654756,9.702511831786905e-18,0.11022794053810586,0.14380790141266292,0.4025653213925469,0.006997141095000897,6.593453607773376e-18,0.0638598238618183,0.1981411633230926,0.02653486462022497
2019-03-11,0.04788551237247452,9.875794460963015e-18,0.11108792115158246,0.14298295987124943,0.401913618249884,0.007113325681359245,6.7248236012082795e-18,0.06473040946346287,0.1973852550429504,0.026900998167037064
2019-03-12,0.04799830795131886,9.887776972304623e-18,0.11057971586214488,0.14327995692209655,0.4014342178755943,0.007088882506713055,6.735042196889524e-18,0.06471767813564966,0.19798375876512475,0.026917481981357988
2019-03-13,0.048188703304851435,9.876484891487284e-18,0.11127245068337852,0.14394834613876575,0.4003535001097762,0.007100441842518674,6.7699586257825074e-18,0.06499545133103415,0.19715390165635552,0.026987204933319672
2019-03-14,0.048166392580906485,9.861896808825246e-18,0.11169264945554779,0.14284562008205198,0.40135295270441473,0.007099383537033274,6.7850605196593246e-18,0.0652092732748889,0.19649941092333556,0.02713431744182135
2019-03-15,0.04794178797064496,9.959242395720848e-18,0.11237796438619586,0.14282995547894595,0.4007396300938838,0.007085045882863433,6.81609404480609e-18,0.06522585496603873,0.1968767418069818,0.026923019414445405
2019-03-18,0.04817217359541632,1.0068009519015155e-17,0.11274962401449233,0.14288004044238428,0.40011854942560304,0.0071288132103355,6.8308361955494425e-18,0.06544804794469662,0.1967205709338489,0.02678218043322274
2019-03-19,0.04829578359955888,1.0073293954250725e-17,0.11298101086612518,0.1432842721089586,0.3998779944730996,0.007093120704105964,6.854252827523766e-18,0.06546858700407283,0.1962968979338437,0.026702333310235266
2019-03-20,0.048366697686361225,1.0029259279275854e-17,0.11235809942126952,0.14335264878248197,0.4002579988605431,0.006992024971740796,6.840363738086334e-18,0.06488196851543926,0.19716647265063464,0.026624089111529626
2019-03-21,0.04809560106059975,1.0036436059769849e-17,0.11221573304501495,0.14268152974648043,0.3998054147763767,0.007079066697587366,6.942722445082342e-18,0.06557163952462698,0.19747048957484287,0.027080525574471145
2019-03-22,0.04757859775338634,9.722452966934821e-18,0.10983254910764012,0.1427213348680666,0.4019295151497276,0.006807413780933297,6.7762360739985606e-18,0.0641770966374634,0.20012481165423662,0.026828681048546077
2019-03-25,0.047625117760034585,9.718312768520873e-18,0.10968093973222114,0.14341580923268044,0.40183157279485804,0.006818461873749222,6.744558132147316e-18,0.06395080732304341,0.19988895665611672,0.026788334627296493
2019-03-26,0.0477047976599128,9.746053611347216e-18,0.11020371426641415,0.1426752201628373,0.4014112050949478,0.0068887580317546744,6.77460169428882e-18,0.06441449735610374,0.19970480995761705,0.026996997470412426
2019-03-27,0.04736107731310625,9.625542084395643e-18,0.11007843606662587,0.1417021220159265,0.40193554964998535,0.0068510210110569675,6.7203234524131804e-18,0.06397520560244477,0.201220214778805,0.026876373562049416
2019-03-28,0.047265556996956296,9.700292931554335e-18,0.10992977108040691,0.13985355331501031,0.402424709535943,0.006919925815756924,6.743377994547286e-18,0.0642898337016442,0.20214898975779147,0.027167659796491
2019-03-29,0.04728654527943548,9.7989509609281e-18,0.110368877424341,0.13995384808784495,0.40170998528622265,0.006939949230515104,6.793176579880907e-18,0.06468320394397933,0.20191993672374575,0.027137654023915575
2019-04-01,0.0,0.0,0.0,0.0,0.39552307564416006,0.0,0.0,0.60447692435584,0.0,0.0
2019-04-02,0.0,0.0,0.0,0.0,0.3958125752339643,0.0,0.0,0.6041874247660358,0.0,0.0
2019-04-03,0.0,0.0,0.0,0.0,0.3946907644353762,0.0,0.0,0.6053092355646237,0.0,0.0
2019-04-04,0.0,0.0,0.0,0.0,0.39430656438044176,0.0,0.0,0.6056934356195582,0.0,0.0
2019-04-05,0.0,0.0,0.0,0.0,0.39326674462343264,0.0,0.0,0.6067332553765673,0.0,0.0
2019-04-08,0.0,0.0,0.0,0.0,0.3927012259044612,0.0,0.0,0.6072987740955388,0.0,0.0
2019-04-09,0.0,0.0,0.0,0.0,0.3943565851719037,0.0,0.0,0.6056434148280964,0.0,0.0
2019-04-10,0.0,0.0,0.0,0.0,0.39410728497432734,0.0,0.0,0.6058927150256727,0.0,0.0
2019-04-11,0.0,0.0,0.0,0.0,0.39363251896741325,0.0,0.0,0.6063674810325868,0.0,0.0
2019-04-12,0.0,0.0,0.0,0.0,0.39091784460454815,0.0,0.0,0.6090821553954517,0.0,0.0
2019-04-15,0.0,0.0,0.0,0.0,0.39139035682860923,0.0,0.0,0.6086096431713907,0.0,0.0
2019-04-16,0.0,0.0,0.0,0.0,0.39041984161795895,0.0,0.0,0.6095801583820409,0.0,0.0
2019-04-17,0.0,0.0,0.0,0.0,0.39104845725564136,0.0,0.0,0.6089515427443586,0.0,0.0
2019-04-18,0.0,0.0,0.0,0.0,0.39114581757193156,0.0,0.0,0.6088541824280685,0.0,0.0
2019-04-22,0.0,0.0,0.0,0.0,0.3906013099176188,0.0,0.0,0.6093986900823812,0.0,0.0
2019-04-23,0.0,0.0,0.0,0.0,0.3889016948899375,0.0,0.0,0.6110983051100626,0.0,0.0
2019-04-24,0.0,0.0,0.0,0.0,0.39033111749917,0.0,0.0,0.6096688825008301,0.0,0.0
2019-04-25,0.0,0.0,0.0,0.0,0.39018504839710044,0.0,0.0,0.6098149516028996,0.0,0.0
2019-04-26,0.0,0.0,0.0,0.0,0.3897096597654661,0.0,0.0,0.610290340234534,0.0,0.0
2019-04-29,0.0,0.0,0.0,0.0,0.38884278366451097,0.0,0.0,0.611157216335489,0.0,0.0
2019-04-30,0.0,0.0,0.0,0.0,0.3891933757124287,0.0,0.0,0.6108066242875713,0.0,0.0
2019-05-01,0.0,0.0,0.0,0.0,0.3908802250466106,0.0,0.0,0.6091197749533894,0.0,0.0
2019-05-02,0.0,0.0,0.0,0.0,0.39071778770424603,0.0,0.0,0.609282212295754,0.0,0.0
2019-05-03,0.0,0.0,0.0,0.0,0.3887170112291907,0.0,0.0,0.6112829887708092,0.0,0.0
2019-05-06,0.0,0.0,0.0,0.0,0.39030548663127534,0.0,0.0,0.6096945133687247,0.0,0.0
2019-05-07,0.0,0.0,0.0,0.0,0.39513231495450984,0.0,0.0,0.6048676850454902,0.0,0.0
2019-05-08,0.0,0.0,0.0,0.0,0.39501365310687947,0.0,0.0,0.6049863468931206,0.0,0.0
2019-05-09,0.0,0.0,0.0,0.0,0.3963696612383059,0.0,0.0,0.603630338761694,0.0,0.0
2019-05-10,0.0,0.0,0.0,0.0,0.3950138336553479,0.0,0.0,0.6049861663446522,0.0,0.0
2019-05-13,0.0,0.0,0.0,0.0,0.4023094514756853,0.0,0.0,0.5976905485243148,0.0,0.0
2019-05-14,0.0,0.0,0.0,0.0,0.3999213724522742,0.0,0.0,0.6000786275477259,0.0,0.0
2019-05-15,0.0,0.0,0.0,0.0,0.39928450518053094,0.0,0.0,0.6007154948194691,0.0,0.0
2019-05-16,0.0,0.0,0.0,0.0,0.3966046825842342,0.0,0.0,0.6033953174157657,0.0,0.0
2019-05-17,0.0,0.0,0.0,0.0,0.39827019969662075,0.0,0.0,0.6017298003033793,0.0,0.0
2019-05-20,0.0,0.0,0.0,0.0,0.39945607120236076,0.0,0.0,0.6005439287976392,0.0,0.0
2019-05-21,0.0,0.0,0.0,0.0,0.39703528585398606,0.0,0.0,0.6029647141460139,0.0,0.0
2019-05-22,0.0,0.0,0.0,0.0,0.39849134091858396,0.0,0.0,0.601508659081416,0.0,0.0
2019-05-23,0.0,0.0,0.0,0.0,0.40290131033883214,0.0,0.0,0.5970986896611679,0.0,0.0
2019-05-24,0.0,0.0,0.0,0.0,0.40228927027916894,0.0,0.0,0.5977107297208311,0.0,0.0
2019-05-28,0.0,0.0,0.0,0.0,0.40559056105007,0.0,0.0,0.59440943894993,0.0,0.0
2019-05-29,0.0,0.0,0.0,0.0,0.40712542867165596,0.0,0.0,0.5928745713283441,0.0,0.0
2019-05-30,0.0,0.0,0.0,0.0,0.40733864661987257,0.0,0.0,0.5926613533801274,0.0,0.0
2019-05-31,0.0,0.0,0.0,0.0,0.4122242602573254,0.0,0.0,0.5877757397426746,0.0,0.0
2019-06-03,0.046138513872934724,0.0,0.09650520033527893,0.13125942035581917,0.3997834964731127,0.0,0.0,0.10606605517535754,0.2072895681903836,0.012957745597113142
2019-06-04,0.046421360335115104,0.0,0.09762567008464089,0.1313225572850028,0.3983835063517155,0.0,0.0,0.10838587439185932,0.20495922780548134,0.012901803746184997
2019-06-05,0.04549973292885431,0.0,0.0976533342378809,0.13173650013812369,0.3986200109466963,0.0,0.0,0.10938962991205274,0.2039218513259024,0.013178940510489654
2019-06-06,0.046160040758309706,0.0,0.09775954553937394,0.13177934323179752,0.39737783063113874,0.0,0.0,0.10977804236015878,0.20397967136101897,0.013165526118202254
2019-06-07,0.04600825778936361,0.0,0.09834701461394295,0.13165149173810978,0.39632585094790473,0.0,0.0,0.11014776085762805,0.20439197698269987,0.013127647070351202
2019-06-10,0.0460981657472683,0.0,0.09907098240215273,0.13094109219624658,0.39618197176683856,0.0,0.0,0.1111625232796833,0.20340015821686128,0.013145106390949087
2019-06-11,0.04636674568257762,0.0,0.09949084151949342,0.1306826272751142,0.39587374975399636,0.0,0.0,0.1110491337868025,0.20336649038526983,0.013170411596746028
2019-06-12,0.04571255358218668,0.0,0.09872087636603631,0.13131849877295917,0.39676445423506856,0.0,0.0,0.11081709723237226,0.20345599593800517,0.013210523873371825
2019-06-13,0.04612156277400402,0.0,0.09844993773890208,0.13163903339923894,0.3962934266072743,0.0,0.0,0.11086754320501624,0.20341023940073988,0.013218256874824478
2019-06-14,0.046298527674606134,0.0,0.09771951796425286,0.13158329580711642,0.39654096776543307,0.0,0.0,0.11073316059482048,0.20390032690413964,0.013224203289631316
2019-06-17,0.046075094551867785,0.0,0.09776624830858503,0.13146820243804277,0.39637230629310144,0.0,0.0,0.11074832943302068,0.20420732727675664,0.013362491698625757
2019-06-18,0.04636828632564511,0.0,0.09853172904085551,0.13141797473274028,0.39498345572742194,0.0,0.0,0.11130203341387085,0.20411957873095515,0.013276942028511244
2019-06-19,0.04613883611932872,0.0,0.09884327519213185,0.13181686773938345,0.39487562373735,0.0,0.0,0.11121818212577853,0.2037985363651394,0.013308678720888102
2019-06-20,0.046723392456544256,0.0,0.09897345615538762,0.1341388618868083,0.3926051763780944,0.0,0.0,0.1114525389682046,0.20282933947849735,0.01327723467646342
2019-06-21,0.0470118043995293,0.0,0.09890701791287532,0.1355163074770892,0.3924103433339718,0.0,0.0,0.11169220845720894,0.20132498666647797,0.013137331752847427
2019-06-24,0.04698113017692112,0.0,0.09861448358394892,0.1368290251378745,0.39176790068759726,0.0,0.0,0.11098778654557497,0.20179409346570365,0.013025580402379496
2019-06-25,0.047140590853633,0.0,0.09804926177334694,0.1371251902253665,0.39246128254314,0.0,0.0,0.10992371876782674,0.20246417701470715,0.012835778821979563
2019-06-26,0.04757709701357379,0.0,0.0985802235035262,0.1364365317025222,0.39249134189958934,0.0,0.0,0.11027330589980709,0.20200957549071108,0.012631924490270246
2019-06-27,0.04742215233159987,0.0,0.09850028464686941,0.13585923815864925,0.3923908362987254,0.0,0.0,0.1103039377078055,0.2027706757953105,0.012752875061040262
2019-06-28,0.04686491279612813,0.0,0.09895191382333877,0.13608163094569825,0.39214912296078364,0.0,0.0,0.11075286123957899,0.2024164552959098,0.012783102938562448
2019-07-01,0.0,0.0,0.0,0.0,0.39753175759100035,0.0,0.0,0.6024682424089997,0.0,0.0
2019-07-02,0.0,0.0,0.0,0.0,0.39775867631316597,0.0,0.0,0.602241323686834,0.0,0.0
2019-07-03,0.0,0.0,0.0,0.0,0.3963086887792469,0.0,0.0,0.603691311220753,0.0,0.0
2019-07-05,0.0,0.0,0.0,0.0,0.3950583699585382,0.0,0.0,0.6049416300414617,0.0,0.0
2019-07-08,0.0,0.0,0.0,0.0,0.3961357901968345,0.0,0.0,0.6038642098031656,0.0,0.0
2019-07-09,0.0,0.0,0.0,0.0,0.3956848506324341,0.0,0.0,0.604315149367566,0.0,0.0
2019-07-10,0.0,0.0,0.0,0.0,0.39467659721627046,0.0,0.0,0.6053234027837294,0.0,0.0
2019-07-11,0.0,0.0,0.0,0.0,0.3929371778202577,0.0,0.0,0.6070628221797423,0.0,0.0
2019-07-12,0.0,0.0,0.0,0.0,0.39213450349507506,0.0,0.0,0.6078654965049248,0.0,0.0
2019-07-15,0.0,0.0,0.0,0.0,0.3925575141364885,0.0,0.0,0.6074424858635115,0.0,0.0
2019-07-16,0.0,0.0,0.0,0.0,0.3928035879372003,0.0,0.0,0.6071964120627996,0.0,0.0
2019-07-17,0.0,0.0,0.0,0.0,0.39554855604873695,0.0,0.0,0.604451443951263,0.0,0.0
2019-07-18,0.0,0.0,0.0,0.0,0.3952633474425066,0.0,0.0,0.6047366525574933,0.0,0.0
2019-07-19,0.0,0.0,0.0,0.0,0.39615958770878634,0.0,0.0,0.6038404122912135,0.0,0.0
2019-07-22,0.0,0.0,0.0,0.0,0.3956818920026929,0.0,0.0,0.604318107997307,0.0,0.0
2019-07-23,0.0,0.0,0.0,0.0,0.3935873657933752,0.0,0.0,0.6064126342066248,0.0,0.0
2019-07-24,0.0,0.0,0.0,0.0,0.3928171813615082,0.0,0.0,0.6071828186384918,0.0,0.0
2019-07-25,0.0,0.0,0.0,0.0,0.3935458511291119,0.0,0.0,0.6064541488708881,0.0,0.0
2019-07-26,0.0,0.0,0.0,0.0,0.391909704827184,0.0,0.0,0.608090295172816,0.0,0.0
2019-07-29,0.0,0.0,0.0,0.0,0.39256202931422074,0.0,0.0,0.6074379706857793,0.0,0.0
2019-07-30,0.0,0.0,0.0,0.0,0.393257019810742,0.0,0.0,0.606742980189258,0.0,0.0
2019-07-31,0.0,0.0,0.0,0.0,0.3964953388511356,0.0,0.0,0.6035046611488645,0.0,0.0
2019-08-01,0.08150833571316207,3.2839482836242276e-18,0.09543543064811787,0.07373837522486476,0.40154442521149775,1.1393128794562404e-17,2.016631414032817e-17,0.10403830698219114,0.23946399773568647,0.004271128484479845
2019-08-02,0.08151319256199742,3.247767792346676e-18,0.09446968883745523,0.07336459944922105,0.40186948215539514,1.1252645307883582e-17,1.9844292248282407e-17,0.103124623639835,0.24137203960367062,0.004286373752425428
2019-08-05,0.0806177000277028,3.1200591451126295e-18,0.09188873005183931,0.0742103411576256,0.40435947843927406,1.0888454139072781e-17,1.9096772100114208e-17,0.0997813247578722,0.24495068047621213,0.004191745089474017
2019-08-06,0.07980118066406852,3.149535905490499e-18,0.0920638280254244,0.0744526420571611,0.4030548451090817,1.0935502629034981e-17,1.927068676585051e-17,0.10069238994660396,0.2457173778956779,0.004217736301982391
2019-08-07,0.07873389998745027,3.1617708865979068e-18,0.09235650508108498,0.07553393173017639,0.4027902254193549,1.092540021716761e-17,1.93620673059389e-17,0.10068571345808998,0.2456438119340551,0.004255912389788213
2019-08-08,0.0788209109180338,3.1869474399337035e-18,0.09285312649905582,0.07558786778034882,0.40109437224648503,1.1113014804728182e-17,1.9698417174993433e-17,0.1022198704918383,0.24511180776881486,0.004312044295423354
2019-08-09,0.07967179678169134,3.1608354755568157e-18,0.09239347007997391,0.07548831500497198,0.40129035570736343,1.0995149200449505e-17,1.9552348426012183e-17,0.1017272288562034,0.24511336585793445,0.00431546771186156
2019-08-12,0.07862845471984284,3.1047307772702633e-18,0.09112967824904418,0.07577986454208871,0.40149722376039004,1.0790068155287417e-17,1.9216261886284815e-17,0.09990800100967373,0.24877758837760425,0.004279189341356495
2019-08-13,0.08035850988048437,3.1392814674051892e-18,0.0918485815699123,0.07521183066476302,0.3994556173051574,1.0889335897085797e-17,1.960703752958588e-17,0.10130494873907406,0.24754180716193455,0.00427870467867425
2019-08-14,0.0789871270946349,3.042821505563483e-18,0.08915305426036929,0.07557843778799779,0.4013341989117295,1.0564298984460834e-17,1.8983920047489706e-17,0.09811749574004053,0.25262428667331094,0.0042053995319170775
2019-08-15,0.07789876622949976,3.0454639886438996e-18,0.08893925155626536,0.07563982670738531,0.4015429772551825,1.0461278290494053e-17,1.8852046252207716e-17,0.0978057312421007,0.25395081428892563,0.0042226327206405226
2019-08-16,0.07792979828991452,3.090945154346009e-18,0.09010581329630649,0.07523620635476955,0.4009153046763385,1.0698525326079483e-17,1.9175182714048122e-17,0.09935539406069863,0.25218675940836194,0.004270723913610496
2019-08-19,0.07863156841824726,3.116688375497209e-18,0.09104250544635056,0.07467333683169955,0.4007113084976861,1.0852585490617666e-17,1.9563233761779346e-17,0.10098120851277298,0.24964009026059494,0.00431998203264863
2019-08-20,0.07852558390067281,3.110409179048673e-18,0.0903723072221737,0.07495279328778844,0.40086463632910535,1.0738380850766751e-17,1.9333592470177805e-17,0.09980442747468114,0.25120809480993533,0.004272156975643153
2019-08-21,0.07888626913030918,3.144022242592707e-18,0.09112240484574752,0.07480842795539405,0.4003024707332461,1.0840387480401785e-17,1.952947047042228e-17,0.10074138416127544,0.24984375417879479,0.0042952889952329164
2019-08-22,0.07877677327306641,3.113545331307327e-18,0.09124833532849716,0.0748644832197329,0.4007359151119658,1.0850816363640748e-17,1.953049741980462e-17,0.1010424405073053,0.24900283559405226,0.00432921696538006
2019-08-23,0.07789359278725186,3.0553419503166217e-18,0.08976542726782538,0.0760358908106611,0.4018705033915069,1.0477450815585064e-17,1.8839312285246244e-17,0.09806620324955603,0.2521163816771973,0.004252000816001245
2019-08-26,0.07780937725091154,3.0705244194315303e-18,0.09046753808420434,0.0760155487033027,0.40131886400719513,1.0588416688698908e-17,1.911609580721667e-17,0.099110366781954,0.2509952287038377,0.004283076468594586
2019-08-27,0.0778386986852843,3.056507210816748e-18,0.0898222847354169,0.07625675086945191,0.4004947340191549,1.0365323436114993e-17,1.895486776028296e-17,0.09809589642082453,0.2532478063571865,0.004243828912680954
2019-08-28,0.07838965036454014,3.060052772306501e-18,0.08967565017240973,0.07591783247658415,0.39998087218036077,1.0469136840737254e-17,1.8991653176611107e-17,0.09862541161604389,0.2531597375170659,0.004250845672995509
2019-08-29,0.07859797133503164,3.0941781442247276e-18,0.09045111306071325,0.07537363008798115,0.39920890241645235,1.0652700199381634e-17,1.9281953624223584e-17,0.0998847454538189,0.25219980162400174,0.004283836022000944
2019-08-30,0.0774200860796813,3.1212076382072956e-18,0.0908969710430047,0.07525189937870787,0.39969515286079627,1.0643565212622818e-17,1.9254147226544597e-17,0.09993570617649854,0.2525090009066454,0.004291183554665923
2019-09-03,0.10920549270615039,3.597422946562952e-18,0.10490895253800689,0.08057753173334002,0.4004677088709369,2.055716686307934e-17,7.509754795546547e-18,0.09274905108631222,0.19984776787805889,0.012243495187194618
2019-09-04,0.11105716018898494,3.633570516380582e-18,0.10568500438714402,0.0805441889428346,0.3984459319269156,2.058545938250615e-17,7.567760745227195e-18,0.09318115770429494,0.1988222090376806,0.012264347812145221
2019-09-05,0.1117164986387515,3.701449507599463e-18,0.10701916201494173,0.07918262749950754,0.3981113905633883,2.1120846963981325e-17,7.762429190105868e-18,0.09506531356588266,0.19664092907994804,0.0122640786375802
2019-09-06,0.11182083156477801,3.711299625093097e-18,0.1071845301904933,0.07837318071826356,0.3976745564954253,2.0988020883059488e-17,7.741446433033924e-18,0.09497563238818388,0.19770063683266237,0.012270631810193564
2019-09-09,0.11341421500585189,3.7414031824430024e-18,0.10803165221557486,0.07846655075004817,0.39717386709933505,2.137462400809615e-17,7.763479631545072e-18,0.0954932786966758,0.19514851030840039,0.012271925924113952
2019-09-10,0.11434024114673771,3.769745150959534e-18,0.10895603154475758,0.07832757974353538,0.3969829696579642,2.179577613574749e-17,7.794139854177223e-18,0.09612434757405408,0.19304044504752801,0.012228385285422923
2019-09-11,0.11349209310580984,3.7953085495180615e-18,0.10953692491401996,0.07878516424878435,0.39650526601865743,2.2237123780078057e-17,7.86558886719058e-18,0.09678658148227973,0.19265499641624936,0.0122389738141992
2019-09-12,0.11320136035969028,3.827961535626117e-18,0.11032956753229152,0.07905762723542019,0.3961717969253949,2.227391277621026e-17,7.909337419980405e-18,0.09725770496821332,0.19166067177174828,0.012321271207241611
2019-09-13,0.11410799481204811,3.880669185890211e-18,0.11184075770332498,0.07903102878879852,0.3956921669105834,2.2490914391626074e-17,7.944212739719633e-18,0.09797155908311529,0.1890692818364662,0.012287210865663471
2019-09-16,0.11814554419111985,3.817324741214215e-18,0.10988931570957346,0.07900724674952044,0.3940024356547364,2.2381613128719697e-17,7.840893184627354e-18,0.09683117977016183,0.1898361124285871,0.01228816549630099
2019-09-17,0.11581631609685979,3.814587475582153e-18,0.11018019567165772,0.07910701912812372,0.3947485240022065,2.2307504929708378e-17,7.872876969209466e-18,0.09700676338241901,0.19072899103806176,0.01241219068067134
2019-09-18,0.11511569498711631,3.800683572117353e-18,0.11009120595748272,0.07864227749125312,0.39505372303448044,2.2179264077861714e-17,7.87285809805983e-18,0.09710488846412996,0.19161741957883666,0.012374790486700761
2019-09-19,0.11547445730018281,3.777352668203517e-18,0.11023192708985133,0.07879706976836393,0.3944114028573575,2.202578855001677e-17,7.869586245842054e-18,0.0968970418053976,0.1917952157594608,0.012392885419385873
2019-09-20,0.11502892201545753,3.761533414441178e-18,0.10941442531007685,0.0793182641815877,0.3946371428681735,2.1866030359656633e-17,7.746273644156295e-18,0.09594302934322389,0.19332909569666193,0.01232912058481864
2019-09-23,0.11521356564215371,3.7614733176179905e-18,0.10902414353654435,0.07968427819476605,0.3948148291422825,2.1827818083614422e-17,7.742123219322643e-18,0.09582680694565222,0.1930995226836201,0.012336853854981063
2019-09-24,0.113628696470838,3.71361036742393e-18,0.10837018328597284,0.07993066929878015,0.3959200277038536,2.1451420426235105e-17,7.622622418150007e-18,0.09486730360203828,0.19500051110267036,0.012282608535846689
2019-09-25,0.11379634129567102,3.738314766569198e-18,0.10885216971991579,0.07902772889108821,0.3962257162005709,2.1846610258613553e-17,7.765119852202355e-18,0.09613325390008697,0.19356742410071195,0.012397365891955031
2019-09-26,0.11352636711933607,3.728540554782892e-18,0.10899521594786907,0.0788180010246213,0.3961328599743351,2.155151572913237e-17,7.718168359468815e-18,0.09570538402636519,0.1943502953556876,0.012471876551785563
2019-09-27,0.11316602234685932,3.683351034149466e-18,0.10871027504225654,0.0784720647636167,0.3970003845296111,2.1395278906379505e-17,7.628214019153441e-18,0.09526248080823405,0.19497670936709213,0.012412063142330072
2019-09-30,0.11212418415646336,3.7066978348159715e-18,0.10918555561973779,0.07730593007975399,0.39758676208270255,2.1435225976287542e-17,7.706013276985422e-18,0.09576889617164051,0.1955868798267598,0.01244179206294208
2019-10-01,0.09003606974820676,3.368514405382577e-17,0.1567322269476766,0.0707023479408623,0.40138923291115414,0.01235294155949766,0.0,0.06707880664205505,0.1911383299810618,0.010570044269485629
2019-10-02,0.08949207279132626,3.351573044730778e-17,0.15393195969742277,0.07171583027594826,0.4038386946410586,0.012291936122010788,0.0,0.0660671956429611,0.19210921424055422,0.010553096588718044
2019-10-03,0.08885905274863881,3.375368612267341e-17,0.15406483666992807,0.07162731285633164,0.40361735280820027,0.012262060929739053,0.0,0.06622619656799536,0.19274912674986702,0.010594060669299766
2019-10-04,0.08911158795273248,3.372699735503702e-17,0.15447024025711564,0.07125622585092353,0.4023041344143462,0.012314129706116651,0.0,0.06677464100781201,0.19316631838947151,0.010602722421482153
2019-10-07,0.0893677246192891,3.358802913174971e-17,0.154927684945491,0.0709462849516306,0.40265026407382193,0.012344455726174649,0.0,0.0667666703133724,0.19237230899113938,0.010624606379080852
2019-10-08,0.08938071845950878,3.337542339628953e-17,0.1536021758247319,0.07162475770169782,0.40383033418300096,0.012153678586425656,0.0,0.06578359991235451,0.19304737527021323,0.010577360062067095
2019-10-09,0.08961977156949501,3.363198292455123e-17,0.15471542349080786,0.07169054424637937,0.4028011048636478,0.012209306613337887,0.0,0.06640847226425418,0.19195746222878293,0.010597914723294861
2019-10-10,0.09056152238838087,3.4109300965111744e-17,0.1563993974700486,0.07133625333233395,0.40180817687049053,0.012305112184761763,0.0,0.06711306133983914,0.18982089496166826,0.010655581452476774
2019-10-11,0.09170633864768851,3.4682389412069195e-17,0.1593068767615317,0.07099217235445282,0.3993494331424761,0.01252236267382913,0.0,0.06785764365991358,0.18760650068641083,0.010658672073697287
2019-10-14,0.0911443169706042,3.4478999802366175e-17,0.15840358936974963,0.07116506658193407,0.39983202704915133,0.012457088602345495,0.0,0.0676764728682759,0.18867479318046512,0.01064664537747412
2019-10-15,0.09111154419558128,3.486515977017329e-17,0.1606122526168228,0.07082974865943742,0.39881300748667164,0.01262890173917291,0.0,0.06850196906590438,0.18681795332041973,0.010684622915989806
2019-10-16,0.09107796836072096,3.4906095132189e-17,0.16058461586517042,0.0711156765478976,0.39892597418876935,0.012620962849841339,0.0,0.06827680389300218,0.18673022322175245,0.010667775072845494
2019-10-17,0.09137599339752168,3.5015380913515504e-17,0.16086481405855832,0.0711690734533332,0.39851496102379014,0.012761441028767348,0.0,0.06843209333734787,0.18615124998853336,0.010730373712147873
2019-10-18,0.09132800078971649,3.483736195901543e-17,0.16081295385649397,0.07110241325279959,0.3989232236135576,0.012702344419508441,0.0,0.06814143122743527,0.1861754925312789,0.010814140309209587
2019-10-21,0.09137119446412373,3.5215522339337927e-17,0.16197541399163623,0.07088968055789677,0.3981723925641969,0.012844276650616947,0.0,0.06872596382204917,0.18510510149350368,0.01091597645597645
2019-10-22,0.09133527101688352,3.5180407844208054e-17,0.16131109721279444,0.07097644310357887,0.39842050360559955,0.01283653935743805,0.0,0.06838470420503771,0.18587010016068647,0.010865341337981402
2019-10-23,0.09221989777666831,3.5092313990790846e-17,0.16174049046990951,0.07094862094748483,0.39747131290296794,0.012817148023228586,0.0,0.06839580568478001,0.1855471897664997,0.010859534428461094
2019-10-24,0.09261480269620014,3.506091780356797e-17,0.16188595560881944,0.07138955795414409,0.3970444696427193,0.012787434124579099,0.0,0.06844628659666899,0.18500903018001422,0.010822463196854763
2019-10-25,0.09321031350075952,3.533115134542124e-17,0.1621569117500369,0.07160091636245713,0.3964410479658979,0.012863509286412413,0.0,0.06876968319631863,0.18422075706325033,0.010736860874867183
2019-10-28,0.0931297896597148,3.5644303729791276e-17,0.16336995727489423,0.07119747707691837,0.39613014405543545,0.01301352573363742,0.0,0.06936418750446696,0.1830911546247106,0.010703764070222095
2019-10-29,0.0929373102015694,3.545683780732528e-17,0.16329897522479886,0.07099025773221289,0.39643178169657445,0.013054184926715869,0.0,0.06933403143555153,0.18318596609481264,0.010767492687764323
2019-10-30,0.09185317977838853,3.542731427800108e-17,0.1631165148839412,0.0710048550411025,0.3962623168949988,0.012942518962724506,0.0,0.0691811719637985,0.1848898534717006,0.010749589003345387
2019-10-31,0.0909060031476937,3.4988461353725e-17,0.16199779683456358,0.07139197520088253,0.39698361649767133,0.012811733196883553,0.0,0.06868633230040057,0.18654060167138134,0.010681941150523226
2019-11-01,0.09316851626244291,4.112721120781005e-18,0.19924689046729296,0.038803021200756314,0.39803605497419164,0.04165611128565517,4.554493518559286e-18,0.02542828385422712,0.19866525880632008,0.004995863149113628
2019-11-04,0.09403208901573135,4.165454203751267e-18,0.2008418331795495,0.038801480807913444,0.39713919213433396,0.04199919870018324,4.595697214494253e-18,0.025603065140599283,0.19660813997117627,0.004975001050512829
2019-11-05,0.09476212226860932,4.211112848789385e-18,0.2015032139674027,0.03837233784908494,0.39705895717539424,0.042270884975927,4.622154328732605e-18,0.025707843250668407,0.19540868138713968,0.004915959125773703
2019-11-06,0.09363134206238105,4.192849214936979e-18,0.20118264474339262,0.038492586637635474,0.3977453162341232,0.041978127320651884,4.606453754156313e-18,0.02568408886859024,0.19636492500984598,0.004920969123379654
2019-11-07,0.09419523342505182,4.2516758405861336e-18,0.2031477859713554,0.03814783108010299,0.3971954555119566,0.042370231007847634,4.652725750548908e-18,0.025946297307276735,0.19409279429422036,0.004904371402188527
2019-11-08,0.09456097411391166,4.218614109218716e-18,0.20329508439958313,0.03795471560020978,0.3971756764379993,0.04254075894394242,4.677418196312872e-18,0.026044365024254657,0.19352945847462003,0.004898967005479011
2019-11-11,0.09400430874135182,4.1908631841331455e-18,0.20313358562360861,0.03788333503003554,0.3978157594647257,0.04248271540288298,4.673583441951887e-18,0.026008212836700496,0.19375979526485648,0.0049122876358385316
2019-11-12,0.09393780362591066,4.158180019429614e-18,0.2029482151603984,0.0379342705316623,0.39745805957122043,0.04243866931007304,4.680738151808729e-18,0.02602782494088072,0.19438658557560384,0.004868571284250565
2019-11-13,0.0939471695214558,4.118784733517891e-18,0.20186521611325534,0.03801639940725995,0.39780890373669153,0.04217965039767688,4.673333401392585e-18,0.025988600296603923,0.19528987771450512,0.00490418281255126
2019-11-14,0.09332904101616636,4.107764341039608e-18,0.20062245505387857,0.03804735657072681,0.3984715592252625,0.042024009368343926,4.65386317695388e-18,0.025938598124093926,0.19664139450315887,0.004925586138368852
2019-11-15,0.09366533593770082,4.13398586829009e-18,0.20158027394056025,0.037892433457056014,0.3975320993773314,0.04217648986997932,4.6807916171689125e-18,0.026085807529585572,0.19612291979738136,0.00494464009040533
2019-11-18,0.09267016457403825,4.125795661907166e-18,0.20174386214478784,0.03799119618117704,0.3980686713163294,0.04205523504063497,4.68280198522822e-18,0.026095673736191906,0.19640832183269832,0.004966875174142355
2019-11-19,0.0916951831845603,4.1284037119947165e-18,0.2011852348060126,0.03795507804236353,0.3982389731989862,0.042150347859930236,4.682896212001757e-18,0.026050188620743722,0.19775682173645023,0.004968172550953099
2019-11-20,0.09259867582106789,4.097096671503671e-18,0.19928030165949673,0.03785294652430068,0.39842573482117805,0.04185727442346237,4.639936907415651e-18,0.025870418749643128,0.199164999237283,0.004949648763568228
2019-11-21,0.09364159159417364,4.0975048627742835e-18,0.1994536775160266,0.03772840143410467,0.3983033581977162,0.04174288778752946,4.639787401168693e-18,0.025885598503244168,0.1983536764404374,0.004890808526767909
2019-11-22,0.09350856684981378,4.094305483916215e-18,0.19985656037543498,0.037627917172141555,0.3979210844009656,0.041839870293118905,4.6391538699816674e-18,0.02592289801503234,0.19845419410703408,0.004868908786458688
2019-11-25,0.09320361032072269,4.1218855106790926e-18,0.20078717291885015,0.037325490153173775,0.3968010242991189,0.04258905590061651,4.678779152820186e-18,0.026038621903612117,0.19838662303639187,0.004868401467513829
2019-11-26,0.09349250137246969,4.098616861880809e-18,0.20013803556908846,0.037405784894284054,0.3964930609057935,0.042505070793271635,4.675288397875734e-18,0.026028424758769122,0.19901712570351845,0.004919996002804876
2019-11-27,0.09313857673396807,4.108767133763887e-18,0.20092830553291732,0.03725652779195047,0.39598667827654477,0.0428611163681172,4.7141627905714145e-18,0.026178881928033578,0.19870014547018172,0.004949767898286847
2019-11-29,0.0916718310480047,4.061031700426953e-18,0.20035785321948782,0.03764441697248225,0.39732166968640176,0.04276015947717179,4.712276980374722e-18,0.026190847745784354,0.19910561642539762,0.004947605425269723
2019-12-02,0.0,0.0,0.0,0.0,0.40118477348035014,0.0,0.0,0.5988152265196498,0.0,0.0
2019-12-03,0.0,0.0,0.0,0.0,0.4049400692042808,0.0,0.0,0.5950599307957192,0.0,0.0
2019-12-04,0.0,0.0,0.0,0.0,0.4025332379503558,0.0,0.0,0.5974667620496442,0.0,0.0
2019-12-05,0.0,0.0,0.0,0.0,0.4015406300846426,0.0,0.0,0.5984593699153575,0.0,0.0
2019-12-06,0.0,0.0,0.0,0.0,0.39862388350886235,0.0,0.0,0.6013761164911376,0.0,0.0
2019-12-09,0.0,0.0,0.0,0.0,0.3995735370553655,0.0,0.0,0.6004264629446345,0.0,0.0
2019-12-10,0.0,0.0,0.0,0.0,0.3995603069599661,0.0,0.0,0.600439693040034,0.0,0.0
2019-12-11,0.0,0.0,0.0,0.0,0.3998730921155621,0.0,0.0,0.600126907884438,0.0,0.0
2019-12-12,0.0,0.0,0.0,0.0,0.39591681256023314,0.0,0.0,0.604083187439767,0.0,0.0
2019-12-13,0.0,0.0,0.0,0.0,0.39717695912971573,0.0,0.0,0.6028230408702843,0.0,0.0
2019-12-16,0.0,0.0,0.0,0.0,0.39441844935448606,0.0,0.0,0.605581550645514,0.0,0.0
2019-12-17,0.0,0.0,0.0,0.0,0.3943875740049531,0.0,0.0,0.6056124259950468,0.0,0.0
2019-12-18,0.0,0.0,0.0,0.0,0.3937242800131364,0.0,0.0,0.6062757199868636,0.0,0.0
2019-12-19,0.0,0.0,0.0,0.0,0.39293456586357406,0.0,0.0,0.607065434136426,0.0,0.0
2019-12-20,0.0,0.0,0.0,0.0,0.39189145652722435,0.0,0.0,0.6081085434727757,0.0,0.0
2019-12-23,0.0,0.0,0.0,0.0,0.39131166095284575,0.0,0.0,0.6086883390471542,0.0,0.0
2019-12-24,0.0,0.0,0.0,0.0,0.39171464535517986,0.0,0.0,0.6082853546448201,0.0,0.0
2019-12-26,0.0,0.0,0.0,0.0,0.3907951705828437,0.0,0.0,0.6092048294171564,0.0,0.0
2019-12-27,0.0,0.0,0.0,0.0,0.39119854164253587,0.0,0.0,0.6088014583574642,0.0,0.0
2019-12-30,0.0,0.0,0.0,0.0,0.3923650523376421,0.0,0.0,0.6076349476623579,0.0,0.0
2019-12-31,0.0,0.0,0.0,0.0,0.39092394668859426,0.0,0.0,0.6090760533114057,0.0,0.0
2020-01-02,0.0,0.0,0.0,0.0,0.38980731406892133,0.0,0.0,0.6101926859310787,0.0,0.0
2020-01-03,0.0,0.0,0.0,0.0,0.39320489742195025,0.0,0.0,0.6067951025780497,0.0,0.0
2020-01-06,0.0,0.0,0.0,0.0,0.3920400091092627,0.0,0.0,0.6079599908907374,0.0,0.0
2020-01-07,0.0,0.0,0.0,0.0,0.39236847218754506,0.0,0.0,0.6076315278124549,0.0,0.0
2020-01-08,0.0,0.0,0.0,0.0,0.3905445007141574,0.0,0.0,0.6094554992858426,0.0,0.0
2020-01-09,0.0,0.0,0.0,0.0,0.3891086207777718,0.0,0.0,0.6108913792222282,0.0,0.0
2020-01-10,0.0,0.0,0.0,0.0,0.39030772223029053,0.0,0.0,0.6096922777697096,0.0,0.0
2020-01-13,0.0,0.0,0.0,0.0,0.38840024858988165,0.0,0.0,0.6115997514101184,0.0,0.0
2020-01-14,0.0,0.0,0.0,0.0,0.38923266018018987,0.0,0.0,0.6107673398198101,0.0,0.0
2020-01-15,0.0,0.0,0.0,0.0,0.38929314119169245,0.0,0.0,0.6107068588083076,0.0,0.0
2020-01-16,0.0,0.0,0.0,0.0,0.3868362405365101,0.0,0.0,0.6131637594634899,0.0,0.0
2020-01-17,0.0,0.0,0.0,0.0,0.38590776162349993,0.0,0.0,0.6140922383765002,0.0,0.0
2020-01-21,0.0,0.0,0.0,0.0,0.38730817285000285,0.0,0.0,0.612691827149997,0.0,0.0
2020-01-22,0.0,0.0,0.0,0.0,0.3873220399416893,0.0,0.0,0.6126779600583105,0.0,0.0
2020-01-23,0.0,0.0,0.0,0.0,0.3876439915611077,0.0,0.0,0.6123560084388923,0.0,0.0
2020-01-24,0.0,0.0,0.0,0.0,0.39061442812441605,0.0,0.0,0.6093855718755838,0.0,0.0
2020-01-27,0.0,0.0,0.0,0.0,0.3960778349523938,0.0,0.0,0.6039221650476062,0.0,0.0
2020-01-28,0.0,0.0,0.0,0.0,0.39278470561365136,0.0,0.0,0.6072152943863486,0.0,0.0
2020-01-29,0.0,0.0,0.0,0.0,0.39412145050457137,0.0,0.0,0.6058785494954286,0.0,0.0
2020-01-30,0.0,0.0,0.0,0.0,0.3935795322380417,0.0,0.0,0.6064204677619582,0.0,0.0
2020-01-31,0.0,0.0,0.0,0.0,0.3991627105388009,0.0,0.0,0.6008372894611992,0.0,0.0
2020-02-03,0.0,0.0,0.0,0.0,0.39718498369663374,0.0,0.0,0.6028150163033663,0.0,0.0
2020-02-04,0.0,0.0,0.0,0.0,0.3921815434567211,0.0,0.0,0.6078184565432788,0.0,0.0
2020-02-05,0.0,0.0,0.0,0.0,0.38841623680431175,0.0,0.0,0.6115837631956883,0.0,0.0
2020-02-06,0.0,0.0,0.0,0.0,0.38778706661567813,0.0,0.0,0.6122129333843219,0.0,0.0
2020-02-07,0.0,0.0,0.0,0.0,0.3901932935308707,0.0,0.0,0.6098067064691293,0.0,0.0
2020-02-10,0.0,0.0,0.0,0.0,0.38888603830775414,0.0,0.0,0.6111139616922457,0.0,0.0
2020-02-11,0.0,0.0,0.0,0.0,0.38790880424645724,0.0,0.0,0.6120911957535426,0.0,0.0
2020-02-12,0.0,0.0,0.0,0.0,0.3857771717883604,0.0,0.0,0.6142228282116396,0.0,0.0
2020-02-13,0.0,0.0,0.0,0.0,0.38623998160338674,0.0,0.0,0.6137600183966133,0.0,0.0
2020-02-14,0.0,0.0,0.0,0.0,0.38644697369570385,0.0,0.0,0.6135530263042962,0.0,0.0
2020-02-18,0.0,0.0,0.0,0.0,0.3874357248738805,0.0,0.0,0.6125642751261194,0.0,0.0
2020-02-19,0.0,0.0,0.0,0.0,0.3862623946736959,0.0,0.0,0.6137376053263041,0.0,0.0
2020-02-20,0.0,0.0,0.0,0.0,0.3879282803093731,0.0,0.0,0.6120717196906269,0.0,0.0
2020-02-21,0.0,0.0,0.0,0.0,0.39134958335329734,0.0,0.0,0.6086504166467026,0.0,0.0
2020-02-24,0.0,0.0,0.0,0.0,0.4012750637272691,0.0,0.0,0.5987249362727308,0.0,0.0
2020-02-25,0.0,0.0,0.0,0.0,0.4093606460710807,0.0,0.0,0.5906393539289192,0.0,0.0
2020-02-26,0.0,0.0,0.0,0.0,0.41012614793049945,0.0,0.0,0.5898738520695006,0.0,0.0
2020-02-27,0.0,0.0,0.0,0.0,0.4224675908012748,0.0,0.0,0.5775324091987252,0.0,0.0
2020-02-28,0.0,0.0,0.0,0.0,0.4262193774812282,0.0,0.0,0.5737806225187718,0.0,0.0
2020-03-02,0.10468742529141621,0.0,0.20015002084243894,0.054933457400047354,0.3968503749301944,0.06364569373266224,1.3723533027377142e-17,0.03363061272700617,0.1461024150762346,1.0682154715453761e-18
2020-03-03,0.10439604889746196,0.0,0.19755245567881152,0.0563810459301523,0.3994836430476698,0.062040515172361345,1.3218000414821147e-17,0.03250671739383506,0.14763957387970805,1.0604999922711852e-18
2020-03-04,0.10376854981870406,0.0,0.20209258176407438,0.056100261389665056,0.39592650822614345,0.06337696281575711,1.3676917734227235e-17,0.03364534404025487,0.14508979194540106,1.093140245935796e-18
2020-03-05,0.10278442674200818,0.0,0.19697725894541185,0.057385145315714675,0.39995464830151223,0.061439248345305356,1.3278289506571829e-17,0.03256838684822051,0.14889088550182722,1.0710828413968033e-18
2020-03-06,0.09906151251384689,0.0,0.19329455777190271,0.057191269777095904,0.4024967304578152,0.05999515598759182,1.3005196254044101e-17,0.031909619665180744,0.15605115382656665,1.0486676761913278e-18
2020-03-09,0.09350987277659428,0.0,0.1825160140649232,0.05864002324365453,0.41570850747863,0.05544235973046712,1.238791522097805e-17,0.030113164400725728,0.16407005830500512,9.907049984432915e-19
2020-03-10,0.09688663434915826,0.0,0.19006229392044946,0.05765054297863594,0.4098397697547952,0.057420248767525814,1.3118855874517859e-17,0.03180814131244407,0.15633236891699126,1.0370203690709028e-18
2020-03-11,0.09774212832660129,0.0,0.18532198881302248,0.05902055324275855,0.41687646096982955,0.055242648008305154,1.2891539697340485e-17,0.031087271766652668,0.1547089488728304,1.001436362009483e-18
2020-03-12,0.09718344100265693,0.0,0.1708571504412064,0.05869395132052938,0.4320124321596972,0.0508964831821856,1.2128486024040874e-17,0.029118868160643418,0.16123767373308104,9.321911185765412e-19
2020-03-13,0.097357556421769,0.0,0.17957565151399338,0.05639283209884465,0.425349442836883,0.05381890123157217,1.3037922967852901e-17,0.031324826960297196,0.1561807889366407,1.004466218131798e-18
2020-03-16,0.09281242700728418,0.0,0.16337450127387662,0.056553903531602036,0.4429023987205967,0.047354145227373835,1.1642178291574472e-17,0.028300769910429947,0.16870185432883675,8.383535416768715e-19
2020-03-17,0.09239806118217059,0.0,0.17330431977490188,0.05798172356274058,0.43677836265954206,0.05009617145731434,1.266961823788963e-17,0.030172863784948066,0.15926849757838246,8.970458569731382e-19
2020-03-18,0.09254699216814549,0.0,0.16923236245530965,0.058862780967572685,0.4461488110390694,0.04786897556376011,1.2724419559722646e-17,0.029671520321344385,0.1556685574847983,8.407963398218707e-19
2020-03-19,0.0934731153078492,0.0,0.1699759685111769,0.05711488778678777,0.4426906340007963,0.049189486432512,1.2660023743433624e-17,0.02940758386302802,0.15814832409784982,8.344732183383661e-19
2020-03-20,0.09078208748760719,0.0,0.16482635567781276,0.05691999356121314,0.4457361890452447,0.04714888433900958,1.1943446288810584e-17,0.027629928963576737,0.1669565609255359,7.7850933545527e-19
2020-03-23,0.0907341062350216,0.0,0.1609014801388493,0.0587056814323158,0.44547939794442915,0.045881657150527236,1.1805470576200017e-17,0.026593250388445018,0.17170442671041203,7.332693997256533e-19
2020-03-24,0.09098793838302763,0.0,0.171309107795103,0.06041703247724619,0.434271526824648,0.04915385814328902,1.2484569423421936e-17,0.028466651288936988,0.16539388508774913,7.844675858417809e-19
2020-03-25,0.0918563187993791,0.0,0.1756169210684278,0.05916474071128637,0.43142502139940364,0.04940967460557538,1.2303700339081154e-17,0.028686638529021348,0.16384068488690634,8.208082975757767e-19
2020-03-26,0.0901933784630928,0.0,0.18078105001074354,0.05904389767716722,0.4261222811427261,0.05171262610605049,1.2761532062843309e-17,0.02991604059410596,0.16223072600611385,8.6579683931914625e-19
2020-03-27,0.08998027328317994,0.0,0.1758298190541591,0.05872883148038013,0.42976611300574863,0.04988752130564987,1.2336572507752728e-17,0.029057818526006248,0.16674962334487603,8.676437386316623e-19
2020-03-30,0.08927553521097681,0.0,0.17845277363793088,0.05867942210454481,0.4285125294849489,0.05072056878425748,1.2718566841237027e-17,0.02984491647508254,0.16451425430225866,8.819672266991246e-19
2020-03-31,0.08869080636417051,0.0,0.17792589309889859,0.05714093134505963,0.4317856310543132,0.05075822624378944,1.2683261064773665e-17,0.029570978551457953,0.1641275333423106,8.656544023651284e-19
2020-04-01,0.0,0.0,0.0,0.13551788663971526,0.40227277881590956,0.0,0.18715685007068952,0.0,0.2750524844736858,0.0
2020-04-02,0.0,0.0,0.0,0.13666917152664665,0.3992123741905893,0.0,0.18947135594103295,0.0,0.2746470983417311,0.0
2020-04-03,0.0,0.0,0.0,0.1374905017349691,0.3999335111984985,0.0,0.18698153611019216,0.0,0.2755944509563401,0.0
2020-04-06,0.0,0.0,0.0,0.1392596569117113,0.392379459234686,0.0,0.19745607577406657,0.0,0.2709048080795361,0.0
2020-04-07,0.0,0.0,0.0,0.13926722880626113,0.39275833215598865,0.0,0.19844900028003373,0.0,0.2695254387577164,0.0
2020-04-08,0.0,0.0,0.0,0.13795431586911217,0.39206520425396874,0.0,0.2025563657977612,0.0,0.2674241140791579,0.0
2020-04-09,0.0,0.0,0.0,0.14082205464298936,0.3908666114929151,0.0,0.20179436938196274,0.0,0.26651696448213297,0.0
2020-04-13,0.0,0.0,0.0,0.14304693460735488,0.38951216339637706,0.0,0.20370555534202914,0.0,0.263735346654239,0.0
2020-04-14,0.0,0.0,0.0,0.1426832675574505,0.3859998213921968,0.0,0.2103693150852492,0.0,0.26094759596510353,0.0
2020-04-15,0.0,0.0,0.0,0.14093764693135544,0.3866572757164795,0.0,0.20646558737549428,0.0,0.2659394899766708,0.0
2020-04-16,0.0,0.0,0.0,0.13982625744304636,0.3843495633598078,0.0,0.20875421554019383,0.0,0.26706996365695185,0.0
2020-04-17,0.0,0.0,0.0,0.1378425041474646,0.38538661574793587,0.0,0.21187535631466506,0.0,0.26489552378993453,0.0
2020-04-20,0.0,0.0,0.0,0.138600719413033,0.3857759329798634,0.0,0.20902790455604356,0.0,0.26659544305106014,0.0
2020-04-21,0.0,0.0,0.0,0.13823916403385986,0.3884929630514888,0.0,0.20216957213439032,0.0,0.27109830078026115,0.0
2020-04-22,0.0,0.0,0.0,0.14029304346198773,0.3854587573020668,0.0,0.20718617955949276,0.0,0.26706201967645266,0.0
2020-04-23,0.0,0.0,0.0,0.14131868530024258,0.3847015832298259,0.0,0.20620296750366868,0.0,0.2677767639662628,0.0
2020-04-24,0.0,0.0,0.0,0.14024056093367782,0.383503929026327,0.0,0.2087515460146913,0.0,0.26750396402530396,0.0
2020-04-27,0.0,0.0,0.0,0.14018859461046185,0.3838708549235757,0.0,0.21175882609176044,0.0,0.26418172437420195,0.0
2020-04-28,0.0,0.0,0.0,0.139549551934048,0.3855059868694646,0.0,0.2077491558859022,0.0,0.26719530531058516,0.0
2020-04-29,0.0,0.0,0.0,0.1394067917358105,0.38280394562475173,0.0,0.21371346903037738,0.0,0.26407579360906025,0.0
2020-04-30,0.0,0.0,0.0,0.13779161962827718,0.3844337712575451,0.0,0.21504650423944124,0.0,0.26272810487473647,0.0
2020-05-01,4.759535487978251e-13,2.2069502312686855e-13,2.777101497525971e-13,0.18595958283412808,0.401256884422402,2.839372692885795e-13,0.18554388265202235,0.0,0.22723965008988295,3.0637034912630485e-13
2020-05-04,4.808327512222623e-13,2.2266606220507192e-13,2.771076944719832e-13,0.18627386074530558,0.40059692423899296,2.8464681428888095e-13,0.1873674034620716,0.0,0.22576181155206043,3.0431920003083167e-13
2020-05-05,4.926179512781574e-13,2.2365114432392588e-13,2.7728344320533517e-13,0.18684470972625977,0.3998317139882622,2.8650769393761893e-13,0.18926962641936937,0.0,0.22405394986452332,3.0545803508739337e-13
2020-05-06,4.859924168515633e-13,2.2438647273255014e-13,2.772375135494674e-13,0.18561787551459982,0.40089079413584083,2.862158878633167e-13,0.1916481407920039,0.0,0.2218431895559797,3.018865367733758e-13
2020-05-07,4.835522543059138e-13,2.2363921097317418e-13,2.7822501156648317e-13,0.18632979751734455,0.39876432857632965,2.86841244606864e-13,0.19191447777865536,0.0,0.22299139612609545,3.0271942584435457e-13
2020-05-08,4.949795985050353e-13,2.289675333422424e-13,2.837194487832014e-13,0.1857107867435774,0.39853101664380114,2.9872086244061375e-13,0.19507077024536154,0.0,0.22068742636564276,3.107484347197353e-13
2020-05-11,4.894819274278726e-13,2.279892302311447e-13,2.841095622952408e-13,0.18496958996744603,0.39831287410244226,2.979019978262423e-13,0.197258584096301,0.0,0.21945895183220443,3.0692274080646637e-13
2020-05-12,4.854372008894346e-13,2.270815569037173e-13,2.804636650927204e-13,0.18565990854922054,0.399564986703586,2.8715793775828496e-13,0.1930983191912317,0.0,0.22167678555438888,2.929220645416851e-13
2020-05-13,4.797513837873057e-13,2.2625148234605285e-13,2.7782874293494974e-13,0.1871204418825457,0.39969016806122565,2.770633135922664e-13,0.19034994278684306,0.0,0.22283944726783947,2.853240569167923e-13
2020-05-14,4.849033009129965e-13,2.2562795208126038e-13,2.7337219563918563e-13,0.1875347349084178,0.39768027782191656,2.761380345816952e-13,0.19124456582812213,0.0,0.22354042143999922,2.844354759687251e-13
2020-05-15,4.889971395831744e-13,2.2221433984499958e-13,2.732201988339053e-13,0.18831746168699282,0.3968385069408893,2.8012387727991817e-13,0.19220460955668917,0.0,0.2226394218138813,2.82909525540526e-13
2020-05-18,5.05583164096373e-13,2.3211087932416633e-13,2.857437217099772e-13,0.1878645603241767,0.3964483356616156,2.986892231590947e-13,0.1968035637498172,0.0,0.21888354026276716,3.0120330604110843e-13
2020-05-19,5.026325951275213e-13,2.2950500570358136e-13,2.808971577679174e-13,0.18906290577945026,0.39627236479207,2.9184241266071096e-13,0.19567424864204044,0.0,0.21899048078483838,2.961897551551717e-13
2020-05-20,5.087819215104134e-13,2.3135076877444056e-13,2.85295560472749e-13,0.1885483731501953,0.3943551288012005,2.9915475435102895e-13,0.198566951087219,0.0,0.2185295469597634,2.973073640981811e-13
2020-05-21,5.086943267623656e-13,2.296500136963948e-13,2.831498707568472e-13,0.186565990114821,0.3962414377261642,3.0092603649596197e-13,0.19721410941470677,0.0,0.21997846274268668,2.987800810256591e-13
2020-05-22,5.028216375460823e-13,2.2403234825982588e-13,2.8127164368458903e-13,0.1869487794206149,0.3954652045019812,3.0122130947249266e-13,0.19713445567799237,0.0,0.22045156039780045,3.0165016562117457e-13
2020-05-26,5.117219723588692e-13,2.3060877336661865e-13,2.9141568712825165e-13,0.18562487107851272,0.397280993995349,3.1215051873143497e-13,0.19802488139633986,0.0,0.21906925352813725,3.151900137715649e-13
2020-05-27,5.044687769646239e-13,2.310425470687354e-13,2.9455305353588525e-13,0.18571065193724265,0.3970758668978226,3.2141420030671573e-13,0.19883922709296414,0.0,0.21837425407029804,3.2103729077810946e-13
2020-05-28,5.075019193644015e-13,2.29617816011857e-13,2.9757301455739583e-13,0.18648192785849685,0.39703430371657494,3.1405044052104193e-13,0.1987391059380928,0.0,0.2177446624851638,3.2282134551531935e-13
2020-05-29,5.126206534675938e-13,2.319301573876063e-13,2.9443453484089416e-13,0.18652732151329815,0.3954949861750598,3.100466471913257e-13,0.20022691351360578,0.0,0.21775077879637003,3.173444645343836e-13
2020-06-01,5.157507462421679e-13,2.3731676286451694e-13,3.0104957013547615e-13,0.18741654968646415,0.3954033350565419,3.1306629059247886e-13,0.20086022108414742,0.0,0.21631989417115458,3.2473367716872733e-13
2020-06-02,5.220887460872727e-13,2.4328985274242133e-13,3.042603107963183e-13,0.18644552691895555,0.3952688134132807,3.1606778536049833e-13,0.20247121839436083,0.0,0.21581444127168936,3.2778398454791106e-13
2020-06-03,5.261610682073551e-13,2.508953170731928e-13,3.139580908685422e-13,0.18443302662469457,0.3959926687532628,3.2621538459003344e-13,0.20496843139067544,0.0,0.21460587322960895,3.4093016025871423e-13
2020-06-04,5.327781357272636e-13,2.48396374484264e-13,3.1392384875107445e-13,0.187156041733698,0.3960740059681606,3.2710848327094505e-13,0.2043844802394137,0.0,0.21238547205696662,3.389538056566638e-13
2020-06-05,5.451235765154398e-13,2.557640172441962e-13,3.203622879862597e-13,0.18395547211362348,0.3953764884150041,3.4085550256853474e-13,0.20911219878419704,0.0,0.21155584068536035,3.5292890653231927e-13
2020-06-08,5.389667471054581e-13,2.5608311127717763e-13,3.229604645604758e-13,0.18504771885627996,0.3938930203130964,3.457811377123791e-13,0.20971658892325573,0.0,0.2113426719055441,3.599325615815586e-13
2020-06-09,5.369069963346462e-13,2.5254417058676135e-13,3.1651170347566476e-13,0.185511665156778,0.3925122585132201,3.3699090893039575e-13,0.2097432692752834,0.0,0.21223280705292408,3.514593797838123e-13
2020-06-10,5.343889984315999e-13,2.515651170902993e-13,3.123015566548738e-13,0.18607437843041658,0.39104594970636825,3.2419087762463475e-13,0.20989760208853436,0.0,0.21298206977291947,3.3871056290277193e-13
2020-06-11,5.203889749126232e-13,2.399530450704861e-13,2.974584215056386e-13,0.18590883964217925,0.394932898806232,3.013707487922416e-13,0.2007682476622633,0.0,0.21839001388764734,3.1898521864533313e-13
2020-06-12,5.231520715590992e-13,2.453300340096804e-13,3.0293239888412505e-13,0.1863814774240684,0.39449936446916994,3.089491007507265e-13,0.20259147831627936,0.0,0.21652767978877122,3.3079000279531253e-13
2020-06-15,5.269277857448315e-13,2.4263431429998885e-13,3.0359002956746015e-13,0.18569111509250855,0.39341604590428697,3.154837374397854e-13,0.2046619044879686,0.0,0.2162309345135124,3.348214233291903e-13
2020-06-16,5.316494637590473e-13,2.443504461880868e-13,3.0755819017879247e-13,0.18573029683417233,0.39288139744889206,3.2329679942947774e-13,0.208323085082335,0.0,0.21306522063285208,3.416543749892108e-13
2020-06-17,5.277135686832928e-13,2.4608129491733717e-13,3.079360731376764e-13,0.18561893165425636,0.3925124827767547,3.1665706980432707e-13,0.2084600156736823,0.0,0.21340856989357235,3.3585273292190553e-13
2020-06-18,5.289881285121348e-13,2.4538668859857864e-13,3.052708002397996e-13,0.18463810549146153,0.39207977099350394,3.154937553251305e-13,0.2083303812370672,0.0,0.2149517422762412,3.3107057866456117e-13
2020-06-19,5.32087401282878e-13,2.44761204194923e-13,3.0307937181317567e-13,0.18624605339111355,0.3913070965322381,3.1314713560154597e-13,0.20781741046942345,0.0,0.2146294396055064,3.255134996982224e-13
2020-06-22,5.35892561110143e-13,2.4693390927771714e-13,3.056744971088594e-13,0.18682041489702123,0.3896406027983781,3.152171127343488e-13,0.20960372066368085,0.0,0.21393526163919177,3.240969405379291e-13
2020-06-23,5.323717143621264e-13,2.488774586012334e-13,3.068151090579753e-13,0.18806120672369628,0.38882543274692066,3.1598721203738693e-13,0.21101492742350553,0.0,0.21209843310415125,3.2219107275899165e-13
2020-06-24,5.200992543364024e-13,2.4607402508060733e-13,2.995579207861062e-13,0.1877803667936604,0.39034048821747575,3.063449302760192e-13,0.2070775766289187,0.0,0.2148015683582594,3.136374393680894e-13
2020-06-25,5.235009462187119e-13,2.464867733449758e-13,3.0304454420437135e-13,0.1871914649563311,0.3894148376605083,3.101840781427718e-13,0.208518924006866,0.0,0.21487477337459449,3.1683806474036187e-13
2020-06-26,5.174433845965919e-13,2.4367781157691034e-13,2.9886931836305464e-13,0.18816474139549313,0.39075749695574974,3.02057150765547e-13,0.20374395620000296,0.0,0.21733380544708114,3.1098456211366067e-13
2020-06-29,5.249689219331561e-13,2.4428157436175937e-13,3.0068163467616505e-13,0.1878860910535703,0.39035171378571765,3.113062165400083e-13,0.20555002411555295,0.0,0.21621217104346155,3.1634821301185106e-13
2020-06-30,5.25904588874553e-13,2.4273506622873826e-13,2.9920861492130745e-13,0.18813533259529322,0.38844033033974573,3.1482660247030224e-13,0.20892929888512765,0.0,0.21449503817813154,3.1910570999709403e-13
2020-07-01,0.0,0.0,0.0,0.0,0.3979516194577666,0.0,0.0,0.6020483805422334,0.0,0.0
2020-07-02,0.0,0.0,0.0,0.0,0.39693171946747174,0.0,0.0,0.6030682805325283,0.0,0.0
2020-07-06,0.0,0.0,0.0,0.0,0.3929173916856904,0.0,0.0,0.6070826083143096,0.0,0.0
2020-07-07,0.0,0.0,0.0,0.0,0.3961592160480308,0.0,0.0,0.6038407839519693,0.0,0.0
2020-07-08,0.0,0.0,0.0,0.0,0.39396555363498426,0.0,0.0,0.6060344463650158,0.0,0.0
2020-07-09,0.0,0.0,0.0,0.0,0.3960944377920052,0.0,0.0,0.6039055622079949,0.0,0.0
2020-07-10,0.0,0.0,0.0,0.0,0.3931974559616534,0.0,0.0,0.6068025440383468,0.0,0.0
2020-07-13,0.0,0.0,0.0,0.0,0.3955292061942146,0.0,0.0,0.6044707938057855,0.0,0.0
2020-07-14,0.0,0.0,0.0,0.0,0.3924353935392041,0.0,0.0,0.607564606460796,0.0,0.0
2020-07-15,0.0,0.0,0.0,0.0,0.3901790611101257,0.0,0.0,0.6098209388898744,0.0,0.0
2020-07-16,0.0,0.0,0.0,0.0,0.3911399276164407,0.0,0.0,0.6088600723835592,0.0,0.0
2020-07-17,0.0,0.0,0.0,0.0,0.39039217366349754,0.0,0.0,0.6096078263365025,0.0,0.0
2020-07-20,0.0,0.0,0.0,0.0,0.38863405821351626,0.0,0.0,0.6113659417864837,0.0,0.0
2020-07-21,0.0,0.0,0.0,0.0,0.3883818950376009,0.0,0.0,0.6116181049623991,0.0,0.0
2020-07-22,0.0,0.0,0.0,0.0,0.3871121271377136,0.0,0.0,0.6128878728622864,0.0,0.0
2020-07-23,0.0,0.0,0.0,0.0,0.39019729715015256,0.0,0.0,0.6098027028498475,0.0,0.0
2020-07-24,0.0,0.0,0.0,0.0,0.39161881369430723,0.0,0.0,0.6083811863056928,0.0,0.0
2020-07-27,0.0,0.0,0.0,0.0,0.38951952661345546,0.0,0.0,0.6104804733865445,0.0,0.0
2020-07-28,0.0,0.0,0.0,0.0,0.3915983128464497,0.0,0.0,0.6084016871535504,0.0,0.0
2020-07-29,0.0,0.0,0.0,0.0,0.3890002649706075,0.0,0.0,0.6109997350293925,0.0,0.0
2020-07-30,0.0,0.0,0.0,0.0,0.39017979543521747,0.0,0.0,0.6098202045647825,0.0,0.0
2020-07-31,0.0,0.0,0.0,0.0,0.38836653617145417,0.0,0.0,0.6116334638285459,0.0,0.0
2020-08-03,0.0,0.0,0.0,0.0,0.38660615554681427,0.0,0.0,0.6133938444531857,0.0,0.0
2020-08-04,0.0,0.0,0.0,0.0,0.38650267386347403,0.0,0.0,0.613497326136526,0.0,0.0
2020-08-05,0.0,0.0,0.0,0.0,0.38424562873172624,0.0,0.0,0.6157543712682737,0.0,0.0
2020-08-06,0.0,0.0,0.0,0.0,0.3829400786711824,0.0,0.0,0.6170599213288176,0.0,0.0
2020-08-07,0.0,0.0,0.0,0.0,0.38226989170020453,0.0,0.0,0.6177301082997955,0.0,0.0
2020-08-10,0.0,0.0,0.0,0.0,0.3813149627684815,0.0,0.0,0.6186850372315186,0.0,0.0
2020-08-11,0.0,0.0,0.0,0.0,0.382460220373161,0.0,0.0,0.617539779626839,0.0,0.0
2020-08-12,0.0,0.0,0.0,0.0,0.3784998495787411,0.0,0.0,0.6215001504212588,0.0,0.0
2020-08-13,0.0,0.0,0.0,0.0,0.3784414234307353,0.0,0.0,0.6215585765692647,0.0,0.0
2020-08-14,0.0,0.0,0.0,0.0,0.37855067469434606,0.0,0.0,0.621449325305654,0.0,0.0
2020-08-17,0.0,0.0,0.0,0.0,0.3781917333027625,0.0,0.0,0.6218082666972374,0.0,0.0
2020-08-18,0.0,0.0,0.0,0.0,0.3780898813510315,0.0,0.0,0.6219101186489685,0.0,0.0
2020-08-19,0.0,0.0,0.0,0.0,0.3787621671626063,0.0,0.0,0.6212378328373938,0.0,0.0
2020-08-20,0.0,0.0,0.0,0.0,0.37870673857683707,0.0,0.0,0.621293261423163,0.0,0.0
2020-08-21,0.0,0.0,0.0,0.0,0.3780470830689619,0.0,0.0,0.6219529169310379,0.0,0.0
2020-08-24,0.0,0.0,0.0,0.0,0.37535277314855736,0.0,0.0,0.6246472268514426,0.0,0.0
2020-08-25,0.0,0.0,0.0,0.0,0.3739765347414158,0.0,0.0,0.6260234652585842,0.0,0.0
2020-08-26,0.0,0.0,0.0,0.0,0.37154808309624754,0.0,0.0,0.6284519169037526,0.0,0.0
2020-08-27,0.0,0.0,0.0,0.0,0.3702119682054982,0.0,0.0,0.6297880317945019,0.0,0.0
2020-08-28,0.0,0.0,0.0,0.0,0.3690958653187472,0.0,0.0,0.6309041346812528,0.0,0.0
2020-08-31,0.0,0.0,0.0,0.0,0.3701909084098183,0.0,0.0,0.6298090915901818,0.0,0.0
2020-09-01,0.0,0.0,0.0,0.0,0.3687694189127339,0.0,0.0,0.6312305810872659,0.0,0.0
2020-09-02,0.0,0.0,0.0,0.0,0.3657564162607656,0.0,0.0,0.6342435837392344,0.0,0.0
2020-09-03,0.0,0.0,0.0,0.0,0.37422479430784655,0.0,0.0,0.6257752056921534,0.0,0.0
2020-09-04,0.0,0.0,0.0,0.0,0.3748375046671623,0.0,0.0,0.6251624953328377,0.0,0.0
2020-09-08,0.0,0.0,0.0,0.0,0.38185607857731746,0.0,0.0,0.6181439214226825,0.0,0.0
2020-09-09,0.0,0.0,0.0,0.0,0.3771352050013593,0.0,0.0,0.6228647949986408,0.0,0.0
2020-09-10,0.0,0.0,0.0,0.0,0.3815494353848702,0.0,0.0,0.6184505646151299,0.0,0.0
2020-09-11,0.0,0.0,0.0,0.0,0.3817970909345925,0.0,0.0,0.6182029090654074,0.0,0.0
2020-09-14,0.0,0.0,0.0,0.0,0.3785010126759854,0.0,0.0,0.6214989873240145,0.0,0.0
2020-09-15,0.0,0.0,0.0,0.0,0.37720071236979985,0.0,0.0,0.6227992876302001,0.0,0.0
2020-09-16,0.0,0.0,0.0,0.0,0.3780001754953405,0.0,0.0,0.6219998245046595,0.0,0.0
2020-09-17,0.0,0.0,0.0,0.0,0.3801568633851325,0.0,0.0,0.6198431366148675,0.0,0.0
2020-09-18,0.0,0.0,0.0,0.0,0.38267566472975456,0.0,0.0,0.6173243352702454,0.0,0.0
2020-09-21,0.0,0.0,0.0,0.0,0.3857509863343681,0.0,0.0,0.6142490136656319,0.0,0.0
2020-09-22,0.0,0.0,0.0,0.0,0.3833528436664132,0.0,0.0,0.6166471563335868,0.0,0.0
2020-09-23,0.0,0.0,0.0,0.0,0.3889145567756206,0.0,0.0,0.6110854432243794,0.0,0.0
2020-09-24,0.0,0.0,0.0,0.0,0.3883989886727846,0.0,0.0,0.6116010113272153,0.0,0.0
2020-09-25,0.0,0.0,0.0,0.0,0.3847902361138562,0.0,0.0,0.6152097638861438,0.0,0.0
2020-09-28,0.0,0.0,0.0,0.0,0.38085942385402055,0.0,0.0,0.6191405761459794,0.0,0.0
2020-09-29,0.0,0.0,0.0,0.0,0.38232196667134394,0.0,0.0,0.617678033328656,0.0,0.0
2020-09-30,0.0,0.0,0.0,0.0,0.37990238800965986,0.0,0.0,0.6200976119903401,0.0,0.0
2020-10-01,0.0,0.0,0.0,0.0,0.37852926274840126,0.0,0.0,0.6214707372515986,0.0,0.0
2020-10-02,0.0,0.0,0.0,0.0,0.3805436064214642,0.0,0.0,0.6194563935785359,0.0,0.0
2020-10-05,0.0,0.0,0.0,0.0,0.37491999107974483,0.0,0.0,0.6250800089202553,0.0,0.0
2020-10-06,0.0,0.0,0.0,0.0,0.37882561893125966,0.0,0.0,0.6211743810687403,0.0,0.0
2020-10-07,0.0,0.0,0.0,0.0,0.37409599487798156,0.0,0.0,0.6259040051220185,0.0,0.0
2020-10-08,0.0,0.0,0.0,0.0,0.37245727746543617,0.0,0.0,0.6275427225345639,0.0,0.0
2020-10-09,0.0,0.0,0.0,0.0,0.3702660236128802,0.0,0.0,0.6297339763871198,0.0,0.0
2020-10-12,0.0,0.0,0.0,0.0,0.3668019091167134,0.0,0.0,0.6331980908832866,0.0,0.0
2020-10-13,0.0,0.0,0.0,0.0,0.3688421050449912,0.0,0.0,0.6311578949550087,0.0,0.0
2020-10-14,0.0,0.0,0.0,0.0,0.3703875222530985,0.0,0.0,0.6296124777469015,0.0,0.0
2020-10-15,0.0,0.0,0.0,0.0,0.37042610542784576,0.0,0.0,0.6295738945721542,0.0,0.0
2020-10-16,0.0,0.0,0.0,0.0,0.3704325257452229,0.0,0.0,0.6295674742547771,0.0,0.0
2020-10-19,0.0,0.0,0.0,0.0,0.3736259504847549,0.0,0.0,0.6263740495152452,0.0,0.0
2020-10-20,0.0,0.0,0.0,0.0,0.37218822234215737,0.0,0.0,0.6278117776578426,0.0,0.0
2020-10-21,0.0,0.0,0.0,0.0,0.37232118122115393,0.0,0.0,0.627678818778846,0.0,0.0
2020-10-22,0.0,0.0,0.0,0.0,0.3702302063045163,0.0,0.0,0.6297697936954838,0.0,0.0
2020-10-23,0.0,0.0,0.0,0.0,0.36976943508419896,0.0,0.0,0.630230564915801,0.0,0.0
2020-10-26,0.0,0.0,0.0,0.0,0.3747486426094272,0.0,0.0,0.6252513573905729,0.0,0.0
2020-10-27,0.0,0.0,0.0,0.0,0.37608222323300416,0.0,0.0,0.6239177767669959,0.0,0.0
2020-10-28,0.0,0.0,0.0,0.0,0.38425740677171955,0.0,0.0,0.6157425932282805,0.0,0.0
2020-10-29,0.0,0.0,0.0,0.0,0.38087077433269384,0.0,0.0,0.6191292256673062,0.0,0.0
2020-10-30,0.0,0.0,0.0,0.0,0.38257871762558443,0.0,0.0,0.6174212823744156,0.0,0.0
2020-11-02,0.10063039394350311,0.10009340277422711,0.10012136693251643,0.0997925872803358,0.09900306233043285,0.1005958871901537,0.09905352896701884,0.09994120245902037,0.099573702681514,0.10119486544127793
2020-11-03,0.1000806964207966,0.09936913978039812,0.10155354207885621,0.09919478112935905,0.09763466925598684,0.10224917195979051,0.09959785104582738,0.10052579568692352,0.09784755672107054,0.10194679592099126
2020-11-04,0.09964769413507532,0.10095948706401878,0.10113073946874337,0.09765549382148149,0.09698332223602149,0.10083193502357019,0.10248651120366688,0.10123421873743757,0.09847377024247153,0.10059682806751341
2020-11-05,0.0986292594923174,0.10116843407434142,0.10203452459375904,0.09842818191259531,0.09553867303483825,0.10212702639368819,0.10360913850016545,0.1016880088330741,0.09719165666033111,0.09958509650488988
2020-11-06,0.09849842923062163,0.10188725588075084,0.10250456367996447,0.09881276096856206,0.09545105891507391,0.10157963967827922,0.10394389705683246,0.10191716287521155,0.09625544404207872,0.09914978767262517
2020-11-09,0.09928957423400045,0.10216584541102482,0.10505767269037292,0.09404892719227552,0.09435552431719428,0.10482723811974973,0.10140027373340627,0.10277239555326693,0.0938441330312885,0.10223841571742064
2020-11-10,0.10096242912206935,0.10072959146320125,0.10571280993152364,0.09410646899829887,0.09383401118391284,0.10648733942662038,0.09931561182579478,0.10234541347936164,0.09305181420502386,0.10345451036419341
2020-11-11,0.10039756544245301,0.10089142897722943,0.10608660741884407,0.09324399638184253,0.09352679720957562,0.10592695226056283,0.10104389110691643,0.10260467074704452,0.09293382839174756,0.10334426206378398
2020-11-12,0.1000695069599476,0.10062658602768317,0.10505428110898946,0.09426957718710542,0.0945208654901392,0.10481282685014644,0.10106326575246002,0.10210806179654519,0.09497928529699033,0.10249574352999324
2020-11-13,0.09861790174330254,0.10101292840455743,0.10559396893806358,0.09395605372709806,0.09344378665932804,0.10590527755485087,0.10092252097819651,0.1024785346109791,0.0938974820386847,0.10417154534493928
2020-11-16,0.09864667559765797,0.1013855010077125,0.10577029955883058,0.09314094062643816,0.09256887706313406,0.10749168352708831,0.10083328658992524,0.10286338309046286,0.09286450169682069,0.10443485124192954
2020-11-17,0.09890860069418032,0.10125015530819095,0.10563157487292284,0.09277010456126789,0.09277912241879968,0.10796011672358528,0.10048195025958925,0.10227807732997156,0.09344148076070001,0.10449881707079212
2020-11-18,0.09971036415875513,0.10156553579905639,0.10576854904424739,0.09284948300189577,0.09336185867400187,0.10715196532740993,0.10039917423681488,0.10171569445367214,0.0943320918565342,0.10314528344761233
2020-11-19,0.09933679527472072,0.10135121207839116,0.10611359863924798,0.0923276731459752,0.09311271994162083,0.1075695189248588,0.1008056847149807,0.10176125838492885,0.09446250803642267,0.10315903085885304
2020-11-20,0.09976658822392938,0.10182620777755401,0.10634161579136471,0.0925290007241476,0.09319665135649303,0.10759404682675251,0.10003176014873755,0.1009792684625158,0.09522008113355154,0.10251477955495383
2020-11-23,0.09998022932194894,0.10201458305472179,0.10612085387324298,0.09063441440492565,0.09293688442003793,0.10951910029407204,0.09995545394609716,0.10150354798287656,0.09470821992189163,0.10262671278018524
2020-11-24,0.10127084907216286,0.10253786640152976,0.1068259361539265,0.08851526493195117,0.09203115349260588,0.11066586372921686,0.10053088201850979,0.1022956545956819,0.09299882822782139,0.10232770137659389
2020-11-25,0.1021426161640817,0.10196129647451342,0.10669046617222075,0.08847296751141442,0.09206126040396087,0.11028674252050887,0.10114821453622869,0.10213732744794538,0.09271197259564233,0.10238713617348363
2020-11-27,0.10162074107530687,0.10262127600431624,0.1071043317594671,0.08731422961258281,0.09206196634552044,0.11042521243188906,0.10177594481042036,0.10211649600336539,0.09333273780419786,0.10162706415293389
2020-11-30,0.10202780375281602,0.10091087335879806,0.10579774718643517,0.08757856788032216,0.09289948511273895,0.10947778625054783,0.10297972524159771,0.10265742363316635,0.09412674715597288,0.10154384042760492
2020-12-01,0.0,0.0,0.0,0.0,0.3961155420763457,0.0,0.0,0.6038844579236543,0.0,0.0
2020-12-02,0.0,0.0,0.0,0.0,0.3952130778349548,0.0,0.0,0.6047869221650451,0.0,0.0
2020-12-03,0.0,0.0,0.0,0.0,0.3959178355574747,0.0,0.0,0.6040821644425253,0.0,0.0
2020-12-04,0.0,0.0,0.0,0.0,0.3929292323134485,0.0,0.0,0.6070707676865515,0.0,0.0
2020-12-07,0.0,0.0,0.0,0.0,0.3941590370776223,0.0,0.0,0.6058409629223778,0.0,0.0
2020-12-08,0.0,0.0,0.0,0.0,0.3937009040382685,0.0,0.0,0.6062990959617315,0.0,0.0
2020-12-09,0.0,0.0,0.0,0.0,0.3955138510211453,0.0,0.0,0.6044861489788548,0.0,0.0
2020-12-10,0.0,0.0,0.0,0.0,0.3961313008421189,0.0,0.0,0.6038686991578811,0.0,0.0
2020-12-11,0.0,0.0,0.0,0.0,0.3968903811853709,0.0,0.0,0.603109618814629,0.0,0.0
2020-12-14,0.0,0.0,0.0,0.0,0.397825395123021,0.0,0.0,0.6021746048769789,0.0,0.0
2020-12-15,0.0,0.0,0.0,0.0,0.3943739192037676,0.0,0.0,0.6056260807962325,0.0,0.0
2020-12-16,0.0,0.0,0.0,0.0,0.3938005269586092,0.0,0.0,0.6061994730413909,0.0,0.0
2020-12-17,0.0,0.0,0.0,0.0,0.3922967777702935,0.0,0.0,0.6077032222297065,0.0,0.0
2020-12-18,0.0,0.0,0.0,0.0,0.3930516275274277,0.0,0.0,0.6069483724725723,0.0,0.0
2020-12-21,0.0,0.0,0.0,0.0,0.39406606724937826,0.0,0.0,0.6059339327506217,0.0,0.0
2020-12-22,0.0,0.0,0.0,0.0,0.3948678227270775,0.0,0.0,0.6051321772729225,0.0,0.0
2020-12-23,0.0,0.0,0.0,0.0,0.39415465476543704,0.0,0.0,0.6058453452345629,0.0,0.0
2020-12-24,0.0,0.0,0.0,0.0,0.3935666282232934,0.0,0.0,0.6064333717767066,0.0,0.0
2020-12-28,0.0,0.0,0.0,0.0,0.39154673983845284,0.0,0.0,0.6084532601615472,0.0,0.0
2020-12-29,0.0,0.0,0.0,0.0,0.39196197532047494,0.0,0.0,0.6080380246795251,0.0,0.0
2020-12-30,0.0,0.0,0.0,0.0,0.39178131053797427,0.0,0.0,0.6082186894620256,0.0,0.0
2020-12-31,0.0,0.0,0.0,0.0,0.3907332108866215,0.0,0.0,0.6092667891133785,0.0,0.0
2021-01-04,0.0,0.0,0.0,0.0,0.3940609458966873,0.0,0.0,0.6059390541033127,0.0,0.0
2021-01-05,0.0,0.0,0.0,0.0,0.3918662950462614,0.0,0.0,0.6081337049537386,0.0,0.0
2021-01-06,0.0,0.0,0.0,0.0,0.38905175955691934,0.0,0.0,0.6109482404430806,0.0,0.0
2021-01-07,0.0,0.0,0.0,0.0,0.3847148601345421,0.0,0.0,0.615285139865458,0.0,0.0
2021-01-08,0.0,0.0,0.0,0.0,0.3826922586457988,0.0,0.0,0.6173077413542013,0.0,0.0
2021-01-11,0.0,0.0,0.0,0.0,0.38383071181512307,0.0,0.0,0.6161692881848769,0.0,0.0
2021-01-12,0.0,0.0,0.0,0.0,0.38374066136635626,0.0,0.0,0.6162593386336437,0.0,0.0
2021-01-13,0.0,0.0,0.0,0.0,0.38392505035503216,0.0,0.0,0.6160749496449678,0.0,0.0
2021-01-14,0.0,0.0,0.0,0.0,0.38421483640432486,0.0,0.0,0.6157851635956751,0.0,0.0
2021-01-15,0.0,0.0,0.0,0.0,0.38658952419613496,0.0,0.0,0.613410475803865,0.0,0.0
2021-01-19,0.0,0.0,0.0,0.0,0.384876112847452,0.0,0.0,0.6151238871525478,0.0,0.0
2021-01-20,0.0,0.0,0.0,0.0,0.38172717910603,0.0,0.0,0.61827282089397,0.0,0.0
2021-01-21,0.0,0.0,0.0,0.0,0.38117356541185105,0.0,0.0,0.6188264345881489,0.0,0.0
2021-01-22,0.0,0.0,0.0,0.0,0.382368966197692,0.0,0.0,0.617631033802308,0.0,0.0
2021-01-25,0.0,0.0,0.0,0.0,0.382393487677234,0.0,0.0,0.6176065123227661,0.0,0.0
2021-01-26,0.0,0.0,0.0,0.0,0.3826831263021628,0.0,0.0,0.6173168736978372,0.0,0.0
2021-01-27,0.0,0.0,0.0,0.0,0.38882461968256715,0.0,0.0,0.6111753803174328,0.0,0.0
2021-01-28,0.0,0.0,0.0,0.0,0.3861738526176576,0.0,0.0,0.6138261473823423,0.0,0.0
2021-01-29,0.0,0.0,0.0,0.0,0.3905574647081776,0.0,0.0,0.6094425352918224,0.0,0.0
2021-02-01,0.0,0.0,0.0,0.0,0.3869311033106003,0.0,0.0,0.6130688966893997,0.0,0.0
2021-02-02,0.0,0.0,0.0,0.0,0.3830074754092347,0.0,0.0,0.6169925245907653,0.0,0.0
2021-02-03,0.0,0.0,0.0,0.0,0.3822425960653212,0.0,0.0,0.6177574039346787,0.0,0.0
2021-02-04,0.0,0.0,0.0,0.0,0.37949772617533556,0.0,0.0,0.6205022738246644,0.0,0.0
2021-02-05,0.0,0.0,0.0,0.0,0.3780746153476688,0.0,0.0,0.6219253846523312,0.0,0.0
2021-02-08,0.0,0.0,0.0,0.0,0.376483751168676,0.0,0.0,0.623516248831324,0.0,0.0
2021-02-09,0.0,0.0,0.0,0.0,0.3768192796228515,0.0,0.0,0.6231807203771486,0.0,0.0
2021-02-10,0.0,0.0,0.0,0.0,0.37751830386500107,0.0,0.0,0.6224816961349988,0.0,0.0
2021-02-11,0.0,0.0,0.0,0.0,0.3769602680199726,0.0,0.0,0.6230397319800274,0.0,0.0
2021-02-12,0.0,0.0,0.0,0.0,0.3750285844329172,0.0,0.0,0.6249714155670828,0.0,0.0
2021-02-16,0.0,0.0,0.0,0.0,0.37353540901842214,0.0,0.0,0.6264645909815779,0.0,0.0
2021-02-17,0.0,0.0,0.0,0.0,0.3736417547414044,0.0,0.0,0.6263582452585955,0.0,0.0
2021-02-18,0.0,0.0,0.0,0.0,0.3746204297797518,0.0,0.0,0.6253795702202483,0.0,0.0
2021-02-19,0.0,0.0,0.0,0.0,0.3740917608651426,0.0,0.0,0.6259082391348574,0.0,0.0
2021-02-22,0.0,0.0,0.0,0.0,0.37551866674955653,0.0,0.0,0.6244813332504435,0.0,0.0
2021-02-23,0.0,0.0,0.0,0.0,0.3754155101727643,0.0,0.0,0.6245844898272356,0.0,0.0
2021-02-24,0.0,0.0,0.0,0.0,0.37252784686655427,0.0,0.0,0.6274721531334457,0.0,0.0
2021-02-25,0.0,0.0,0.0,0.0,0.37509592873611924,0.0,0.0,0.6249040712638807,0.0,0.0
2021-02-26,0.0,0.0,0.0,0.0,0.37840760525509204,0.0,0.0,0.6215923947449079,0.0,0.0
2021-03-01,0.09803133105861807,0.10150806172682843,0.10071526855670161,0.09868752131103602,0.09874750860657701,0.102372613616155,0.10183244850626559,0.10125493980325656,0.0975529555824124,0.09929735123214936
2021-03-02,0.09897073067370589,0.10105133885368378,0.10114572523841449,0.09975509928562731,0.0994552858930751,0.10093899320321857,0.10073429344998533,0.10100140454000284,0.09808088949232772,0.09886623936995903
2021-03-03,0.10045302383269342,0.10174754517333663,0.10142483157672318,0.09953576214410725,0.0998051698769262,0.10073713093699328,0.09868357130022255,0.10055265634055596,0.09788259302348476,0.09917771579495684
2021-03-04,0.10311292427930345,0.10045051949516023,0.10154770995489237,0.09962089081168764,0.10038350495462288,0.09897892745260156,0.0981166444797589,0.10038071258698622,0.0983014560794611,0.09910670990552564
2021-03-05,0.1041405927557886,0.1004901988281616,0.10114376123150882,0.0986484258575569,0.09920239588684168,0.10002788305637506,0.0985601174491825,0.10116585922881906,0.09747017036216336,0.09915059534360239
2021-03-08,0.10359612771690856,0.09863492137142198,0.10166920534618275,0.09847584761103888,0.09967282741739268,0.10137636919963015,0.09660353139292102,0.10153884820349755,0.09755463199423525,0.10087768974677123
2021-03-09,0.1020137927374464,0.09926081589446255,0.10146251111085482,0.09903441852361813,0.09861544871894762,0.10192726413978735,0.09887996879354992,0.1014154844189465,0.09739580369715539,0.09999449196523139
2021-03-10,0.10219212914952201,0.09835692852794153,0.10142014773515973,0.09907711009071064,0.09836326706554796,0.10321649622703805,0.09813989217439285,0.10157291461705578,0.09713778587180204,0.1005233285408293
2021-03-11,0.10259528645021689,0.10034465029632707,0.10083758233429203,0.09790531091471853,0.09725024690552123,0.10433051227343589,0.09929871318428588,0.10147717881105993,0.09537915430404417,0.1005813645260983
2021-03-12,0.10244590514819259,0.09886416116352365,0.1014057689429714,0.09819348271059258,0.0968487481696206,0.10527448018853587,0.09880145663199753,0.10193184845100396,0.0936472246014214,0.10258692399214038
2021-03-15,0.10162289001216362,0.09864581970478299,0.10101815972253465,0.09817099980107126,0.09652124147235713,0.10516200103819509,0.09939707893815163,0.10206749682513229,0.09376403800437279,0.10363027448123849
2021-03-16,0.10140444129293068,0.09925230174617723,0.10138146968765166,0.09844753196003546,0.0966867203555451,0.10359893633586494,0.1001315471818468,0.1021314574387297,0.09356377930094434,0.10340181470027415
2021-03-17,0.1011788226072232,0.09915903417937709,0.10175115604825578,0.09893033334758171,0.0963107804990084,0.10418013128081346,0.10032017022304654,0.10225169483639648,0.0926569968507063,0.10326088012759092
2021-03-18,0.0981908149143292,0.09916543081091017,0.10271921333429461,0.10020318470512339,0.09750789408067635,0.10290706768875264,0.09907409543234036,0.10265688253600404,0.09344173378308081,0.10413368271448838
2021-03-19,0.09992642114909026,0.09997975064779424,0.10258067361430324,0.10021053847894544,0.09704876136057933,0.10325941151837235,0.09901644436431835,0.10204754120306972,0.09363601868188744,0.10229443898163962
2021-03-22,0.09940468270372603,0.09934054429980865,0.10232091458857756,0.09971849387973776,0.09703102084603017,0.10212832520334408,0.10052581239892641,0.10250803782768121,0.09435912797344614,0.10266304027872192
2021-03-23,0.09765789672900306,0.09848583952051387,0.10198314159579272,0.10005000489268022,0.09855384778058146,0.09947716212789565,0.10115851759087523,0.10278975500261747,0.09622997752822449,0.1036138572318157
2021-03-24,0.10066341409546846,0.09664940422015117,0.10190878415621504,0.10083097272048366,0.09911091164493278,0.09759730174798925,0.09988308872989737,0.10271004805134534,0.09716679207346285,0.10347928256005412
2021-03-25,0.09823994592166921,0.09695897766797497,0.10252183177219565,0.1003204876343427,0.09883860989119835,0.09976801446315386,0.09956712035404987,0.1031396959808924,0.09626235743166699,0.10438295888285616
2021-03-26,0.09928499590227173,0.09820019797814518,0.10251438959122866,0.09931138791096195,0.09724166672395547,0.10027994063736156,0.09976045287525295,0.10345343455255952,0.09469126972590224,0.10526226410236064
2021-03-29,0.10008397331067434,0.09818576774664713,0.1028119967321906,0.09880182442437807,0.09757125219751873,0.09812438318476477,0.10041483158513487,0.10410912773017768,0.09453034633831693,0.10536649675019687
2021-03-30,0.09864228389329223,0.09866910917906414,0.10285218866615924,0.09727856541694009,0.09765112583141015,0.09994652308095084,0.10007962389687627,0.10400982334703024,0.0951875352254932,0.1056832214627835
2021-03-31,0.09877900743287855,0.09877048330357326,0.10199303617228274,0.09835512176342555,0.0971190342948206,0.10088060477916844,0.10120065177203828,0.10400954100021947,0.09427402040291655,0.10461849907867656
2021-04-01,0.0,0.0,0.0,0.0,0.39848393051682757,0.0,0.0,0.6015160694831724,0.0,0.0
2021-04-05,0.0,0.0,0.0,0.0,0.39439771088582987,0.0,0.0,0.6056022891141701,0.0,0.0
2021-04-06,0.0,0.0,0.0,0.0,0.3956988616902815,0.0,0.0,0.6043011383097184,0.0,0.0
2021-04-07,0.0,0.0,0.0,0.0,0.39527491408118004,0.0,0.0,0.60472508591882,0.0,0.0
2021-04-08,0.0,0.0,0.0,0.0,0.394962890196022,0.0,0.0,0.605037109803978,0.0,0.0
2021-04-09,0.0,0.0,0.0,0.0,0.3926041174889928,0.0,0.0,0.6073958825110072,0.0,0.0
2021-04-12,0.0,0.0,0.0,0.0,0.3923702392354496,0.0,0.0,0.6076297607645503,0.0,0.0
2021-04-13,0.0,0.0,0.0,0.0,0.392649565986427,0.0,0.0,0.6073504340135731,0.0,0.0
2021-04-14,0.0,0.0,0.0,0.0,0.39317247883495926,0.0,0.0,0.6068275211650407,0.0,0.0
2021-04-15,0.0,0.0,0.0,0.0,0.39214833488025785,0.0,0.0,0.6078516651197422,0.0,0.0
2021-04-16,0.0,0.0,0.0,0.0,0.39070816494220023,0.0,0.0,0.6092918350577998,0.0,0.0
2021-04-19,0.0,0.0,0.0,0.0,0.39163098725031903,0.0,0.0,0.608369012749681,0.0,0.0
2021-04-20,0.0,0.0,0.0,0.0,0.3940929912211301,0.0,0.0,0.6059070087788699,0.0,0.0
2021-04-21,0.0,0.0,0.0,0.0,0.3919713269980751,0.0,0.0,0.608028673001925,0.0,0.0
2021-04-22,0.0,0.0,0.0,0.0,0.3943477003947311,0.0,0.0,0.6056522996052689,0.0,0.0
2021-04-23,0.0,0.0,0.0,0.0,0.3914631883673163,0.0,0.0,0.6085368116326836,0.0,0.0
2021-04-26,0.0,0.0,0.0,0.0,0.39071683074317076,0.0,0.0,0.6092831692568292,0.0,0.0
2021-04-27,0.0,0.0,0.0,0.0,0.3898299940719717,0.0,0.0,0.6101700059280283,0.0,0.0
2021-04-28,0.0,0.0,0.0,0.0,0.39021152710528123,0.0,0.0,0.6097884728947188,0.0,0.0
2021-04-29,0.0,0.0,0.0,0.0,0.38828402530983147,0.0,0.0,0.6117159746901685,0.0,0.0
2021-04-30,0.0,0.0,0.0,0.0,0.39005991880669294,0.0,0.0,0.609940081193307,0.0,0.0
2021-05-03,0.0,0.0,0.0,0.0,0.3899521138427835,0.0,0.0,0.6100478861572165,0.0,0.0
2021-05-04,0.0,0.0,0.0,0.0,0.39173828142455197,0.0,0.0,0.608261718575448,0.0,0.0
2021-05-05,0.0,0.0,0.0,0.0,0.39195552242197734,0.0,0.0,0.6080444775780226,0.0,0.0
2021-05-06,0.0,0.0,0.0,0.0,0.3901655159226964,0.0,0.0,0.6098344840773037,0.0,0.0
2021-05-07,0.0,0.0,0.0,0.0,0.38852451281353106,0.0,0.0,0.6114754871864689,0.0,0.0
2021-05-10,0.0,0.0,0.0,0.0,0.3904126934354261,0.0,0.0,0.6095873065645739,0.0,0.0
2021-05-11,0.0,0.0,0.0,0.0,0.3921515668719941,0.0,0.0,0.6078484331280058,0.0,0.0
2021-05-12,0.0,0.0,0.0,0.0,0.39612518545629183,0.0,0.0,0.6038748145437082,0.0,0.0
2021-05-13,0.0,0.0,0.0,0.0,0.394070075458235,0.0,0.0,0.605929924541765,0.0,0.0
2021-05-14,0.0,0.0,0.0,0.0,0.3909593456303892,0.0,0.0,0.609040654369611,0.0,0.0
2021-05-17,0.0,0.0,0.0,0.0,0.39133648228048695,0.0,0.0,0.6086635177195131,0.0,0.0
2021-05-18,0.0,0.0,0.0,0.0,0.39339948744351394,0.0,0.0,0.6066005125564861,0.0,0.0
2021-05-19,0.0,0.0,0.0,0.0,0.3933134089096956,0.0,0.0,0.6066865910903043,0.0,0.0
2021-05-20,0.0,0.0,0.0,0.0,0.3917454927590753,0.0,0.0,0.6082545072409247,0.0,0.0
2021-05-21,0.0,0.0,0.0,0.0,0.3920241166861165,0.0,0.0,0.6079758833138835,0.0,0.0
2021-05-24,0.0,0.0,0.0,0.0,0.3898384015341848,0.0,0.0,0.6101615984658152,0.0,0.0
2021-05-25,0.0,0.0,0.0,0.0,0.3912399029374779,0.0,0.0,0.6087600970625222,0.0,0.0
2021-05-26,0.0,0.0,0.0,0.0,0.3904979415562864,0.0,0.0,0.6095020584437136,0.0,0.0
2021-05-27,0.0,0.0,0.0,0.0,0.3899575477999377,0.0,0.0,0.6100424522000623,0.0,0.0
2021-05-28,0.0,0.0,0.0,0.0,0.38951160039373195,0.0,0.0,0.6104883996062681,0.0,0.0
2021-06-01,0.0,0.0,0.0,0.0,0.3896775470506642,0.0,0.0,0.6103224529493357,0.0,0.0
2021-06-02,0.0,0.0,0.0,0.0,0.38957415072435486,0.0,0.0,0.610425849275645,0.0,0.0
2021-06-03,0.0,0.0,0.0,0.0,0.3898550001918311,0.0,0.0,0.6101449998081688,0.0,0.0
2021-06-04,0.0,0.0,0.0,0.0,0.388998998100791,0.0,0.0,0.6110010018992088,0.0,0.0
2021-06-07,0.0,0.0,0.0,0.0,0.38904325681901025,0.0,0.0,0.6109567431809897,0.0,0.0
2021-06-08,0.0,0.0,0.0,0.0,0.3896756670689525,0.0,0.0,0.6103243329310475,0.0,0.0
2021-06-09,0.0,0.0,0.0,0.0,0.3907747480267114,0.0,0.0,0.6092252519732886,0.0,0.0
2021-06-10,0.0,0.0,0.0,0.0,0.3905152298098361,0.0,0.0,0.6094847701901638,0.0,0.0
2021-06-11,0.0,0.0,0.0,0.0,0.38977267615908445,0.0,0.0,0.6102273238409156,0.0,0.0
2021-06-14,0.0,0.0,0.0,0.0,0.3884997414131588,0.0,0.0,0.6115002585868413,0.0,0.0
2021-06-15,0.0,0.0,0.0,0.0,0.3889772346574756,0.0,0.0,0.6110227653425244,0.0,0.0
2021-06-16,0.0,0.0,0.0,0.0,0.38867350696079067,0.0,0.0,0.6113264930392094,0.0,0.0
2021-06-17,0.0,0.0,0.0,0.0,0.38960208761854753,0.0,0.0,0.6103979123814525,0.0,0.0
2021-06-18,0.0,0.0,0.0,0.0,0.39418343635854186,0.0,0.0,0.6058165636414581,0.0,0.0
2021-06-21,0.0,0.0,0.0,0.0,0.39003078642783656,0.0,0.0,0.6099692135721634,0.0,0.0
2021-06-22,0.0,0.0,0.0,0.0,0.3891960224396473,0.0,0.0,0.6108039775603528,0.0,0.0
2021-06-23,0.0,0.0,0.0,0.0,0.38900835570166603,0.0,0.0,0.610991644298334,0.0,0.0
2021-06-24,0.0,0.0,0.0,0.0,0.3875660961377392,0.0,0.0,0.6124339038622608,0.0,0.0
2021-06-25,0.0,0.0,0.0,0.0,0.3862299967170347,0.0,0.0,0.6137700032829654,0.0,0.0
2021-06-28,0.0,0.0,0.0,0.0,0.38649429981480893,0.0,0.0,0.6135057001851911,0.0,0.0
2021-06-29,0.0,0.0,0.0,0.0,0.3864901094013172,0.0,0.0,0.6135098905986828,0.0,0.0
2021-06-30,0.0,0.0,0.0,0.0,0.38666062023923875,0.0,0.0,0.6133393797607611,0.0,0.0
2021-07-01,0.0,0.0,0.0,0.0,0.3851815308551827,0.0,0.0,0.6148184691448173,0.0,0.0
2021-07-02,0.0,0.0,0.0,0.0,0.38423961969853154,0.0,0.0,0.6157603803014685,0.0,0.0
2021-07-06,0.0,0.0,0.0,0.0,0.3859159769871729,0.0,0.0,0.6140840230128269,0.0,0.0
2021-07-07,0.0,0.0,0.0,0.0,0.38577139092131757,0.0,0.0,0.6142286090786825,0.0,0.0
2021-07-08,0.0,0.0,0.0,0.0,0.3883213727850861,0.0,0.0,0.611678627214914,0.0,0.0
2021-07-09,0.0,0.0,0.0,0.0,0.3846050840107627,0.0,0.0,0.6153949159892372,0.0,0.0
2021-07-12,0.0,0.0,0.0,0.0,0.3836371465366977,0.0,0.0,0.6163628534633022,0.0,0.0
2021-07-13,0.0,0.0,0.0,0.0,0.38371190552267365,0.0,0.0,0.6162880944773264,0.0,0.0
2021-07-14,0.0,0.0,0.0,0.0,0.38437675000405186,0.0,0.0,0.6156232499959482,0.0,0.0
2021-07-15,0.0,0.0,0.0,0.0,0.3861812030021321,0.0,0.0,0.613818796997868,0.0,0.0
2021-07-16,0.0,0.0,0.0,0.0,0.3880088329573754,0.0,0.0,0.6119911670426246,0.0,0.0
2021-07-19,0.0,0.0,0.0,0.0,0.39357772144872677,0.0,0.0,0.6064222785512733,0.0,0.0
2021-07-20,0.0,0.0,0.0,0.0,0.38988414560325263,0.0,0.0,0.6101158543967474,0.0,0.0
2021-07-21,0.0,0.0,0.0,0.0,0.38659398035163345,0.0,0.0,0.6134060196483665,0.0,0.0
2021-07-22,0.0,0.0,0.0,0.0,0.3866440112889158,0.0,0.0,0.6133559887110841,0.0,0.0
2021-07-23,0.0,0.0,0.0,0.0,0.3838565365485691,0.0,0.0,0.6161434634514309,0.0,0.0
2021-07-26,0.0,0.0,0.0,0.0,0.38311547317808925,0.0,0.0,0.6168845268219109,0.0,0.0
2021-07-27,0.0,0.0,0.0,0.0,0.3852037916948006,0.0,0.0,0.6147962083051993,0.0,0.0
2021-07-28,0.0,0.0,0.0,0.0,0.3855021602427785,0.0,0.0,0.6144978397572216,0.0,0.0
2021-07-29,0.0,0.0,0.0,0.0,0.38379774670616296,0.0,0.0,0.616202253293837,0.0,0.0
2021-07-30,0.0,0.0,0.0,0.0,0.3856146588673917,0.0,0.0,0.6143853411326083,0.0,0.0
2021-08-02,0.0,0.0,0.0,0.0,0.38715028863289436,0.0,0.0,0.6128497113671056,0.0,0.0
2021-08-03,0.0,0.0,0.0,0.0,0.38528980099102633,0.0,0.0,0.6147101990089736,0.0,0.0
2021-08-04,0.0,0.0,0.0,0.0,0.3863980501125082,0.0,0.0,0.6136019498874917,0.0,0.0
2021-08-05,0.0,0.0,0.0,0.0,0.3840396054834393,0.0,0.0,0.6159603945165606,0.0,0.0
2021-08-06,0.0,0.0,0.0,0.0,0.38225993865158114,0.0,0.0,0.6177400613484187,0.0,0.0
2021-08-09,0.0,0.0,0.0,0.0,0.38194719001106336,0.0,0.0,0.6180528099889366,0.0,0.0
2021-08-10,0.0,0.0,0.0,0.0,0.381208944269766,0.0,0.0,0.6187910557302341,0.0,0.0
2021-08-11,0.0,0.0,0.0,0.0,0.38088653509086373,0.0,0.0,0.6191134649091363,0.0,0.0
2021-08-12,0.0,0.0,0.0,0.0,0.37993869297360966,0.0,0.0,0.6200613070263903,0.0,0.0
2021-08-13,0.0,0.0,0.0,0.0,0.3808609455140693,0.0,0.0,0.6191390544859308,0.0,0.0
2021-08-16,0.0,0.0,0.0,0.0,0.3808286709374122,0.0,0.0,0.6191713290625878,0.0,0.0
2021-08-17,0.0,0.0,0.0,0.0,0.382260048694317,0.0,0.0,0.617739951305683,0.0,0.0
2021-08-18,0.0,0.0,0.0,0.0,0.38474122933255067,0.0,0.0,0.6152587706674493,0.0,0.0
2021-08-19,0.0,0.0,0.0,0.0,0.3848987073490691,0.0,0.0,0.6151012926509308,0.0,0.0
2021-08-20,0.0,0.0,0.0,0.0,0.38280305139227766,0.0,0.0,0.6171969486077223,0.0,0.0
2021-08-23,0.0,0.0,0.0,0.0,0.38079611647975853,0.0,0.0,0.6192038835202415,0.0,0.0
2021-08-24,0.0,0.0,0.0,0.0,0.37977988527598044,0.0,0.0,0.6202201147240195,0.0,0.0
2021-08-25,0.0,0.0,0.0,0.0,0.3783612314257071,0.0,0.0,0.6216387685742929,0.0,0.0
2021-08-26,0.0,0.0,0.0,0.0,0.3797547497581369,0.0,0.0,0.620245250241863,0.0,0.0
2021-08-27,0.0,0.0,0.0,0.0,0.37842433548917165,0.0,0.0,0.6215756645108284,0.0,0.0
2021-08-30,0.0,0.0,0.0,0.0,0.37785363105191155,0.0,0.0,0.6221463689480884,0.0,0.0
2021-08-31,0.0,0.0,0.0,0.0,0.37776119143611087,0.0,0.0,0.6222388085638891,0.0,0.0
2021-09-01,0.0,0.0,0.0,0.0,0.3777366916326815,0.0,0.0,0.6222633083673185,0.0,0.0
2021-09-02,0.0,0.0,0.0,0.0,0.3772955124799807,0.0,0.0,0.6227044875200192,0.0,0.0
2021-09-03,0.0,0.0,0.0,0.0,0.37679116153419057,0.0,0.0,0.6232088384658094,0.0,0.0
2021-09-07,0.0,0.0,0.0,0.0,0.3767071959941342,0.0,0.0,0.6232928040058657,0.0,0.0
2021-09-08,0.0,0.0,0.0,0.0,0.37763765638995195,0.0,0.0,0.622362343610048,0.0,0.0
2021-09-09,0.0,0.0,0.0,0.0,0.37931003185990747,0.0,0.0,0.6206899681400926,0.0,0.0
2021-09-10,0.0,0.0,0.0,0.0,0.3804297696804407,0.0,0.0,0.6195702303195594,0.0,0.0
2021-09-13,0.0,0.0,0.0,0.0,0.38010965421299103,0.0,0.0,0.619890345787009,0.0,0.0
2021-09-14,0.0,0.0,0.0,0.0,0.3822717590183335,0.0,0.0,0.6177282409816665,0.0,0.0
2021-09-15,0.0,0.0,0.0,0.0,0.3799078508237862,0.0,0.0,0.6200921491762137,0.0,0.0
2021-09-16,0.0,0.0,0.0,0.0,0.37953673542832744,0.0,0.0,0.6204632645716726,0.0,0.0
2021-09-17,0.0,0.0,0.0,0.0,0.3811568428084659,0.0,0.0,0.618843157191534,0.0,0.0
2021-09-20,0.0,0.0,0.0,0.0,0.38632792760757206,0.0,0.0,0.6136720723924279,0.0,0.0
2021-09-21,0.0,0.0,0.0,0.0,0.38641024705854815,0.0,0.0,0.6135897529414519,0.0,0.0
2021-09-22,0.0,0.0,0.0,0.0,0.38433351567258656,0.0,0.0,0.6156664843274133,0.0,0.0
2021-09-23,0.0,0.0,0.0,0.0,0.3793369501918021,0.0,0.0,0.620663049808198,0.0,0.0
2021-09-24,0.0,0.0,0.0,0.0,0.3782390446335542,0.0,0.0,0.6217609553664458,0.0,0.0
2021-09-27,0.0,0.0,0.0,0.0,0.37828185505379935,0.0,0.0,0.6217181449462006,0.0,0.0
2021-09-28,0.0,0.0,0.0,0.0,0.38217896769830817,0.0,0.0,0.6178210323016918,0.0,0.0
2021-09-29,0.0,0.0,0.0,0.0,0.3820282429442733,0.0,0.0,0.6179717570557266,0.0,0.0
2021-09-30,0.0,0.0,0.0,0.0,0.38522357609784014,0.0,0.0,0.6147764239021599,0.0,0.0
2021-10-01,0.0,0.0,0.0,0.0,0.38339205501975204,0.0,0.0,0.6166079449802478,0.0,0.0
2021-10-04,0.0,0.0,0.0,0.0,0.3861779407438763,0.0,0.0,0.6138220592561237,0.0,0.0
2021-10-05,0.0,0.0,0.0,0.0,0.38298901273978436,0.0,0.0,0.6170109872602155,0.0,0.0
2021-10-06,0.0,0.0,0.0,0.0,0.3820709479320565,0.0,0.0,0.6179290520679436,0.0,0.0
2021-10-07,0.0,0.0,0.0,0.0,0.37909782043864415,0.0,0.0,0.6209021795613558,0.0,0.0
2021-10-08,0.0,0.0,0.0,0.0,0.37901382651191884,0.0,0.0,0.6209861734880812,0.0,0.0
2021-10-11,0.0,0.0,0.0,0.0,0.3801479362347568,0.0,0.0,0.6198520637652432,0.0,0.0
2021-10-12,0.0,0.0,0.0,0.0,0.38180111194661115,0.0,0.0,0.6181988880533889,0.0,0.0
2021-10-13,0.0,0.0,0.0,0.0,0.38140602734056084,0.0,0.0,0.6185939726594393,0.0,0.0
2021-10-14,0.0,0.0,0.0,0.0,0.37803004932765155,0.0,0.0,0.6219699506723484,0.0,0.0
2021-10-15,0.0,0.0,0.0,0.0,0.37508409375006935,0.0,0.0,0.6249159062499305,0.0,0.0
2021-10-18,0.0,0.0,0.0,0.0,0.37406420763347864,0.0,0.0,0.6259357923665213,0.0,0.0
2021-10-19,0.0,0.0,0.0,0.0,0.37142811427911815,0.0,0.0,0.6285718857208819,0.0,0.0
2021-10-20,0.0,0.0,0.0,0.0,0.37041105649359113,0.0,0.0,0.6295889435064088,0.0,0.0
2021-10-21,0.0,0.0,0.0,0.0,0.3691897271919799,0.0,0.0,0.6308102728080202,0.0,0.0
2021-10-22,0.0,0.0,0.0,0.0,0.3700249196302839,0.0,0.0,0.629975080369716,0.0,0.0
2021-10-25,0.0,0.0,0.0,0.0,0.36906488228380185,0.0,0.0,0.6309351177161981,0.0,0.0
2021-10-26,0.0,0.0,0.0,0.0,0.3691409533407154,0.0,0.0,0.6308590466592845,0.0,0.0
2021-10-27,0.0,0.0,0.0,0.0,0.3714790131431694,0.0,0.0,0.6285209868568307,0.0,0.0
2021-10-28,0.0,0.0,0.0,0.0,0.3686309472960267,0.0,0.0,0.6313690527039733,0.0,0.0
2021-10-29,0.0,0.0,0.0,0.0,0.36826083899107837,0.0,0.0,0.6317391610089217,0.0,0.0
2021-11-01,0.0,0.0,0.0,0.0,0.36784278035967904,0.0,0.0,0.632157219640321,0.0,0.0
2021-11-02,0.0,0.0,0.0,0.0,0.3674723278538161,0.0,0.0,0.6325276721461839,0.0,0.0
2021-11-03,0.0,0.0,0.0,0.0,0.36533032433453005,0.0,0.0,0.63466967566547,0.0,0.0
2021-11-04,0.0,0.0,0.0,0.0,0.36549273665626,0.0,0.0,0.63450726334374,0.0,0.0
2021-11-05,0.0,0.0,0.0,0.0,0.3659557138063763,0.0,0.0,0.6340442861936237,0.0,0.0
2021-11-08,0.0,0.0,0.0,0.0,0.36475371358275915,0.0,0.0,0.6352462864172409,0.0,0.0
2021-11-09,0.0,0.0,0.0,0.0,0.3665863930715949,0.0,0.0,0.633413606928405,0.0,0.0
2021-11-10,0.0,0.0,0.0,0.0,0.36646722035126833,0.0,0.0,0.6335327796487317,0.0,0.0
2021-11-11,0.0,0.0,0.0,0.0,0.3656426407313407,0.0,0.0,0.6343573592686593,0.0,0.0
2021-11-12,0.0,0.0,0.0,0.0,0.3643858853794002,0.0,0.0,0.6356141146205997,0.0,0.0
2021-11-15,0.0,0.0,0.0,0.0,0.36339604590882446,0.0,0.0,0.6366039540911754,0.0,0.0
2021-11-16,0.0,0.0,0.0,0.0,0.36228026067651004,0.0,0.0,0.6377197393234899,0.0,0.0
2021-11-17,0.0,0.0,0.0,0.0,0.36367232676067773,0.0,0.0,0.6363276732393223,0.0,0.0
2021-11-18,0.0,0.0,0.0,0.0,0.3630293293169886,0.0,0.0,0.6369706706830114,0.0,0.0
2021-11-19,0.0,0.0,0.0,0.0,0.36406882849857347,0.0,0.0,0.6359311715014265,0.0,0.0
2021-11-22,0.0,0.0,0.0,0.0,0.36302276952309964,0.0,0.0,0.6369772304769004,0.0,0.0
2021-11-23,0.0,0.0,0.0,0.0,0.3617620467005157,0.0,0.0,0.6382379532994844,0.0,0.0
2021-11-24,0.0,0.0,0.0,0.0,0.361857063084527,0.0,0.0,0.6381429369154731,0.0,0.0
2021-11-26,0.0,0.0,0.0,0.0,0.37006601046525106,0.0,0.0,0.6299339895347489,0.0,0.0
2021-11-29,0.0,0.0,0.0,0.0,0.36670423964683974,0.0,0.0,0.6332957603531602,0.0,0.0
2021-11-30,0.0,0.0,0.0,0.0,0.372675399414698,0.0,0.0,0.6273246005853019,0.0,0.0
2021-12-01,0.0,0.0,0.0,0.0,0.3757318122008845,0.0,0.0,0.6242681877991154,0.0,0.0
2021-12-02,0.0,0.0,0.0,0.0,0.3716688872148515,0.0,0.0,0.6283311127851485,0.0,0.0
2021-12-03,0.0,0.0,0.0,0.0,0.3750849790534578,0.0,0.0,0.6249150209465423,0.0,0.0
2021-12-06,0.0,0.0,0.0,0.0,0.3711623057207005,0.0,0.0,0.6288376942792995,0.0,0.0
2021-12-07,0.0,0.0,0.0,0.0,0.3655129141868949,0.0,0.0,0.6344870858131052,0.0,0.0
2021-12-08,0.0,0.0,0.0,0.0,0.3641557090597372,0.0,0.0,0.6358442909402626,0.0,0.0
2021-12-09,0.0,0.0,0.0,0.0,0.36631011506925626,0.0,0.0,0.6336898849307437,0.0,0.0
2021-12-10,0.0,0.0,0.0,0.0,0.36429863164816134,0.0,0.0,0.6357013683518387,0.0,0.0
2021-12-13,0.0,0.0,0.0,0.0,0.3674667963549364,0.0,0.0,0.6325332036450636,0.0,0.0
2021-12-14,0.0,0.0,0.0,0.0,0.368670912205567,0.0,0.0,0.631329087794433,0.0,0.0
2021-12-15,0.0,0.0,0.0,0.0,0.36472880637603133,0.0,0.0,0.6352711936239687,0.0,0.0
2021-12-16,0.0,0.0,0.0,0.0,0.3674590365118967,0.0,0.0,0.6325409634881033,0.0,0.0
2021-12-17,0.0,0.0,0.0,0.0,0.37047268323539023,0.0,0.0,0.6295273167646097,0.0,0.0
2021-12-20,0.0,0.0,0.0,0.0,0.3727677737260456,0.0,0.0,0.6272322262739545,0.0,0.0
2021-12-21,0.0,0.0,0.0,0.0,0.36773617325965,0.0,0.0,0.6322638267403501,0.0,0.0
2021-12-22,0.0,0.0,0.0,0.0,0.36564686711873257,0.0,0.0,0.6343531328812674,0.0,0.0
2021-12-23,0.0,0.0,0.0,0.0,0.36372799506486336,0.0,0.0,0.6362720049351366,0.0,0.0
2021-12-27,0.0,0.0,0.0,0.0,0.36056197424856323,0.0,0.0,0.6394380257514368,0.0,0.0
2021-12-28,0.0,0.0,0.0,0.0,0.3607105813685172,0.0,0.0,0.6392894186314827,0.0,0.0
2021-12-29,0.0,0.0,0.0,0.0,0.35923436329767994,0.0,0.0,0.6407656367023201,0.0,0.0
2021-12-30,0.0,0.0,0.0,0.0,0.3606338409300676,0.0,0.0,0.6393661590699324,0.0,0.0
2021-12-31,0.0,0.0,0.0,0.0,0.36095522150426934,0.0,0.0,0.6390447784957306,0.0,0.0
2022-01-03,0.0,0.0,0.0,0.0,0.35747468020039785,0.0,0.0,0.6425253197996023,0.0,0.0
2022-01-04,0.0,0.0,0.0,0.0,0.3574305892182979,0.0,0.0,0.6425694107817022,0.0,0.0
2022-01-05,0.0,0.0,0.0,0.0,0.3609210519612137,0.0,0.0,0.6390789480387863,0.0,0.0
2022-01-06,0.0,0.0,0.0,0.0,0.3605675995011136,0.0,0.0,0.6394324004988863,0.0,0.0
2022-01-07,0.0,0.0,0.0,0.0,0.3607255599943033,0.0,0.0,0.6392744400056967,0.0,0.0
2022-01-10,0.0,0.0,0.0,0.0,0.3609512654646756,0.0,0.0,0.6390487345353244,0.0,0.0
2022-01-11,0.0,0.0,0.0,0.0,0.35941323664436703,0.0,0.0,0.640586763355633,0.0,0.0
2022-01-12,0.0,0.0,0.0,0.0,0.35883254006931564,0.0,0.0,0.6411674599306844,0.0,0.0
2022-01-13,0.0,0.0,0.0,0.0,0.3627658692036006,0.0,0.0,0.6372341307963995,0.0,0.0
2022-01-14,0.0,0.0,0.0,0.0,0.36107690656688424,0.0,0.0,0.6389230934331157,0.0,0.0
2022-01-18,0.0,0.0,0.0,0.0,0.3634541194724626,0.0,0.0,0.6365458805275374,0.0,0.0
2022-01-19,0.0,0.0,0.0,0.0,0.3664325000967659,0.0,0.0,0.633567499903234,0.0,0.0
2022-01-20,0.0,0.0,0.0,0.0,0.369518668867188,0.0,0.0,0.630481331132812,0.0,0.0
2022-01-21,0.0,0.0,0.0,0.0,0.37550270131338553,0.0,0.0,0.6244972986866145,0.0,0.0
2022-01-24,0.0,0.0,0.0,0.0,0.37430182467720446,0.0,0.0,0.6256981753227955,0.0,0.0
2022-01-25,0.0,0.0,0.0,0.0,0.37687058943843466,0.0,0.0,0.6231294105615653,0.0,0.0
2022-01-26,0.0,0.0,0.0,0.0,0.3757872256011684,0.0,0.0,0.6242127743988315,0.0,0.0
2022-01-27,0.0,0.0,0.0,0.0,0.377934708189001,0.0,0.0,0.622065291810999,0.0,0.0
2022-01-28,0.0,0.0,0.0,0.0,0.37272509001169923,0.0,0.0,0.6272749099883007,0.0,0.0
2022-01-31,0.0,0.0,0.0,0.0,0.3685611901906835,0.0,0.0,0.6314388098093165,0.0,0.0
2022-02-01,0.10003795159063478,0.1002500031089182,0.10058416564435824,0.09972096691486519,0.09950331428160232,0.10068763322012607,0.10031586432119581,0.1003112219076256,0.09930727620774157,0.09928160280293226
2022-02-02,0.10004344563585253,0.09969370659760107,0.1009352186473435,0.0996894726124091,0.09931547237634554,0.09929596538810272,0.10073377724305113,0.10088786252771195,0.09925227306991675,0.10015280590166557
2022-02-03,0.10160308576233715,0.09995359517626953,0.10066420356048035,0.10087649967438451,0.1002118580285121,0.09871722285570299,0.09793968730228217,0.09983146722605307,0.09979193675899632,0.10041044365498179
2022-02-04,0.10237527113975685,0.10016620363478554,0.10086824225754817,0.10099728247388517,0.09940855448487707,0.09910790420715779,0.09914102319632104,0.10026637433807128,0.09828690058479822,0.09938224368279898
2022-02-07,0.10257309115324931,0.09993465056091075,0.1010146259532542,0.10171876197073038,0.09940981617115176,0.09957190067283271,0.098318221512453,0.09991887336491694,0.09832529260109918,0.09921476603940187
2022-02-08,0.10136421003904052,0.10059199383836574,0.10121979705087829,0.10171633965022608,0.09878371585523048,0.1009590222479494,0.09911749365688156,0.10043159611798516,0.09736793148036552,0.09844790006307717
2022-02-09,0.10111583738817881,0.10089819179750376,0.1015764353145891,0.10078989573371802,0.09768437831491816,0.10159368209231893,0.09995621194999826,0.1006313104681436,0.09633516242688017,0.09941889451375126
2022-02-10,0.10193972442938498,0.1015782943060636,0.10163381039286518,0.10175833984540719,0.09808928914079972,0.1013810257300888,0.09900851527676224,0.10015320764118527,0.09607984854777088,0.09837794468967216
2022-02-11,0.10389817050679354,0.10046145158527583,0.10052294769176984,0.10413596934054209,0.09952505307665295,0.10077894518356391,0.09627332143928367,0.09859360834010288,0.09791698012816595,0.0978935527078495
2022-02-14,0.10481535822152775,0.10012160028791889,0.10023373577936234,0.10507225862283283,0.09919341369395253,0.1007922818320393,0.09674164160675959,0.09862709574169383,0.0970488830856381,0.09735373112827479
2022-02-15,0.10233715137138524,0.10153544453951181,0.10131589768138374,0.10330176978735624,0.0981629535536227,0.10272640749512625,0.09841127689722905,0.0994739538087938,0.09523510451570717,0.097500040349884
2022-02-16,0.1020790174607865,0.10188331914103925,0.10131021774262623,0.1039645387787997,0.09799146686721169,0.10254661965095777,0.09800969955029346,0.09920413883898377,0.09543273820102942,0.09757824376827215
2022-02-17,0.10375763116874796,0.10151013988906052,0.10048115683316383,0.10623707311560808,0.09931179708268183,0.10072686727769926,0.09586288715531117,0.09786946648229354,0.09691942472793698,0.09732355626749688
2022-02-18,0.10447001930799726,0.10079648550383044,0.10035176777413413,0.10647301268330694,0.09992886971539959,0.10015601849708748,0.09504970928722865,0.09752322874267633,0.0982292590595685,0.09702162942877071
2022-02-22,0.10642639288953967,0.09980888830120162,0.09961807593686864,0.10716781190114462,0.10036227291939344,0.09918225907664689,0.09451164220279798,0.09690378543152649,0.09892115801163705,0.09709771332924368
2022-02-23,0.10850615784554955,0.09964047664257504,0.09979839841406463,0.10873700038892256,0.1008461455527136,0.09830830854958504,0.0930198757124023,0.09614521630436107,0.0985421480900832,0.09645627249974305
2022-02-24,0.10837452182706886,0.09705606552146834,0.0979277259287888,0.10745176035579296,0.10053688777671661,0.10034075210535606,0.09562613703990731,0.09706467385790767,0.09807413416272853,0.0975473414242647
2022-02-25,0.10562529336809652,0.09782159381509523,0.09932951325421328,0.10597815411587035,0.09946255445615294,0.10153157663703549,0.09609731278278073,0.09817276311332626,0.09712333007698264,0.0988579083804466
2022-02-28,0.10721517167226416,0.09635173721305777,0.0972490538439185,0.10686702181105585,0.1003960722913277,0.10174314587329099,0.09619488212829758,0.09772988909986134,0.09905782792353031,0.09719519814339561
2022-03-01,0.11157365727620171,0.09511304194160744,0.09516364714302383,0.10885348787019504,0.10141620014168307,0.09986823254138967,0.09476153309941557,0.09628158097902406,0.10024494495980242,0.0967236740476572
2022-03-02,0.11447306082124754,0.09466581275415924,0.09574031154344159,0.10702853759982747,0.09925003402330117,0.10158915429788486,0.09573245780084218,0.09742273324414638,0.09619618014107678,0.09790171777407271
2022-03-03,0.11597607620820875,0.09353763748411457,0.09405757170037264,0.10790103077078078,0.09989548800736772,0.1006048399461735,0.09457116416046349,0.09714956773820026,0.0973883582123179,0.09891826577200039
2022-03-04,0.12068767342474009,0.0915224889049613,0.09120697734622096,0.10946970198169743,0.10074837581870434,0.09889402820041072,0.09307300837155907,0.09622834719933139,0.09893398374534716,0.09923541500702743
2022-03-07,0.12506590689261898,0.08934145279564293,0.08956083331844861,0.11266598312953356,0.10173741581926027,0.09779701265547373,0.09090657142339471,0.09471077431595976,0.09956592973353794,0.09864811991612957
2022-03-08,0.12674692204376548,0.08931645720740032,0.09001929197175838,0.11534006882663438,0.10072078198099813,0.09799024810540975,0.09016482846146116,0.09366108932007575,0.09821664368709089,0.09782366839540581
2022-03-09,0.11653334808765757,0.09173169327460093,0.09366860073628405,0.111774806105675,0.09997533998283929,0.10062747550762736,0.09329506036126792,0.09605331932007637,0.09713393721432419,0.09920641940964729
2022-03-10,0.11596391325421275,0.09066120373619975,0.09321445345390153,0.11293060252059059,0.10023261779500524,0.10116949322036657,0.092923007913035,0.09630772907201675,0.096427391372471,0.10016958766220077
2022-03-11,0.11878997377405885,0.08938640214917941,0.09285392505709035,0.11292356270462373,0.1009083195775719,0.10025353267064815,0.09163425325537926,0.0957501674408565,0.09742879210615207,0.10007107126443977
2022-03-14,0.11710913418003333,0.08858177035574125,0.09516509957214599,0.11295314931817874,0.10118186407914291,0.09973405194575817,0.09127382167001738,0.09653037329542265,0.09663555692239238,0.10083517866116724
2022-03-15,0.11387855933509661,0.08843755849808602,0.09577693014951597,0.11050024729439674,0.1008252224472112,0.10101201854528305,0.09384800317565545,0.0983504455844695,0.09617087425934774,0.10120014071093762
2022-03-16,0.11057026923195466,0.09358243032550971,0.09716166264519756,0.10889176860738335,0.09860366141930228,0.10203478966751478,0.09531503756739576,0.09845153448524852,0.09510504555479259,0.10028380049570082
2022-03-17,0.11463655788573056,0.09210729553077887,0.09693123681588481,0.10825315702995926,0.09736051167230005,0.1025274869382276,0.0954366169441264,0.09861654702775999,0.09338604081228812,0.10074454934294436
2022-03-18,0.11433039879083107,0.0927403690217877,0.09715551422896113,0.10651477780189318,0.09693092920631352,0.10284745953739036,0.09667583586696307,0.09896559148670454,0.09383334121306773,0.10000578284608762
2022-03-21,0.11886747639774482,0.0915104173297666,0.0967624685654009,0.10756516906717654,0.09587979877359319,0.10216405342019627,0.09661951766227274,0.09915469231876285,0.09186250802128187,0.09961389844380414
2022-03-22,0.11810855126853179,0.09278434821513953,0.09726875458450994,0.10634305351977442,0.09495942079503095,0.10276118920732082,0.09811040966730113,0.09989955478002296,0.09031006688265895,0.09945465107970951
2022-03-23,0.12109867707234902,0.09221504046063131,0.09605154746387913,0.10784580512558065,0.09564256382983807,0.10102533627974507,0.09674541670571901,0.09865887904052038,0.09233213226770988,0.0983846017540275
2022-03-24,0.11928565125615974,0.09223159827751709,0.0964507450977871,0.10807408601443391,0.09462441456142354,0.10166516031602917,0.09839072005470946,0.09963467413658687,0.09114112666286352,0.09850182362248955
2022-03-25,0.12025466138237183,0.09156443766345945,0.09657060679546653,0.10770680511458365,0.09371884299915761,0.10187469996726517,0.09837746189457802,0.10019135641718234,0.0899396203755974,0.09980150739033801
2022-03-28,0.1153626086539417,0.09213492381315874,0.09653465326174926,0.10605184079641952,0.09420243193563836,0.10220392561081693,0.10018839440784175,0.10119571185828333,0.09097081687802551,0.10115469278412495
2022-03-29,0.11420345411067086,0.09240725572167478,0.09730889080631742,0.10463042361117497,0.09336140770376565,0.10348731757708314,0.10050176266252829,0.1010293499527489,0.09038895773849102,0.10268118011554488
2022-03-30,0.11640662771268542,0.0922608992558975,0.0970283717640289,0.10560307763651602,0.09384531862036048,0.10153635946414599,0.09951567800510089,0.10053076747165388,0.09120784774176328,0.10206505232784764
2022-03-31,0.11538982393255105,0.09177214041139328,0.09636578368554274,0.10669026928298685,0.0949514401633565,0.10145949471926669,0.09925554849891302,0.09996377975684136,0.0923348176482655,0.10181690190088305
2022-04-01,0.11551322298216372,0.09279103508474748,0.09674212024245833,0.1054366517451179,0.09382200855485236,0.10204036721722692,0.09852983219399948,0.09970386199587157,0.09218405337382381,0.10323684660973828
2022-04-04,0.11694516404245177,0.09381086031219721,0.09649743521373276,0.10525466670463773,0.09314713548062656,0.1015389671252767,0.09990066171274777,0.09990022414411365,0.09094461887373681,0.10206026639047922
2022-04-05,0.11765388139755201,0.09341051872616174,0.09656243044930313,0.10610240189225764,0.09336335482920431,0.10056462092125122,0.09908997119153493,0.10005967194919588,0.09017079369920497,0.10302235494433433
2022-04-06,0.11760071243880821,0.09288224625465095,0.09612589536971128,0.10715177212666858,0.09373582657548706,0.09988425412676274,0.0976684652288613,0.09980497725754389,0.09011437245359431,0.10503147816791165
2022-04-07,0.11815240583227864,0.09225985032026787,0.09645933041548692,0.1076933767149539,0.09362188115037091,0.09968576743566897,0.09802454174743232,0.10043477919354132,0.0895487191846709,0.10411934800532814
2022-04-08,0.11980146450465229,0.09247450052288048,0.0966374584199335,0.10852361124363899,0.09328147811583096,0.09903293647337003,0.09679289217715553,0.10030989624898155,0.08870586063195532,0.1044399016616012
2022-04-11,0.12004746203837315,0.09226914777391904,0.09660835334509958,0.11019305657556291,0.09379656084693072,0.09938756980933963,0.09548322615442888,0.0996180258744795,0.08820763401737133,0.10438896356449529
2022-04-12,0.12324071940182825,0.0916911771585763,0.09558598163944136,0.1106927110951261,0.09395511388570404,0.0993901812495381,0.09478339312074696,0.09893941108846653,0.08781119491662452,0.10391011644394797
2022-04-13,0.12451286306902101,0.09183339148893198,0.09551160259603615,0.10995342770758228,0.09308794990300895,0.10012473574351151,0.09560632015217159,0.09893054598255926,0.0869855194813113,0.10345364387586597
2022-04-14,0.1265216677211086,0.09141879526192442,0.09588782784701735,0.11052602548184234,0.09303740925678827,0.09999964130088422,0.09421785749132908,0.0985329621022818,0.08596976600149274,0.10388804753533132
2022-04-18,0.12806033163549868,0.09117842516693316,0.09540153223725836,0.11095312178661704,0.0928385036198641,0.09940206640172021,0.09436235539832467,0.09864885633730106,0.08560800588652027,0.10354680152996244
2022-04-19,0.12455695884679396,0.09056774542881739,0.0956901382980555,0.1090888659428601,0.092068228576465,0.10120998878627684,0.09630594862139288,0.10006937828387347,0.08482100509109396,0.10562174212437081
2022-04-20,0.12421235422183559,0.08968462853761824,0.09595816790601264,0.10920126974771613,0.09243023209385924,0.1012059362850762,0.09453641216105611,0.0996106225341315,0.08619534751518687,0.1069650289975074
2022-04-21,0.12540380869732334,0.08892876441225489,0.09597367216431973,0.11001525830183846,0.09293585139803814,0.10003340136197561,0.09360342804440251,0.09920541128585321,0.08650312370815227,0.10739728062584177
2022-04-22,0.12499943723254962,0.08956928338512306,0.09593881738381829,0.11071426388360016,0.09449052765782935,0.09902593447472437,0.09263210156692654,0.0980495677672663,0.08735409412619911,0.10722597252196328
2022-04-25,0.12413594969330564,0.08895518029713034,0.09552003506383304,0.10877484808405215,0.09514146214683221,0.09967325653370306,0.09386536200400233,0.09866358768536587,0.08826847686709038,0.1070018416246849
2022-04-26,0.12743604136867545,0.08811328625229684,0.0940278840851543,0.11032223853973142,0.09699089933834915,0.09775579986719556,0.09146783444996255,0.0970211409932145,0.09028767892417039,0.10657719618124986
2022-04-27,0.12846826625549046,0.08924247912535788,0.09456293053797624,0.10961307020794843,0.09656016128496589,0.09746037477896488,0.0914621556215634,0.09740461182110453,0.08923106925214859,0.10599488111447973
2022-04-28,0.12778345775802963,0.08929953478288803,0.09460023823700098,0.10870847256423224,0.09511108897415628,0.09793170180596453,0.0934245394963469,0.09850907570337669,0.08815062417413344,0.1064812665038714
2022-04-29,0.129269012529043,0.09135011518779958,0.09530535535255054,0.11079861853221996,0.09643483752190499,0.09694305403559457,0.09094629668283301,0.09670357796551352,0.08868995392191731,0.10355917827062354
2022-05-02,0.13151558951704623,0.09141153375805106,0.0952681137364112,0.10897174584987333,0.09591656497441291,0.09816472963181969,0.09265807342321473,0.09748911269209432,0.08733485983620778,0.10126967658086865
2022-05-03,0.12926955841243828,0.09178936758557349,0.09567359734808871,0.10891422494730946,0.09572517828848,0.09869143321373168,0.09246309389590313,0.09762566251582289,0.08764506603784465,0.10220281775480779
2022-05-04,0.13084584519220943,0.09106937221657199,0.0955571043244729,0.10795642523165855,0.09456819326933678,0.09945709937477239,0.09382719398936885,0.09874407160791376,0.08650329256031847,0.10147140223337679
2022-05-05,0.1336067571581823,0.09003484571614948,0.09493274536931577,0.11039690896242783,0.09610239559406772,0.09795315525775376,0.09146452441817018,0.09775988054901592,0.08636431389088049,0.10138447308403652
2022-05-06,0.1348500140249788,0.0895295289523519,0.09478460591464041,0.1114903823103283,0.0963410556703431,0.09711624993672392,0.09111291078454183,0.09797665255827051,0.08579246684058967,0.10100613300723163
2022-05-09,0.13231280389108213,0.08935391306625506,0.09446747790462678,0.11291588602148452,0.09974099064817327,0.09560495220347927,0.08997005608811064,0.09746353966529128,0.08894162920241085,0.09922875130908629
2022-05-10,0.13151920921825366,0.08977411418546526,0.09516970436573162,0.11195368747867218,0.10006630706496726,0.09562492930529355,0.09105608473662727,0.09768122689864771,0.08974140709624605,0.09741332965009548
2022-05-11,0.13495861280099516,0.08928218327756776,0.09475085114541419,0.11304202491225038,0.10083850677031418,0.09339105688922851,0.08849174918210745,0.09627766102455725,0.0916119443198603,0.09735540967770487
2022-05-12,0.13562406441445646,0.08871515449222583,0.09453830302033364,0.11133157677241817,0.10119276338007266,0.0945053836117673,0.08830069727898027,0.0961969469430883,0.09145987807863985,0.09813523200801745
2022-05-13,0.13541373283977115,0.0897939967775472,0.09569767129239054,0.10876271089947527,0.09914438900308552,0.09602944841432057,0.09019156056050107,0.0970108075113392,0.08874856268697619,0.09920712001459339
2022-05-16,0.137527141956339,0.08936844458824332,0.09570764076443528,0.10971330650240392,0.09948110202229331,0.09549547759374813,0.08907561409431397,0.09654077377432008,0.08858664790774408,0.09850385079615899
2022-05-17,0.13488090989966237,0.09078825425477668,0.0966678401161905,0.10810284948877898,0.09789357205680123,0.09758420744926481,0.09061034512929834,0.0976938672500605,0.08677645393613706,0.09900170041902942
2022-05-18,0.13458229349660983,0.09037314623533914,0.09623508861868382,0.11030865884506952,0.1005506888930654,0.09603503946229335,0.08787367504484192,0.09561789484526498,0.09038665256519181,0.09803686199364009
2022-05-19,0.13562193032827535,0.09135671684952291,0.09668206130146623,0.11138055965557205,0.10041666421120257,0.09572097881044368,0.08697386404235749,0.09456586710201857,0.09015851345590728,0.09712284424323386
2022-05-20,0.13541717701564035,0.09146623045208609,0.09705677601269252,0.11113081972684224,0.1005865695105068,0.09519644275971159,0.08644881866657579,0.09432919001981789,0.0909139090799805,0.09745406675614633
2022-05-23,0.1354524701511059,0.09149230329796389,0.0979934839337892,0.11084419311796619,0.09925688514424523,0.09565468269709866,0.08725379798732837,0.09540258684737579,0.08877449814834314,0.09787509867478358
2022-05-24,0.1355697505290621,0.09004481597294933,0.09799136722815804,0.11185406481572722,0.10027068240508129,0.09438624945756531,0.08553327251842816,0.09482360905312032,0.09066902559475357,0.09885716242515467
2022-05-25,0.13573325359277968,0.08995698819489638,0.097445727077091,0.11052837900736488,0.09988446304206879,0.09552227712587023,0.0862223358089746,0.09510105263649819,0.09049436283617769,0.09911116067827863
2022-05-26,0.13587923106739075,0.09047255417740839,0.09756085150864072,0.10924808163401387,0.09886290901693902,0.09670236392504736,0.08774710319064657,0.0960552926303055,0.08920629457325406,0.09826531827635382
2022-05-27,0.135497652208227,0.09019025483169253,0.09730680460659255,0.1077201331893506,0.09756960794068946,0.09786631099086812,0.08929733659879237,0.0969864281703616,0.08812747821156812,0.09943799325185763
2022-05-31,0.1355683127170227,0.09213886378156078,0.09744905041165045,0.10745112977467332,0.0972722621062819,0.0973730226359122,0.08972569801371086,0.09716263261352584,0.0869068230353441,0.09895220491031782
2022-06-01,0.13674727266037978,0.09183979590997353,0.09678702738459201,0.10854821213699477,0.09709372797753986,0.09719082386952073,0.08940199746441035,0.09674457105340438,0.08713882762560309,0.0985077439175814
2022-06-02,0.1376287513016015,0.09192892915834,0.09721876761334532,0.10812675263492628,0.09568036624019413,0.09797188012865746,0.09038119291761709,0.09701005304882254,0.08578931121384689,0.09826399574264885
2022-06-03,0.14021889031368948,0.09127342900751928,0.0967187324016776,0.1080214897540518,0.09637963893999194,0.09798980555836846,0.08884580217945373,0.09630272256974633,0.08639865381017893,0.09785083546532244
2022-06-06,0.1409126344504228,0.09182342469212523,0.09716499713919852,0.10760970593135383,0.09571288857511352,0.09847262194751563,0.089194703831337,0.09665334947935803,0.08485553162677725,0.09760014232679819
2022-06-07,0.1407058317065695,0.09135959597331444,0.09666927546639942,0.10743618059307716,0.09532212738300341,0.09925250103265999,0.08923733277792491,0.09679218254697733,0.08507909947861926,0.09814587304145457
2022-06-08,0.14286335901392982,0.09243364170457684,0.09592383068232278,0.10801724915198871,0.09556969114616311,0.09833822410322528,0.08915680650503444,0.0963467949230324,0.08485983925050043,0.09649056351922623
2022-06-09,0.14499990042227173,0.09144603264529094,0.09515770867987196,0.10910468903495887,0.09675450690147634,0.0975797760230057,0.08792215389319209,0.09530564707222476,0.08627423702503352,0.09545534830267406
2022-06-10,0.14581831190169184,0.09184755280313346,0.09431183160055778,0.11229557279960502,0.09730028483491668,0.0964157935495963,0.08614634990648412,0.09398811629905164,0.08707879551183136,0.09479739079313183
2022-06-13,0.1489823019952239,0.09158510782993153,0.0942304257355861,0.11297244647955619,0.0987556724800528,0.09494789356855783,0.0848778201872622,0.09343230734915321,0.08715674469824546,0.09305927967643086
2022-06-14,0.14812996979891663,0.09335368435075707,0.09384366061096104,0.11267109341145833,0.09849409229747418,0.09499871418952141,0.0854892885926044,0.09365181235875893,0.08652027927075508,0.09284740511879298
2022-06-15,0.14609601007529785,0.09322144839116758,0.09422414133503933,0.11249818292581723,0.09843098627742283,0.0950018539035256,0.08636252076787163,0.0936193457683941,0.08686553000537872,0.09367998055008496
2022-06-16,0.14899376512160442,0.09175238342421053,0.09356572366054194,0.11551180859627014,0.10059687815114703,0.09199442552762387,0.08415211346508204,0.09191243575726288,0.08890106480867843,0.09261940148757883
2022-06-17,0.1441590818001342,0.0924090679201889,0.09349885540882044,0.11494562137094674,0.10096396685328983,0.09302333085862724,0.08546057875758106,0.09241903160296175,0.08948622907316599,0.09363423635428383
2022-06-21,0.1427314272529132,0.09319771804153748,0.09420341425383316,0.11365970464598654,0.09968888951250715,0.09398217154443333,0.08696148581386545,0.09403699567698602,0.08731137820451713,0.09422681505342034
2022-06-22,0.1401858532162113,0.09153397801492266,0.09357040886075611,0.1141138187287205,0.1009500326056482,0.09380426988157126,0.08683554789661337,0.09386747448861059,0.08971339101674451,0.0954252252902015
2022-06-23,0.13665923623891837,0.09155661277516723,0.09320535585686372,0.11309963992820019,0.1012383793862985,0.09466433562479401,0.08788422313875911,0.09452456449900166,0.09019934949987268,0.09696830305212448
2022-06-24,0.13584339054232059,0.09228991840978407,0.09452139461560977,0.11125799576207743,0.0993357994789426,0.0961030484396669,0.08950471877064813,0.09603765668806426,0.08758979235042069,0.09751628494246563
2022-06-27,0.13593312701243665,0.09266519547068719,0.09438784691617014,0.11144854723495373,0.09905590750826486,0.09673305924896167,0.08910019436307672,0.09594183617357993,0.08708878143992152,0.09764550463194768
2022-06-28,0.13851365666231744,0.09273713352424402,0.09440131012416192,0.11203944585361233,0.09987439313185169,0.09557739718026415,0.08698699262417828,0.09463572678457102,0.08810366454626056,0.0971302795685386
2022-06-29,0.13648881212276875,0.09260930288766991,0.09428540904032791,0.11224323437472376,0.10093817493053106,0.09485220578675516,0.08729199930825038,0.09480327801427792,0.08971031145793767,0.09677727207675739
2022-06-30,0.13320874045409264,0.09282777377796857,0.09444177680938586,0.11235414513855127,0.10243668913209404,0.09478212400005717,0.08682210035712065,0.09470151946185977,0.0911414365486812,0.0972836943201888
2022-07-01,0.1329663801350901,0.09163403203660356,0.09403733414619271,0.11151235256677881,0.10284453202186362,0.09528985923171283,0.08681254942521084,0.0950650835324494,0.09146330763835679,0.0983745692657413
2022-07-05,0.12537401208872653,0.09190955857995557,0.09302604048932027,0.11033369441771061,0.10434520582448127,0.09712368350270184,0.08925862499771593,0.09627998708232507,0.09318400097056924,0.0991651920464937
2022-07-06,0.12432969057617585,0.09195327792541912,0.09371505291780734,0.10930088179523702,0.10414038532800297,0.0970392981102605,0.09042254687600919,0.09724136693507113,0.09222272013550557,0.0996347794005113
2022-07-07,0.12782407384187713,0.09259865536075114,0.09391548433465755,0.10795889652633985,0.10217433602679629,0.09806179277847821,0.09117293662876125,0.09743187353642192,0.09023872955252582,0.09862322141339089
2022-07-08,0.1300330212174451,0.09257288187813638,0.09399486253264586,0.10797542242319538,0.10152567546912036,0.09802334106293077,0.0912618812282316,0.09732463876556234,0.08921439268789551,0.09807388273483665
2022-07-11,0.13079443670863375,0.09080384900372807,0.09319245942203337,0.10823304825857769,0.10312286920632296,0.09680077753354381,0.09000769275191135,0.09696217663357574,0.09145966482224421,0.09862302565942901
2022-07-12,0.12591569444180528,0.09121743193607443,0.09396289211055864,0.10873994772161212,0.10423632262716558,0.09728223884635814,0.08988730706503091,0.0969144447979574,0.0927788486710868,0.09906487178235078
2022-07-13,0.12646998569459567,0.0908945338404875,0.09380167448676796,0.10912648454540776,0.10455519192778702,0.09707786593228211,0.08959195336065413,0.0962872020316882,0.09372748962855401,0.09846761855177567
2022-07-14,0.12631286075728723,0.0907982953254892,0.0932291738932014,0.10845851659127755,0.10481227868832466,0.09685294806763291,0.09063468187552476,0.09682552844579473,0.09371014250445778,0.09836557385100972
2022-07-15,0.12649985900774713,0.09023922819258685,0.09363951412679741,0.10701726768432782,0.1039818180798715,0.09775179583853977,0.09123573324601793,0.09756007491813151,0.09317239946780993,0.09890230943817016
2022-07-18,0.1289158291594902,0.09090127408401102,0.09405318885557612,0.10715514690212999,0.10371394510755295,0.09750867706620062,0.09049479380395306,0.09678787630026384,0.09223347213295242,0.09823579658786988
2022-07-19,0.12747931891046643,0.09101090015378145,0.09516697909145994,0.10579984612482957,0.10168962143738075,0.09943494434107114,0.091878665807117,0.09791199121887595,0.09035986815119389,0.09926786476382382
2022-07-20,0.1271984644492524,0.09049053384326008,0.09440119632294301,0.10465584690814804,0.10144521615017266,0.1008492029726342,0.09320260754040892,0.09839565863534411,0.0904679977182248,0.09889327545961198
2022-07-21,0.1241066397132331,0.09082451790561678,0.09464676860730216,0.10532048239202757,0.10181521399390263,0.10059034764778811,0.09381714030194768,0.09863709226268745,0.09132672696882858,0.09891507020666578
2022-07-22,0.12303633657192566,0.09021111397399237,0.09472242467984351,0.10593439533848958,0.1033235664554937,0.09931482096155711,0.09247852158851388,0.0980468215151638,0.09317080428914902,0.09976119462587144
2022-07-25,0.1250127260500215,0.09035225202942575,0.09526548311659228,0.10543509511853698,0.10275285994390215,0.09963169352498025,0.09176969253756716,0.0979715665914006,0.09207643239864051,0.09973219868893285
2022-07-26,0.1259234042017266,0.09011942485678556,0.09443639396396819,0.1058683252356426,0.10333736606773529,0.0995436988041073,0.09044342316315038,0.09732565939501525,0.09263549792189722,0.10036680638997164
2022-07-27,0.12667551029915114,0.09028145666496551,0.09507539330346622,0.10518260780927269,0.1018383526552009,0.10012924505145666,0.09271075237142588,0.0982059035761361,0.09059575365004512,0.09930502461887986
2022-07-28,0.12542960297030406,0.08970452044458258,0.09454920665882337,0.10533604076740567,0.10175606559711875,0.10042927343699395,0.09262515715196093,0.09838386195985394,0.09034922825345404,0.10143704275950262
2022-07-29,0.12526473343553327,0.0887528713410781,0.09529597906738572,0.10500846496613052,0.1011937720846432,0.10054509663965996,0.09375749157889862,0.09922880730922112,0.08957168977853636,0.10138109379891311
2022-08-01,0.12284864101712654,0.08808850999810255,0.0955249413480648,0.10571253725178051,0.1018906101919216,0.10061120676650538,0.09379769396005219,0.09903703542837418,0.09182353297158882,0.1006652910664835
2022-08-02,0.12331843902284338,0.08845082834557777,0.09484228670265056,0.10602546111969231,0.10138136404750304,0.10141422208168727,0.0943551828792006,0.09926434493048732,0.090685182352497,0.10026268851786084
2022-08-03,0.12125484226002137,0.0884188241769461,0.09462037248441864,0.10541671874799106,0.1009693164905679,0.10206590689610712,0.0961338256133203,0.0999961199486891,0.09136135122788139,0.09976272215405699
2022-08-04,0.11971274777829395,0.08886031402781025,0.09490589313545092,0.10694189421193767,0.10127421586523325,0.1016431753855352,0.09638653633294016,0.09972488084949901,0.09114459080543189,0.09940575160786756
2022-08-05,0.1199706436206814,0.08946332541881015,0.09478386522395026,0.1063504842484095,0.10038652820613751,0.10301361712197246,0.09615180738744589,0.10013184841787859,0.0894893686432697,0.10025851171144451
2022-08-08,0.12066081015304723,0.08901654428433044,0.09441025086131952,0.10658259159346768,0.10034815990007026,0.10345516836789229,0.09524348699627712,0.0993920455192786,0.09036691335014577,0.10052402897417102
2022-08-09,0.12197097891826454,0.08890482953097802,0.09413734565086049,0.10717535215229082,0.10029914683545589,0.10229860050860834,0.09440031336887988,0.09924428700817273,0.09024021287441981,0.10132893315206941
2022-08-10,0.12203076098536214,0.08883629422162256,0.09499517560928307,0.10550359595439757,0.09904047023053449,0.10383883141782199,0.0957620846288502,0.0999994590415441,0.08847462903410218,0.10151869887648182
2022-08-11,0.12448967031531276,0.08925035645717927,0.09503334111794726,0.1052992931801524,0.09845221922755301,0.10429969099768004,0.09528553713965054,0.1000698210418319,0.08647317197453165,0.10134689854816113
2022-08-12,0.12251785183466955,0.08924284799864211,0.09475382318245214,0.1051458411393603,0.09779955705843087,0.10530606764629931,0.09611517039028449,0.10068944378848568,0.08642777872168776,0.1020016182396876
2022-08-15,0.12121197626220864,0.08897428281433983,0.09433928239815448,0.10396174926982392,0.09827046713903492,0.10585113877391009,0.09704951523332443,0.10126881547073462,0.08649344527923512,0.102579327359234
2022-08-16,0.12005107798124233,0.08910329033476029,0.09447071009613767,0.10395572826146195,0.09832345565527148,0.10598837108852822,0.09698634810304987,0.10163918136521641,0.08700027222538573,0.102481564888946
2022-08-17,0.12138666139058676,0.08936888542329582,0.09438813171858092,0.10402409231366513,0.09836129602159296,0.10495339286365625,0.09656780739814427,0.10164155417082175,0.08670971845807118,0.10259846024158494
2022-08-18,0.12303786424023509,0.08871976528041513,0.09392032115203557,0.10358397254429144,0.09839243770905744,0.10547811526535039,0.09664337567896869,0.10177196406316083,0.08669762427441091,0.10175455979207453
2022-08-19,0.12450097307533572,0.08858822521353168,0.09376922874749676,0.10408850798701662,0.0987432987667695,0.10448153907321728,0.0959228480149405,0.10163745605016225,0.0863492317379016,0.1019186913336281
2022-08-22,0.1270909649624044,0.08885066049046271,0.0932659366116344,0.10462169620841101,0.09947352098278736,0.10354048960895504,0.09450311859095027,0.10069924734227065,0.0870777435570131,0.10087662164511121
2022-08-23,0.12902764402093153,0.08921875001568619,0.09320162277284866,0.10523079173261538,0.09911458268213101,0.10358848378032674,0.09431538119345549,0.10033900916467857,0.08649800252804221,0.09946573210928429
2022-08-24,0.13002674767430772,0.08895133555656279,0.09306254112081709,0.10525127120234551,0.09851218316664616,0.10409386843695609,0.09432885277954332,0.10038378427448022,0.08562912003793463,0.09976029575040636
2022-08-25,0.1269903533972665,0.0900254263153512,0.09320477172730472,0.10458568787714015,0.0982156337193386,0.10472222431541199,0.0950984316667776,0.100848308994499,0.08600999644981096,0.10029916553709925
2022-08-26,0.1297573731763514,0.09025357729264483,0.09235336777180495,0.10512977864522188,0.09982369788724298,0.10306087430128633,0.09280277489120668,0.09914648113184134,0.08818078752769899,0.09949128737470071
2022-08-29,0.1321222381959685,0.09000611185357242,0.09247232802451281,0.10556595176178166,0.09960611707517836,0.10247226468890874,0.0922123880257976,0.09883843073853485,0.08775980373213266,0.09894436590361232
2022-08-30,0.12988387037964894,0.08993156666220553,0.09282855829098176,0.10585002747527829,0.1006843817641753,0.10216236292330802,0.09219987456217775,0.0988408301675646,0.08895656502197946,0.09866196275268033
2022-08-31,0.1281234664166451,0.0909325677184526,0.09289620110511113,0.10582431576323853,0.10102328836135827,0.10230831014061392,0.09235506035139147,0.09882841621586883,0.08877043868552105,0.09893793524179906
2022-09-01,0.12647732599918174,0.091004580482227,0.09244592367713171,0.1058090357861724,0.10109431044850438,0.10207586971850252,0.09320106982433199,0.10000324991115106,0.08790532843792426,0.09998330571487288
2022-09-02,0.1277344993948845,0.09045246117564365,0.09212906026922019,0.10707844462289273,0.10198237728773525,0.10160340282940032,0.09217507339315047,0.09926190111877499,0.0886823870014346,0.09890039290686328
2022-09-06,0.12789456635299704,0.09002387727416894,0.0925636136375495,0.10722125462099469,0.10157376700078673,0.10132501409067181,0.09217335367075519,0.09960086635545852,0.08710983806794143,0.10051384892867599
2022-09-07,0.123671286134962,0.08996684082395678,0.09249664793726822,0.10729048257787122,0.10127412738759203,0.10255384755318515,0.09314888701952082,0.10043438407383795,0.08765333780069964,0.1015101586911062
2022-09-08,0.12412066506505323,0.08943929410628378,0.09251753784558626,0.10660050152999673,0.1008561249154609,0.10336484728581893,0.09359145053556105,0.10104724907185121,0.0867168425814778,0.1017454870629101
2022-09-09,0.125782575693623,0.08944527180660254,0.09349228716113742,0.10560456511917062,0.09939867698610994,0.10390691386361801,0.09424604817378006,0.1011240074824689,0.08564492537494754,0.10135472833854206
2022-09-12,0.12645321734983506,0.09001857607811876,0.09400450971971286,0.10525475877168762,0.09833254979471262,0.1042886420456204,0.0945710527193627,0.10135859783825697,0.08423288860112009,0.10148520708157306
2022-09-13,0.129167996490591,0.08956923920060969,0.09315639370933472,0.1066541829241699,0.10038501604648194,0.1028797496951522,0.09176752596925132,0.09953538348714956,0.08667926771671129,0.10020524476054828
2022-09-14,0.12951443995474085,0.08986830401127308,0.0933111713166709,0.10607318379423722,0.10027452102626466,0.1031147018578043,0.09234699766800658,0.09975470468518889,0.08683745742882872,0.09890451825698493
2022-09-15,0.12741773185094227,0.09010045474191221,0.09372503311994516,0.10548257613033075,0.10126504926290059,0.10373278262646533,0.0920223470453655,0.09993982514475934,0.0879406530062913,0.09837354707108745
2022-09-16,0.12756366772876743,0.08969919614787258,0.09359844677469234,0.10657352602369136,0.10183030460837886,0.10271229683265043,0.09189565661469024,0.0996501681917171,0.08762331934791823,0.09885341772962142
2022-09-19,0.12756028209874745,0.08969321810244062,0.09362033886120455,0.10631091387945615,0.10121319875016765,0.1032555203280845,0.09231195633781444,0.1000984252307296,0.08754406568079141,0.09839208073056357
2022-09-20,0.12869778255301179,0.09010006596478065,0.09296177276096258,0.10677518784490506,0.10160486519560931,0.1028802906325531,0.09250394704771664,0.09995193969708985,0.087549368558428,0.0969747797449431
2022-09-21,0.12890740508339105,0.08927587718384485,0.09245042409231657,0.10809605813797356,0.10279470723064864,0.10208797065156251,0.0915463572727323,0.09896381471205731,0.0897007653225182,0.09617662031295511
2022-09-22,0.1305404130377037,0.08971441156640624,0.09308796450106445,0.10909401758798111,0.10223892018241086,0.10076764219830642,0.09130713328826914,0.09909573475036075,0.08826702774033254,0.09588673514716478
2022-09-23,0.1284151655934511,0.08908821586627176,0.09175327999039246,0.1091535037208512,0.10422223843165834,0.10015281988504876,0.09144941805262422,0.09920242528632568,0.09023486055184589,0.09632807262153066
2022-09-26,0.12740790295577697,0.08939349500752354,0.09182812803206428,0.10959360182993748,0.10411356454260813,0.10034716248219404,0.09251447390278483,0.09977783319627036,0.08991328847464303,0.09511054957619727
2022-09-27,0.1292005571089237,0.08959409834784637,0.09151177019813443,0.11018869330191355,0.10375156243341639,0.10102910175455461,0.09286377411532841,0.09985885307890593,0.08784105538760001,0.09416053427337653
2022-09-28,0.12979791740772814,0.08833439922869649,0.09160203105771964,0.10993765056868045,0.10369153697684841,0.10186941614517148,0.09257098372532305,0.09952295718170591,0.08873094486234465,0.09394216284578187
2022-09-29,0.13091082950839886,0.0876411150667356,0.09186487436559987,0.11154563720544129,0.10473880146000622,0.10106172120594403,0.09123502648884542,0.09888844982689418,0.08958008814579005,0.09253345672634446
2022-09-30,0.13013050724105452,0.08788424249188774,0.09213404037975581,0.11227920795853447,0.10514698521867835,0.10097888447595771,0.09027200062645115,0.09799323516908144,0.08899934356872806,0.09418155286987075
2022-10-03,0.13037678047100992,0.08751299837868425,0.09205865519671053,0.11268147599383423,0.10424192366245486,0.10155714157968287,0.09052026501897655,0.09854511930160964,0.0885839522567657,0.09392168814027152
2022-10-04,0.1308244079994206,0.08830326071152386,0.0935527601134465,0.11167388602383059,0.10206059956724499,0.10316027606825948,0.09122436379104021,0.09926788567982608,0.0863099685813503,0.09362259146405742
2022-10-05,0.13368819829502288,0.08869601079769514,0.09292164765437813,0.11148845835570713,0.10148823749062887,0.10279759118151133,0.09153137833774587,0.0994229565919257,0.0858181069025013,0.09214741439288376
2022-10-06,0.1355240591832708,0.08881801469064711,0.0919713349289444,0.11218989079238266,0.10167872114619264,0.10298004560926294,0.09148515866151917,0.09912803535367766,0.08597483642744021,0.09024990320666244
2022-10-07,0.13916120908618074,0.08837031822639069,0.09196968620340627,0.11275421829410542,0.10281540438338539,0.10156708516260886,0.08942216385978043,0.09792118570497274,0.08651695625813222,0.08950177282103726
2022-10-10,0.13900196813238463,0.08801325882824579,0.09237791353991189,0.11216466627965242,0.10324582356506083,0.10202366441646289,0.08942477522084258,0.09815758995760507,0.08603445052567747,0.08955588953415644
2022-10-11,0.1376773593267843,0.08703879209044076,0.09181561387914822,0.11248662223026659,0.10401877263935061,0.10255808572287343,0.08863181388228655,0.09801764577445708,0.08684199182139335,0.09091330263299906
2022-10-12,0.13773419806276957,0.08717542473995896,0.09155768342936937,0.11313503753220477,0.10440164236978385,0.1023190467513158,0.08863802416166629,0.0977346596942828,0.08730412637431442,0.0900001568843342
2022-10-13,0.13814243950622748,0.08649119978753343,0.0924472498754224,0.11114892997002963,0.10285001200808681,0.10372910571013098,0.08974560722669979,0.09924005455502054,0.08554319739684231,0.09066220396400654
2022-10-14,0.13789140814628817,0.0867644989066237,0.09274159261773411,0.11178469269048903,0.1041577652294801,0.10280963854762218,0.08865046075656838,0.09876371419407641,0.08639917800508011,0.0900370509060378
2022-10-17,0.13533114969638052,0.08770236541267062,0.09348507410908191,0.11028761037161776,0.10257678483475778,0.10436752760470538,0.09009226461704022,0.09965831395238922,0.08458367934740366,0.09191523005395291
2022-10-18,0.13333529567131605,0.08737303213438798,0.09377269985369018,0.11007848422535746,0.10242234350599355,0.10517796246992754,0.09043800729014086,0.10042206043504426,0.0844396578605428,0.0925404565535994
2022-10-19,0.13490240305526924,0.08682579950443428,0.09374715874423598,0.10992428887708065,0.10258315644731672,0.10464775318471954,0.0912039583494001,0.10092295381758477,0.08391048268811456,0.09133204533184425
2022-10-20,0.13568534093208545,0.08781554168518553,0.09400080389979637,0.11029848527482368,0.10232470972533624,0.10383127027469018,0.09119180395289617,0.10057647870661168,0.0828880736672727,0.09138749188130195
2022-10-21,0.13430956429562307,0.08814487017054984,0.0946160367833681,0.1109925578515498,0.10139370534517488,0.10488340070858224,0.09227237008021699,0.1018531226751845,0.08047176715352995,0.09106260493622079
2022-10-24,0.1348777979206907,0.08491584187248341,0.0947660989822523,0.11078889162324342,0.10140617252049168,0.10548167617688456,0.09341929300374523,0.10324513622003767,0.07991948868410567,0.09117960299606545
2022-10-25,0.1333106649746798,0.08414965394033433,0.09519792683009151,0.10913867702586283,0.10091158507965213,0.10650172807879099,0.09371801475722329,0.1030965592582171,0.08083693938993541,0.09313825066521268
2022-10-26,0.13516336123656425,0.08512121939168758,0.09564114736331004,0.10931192006058212,0.10094453749089963,0.10651978809466262,0.09121224578793409,0.10183421357365924,0.0816124064913728,0.09263916050932743
2022-10-27,0.1356446002579816,0.0846285028442176,0.09493488309533828,0.10936010067457996,0.10186156078741151,0.10675585420320385,0.08973005200920384,0.10149222004333291,0.0826312692766207,0.09296095680810969
2022-10-28,0.13322031101196768,0.08358963156143022,0.09528274304969138,0.10756947370225971,0.10070693725257508,0.10850216144587915,0.09190003834785787,0.10325978803851442,0.08155228985176852,0.09441662573805594
2022-10-31,0.13304612066192942,0.08383331826885443,0.09494357344924399,0.10731555826043938,0.10083671635685545,0.10923803195061696,0.09136267406303614,0.10311348318537668,0.08144455607573217,0.09486596772791546
2022-11-01,0.10103529189544448,0.1013636536265183,0.10031838216620641,0.10054521281478808,0.09951170614207179,0.09966540425241896,0.09851268348917187,0.09909415293324021,0.10045982962766731,0.09949368305247262
2022-11-02,0.10345743674165667,0.10200913712496712,0.10032349908406199,0.10132385032259533,0.10081494944451383,0.09778720550659083,0.09654586638811322,0.09803899501854867,0.10150616567309438,0.09819289469585797
2022-11-03,0.10393818270767793,0.10315695143539123,0.10001197315830603,0.10148614131757204,0.10092026225899693,0.09765884226396224,0.09517372587603803,0.09755621720475591,0.10150638331512322,0.09859132046217646
2022-11-04,0.10548449302862495,0.10555111053897011,0.10211078918453927,0.1026828700209565,0.09885757631096255,0.09716183415396105,0.09493091132597405,0.097145299143,0.09797054152436287,0.09810457476864863
2022-11-07,0.10455658259533039,0.10559412677932385,0.10241531312678265,0.10226119551919678,0.09849411721514757,0.09758815451065997,0.09596073614564572,0.0980603564413323,0.09697904402124397,0.09809037364533685
2022-11-08,0.10264088940941643,0.10568703159778185,0.1029271867037123,0.10396904103374481,0.09853002892603976,0.09701567488328297,0.09605552942952146,0.09797285681560652,0.0974264093857421,0.0977753518151517
2022-11-09,0.10163627116048203,0.1052717874861421,0.10286870089372085,0.10485174918005719,0.10020867955890599,0.09563289457539774,0.09511283314949384,0.09725705924906232,0.0990736674442544,0.09808635730248356
2022-11-10,0.09812178073344226,0.1043729871239527,0.10394417192255805,0.1033728837555996,0.09802777376713986,0.09713098457670004,0.09771567641477942,0.09816599539828164,0.09843737468528055,0.10071037162226582
2022-11-11,0.09896250014837721,0.10610306576132826,0.1049220254391292,0.10298085618779924,0.09681334747243439,0.09691575722700282,0.09848817659468827,0.09809219571644873,0.09706352656385102,0.09965854888894086
2022-11-14,0.09833968445854094,0.10638645753527531,0.10472455139417708,0.10410930055624237,0.09742642141082432,0.09667061842968937,0.09848059819990237,0.09810884169329635,0.09767288338284097,0.09808064293921095
2022-11-15,0.09833967513650305,0.10757383934488528,0.10420621873930973,0.1032727266491494,0.09701926769517916,0.09697449860524841,0.09869402464371507,0.09780656383608147,0.09811065359836377,0.09800253175156468
2022-11-16,0.09774588478734011,0.10639973320877145,0.10450163595605583,0.10356594861760339,0.09823672663412968,0.09575856158864085,0.09784796344075997,0.09755999728919865,0.10077222062730604,0.09761132785019416
2022-11-17,0.09669864109886842,0.10724221153185581,0.1050878217087777,0.10343773112950583,0.09816179491536912,0.09544605812157789,0.0982249634572622,0.09785220930894414,0.10031440419552531,0.09753416453231356
2022-11-18,0.0960637889276313,0.1066831822921424,0.10535502547173548,0.1027803479425267,0.09786883462982042,0.09611510969409945,0.09828165032802971,0.09834977180201254,0.0996785259667965,0.09882376294520559
2022-11-21,0.09610928757720288,0.10576489320589967,0.10498770464807151,0.1026212943835757,0.09820537732179128,0.09600154553012058,0.09766603897145298,0.0983905193326872,0.1005055853694743,0.09974775365972395
2022-11-22,0.0962283269392333,0.10506014357405766,0.10548686919336513,0.10181310463831189,0.09787486781849263,0.0961488975509337,0.09817720786533556,0.09881330234927617,0.10101060037017758,0.09938667970081638
2022-11-23,0.09437437601335855,0.1053401717974818,0.10605616227844492,0.10188157502210667,0.09785797929208773,0.0958661608152567,0.09861472342804196,0.09888660540712015,0.10220460048759072,0.09891764545851069
2022-11-25,0.09362897312692015,0.10493665022023002,0.10669792079331493,0.1020625126248917,0.09791744355092684,0.09615611053260444,0.09805581162774633,0.09895512701523364,0.10195152481889601,0.09963792568923595
2022-11-28,0.09405106405848407,0.10557482844739983,0.10644017598913277,0.1023322770851031,0.09899912971692869,0.09521988178656304,0.09764414227282703,0.09841125379338894,0.10332569869602437,0.0980015481541482
2022-11-29,0.09492560417671987,0.10745483616226983,0.10635736000115219,0.10246180033020051,0.09822083192297712,0.09514821877709713,0.0965506596969465,0.0978829854358411,0.10174074820656918,0.09925695529022663
2022-11-30,0.0949286834122679,0.10813470126125321,0.1058695975533146,0.10149495111630082,0.09693003588741687,0.09561231234823274,0.098737325784851,0.09875138272403587,0.1002405758871817,0.09930043402514535
2022-12-01,0.09388709887681693,0.10714284553060668,0.10626390517915073,0.10275084004919767,0.09741037001443957,0.09483998050172118,0.09827500612089365,0.0980962805732225,0.10283229595406664,0.09850137719988433
2022-12-02,0.09286681065919959,0.10752689440919214,0.10616186276545016,0.10237294693322294,0.0975864409398859,0.09537166935772978,0.09786174770723106,0.09796126111525798,0.1041022830903259,0.09818808302250441
2022-12-05,0.09203033994690588,0.10814739301735801,0.1065842386907819,0.1023619334291189,0.09827336555554232,0.09435359752369198,0.0978885713104286,0.09786797319725477,0.10442490839206459,0.09806767893685303
2022-12-06,0.09107759378865457,0.10862425322311714,0.10671013286931944,0.10322676572154371,0.09944023162216466,0.09343808925990876,0.0964062814555473,0.09700665108741084,0.10637235996740367,0.09769764100492978
2022-12-07,0.0903902522909251,0.10770681587695995,0.10643590535930122,0.10389216927240909,0.10005259616454808,0.09292364619241826,0.09576595613231036,0.09659274158422743,0.10859893249260008,0.09764098463430047
2022-12-08,0.08986435868908571,0.10855838568363478,0.1065355085458732,0.10354773179073455,0.09907418554130991,0.09320773273654455,0.09649685021428944,0.09694509167979479,0.10785149563917783,0.09791865947955503
2022-12-09,0.09055497630507482,0.1085323020455971,0.10728374139892446,0.10458197958695711,0.09897201914746717,0.09265466963836275,0.09649722002596431,0.09683874862309305,0.10572029910550577,0.09836404412305327
2022-12-12,0.09110590039274655,0.10768628302784344,0.10709499242877735,0.1032270570876395,0.09836249964366008,0.09330018803910589,0.09724580212630382,0.09776984220410291,0.10555624987034239,0.09865118517947817
2022-12-13,0.09152862231021702,0.10718643446527731,0.10734211891577837,0.10376096182363297,0.09808627025541733,0.09297148641438492,0.09714032086866066,0.09735648888713791,0.10532762275007787,0.09929967330941579
2022-12-14,0.09237420824451686,0.10740254361852443,0.10740767534821057,0.10366346275269409,0.09850217544556508,0.09249978906354313,0.0965644839922426,0.0968788492832603,0.10593584751543235,0.09877096473601064
2022-12-15,0.09280310622384325,0.10670635163590735,0.10643928816655462,0.10369695980371482,0.10036768383848044,0.09171409869861866,0.094904922550995,0.09611188910936452,0.10815286439583463,0.09910283557668673
2022-12-16,0.09233307655552266,0.10784170696223387,0.10631643777293763,0.10540558840700205,0.1008849085655535,0.09173127180349795,0.09472397834694425,0.09570861676218646,0.10776829437730662,0.09728612044681506
2022-12-19,0.09289356452083833,0.10878621436997721,0.10690054364185456,0.10594514404137587,0.10086285865741196,0.09120995919591307,0.09413609777311319,0.09565235005566278,0.10680059350281534,0.0968126742410377
2022-12-20,0.09329671885134598,0.10873049324113909,0.10729979941725266,0.10767652506345529,0.10010583164252795,0.09166976047527046,0.0940394789082196,0.09575948763863674,0.104878086941745,0.09654381782040726
2022-12-21,0.0936823855053777,0.10876058363491287,0.10747792753918878,0.10657062725488674,0.09936469063918013,0.09244490601725677,0.09458040893734425,0.09635265821932354,0.1042344531619095,0.09653135909061965
2022-12-22,0.09339548762973024,0.10884560101901984,0.10764291623330574,0.10631148472567119,0.10030469717062175,0.09212766561860987,0.09316809547203697,0.0959062005195817,0.10523270802385216,0.09706514358757055
2022-12-23,0.09488322155608872,0.10845170927498804,0.10777143241879887,0.10638489839580598,0.09962086110933349,0.09233395600796228,0.09316278856605503,0.09623593601083626,0.10345136602147395,0.09770383063865741
2022-12-27,0.0958987780287186,0.11024721834460315,0.10812017111798253,0.10746577897939803,0.0989563417136454,0.09187184672232836,0.09200319995537183,0.09602089766932251,0.10157979636570368,0.09783597110292591
2022-12-28,0.09583543776787519,0.10980879988087375,0.10812636478346273,0.10813473491922075,0.09978322669561705,0.09142006163007929,0.09176711673335301,0.09584970765969522,0.1020698336131517,0.09720471631667134
2022-12-29,0.09438903568851112,0.11008904535501376,0.10830730254537937,0.10723044431903919,0.09888107166320054,0.0924346388294771,0.09269890115250715,0.09622038695484418,0.10179529416100146,0.097953879331026
2022-12-30,0.09563077152017464,0.10901734432012182,0.10763772285555431,0.1081752546959336,0.09887486975782372,0.09255471471618557,0.09302429644207655,0.09636165711301023,0.10107691062198415,0.09764645795713546
2023-01-03,0.09317952940114654,0.10974664019990994,0.10839999902106515,0.10889107484118192,0.09947580075899803,0.09188506461534829,0.09223480983362402,0.09578912590766521,0.10282676477852225,0.0975711906425387
2023-01-04,0.09053579522565713,0.11184012730081755,0.1086661572288084,0.10874077641458266,0.09916668859926937,0.09203503362418526,0.09168337155067101,0.09549660529982165,0.10312104742612603,0.09871439733006092
2023-01-05,0.0909047298989371,0.11252502558736706,0.10857085810646594,0.10837474709694707,0.0999349976634539,0.09188711197897198,0.09107840335075248,0.0952751873422082,0.10450485231381505,0.09694408666108129
2023-01-06,0.08959419889444777,0.11259714734135441,0.1091405028165111,0.10821218955184539,0.09921323845857678,0.09208682822900568,0.09173578931315142,0.09552681166261201,0.10431626327976057,0.09757703045273479
2023-01-09,0.09028079373061235,0.11297142487558413,0.10915219412830698,0.10800700209088777,0.0990543566486028,0.09186123155556951,0.09194810251083493,0.09507816590932859,0.10443833765822902,0.09720839089204385
2023-01-10,0.09008274811200569,0.11353335490726313,0.10923111062563047,0.10816623873798906,0.09821572886805101,0.09301493014760034,0.0925229904889065,0.0955348808112335,0.10248453396219738,0.09721348333912301
2023-01-11,0.09056149939056428,0.11258996336385074,0.10868991867448649,0.10674746468015146,0.09761760043710957,0.09300297085118839,0.09295288923472436,0.09553987987065042,0.10285463557439797,0.0994431779228763
2023-01-12,0.09033860020807831,0.1119435367380075,0.10912558560036445,0.10683900955180421,0.09744570770055913,0.09356398397293715,0.09246577187704015,0.09487247064349895,0.1037686118891711,0.09963672181853914
2023-01-13,0.0909501024045205,0.1123446216167788,0.1093744067230973,0.10779928733809716,0.09663809765942202,0.09389776848168009,0.09282470961558108,0.09495689941942656,0.10248987847486525,0.0987242282665312
2023-01-17,0.09167946590807181,0.11184791598376213,0.10984217719637855,0.10721731133969291,0.09644661075324111,0.09389054362284414,0.09312037569274667,0.094892335412039,0.10194487522768857,0.09911838886353505
2023-01-18,0.09108329574425322,0.11156989232106748,0.10993143095190026,0.10737571427219128,0.09818270312875078,0.0927756780409193,0.09231070192942868,0.09380151702748979,0.10487060757016833,0.09809845901383096
2023-01-19,0.09205701601911372,0.11248065853708898,0.10982130257293822,0.10914061065557429,0.09805098030362702,0.0919386733497243,0.09145491659997428,0.0931707517666717,0.10427242073503702,0.09761266946025052
2023-01-20,0.09192525995486577,0.11335958329963829,0.10996866073990723,0.10797151477099251,0.09668183971769423,0.09276216500389876,0.09326232924660788,0.0942039890401838,0.10182284156579885,0.09804181666041267
2023-01-23,0.09162331908612026,0.11352802376483964,0.10979252566661725,0.10756373328452842,0.09582418637911443,0.09337838084625481,0.09479442142957696,0.09479448518235604,0.10076957380828046,0.09793135055231172
2023-01-24,0.09097017937819553,0.11343060959686703,0.10948169664681809,0.10778338565437669,0.09622536318330892,0.09303263613771454,0.09445229422721635,0.09454400787591108,0.10205811265386346,0.09802171464572838
2023-01-25,0.0905747220603113,0.11336218120705574,0.1100331929020948,0.10811150366871002,0.09618224755960066,0.09314659209423579,0.09409634630651806,0.09443259609401852,0.1021467681275392,0.09791384997991598
2023-01-26,0.09058578515141151,0.113950674815049,0.10965510778994071,0.10667511390961588,0.09542518531130546,0.09329811146459592,0.09552139541899743,0.09506283635324923,0.10123749238199647,0.09858829740383836
2023-01-27,0.089531508927878,0.11336158338626483,0.1093901099759557,0.10647687520145364,0.09523643704302787,0.09375908187791734,0.0964272842840722,0.09523684779062724,0.10093492039088353,0.09964535112191963
2023-01-30,0.08933940417929377,0.11229602141951049,0.10987356489657396,0.10736270143633211,0.09597446146463566,0.09346250939969912,0.09550878944789337,0.09506833023304641,0.10166362179138337,0.09945059573163181
2023-01-31,0.08990334598549232,0.11085524159567993,0.10932635992986435,0.10660207035294339,0.09543020785772825,0.09470969413691172,0.09590457471237727,0.09543567884801288,0.10138171777120884,0.10045110880978099
2023-02-01,0.07075304441082851,0.09134536678789362,6.981080302676665e-17,0.3119696093684584,0.39970385070330533,0.0,7.532998673579326e-18,0.0795521121650887,0.04667601656442526,0.0
2023-02-02,0.07068939153359148,0.09139248070568523,7.016900812467996e-17,0.3074891781555857,0.40215070734755826,0.0,7.854276830536241e-18,0.08123683286351334,0.047041409394065946,0.0
2023-02-03,0.07009815403518785,0.09131660945950941,7.071649212623583e-17,0.30498870138267564,0.40469872678670893,0.0,7.847816242722844e-18,0.0817603159631449,0.047137492372773225,0.0
2023-02-06,0.0706477096647835,0.0904136673326275,7.033388976700724e-17,0.30710713826844777,0.403159943101918,0.0,7.81925277777958e-18,0.0816556309402892,0.0470159106919339,0.0
2023-02-07,0.07186913759257069,0.09062011194748486,7.081152712408361e-17,0.3068726748384965,0.4014935714675249,0.0,7.967831078923203e-18,0.08258440426700005,0.04656009988692307,0.0
2023-02-08,0.07190328997378709,0.09036382570404172,7.026234345224511e-17,0.3071409211026876,0.4023336362151142,0.0,7.813683455171957e-18,0.0815511797288165,0.04670714727555281,0.0
2023-02-09,0.07173487791465502,0.09129361698476578,7.078258425086924e-17,0.30640462066515123,0.402751396440952,0.0,7.78767996300593e-18,0.08129362588882545,0.04652186210565054,0.0
2023-02-10,0.07286448284919167,0.09055658811967168,7.058283657316332e-17,0.3074655681075635,0.40143081023086186,0.0,7.748578219856872e-18,0.0816098404010182,0.04607271029169298,0.0
2023-02-13,0.07261809215784842,0.09117879177752361,7.11972132293501e-17,0.3054982039852842,0.4018481691554477,0.0,7.862213537579301e-18,0.08245810173482214,0.04639864118907384,0.0
2023-02-14,0.07297791104692133,0.09117189383298706,7.144489803566047e-17,0.3062343455377177,0.40069088292351784,0.0,7.93341521255119e-18,0.08255653562887282,0.04636843102998324,0.0
2023-02-15,0.0726320403999504,0.0909477912257314,7.155177928005286e-17,0.3050012734671228,0.40188592025679715,0.0,8.042142704002613e-18,0.08332139844138081,0.04621157620901743,0.0
2023-02-16,0.07268079072297194,0.09129670330786958,7.145533494128139e-17,0.3058442970106199,0.40198912690349725,0.0,7.91953618805663e-18,0.08246885997951298,0.04572022207552828,0.0
2023-02-17,0.07208978340189837,0.0902371327554385,7.159063330696353e-17,0.3065596924061903,0.40285768019469537,0.0,7.858577806205969e-18,0.08220971134950261,0.04604599989227472,0.0
2023-02-21,0.07284507714679965,0.08992048390135411,7.1456329281345e-17,0.3082262535477617,0.40213916811971484,0.0,7.743174426211045e-18,0.08130227489757193,0.045566742386797705,0.0
2023-02-22,0.07205026964463261,0.08967213370233658,7.120864350648913e-17,0.3071349828834555,0.4037012686330527,0.0,7.76522256096281e-18,0.0813605619764021,0.046080783160120514,0.0
2023-02-23,0.07236380821694391,0.08981534283629256,7.134229815350957e-17,0.30597126207082553,0.4039435156127918,0.0,7.807505841928953e-18,0.08152669797152386,0.04637937329162242,0.0
2023-02-24,0.07272948126550322,0.08853994306606058,7.074622322348759e-17,0.3063367805983275,0.4048932375499161,0.0,7.74164832114324e-18,0.08133733473349435,0.04616322278669829,0.0
2023-02-27,0.0725470547885858,0.08870411915785759,7.134665500292048e-17,0.3065073787768956,0.4047643774910938,0.0,7.770963042127427e-18,0.08134093213077824,0.04613613765478893,0.0
2023-02-28,0.07265006383443559,0.08794721588436472,7.071740926688055e-17,0.30743256747453757,0.404779080534387,0.0,7.749039149520262e-18,0.08091627430818733,0.04627479796408772,0.0
2023-03-01,0.10164552947450521,0.10206452775991746,0.10045439848499703,0.10049806396741649,0.09912244568387756,0.10004876209327711,0.09911802141681564,0.09953800245102772,0.0988478847322538,0.09866236393591199
2023-03-02,0.10108172388149171,0.1022429909219849,0.10047190644595608,0.1002554044569966,0.09853401890817406,0.1001041785198605,0.09975543153999862,0.10012854175820994,0.09779209050344109,0.09963371306388649
2023-03-03,0.10118066895521695,0.10165294826393849,0.10045341881747147,0.09985388941583286,0.09787982797173309,0.10001912339685365,0.10033407189310402,0.10025194644922507,0.098701660560298,0.09967244427632647
2023-03-06,0.10111139999724493,0.1017227054251023,0.10062337289014751,0.09977169646631494,0.09811948160730032,0.09897478048269084,0.10087401456601446,0.10074697595683942,0.09835182128828922,0.0997037513200561
2023-03-07,0.10032322123190998,0.10132042586110171,0.10023165141330972,0.09930341492275965,0.09940689094974153,0.09909924516968906,0.10093343172942572,0.10049371437035655,0.10024284056356311,0.09864516378814295
2023-03-08,0.09954850704700119,0.1015067706574654,0.10054959405787481,0.09902985080768076,0.09914879153450357,0.09892087628242847,0.10120609906426806,0.10042808755744999,0.10011246084686151,0.09954896214446622
2023-03-09,0.09942429365462505,0.10036639901665172,0.10092584210103205,0.10111720594542226,0.10087400345418723,0.09723887365152739,0.10055843644297228,0.09967125578355021,0.10147415801530965,0.09834953193472208
2023-03-10,0.10067876414633553,0.10003060962180602,0.10004146132350113,0.10349614256307836,0.10292913263764406,0.09461700949803725,0.09933681101555111,0.0984218795547682,0.10517537725005509,0.09527281238922339
2023-03-13,0.09974125746557391,0.0998892874075467,0.09905911524542531,0.10555425148264312,0.10386518599702516,0.09279706744474238,0.09977396348270445,0.09798740057696206,0.10509888860098296,0.09623358229639394
2023-03-14,0.09814099081661658,0.0996090353446497,0.10004683192420126,0.10459336253439745,0.10254181836545492,0.09420094885024542,0.10172671380511406,0.09927531271798759,0.10302651900486585,0.0968384666364672
2023-03-15,0.09629309436346063,0.09834531148388144,0.09738735917841036,0.10588735241703473,0.10449498962983762,0.09306789004945737,0.10272381198196788,0.09910151190469384,0.10549194073736515,0.09720673825389102
2023-03-16,0.0958932886702707,0.0991288612307954,0.09818649098523848,0.10533561602774236,0.10280825772936597,0.09365762494119384,0.10467089402897282,0.10011259291989476,0.10391138768213141,0.09629498578439423
2023-03-17,0.09584769523472998,0.09878344114607103,0.0972699044296733,0.10868588839550289,0.10429535398415664,0.09136745424146084,0.10444806253107311,0.09920019646457619,0.10574622736217178,0.09435577621058422
2023-03-20,0.09579257896409506,0.0987024548455107,0.09834315991083127,0.1082352575359291,0.10340494922775798,0.09213320849697018,0.1043443749976643,0.09970083726114072,0.10434160848347179,0.09500157027662887
2023-03-21,0.09584633896369392,0.09929845906110105,0.09953405333546039,0.10587989895004128,0.10220389910398388,0.09355694300872605,0.10552331495801118,0.10071280765846133,0.10314074811191126,0.09430353684860969
2023-03-22,0.09653312593961166,0.10014087117406964,0.09963825818472534,0.10816960571288238,0.1040180866343042,0.0913151654866968,0.10455970204602624,0.09944425190511162,0.10498922463004622,0.09119170828652594
2023-03-23,0.0959316899732678,0.10116118149529839,0.09929187025794971,0.10912926875335262,0.1042364217900474,0.09058067537439748,0.10541650386586766,0.09935202737510092,0.10460906497321619,0.09029129614150185
2023-03-24,0.0960745938438619,0.10056642861111845,0.09866230651842227,0.1075443369015906,0.10392280272731497,0.0910976466194165,0.10545444155277738,0.09967313024984455,0.10470392831073566,0.09230038466491786
2023-03-27,0.09808758640540023,0.10023867231265711,0.09981161349328672,0.10678145147829365,0.102867186873663,0.09231159289201872,0.10496059870767853,0.10007752117860134,0.10246754001642144,0.0923962366419793
2023-03-28,0.09837198576346062,0.10148963374962465,0.09967547282300106,0.10746264770180819,0.10262011920684865,0.09201326663007506,0.10421566341699372,0.09967363007272846,0.10246986577215335,0.09200771486330614
2023-03-29,0.09712439475938295,0.1011305593261201,0.10024062115221927,0.10625162476983921,0.10179370837444646,0.09246836492210116,0.10544314915654651,0.10048127489229863,0.10161568863223015,0.09345061401481561
2023-03-30,0.09713700877925661,0.1014137040675215,0.1006892924113449,0.10645100815834642,0.10122508631576202,0.0916863146613164,0.10568561974896763,0.10035213701637635,0.10135856550713292,0.09400126333397522
2023-03-31,0.09710592151896046,0.10031462101308927,0.1002287729454764,0.10488123324349055,0.10080411168907814,0.09247673417915159,0.10641346650852966,0.10079121671570913,0.1018910167578043,0.09509290542871053
2023-04-03,0.0,0.0,0.0,0.0,0.40021510599479515,0.0,0.0,0.5997848940052047,0.0,0.0
2023-04-04,0.0,0.0,0.0,0.0,0.40309480546121673,0.0,0.0,0.5969051945387832,0.0,0.0
2023-04-05,0.0,0.0,0.0,0.0,0.4047348611392883,0.0,0.0,0.5952651388607116,0.0,0.0
2023-04-06,0.0,0.0,0.0,0.0,0.4038690767294398,0.0,0.0,0.5961309232705602,0.0,0.0
2023-04-10,0.0,0.0,0.0,0.0,0.4012409928643109,0.0,0.0,0.5987590071356891,0.0,0.0
2023-04-11,0.0,0.0,0.0,0.0,0.40107990393591514,0.0,0.0,0.5989200960640848,0.0,0.0
2023-04-12,0.0,0.0,0.0,0.0,0.4027616079481709,0.0,0.0,0.597238392051829,0.0,0.0
2023-04-13,0.0,0.0,0.0,0.0,0.39879685403525467,0.0,0.0,0.6012031459647453,0.0,0.0
2023-04-14,0.0,0.0,0.0,0.0,0.398198607771055,0.0,0.0,0.601801392228945,0.0,0.0
2023-04-17,0.0,0.0,0.0,0.0,0.3958117533870037,0.0,0.0,0.6041882466129963,0.0,0.0
2023-04-18,0.0,0.0,0.0,0.0,0.3960447769005128,0.0,0.0,0.603955223099487,0.0,0.0
2023-04-19,0.0,0.0,0.0,0.0,0.3955745481771148,0.0,0.0,0.6044254518228853,0.0,0.0
2023-04-20,0.0,0.0,0.0,0.0,0.39826924606986586,0.0,0.0,0.6017307539301342,0.0,0.0
2023-04-21,0.0,0.0,0.0,0.0,0.39750055687874425,0.0,0.0,0.6024994431212558,0.0,0.0
2023-04-24,0.0,0.0,0.0,0.0,0.39841472944277107,0.0,0.0,0.601585270557229,0.0,0.0
2023-04-25,0.0,0.0,0.0,0.0,0.40462552351672587,0.0,0.0,0.5953744764832741,0.0,0.0
2023-04-26,0.0,0.0,0.0,0.0,0.4047070392129429,0.0,0.0,0.5952929607870571,0.0,0.0
2023-04-27,0.0,0.0,0.0,0.0,0.39839722214295575,0.0,0.0,0.6016027778570443,0.0,0.0
2023-04-28,0.0,0.0,0.0,0.0,0.3981453488583403,0.0,0.0,0.6018546511416597,0.0,0.0
2023-05-01,0.0,0.0,0.0,0.0,0.3955531928589828,0.0,0.0,0.6044468071410172,0.0,0.0
2023-05-02,0.0,0.0,0.0,0.0,0.4013625870628847,0.0,0.0,0.5986374129371154,0.0,0.0
2023-05-03,0.0,0.0,0.0,0.0,0.40458462067512274,0.0,0.0,0.5954153793248773,0.0,0.0
2023-05-04,0.0,0.0,0.0,0.0,0.4062500200419435,0.0,0.0,0.5937499799580566,0.0,0.0
2023-05-05,0.0,0.0,0.0,0.0,0.400535333669768,0.0,0.0,0.5994646663302321,0.0,0.0
2023-05-08,0.0,0.0,0.0,0.0,0.3989986568953264,0.0,0.0,0.6010013431046737,0.0,0.0
2023-05-09,0.0,0.0,0.0,0.0,0.3997621071661878,0.0,0.0,0.6002378928338122,0.0,0.0
2023-05-10,0.0,0.0,0.0,0.0,0.4004313721796913,0.0,0.0,0.5995686278203087,0.0,0.0
2023-05-11,0.0,0.0,0.0,0.0,0.40174051375113495,0.0,0.0,0.598259486248865,0.0,0.0
2023-05-12,0.0,0.0,0.0,0.0,0.4006107847280763,0.0,0.0,0.5993892152719237,0.0,0.0
2023-05-15,0.0,0.0,0.0,0.0,0.39925282626359776,0.0,0.0,0.6007471737364023,0.0,0.0
2023-05-16,0.0,0.0,0.0,0.0,0.40008678447308627,0.0,0.0,0.5999132155269137,0.0,0.0
2023-05-17,0.0,0.0,0.0,0.0,0.39641886173279084,0.0,0.0,0.6035811382672092,0.0,0.0
2023-05-18,0.0,0.0,0.0,0.0,0.3926464698378364,0.0,0.0,0.6073535301621635,0.0,0.0
2023-05-19,0.0,0.0,0.0,0.0,0.39209178216530466,0.0,0.0,0.6079082178346954,0.0,0.0
2023-05-22,0.0,0.0,0.0,0.0,0.39155528215227936,0.0,0.0,0.6084447178477207,0.0,0.0
2023-05-23,0.0,0.0,0.0,0.0,0.3946393139748828,0.0,0.0,0.6053606860251173,0.0,0.0
2023-05-24,0.0,0.0,0.0,0.0,0.3957642467280998,0.0,0.0,0.6042357532719003,0.0,0.0
2023-05-25,0.0,0.0,0.0,0.0,0.39220489407613524,0.0,0.0,0.6077951059238649,0.0,0.0
2023-05-26,0.0,0.0,0.0,0.0,0.38958372412781456,0.0,0.0,0.6104162758721854,0.0,0.0
2023-05-30,0.0,0.0,0.0,0.0,0.3913519177993511,0.0,0.0,0.6086480822006489,0.0,0.0
2023-05-31,0.0,0.0,0.0,0.0,0.3935791045770548,0.0,0.0,0.6064208954229452,0.0,0.0
2023-06-01,0.0,0.0,0.0,0.0,0.3919859656767828,0.0,0.0,0.6080140343232172,0.0,0.0
2023-06-02,0.0,0.0,0.0,0.0,0.3866745771388143,0.0,0.0,0.6133254228611857,0.0,0.0
2023-06-05,0.0,0.0,0.0,0.0,0.38705642701127996,0.0,0.0,0.61294357298872,0.0,0.0
2023-06-06,0.0,0.0,0.0,0.0,0.3866867168810348,0.0,0.0,0.6133132831189653,0.0,0.0
2023-06-07,0.0,0.0,0.0,0.0,0.3857725970752967,0.0,0.0,0.6142274029247032,0.0,0.0
2023-06-08,0.0,0.0,0.0,0.0,0.38593208974776105,0.0,0.0,0.614067910252239,0.0,0.0
2023-06-09,0.0,0.0,0.0,0.0,0.3846538830147125,0.0,0.0,0.6153461169852874,0.0,0.0
2023-06-12,0.0,0.0,0.0,0.0,0.38290815136503875,0.0,0.0,0.6170918486349612,0.0,0.0
2023-06-13,0.0,0.0,0.0,0.0,0.37967557358296306,0.0,0.0,0.620324426417037,0.0,0.0
2023-06-14,0.0,0.0,0.0,0.0,0.3797126443235208,0.0,0.0,0.6202873556764792,0.0,0.0
2023-06-15,0.0,0.0,0.0,0.0,0.378633907727233,0.0,0.0,0.6213660922727671,0.0,0.0
2023-06-16,0.0,0.0,0.0,0.0,0.3784188088440863,0.0,0.0,0.6215811911559137,0.0,0.0
2023-06-20,0.0,0.0,0.0,0.0,0.3803473494445414,0.0,0.0,0.6196526505554585,0.0,0.0
2023-06-21,0.0,0.0,0.0,0.0,0.38177733315582313,0.0,0.0,0.6182226668441768,0.0,0.0
2023-06-22,0.0,0.0,0.0,0.0,0.37959060307794956,0.0,0.0,0.6204093969220505,0.0,0.0
2023-06-23,0.0,0.0,0.0,0.0,0.38235377736387716,0.0,0.0,0.6176462226361229,0.0,0.0
2023-06-26,0.0,0.0,0.0,0.0,0.38390477184973887,0.0,0.0,0.6160952281502612,0.0,0.0
2023-06-27,0.0,0.0,0.0,0.0,0.3805040062780973,0.0,0.0,0.6194959937219028,0.0,0.0
2023-06-28,0.0,0.0,0.0,0.0,0.3813314592574176,0.0,0.0,0.6186685407425824,0.0,0.0
2023-06-29,0.0,0.0,0.0,0.0,0.3779741522405283,0.0,0.0,0.6220258477594717,0.0,0.0
2023-06-30,0.0,0.0,0.0,0.0,0.3757302851791233,0.0,0.0,0.6242697148208768,0.0,0.0
2023-07-03,0.0,0.0,0.0,0.0,0.3744418991612193,0.0,0.0,0.6255581008387807,0.0,0.0
2023-07-05,0.0,0.0,0.0,0.0,0.3736651541116328,0.0,0.0,0.6263348458883672,0.0,0.0
2023-07-06,0.0,0.0,0.0,0.0,0.37358543555701207,0.0,0.0,0.6264145644429879,0.0,0.0
2023-07-07,0.0,0.0,0.0,0.0,0.3738803454534531,0.0,0.0,0.6261196545465468,0.0,0.0
2023-07-10,0.0,0.0,0.0,0.0,0.37449835150769184,0.0,0.0,0.6255016484923082,0.0,0.0
2023-07-11,0.0,0.0,0.0,0.0,0.37350390250904497,0.0,0.0,0.6264960974909551,0.0,0.0
2023-07-12,0.0,0.0,0.0,0.0,0.3739017766796978,0.0,0.0,0.6260982233203022,0.0,0.0
2023-07-13,0.0,0.0,0.0,0.0,0.3739896119603006,0.0,0.0,0.6260103880396996,0.0,0.0
2023-07-14,0.0,0.0,0.0,0.0,0.37297476403523333,0.0,0.0,0.6270252359647666,0.0,0.0
2023-07-17,0.0,0.0,0.0,0.0,0.3725515631153859,0.0,0.0,0.6274484368846143,0.0,0.0
2023-07-18,0.0,0.0,0.0,0.0,0.37108791258276996,0.0,0.0,0.6289120874172301,0.0,0.0
2023-07-19,0.0,0.0,0.0,0.0,0.37136387837857676,0.0,0.0,0.6286361216214232,0.0,0.0
2023-07-20,0.0,0.0,0.0,0.0,0.371059857057034,0.0,0.0,0.6289401429429661,0.0,0.0
2023-07-21,0.0,0.0,0.0,0.0,0.37125351358576414,0.0,0.0,0.6287464864142358,0.0,0.0
2023-07-24,0.0,0.0,0.0,0.0,0.3696571316503338,0.0,0.0,0.6303428683496661,0.0,0.0
2023-07-25,0.0,0.0,0.0,0.0,0.3685861298683306,0.0,0.0,0.6314138701316694,0.0,0.0
2023-07-26,0.0,0.0,0.0,0.0,0.36934914519986206,0.0,0.0,0.6306508548001378,0.0,0.0
2023-07-27,0.0,0.0,0.0,0.0,0.368346977719498,0.0,0.0,0.631653022280502,0.0,0.0
2023-07-28,0.0,0.0,0.0,0.0,0.366837101862084,0.0,0.0,0.633162898137916,0.0,0.0
2023-07-31,0.0,0.0,0.0,0.0,0.3666864958884976,0.0,0.0,0.6333135041115023,0.0,0.0
2023-08-01,0.0,0.0,0.0,0.0,0.36599146750487954,0.0,0.0,0.6340085324951205,0.0,0.0
2023-08-02,0.0,0.0,0.0,0.0,0.36878162252604185,0.0,0.0,0.6312183774739581,0.0,0.0
2023-08-03,0.0,0.0,0.0,0.0,0.36772418337053175,0.0,0.0,0.6322758166294682,0.0,0.0
2023-08-04,0.0,0.0,0.0,0.0,0.37124410811825176,0.0,0.0,0.6287558918817482,0.0,0.0
2023-08-07,0.0,0.0,0.0,0.0,0.36865372457719925,0.0,0.0,0.6313462754228006,0.0,0.0
2023-08-08,0.0,0.0,0.0,0.0,0.3708460592059321,0.0,0.0,0.6291539407940678,0.0,0.0
2023-08-09,0.0,0.0,0.0,0.0,0.3725595583715105,0.0,0.0,0.6274404416284894,0.0,0.0
2023-08-10,0.0,0.0,0.0,0.0,0.37068126648514615,0.0,0.0,0.6293187335148538,0.0,0.0
2023-08-11,0.0,0.0,0.0,0.0,0.3695820813471784,0.0,0.0,0.6304179186528216,0.0,0.0
2023-08-14,0.0,0.0,0.0,0.0,0.36792953023498004,0.0,0.0,0.63207046976502,0.0,0.0
2023-08-15,0.0,0.0,0.0,0.0,0.3702115082486264,0.0,0.0,0.6297884917513736,0.0,0.0
2023-08-16,0.0,0.0,0.0,0.0,0.3710325779475433,0.0,0.0,0.6289674220524567,0.0,0.0
2023-08-17,0.0,0.0,0.0,0.0,0.37251888104554126,0.0,0.0,0.6274811189544588,0.0,0.0
2023-08-18,0.0,0.0,0.0,0.0,0.3731068758903319,0.0,0.0,0.6268931241096681,0.0,0.0
2023-08-21,0.0,0.0,0.0,0.0,0.3701410389890554,0.0,0.0,0.6298589610109446,0.0,0.0
2023-08-22,0.0,0.0,0.0,0.0,0.37087391406022635,0.0,0.0,0.6291260859397736,0.0,0.0
2023-08-23,0.0,0.0,0.0,0.0,0.3708082084943774,0.0,0.0,0.6291917915056225,0.0,0.0
2023-08-24,0.0,0.0,0.0,0.0,0.37319775711485526,0.0,0.0,0.6268022428851447,0.0,0.0
2023-08-25,0.0,0.0,0.0,0.0,0.3714811482411134,0.0,0.0,0.6285188517588867,0.0,0.0
2023-08-28,0.0,0.0,0.0,0.0,0.370652686397177,0.0,0.0,0.629347313602823,0.0,0.0
2023-08-29,0.0,0.0,0.0,0.0,0.36896417256162634,0.0,0.0,0.6310358274383736,0.0,0.0
2023-08-30,0.0,0.0,0.0,0.0,0.3679831202300518,0.0,0.0,0.632016879769948,0.0,0.0
2023-08-31,0.0,0.0,0.0,0.0,0.36879061976613803,0.0,0.0,0.6312093802338619,0.0,0.0
2023-09-01,0.0,0.0,0.0,0.0,0.3669315234318569,0.0,0.0,0.6330684765681431,0.0,0.0
2023-09-05,0.0,0.0,0.0,0.0,0.36652456124721966,0.0,0.0,0.6334754387527803,0.0,0.0
2023-09-06,0.0,0.0,0.0,0.0,0.36749384672432944,0.0,0.0,0.6325061532756705,0.0,0.0
2023-09-07,0.0,0.0,0.0,0.0,0.3690068788489679,0.0,0.0,0.6309931211510321,0.0,0.0
2023-09-08,0.0,0.0,0.0,0.0,0.3687064292149221,0.0,0.0,0.631293570785078,0.0,0.0
2023-09-11,0.0,0.0,0.0,0.0,0.36678401962417695,0.0,0.0,0.633215980375823,0.0,0.0
2023-09-12,0.0,0.0,0.0,0.0,0.3683863421500023,0.0,0.0,0.6316136578499977,0.0,0.0
2023-09-13,0.0,0.0,0.0,0.0,0.36838882601204626,0.0,0.0,0.6316111739879539,0.0,0.0
2023-09-14,0.0,0.0,0.0,0.0,0.36587207808905836,0.0,0.0,0.6341279219109416,0.0,0.0
2023-09-15,0.0,0.0,0.0,0.0,0.36796523214523286,0.0,0.0,0.6320347678547672,0.0,0.0
2023-09-18,0.0,0.0,0.0,0.0,0.3680537237336575,0.0,0.0,0.6319462762663424,0.0,0.0
2023-09-19,0.0,0.0,0.0,0.0,0.367686381671906,0.0,0.0,0.6323136183280941,0.0,0.0
2023-09-20,0.0,0.0,0.0,0.0,0.36966043986142705,0.0,0.0,0.6303395601385731,0.0,0.0
2023-09-21,0.0,0.0,0.0,0.0,0.37180689196040106,0.0,0.0,0.6281931080395989,0.0,0.0
2023-09-22,0.0,0.0,0.0,0.0,0.3732451392752851,0.0,0.0,0.6267548607247149,0.0,0.0
2023-09-25,0.0,0.0,0.0,0.0,0.37054041788671804,0.0,0.0,0.629459582113282,0.0,0.0
2023-09-26,0.0,0.0,0.0,0.0,0.37392243109496215,0.0,0.0,0.6260775689050379,0.0,0.0
2023-09-27,0.0,0.0,0.0,0.0,0.37278087545218314,0.0,0.0,0.6272191245478168,0.0,0.0
2023-09-28,0.0,0.0,0.0,0.0,0.37206882001734803,0.0,0.0,0.627931179982652,0.0,0.0
2023-09-29,0.0,0.0,0.0,0.0,0.37268775328366105,0.0,0.0,0.627312246716339,0.0,0.0
2023-10-02,0.1001213941362284,0.10038426584093567,0.09941090634135195,0.09983017510049667,0.1000710319046402,0.09936525803662766,0.1017313862080882,0.10084926587326697,0.09920047213430985,0.09903584442405443
2023-10-03,0.10099067122542392,0.10036073430731604,0.0994606057749705,0.10085397070225824,0.10055088746843222,0.09898047395210562,0.10126347627258778,0.1008108563300478,0.09834600465273552,0.09838231931412234
2023-10-04,0.09792691893032879,0.09982186554203927,0.0993970472476467,0.10059757838116154,0.10094340186739877,0.09878666488336652,0.10239270776212299,0.10129878990041488,0.09949169886834572,0.09934332661717495
2023-10-05,0.09730881922904243,0.10015053900425121,0.10022243858991275,0.10036560106254938,0.10108523121891769,0.09881481799705093,0.10204261350889178,0.10121261670263484,0.09894877960256634,0.09984854308418249
2023-10-06,0.0971144051430823,0.10101634929296126,0.10074864166095476,0.10030242299120903,0.09991573293527789,0.0991923705471474,0.10315549897335739,0.10182511798870247,0.09718745446530119,0.09954200600200615
2023-10-09,0.09819781926389078,0.09957585050978186,0.09964113307767856,0.10117130240219133,0.10022535058492314,0.09881326619602859,0.10269172568842853,0.10149863422206946,0.09851876114228936,0.0996661569127183
2023-10-10,0.09749389862218238,0.10052699520435006,0.10053299358710903,0.10052449349090536,0.0995551519069684,0.09946002413629672,0.10277274329797183,0.1015450342161304,0.09791791584208,0.09967074969600591
2023-10-11,0.09630499818090453,0.10050272624565462,0.10029867690080417,0.10060199066666944,0.09945277862706217,0.0986465914500569,0.10283482404128971,0.10129979632072185,0.09931480233065772,0.10074281523617898
2023-10-12,0.09729952999402898,0.10044592832167067,0.10053211239143667,0.10137278671989267,0.09955498920671782,0.09745320176500023,0.10357850059710046,0.10176398916577652,0.09765869789571982,0.10034026394265619
2023-10-13,0.09946968611659275,0.0996730526751093,0.09919968370823781,0.10421059145794001,0.09978857571893598,0.09625255450653278,0.10186486871896137,0.10084953733050962,0.09900596379080422,0.09968548597637604
2023-10-16,0.09881284684691924,0.10006930319632397,0.09958526426400388,0.1033515326519458,0.09886124778551411,0.09747505891616721,0.10266684440888318,0.10156463835225807,0.09708180031197934,0.1005314632660052
2023-10-17,0.09920837357872601,0.09992406261156268,0.09975997120644978,0.10366467978019128,0.09800602946285296,0.09867802631255779,0.10245064426035726,0.1016791474129891,0.09612456091102951,0.10050450446328359
2023-10-18,0.10100090860773117,0.09929899429928467,0.0989193104174885,0.10612504953605924,0.09843841155165085,0.09752999221355729,0.10202990890802759,0.10124032174489629,0.09614884323137297,0.09926825948993147
2023-10-19,0.1028005927208951,0.0994430436178128,0.09876581919734775,0.10821903515833443,0.09867545594326893,0.09668314776502594,0.10181981818306021,0.10109005685652157,0.09487421177099177,0.0976288187867416
2023-10-20,0.10265657187598298,0.09884550184160695,0.0984854889415206,0.10918184018888724,0.09986262188043621,0.09602001662111462,0.10091764875973525,0.1004618341493326,0.0959996519973053,0.09756882374407831
2023-10-23,0.10210985163575641,0.098868381780335,0.09866274164288086,0.10892714349339079,0.10043654203990436,0.09530634016732184,0.1013282477095168,0.10039280243022328,0.09725471566629594,0.09671323343437471
2023-10-24,0.1004046771766051,0.09953660289346027,0.09863502260492205,0.1082670988628787,0.10001657619295708,0.09556585719264506,0.10170512028966208,0.10054777892549353,0.09794983201774889,0.09737143384362726
2023-10-25,0.10231196633625454,0.09936833286947351,0.09906669327851544,0.1099865576750507,0.10029154404024183,0.09507965366007853,0.1003690832825081,0.10025668766703252,0.09688251877188145,0.09638696241896344
2023-10-26,0.10151609747805992,0.09894749786595898,0.09841747362716971,0.11023368560303537,0.101123019899901,0.09538718252014257,0.09852101908919497,0.09912226126030653,0.09843426619358155,0.09829749646264944
2023-10-27,0.10294329478145048,0.0989328399561411,0.0981854743230182,0.11159074890780536,0.10134860314019435,0.09432904794663222,0.09906068895286248,0.09873938087583854,0.09808200966090456,0.09678791145515264
2023-10-30,0.10102776246803559,0.09969708797646205,0.09917462926792694,0.11066726384017844,0.1007433772650285,0.09460105934065488,0.09991116452904224,0.09965509685951232,0.09738148901465477,0.09714106943850431
2023-10-31,0.10048711774546512,0.09896142543250705,0.09936247100533958,0.10987638769661731,0.10035937119357605,0.09525670641905369,0.10021839777651412,0.1001105711459928,0.09674145269054865,0.0986260988943857
2023-11-01,0.09976484647508688,0.09899878065661122,0.0994147505386769,0.10856576111486246,0.10062140274508986,0.09495740047192773,0.10106010170733011,0.10028730846235277,0.09796869674862274,0.09836095107943928
2023-11-02,0.09908145779202386,0.09899757079275635,0.09969498442071267,0.10704680074844772,0.09949765453003101,0.09580585183475547,0.10111894384802231,0.10044535034756703,0.09847281365171827,0.09983857203396528
2023-11-03,0.09744393820945604,0.09987383457466638,0.09960762107213911,0.10621729041296676,0.09912596205138838,0.09729489026521515,0.10114611978583016,0.10021163253291043,0.09801539347395774,0.10106331762146997
2023-11-06,0.09820050680316501,0.10105110409774162,0.0994735747071948,0.10577924930135436,0.09891697638099618,0.09643455804635756,0.10193422113961803,0.10081353221600618,0.09742352611022753,0.09997275119733864
2023-11-07,0.09621918765590466,0.10099356581500286,0.09899323947183102,0.10547124451893163,0.09960480607328591,0.09621219299127277,0.10302521764311737,0.10122565725581238,0.09898297896827694,0.09927190960656432
2023-11-08,0.0952812734059479,0.10045566994231146,0.09900251498987282,0.10456632167799315,0.10014725922000152,0.09532015983769516,0.10323607080229173,0.1014417919022449,0.10081015954055116,0.09973877868109024
2023-11-09,0.09587901836059838,0.1003904085051784,0.09985896699103637,0.10590640551399719,0.10002889520373294,0.0946699915172235,0.10334283261090285,0.10153616631542904,0.09935788063721447,0.09902943434468678
2023-11-10,0.09568584574706739,0.10039483847777492,0.09960717094914724,0.10401811434938726,0.09943813886908442,0.09505878173766402,0.1049269546272126,0.10239915965522764,0.09921523786212387,0.09925575772531071
2023-11-13,0.09701031151035831,0.10029771275922396,0.0997960512962612,0.10452362467566303,0.09931330053255706,0.09502529747678534,0.10452577565760712,0.10222921772809665,0.09891977378010451,0.09835893458334258
2023-11-14,0.09452248292973604,0.10049028770957176,0.0998848469658897,0.10292027145071395,0.09838251076626442,0.09783334180444207,0.10420849524047,0.10170682815894641,0.09872965927554173,0.10132127569842386
2023-11-15,0.09405165725173752,0.10149495172020206,0.09988980802822876,0.10281326879153094,0.09777293899219913,0.09816009705676414,0.10445380483031112,0.10208524131717832,0.09749984752072291,0.10177838449112518
2023-11-16,0.09196035821079733,0.10070256679177772,0.09999747241217308,0.10415912100244451,0.09868372793361328,0.09674552688343507,0.10472970043254244,0.10239245564269882,0.09888752075002057,0.1017415499404973
2023-11-17,0.09284614546141991,0.10035667347413367,0.10087521807985267,0.10365820457755134,0.09828354049252098,0.09761017488742729,0.10426170137379988,0.10203787166781583,0.0988839134235466,0.10118655656193191
2023-11-20,0.0933806659348911,0.10092675686720139,0.10057740685013425,0.10279704835467779,0.09776368616688406,0.09752320956302726,0.10482557615054904,0.10213592762611215,0.09882281561194568,0.1012469068745771
2023-11-21,0.09411655056196552,0.1005037401854432,0.10039681549401142,0.1041247366282783,0.09809537911805842,0.09646868897748491,0.10443493490117564,0.1021268561409819,0.0989861688858366,0.10074612910676409
2023-11-22,0.09321096845050017,0.10019833660956895,0.1005316727331766,0.10357512032359739,0.09796357996224733,0.09697449783559858,0.10475538450634218,0.10241653127389362,0.09923460667753717,0.10113930162753806
2023-11-24,0.09260103567846274,0.1002564409652331,0.10130699307828138,0.10412156499710483,0.09746382306859457,0.0976350056972537,0.10461539004697053,0.10248710496178992,0.0980733533736653,0.10143928813264406
2023-11-27,0.09184883267804198,0.0997038032365419,0.10080937410165114,0.10466885261122408,0.09805866030135182,0.09716512719350404,0.10437025417689537,0.1021519950848822,0.09956482758575273,0.10165827303015466
2023-11-28,0.09253246294100737,0.10007132201937145,0.1003679045793071,0.105570575629862,0.09803264798299431,0.09633947827468567,0.10415670725144899,0.10177715225277818,0.09929674221340817,0.10185500685513688
2023-11-29,0.09288268236926693,0.0991701907377391,0.10025100152835727,0.10538508460464532,0.0982286148947581,0.09653514028036748,0.10371898670931722,0.10137686373793625,0.10022003437118544,0.10223140076642684
2023-11-30,0.09152527398780437,0.09959798935149491,0.10039668176759958,0.10518541141215543,0.09797039258138511,0.09712310630251385,0.10369440517361958,0.10200837967471647,0.09928852105969793,0.10320983868901273
2023-12-01,0.0,0.0,0.0,0.0,0.40083848382622417,0.0,0.0,0.5991615161737759,0.0,0.0
2023-12-04,0.0,0.0,0.0,0.0,0.4011044477671386,0.0,0.0,0.5988955522328614,0.0,0.0
2023-12-05,0.0,0.0,0.0,0.0,0.4028400627804077,0.0,0.0,0.5971599372195924,0.0,0.0
2023-12-06,0.0,0.0,0.0,0.0,0.4048056897475188,0.0,0.0,0.5951943102524813,0.0,0.0
2023-12-07,0.0,0.0,0.0,0.0,0.4026196572517241,0.0,0.0,0.597380342748276,0.0,0.0
2023-12-08,0.0,0.0,0.0,0.0,0.4000340207670042,0.0,0.0,0.5999659792329959,0.0,0.0
2023-12-11,0.0,0.0,0.0,0.0,0.3991283006085587,0.0,0.0,0.6008716993914412,0.0,0.0
2023-12-12,0.0,0.0,0.0,0.0,0.3985455158484417,0.0,0.0,0.6014544841515582,0.0,0.0
2023-12-13,0.0,0.0,0.0,0.0,0.39880027032733983,0.0,0.0,0.6011997296726602,0.0,0.0
2023-12-14,0.0,0.0,0.0,0.0,0.40001741180460093,0.0,0.0,0.5999825881953992,0.0,0.0
2023-12-15,0.0,0.0,0.0,0.0,0.40021298489046964,0.0,0.0,0.5997870151095305,0.0,0.0
2023-12-18,0.0,0.0,0.0,0.0,0.3983421933439967,0.0,0.0,0.6016578066560032,0.0,0.0
2023-12-19,0.0,0.0,0.0,0.0,0.3973396880952372,0.0,0.0,0.6026603119047628,0.0,0.0
2023-12-20,0.0,0.0,0.0,0.0,0.4018597668747683,0.0,0.0,0.5981402331252317,0.0,0.0
2023-12-21,0.0,0.0,0.0,0.0,0.3992200853744023,0.0,0.0,0.6007799146255977,0.0,0.0
2023-12-22,0.0,0.0,0.0,0.0,0.39851446161360143,0.0,0.0,0.6014855383863984,0.0,0.0
2023-12-26,0.0,0.0,0.0,0.0,0.3976541969022676,0.0,0.0,0.6023458030977324,0.0,0.0
2023-12-27,0.0,0.0,0.0,0.0,0.3990815787492636,0.0,0.0,0.6009184212507365,0.0,0.0
2023-12-28,0.0,0.0,0.0,0.0,0.39807488669193863,0.0,0.0,0.6019251133080614,0.0,0.0
2023-12-29,0.0,0.0,0.0,0.0,0.3981737652447458,0.0,0.0,0.6018262347552542,0.0,0.0
2024-01-02,0.0,0.0,0.0,0.0,0.398621999584625,0.0,0.0,0.6013780004153749,0.0,0.0
2024-01-03,0.0,0.0,0.0,0.0,0.4011639808868826,0.0,0.0,0.5988360191131173,0.0,0.0
2024-01-04,0.0,0.0,0.0,0.0,0.4004873289294774,0.0,0.0,0.5995126710705225,0.0,0.0
2024-01-05,0.0,0.0,0.0,0.0,0.3992793887097143,0.0,0.0,0.6007206112902856,0.0,0.0
2024-01-08,0.0,0.0,0.0,0.0,0.39668612565023104,0.0,0.0,0.603313874349769,0.0,0.0
2024-01-09,0.0,0.0,0.0,0.0,0.3969493871891167,0.0,0.0,0.6030506128108833,0.0,0.0
2024-01-10,0.0,0.0,0.0,0.0,0.3952248200610067,0.0,0.0,0.6047751799389934,0.0,0.0
2024-01-11,0.0,0.0,0.0,0.0,0.39660468368699564,0.0,0.0,0.6033953163130044,0.0,0.0
2024-01-12,0.0,0.0,0.0,0.0,0.3970864579820855,0.0,0.0,0.6029135420179145,0.0,0.0
2024-01-16,0.0,0.0,0.0,0.0,0.39601897009638515,0.0,0.0,0.6039810299036148,0.0,0.0
2024-01-17,0.0,0.0,0.0,0.0,0.39657439802892,0.0,0.0,0.60342560197108,0.0,0.0
2024-01-18,0.0,0.0,0.0,0.0,0.3939299892900101,0.0,0.0,0.6060700107099899,0.0,0.0
2024-01-19,0.0,0.0,0.0,0.0,0.3910010365871845,0.0,0.0,0.6089989634128155,0.0,0.0
2024-01-22,0.0,0.0,0.0,0.0,0.39122441300340244,0.0,0.0,0.6087755869965975,0.0,0.0
2024-01-23,0.0,0.0,0.0,0.0,0.38993062322559446,0.0,0.0,0.6100693767744055,0.0,0.0
2024-01-24,0.0,0.0,0.0,0.0,0.38899396422673943,0.0,0.0,0.6110060357732605,0.0,0.0
2024-01-25,0.0,0.0,0.0,0.0,0.3887313410541562,0.0,0.0,0.6112686589458437,0.0,0.0
2024-01-26,0.0,0.0,0.0,0.0,0.38860838966584976,0.0,0.0,0.6113916103341502,0.0,0.0
2024-01-29,0.0,0.0,0.0,0.0,0.3881562197543331,0.0,0.0,0.6118437802456668,0.0,0.0
2024-01-30,0.0,0.0,0.0,0.0,0.3886630420225629,0.0,0.0,0.611336957977437,0.0,0.0
2024-01-31,0.0,0.0,0.0,0.0,0.3945668660226574,0.0,0.0,0.6054331339773427,0.0,0.0
2024-02-01,0.0,0.0,0.0,0.0,0.3929368245021397,0.0,0.0,0.6070631754978604,0.0,0.0
2024-02-02,0.0,0.0,0.0,0.0,0.38732857680083255,0.0,0.0,0.6126714231991675,0.0,0.0
2024-02-05,0.0,0.0,0.0,0.0,0.38587441967749514,0.0,0.0,0.6141255803225049,0.0,0.0
2024-02-06,0.0,0.0,0.0,0.0,0.3864613609073663,0.0,0.0,0.6135386390926337,0.0,0.0
2024-02-07,0.0,0.0,0.0,0.0,0.384070645926706,0.0,0.0,0.6159293540732939,0.0,0.0
2024-02-08,0.0,0.0,0.0,0.0,0.38319314383402364,0.0,0.0,0.6168068561659764,0.0,0.0
2024-02-09,0.0,0.0,0.0,0.0,0.38140773858101845,0.0,0.0,0.6185922614189815,0.0,0.0
2024-02-12,0.0,0.0,0.0,0.0,0.3817360123539509,0.0,0.0,0.6182639876460492,0.0,0.0
2024-02-13,0.0,0.0,0.0,0.0,0.3823999442260526,0.0,0.0,0.6176000557739473,0.0,0.0
2024-02-14,0.0,0.0,0.0,0.0,0.3811461888373721,0.0,0.0,0.6188538111626278,0.0,0.0
2024-02-15,0.0,0.0,0.0,0.0,0.3801770716970304,0.0,0.0,0.6198229283029697,0.0,0.0
2024-02-16,0.0,0.0,0.0,0.0,0.380325068790086,0.0,0.0,0.619674931209914,0.0,0.0
2024-02-20,0.0,0.0,0.0,0.0,0.38202960408338665,0.0,0.0,0.6179703959166133,0.0,0.0
2024-02-21,0.0,0.0,0.0,0.0,0.38106078999434084,0.0,0.0,0.6189392100056592,0.0,0.0
2024-02-22,0.0,0.0,0.0,0.0,0.37626650079538676,0.0,0.0,0.6237334992046132,0.0,0.0
2024-02-23,0.0,0.0,0.0,0.0,0.37718072430482386,0.0,0.0,0.6228192756951761,0.0,0.0
2024-02-26,0.0,0.0,0.0,0.0,0.3776928666951787,0.0,0.0,0.6223071333048213,0.0,0.0
2024-02-27,0.0,0.0,0.0,0.0,0.37673086592278326,0.0,0.0,0.6232691340772168,0.0,0.0
2024-02-28,0.0,0.0,0.0,0.0,0.37789258772907075,0.0,0.0,0.6221074122709291,0.0,0.0
2024-02-29,0.0,0.0,0.0,0.0,0.37752363330287286,0.0,0.0,0.622476366697127,0.0,0.0
2024-03-01,0.0,0.0,0.0,0.0,0.37639873130939233,0.0,0.0,0.6236012686906078,0.0,0.0
2024-03-04,0.0,0.0,0.0,0.0,0.3761278609572618,0.0,0.0,0.6238721390427383,0.0,0.0
2024-03-05,0.0,0.0,0.0,0.0,0.37993293085755214,0.0,0.0,0.6200670691424479,0.0,0.0
2024-03-06,0.0,0.0,0.0,0.0,0.3793134898452319,0.0,0.0,0.6206865101547682,0.0,0.0
2024-03-07,0.0,0.0,0.0,0.0,0.3773860675043929,0.0,0.0,0.6226139324956071,0.0,0.0
2024-03-08,0.0,0.0,0.0,0.0,0.37897471458720505,0.0,0.0,0.6210252854127949,0.0,0.0
2024-03-11,0.0,0.0,0.0,0.0,0.37888041915499476,0.0,0.0,0.6211195808450053,0.0,0.0
2024-03-12,0.0,0.0,0.0,0.0,0.37540174212463234,0.0,0.0,0.6245982578753677,0.0,0.0
2024-03-13,0.0,0.0,0.0,0.0,0.37524920829547975,0.0,0.0,0.6247507917045202,0.0,0.0
2024-03-14,0.0,0.0,0.0,0.0,0.37397107015467385,0.0,0.0,0.6260289298453262,0.0,0.0
2024-03-15,0.0,0.0,0.0,0.0,0.3751853396581284,0.0,0.0,0.6248146603418717,0.0,0.0
2024-03-18,0.0,0.0,0.0,0.0,0.37352234792034084,0.0,0.0,0.6264776520796591,0.0,0.0
2024-03-19,0.0,0.0,0.0,0.0,0.37290009460149504,0.0,0.0,0.627099905398505,0.0,0.0
2024-03-20,0.0,0.0,0.0,0.0,0.3712963163726433,0.0,0.0,0.6287036836273567,0.0,0.0
2024-03-21,0.0,0.0,0.0,0.0,0.3705513030380419,0.0,0.0,0.6294486969619579,0.0,0.0
2024-03-22,0.0,0.0,0.0,0.0,0.3721334061392763,0.0,0.0,0.6278665938607237,0.0,0.0
2024-03-25,0.0,0.0,0.0,0.0,0.3721609564753612,0.0,0.0,0.6278390435246388,0.0,0.0
2024-03-26,0.0,0.0,0.0,0.0,0.3729400621834733,0.0,0.0,0.6270599378165267,0.0,0.0
2024-03-27,0.0,0.0,0.0,0.0,0.37187380730200253,0.0,0.0,0.6281261926979974,0.0,0.0
2024-03-28,0.0,0.0,0.0,0.0,0.37169650807955185,0.0,0.0,0.6283034919204482,0.0,0.0
2024-04-01,0.0,0.0,0.0,0.0,0.36998204546297175,0.0,0.0,0.6300179545370282,0.0,0.0
2024-04-02,0.0,0.0,0.0,0.0,0.37097039242508395,0.0,0.0,0.6290296075749161,0.0,0.0
2024-04-03,0.0,0.0,0.0,0.0,0.37098907964661426,0.0,0.0,0.6290109203533858,0.0,0.0
2024-04-04,0.0,0.0,0.0,0.0,0.3746601278345767,0.0,0.0,0.6253398721654233,0.0,0.0
2024-04-05,0.0,0.0,0.0,0.0,0.37067939679622797,0.0,0.0,0.6293206032037721,0.0,0.0
2024-04-08,0.0,0.0,0.0,0.0,0.3700226006015194,0.0,0.0,0.6299773993984805,0.0,0.0
2024-04-09,0.0,0.0,0.0,0.0,0.3706796657468358,0.0,0.0,0.6293203342531644,0.0,0.0
2024-04-10,0.0,0.0,0.0,0.0,0.36990643023235914,0.0,0.0,0.6300935697676409,0.0,0.0
2024-04-11,0.0,0.0,0.0,0.0,0.36782723878227713,0.0,0.0,0.632172761217723,0.0,0.0
2024-04-12,0.0,0.0,0.0,0.0,0.37202817225633394,0.0,0.0,0.627971827743666,0.0,0.0
2024-04-15,0.0,0.0,0.0,0.0,0.3734767158439902,0.0,0.0,0.6265232841560098,0.0,0.0
2024-04-16,0.0,0.0,0.0,0.0,0.3729837433524887,0.0,0.0,0.6270162566475113,0.0,0.0
2024-04-17,0.0,0.0,0.0,0.0,0.37585640443350204,0.0,0.0,0.624143595566498,0.0,0.0
2024-04-18,0.0,0.0,0.0,0.0,0.3755217427557889,0.0,0.0,0.624478257244211,0.0,0.0
2024-04-19,0.0,0.0,0.0,0.0,0.37788746256705785,0.0,0.0,0.6221125374329421,0.0,0.0
2024-04-22,0.0,0.0,0.0,0.0,0.37576041545000616,0.0,0.0,0.624239584549994,0.0,0.0
2024-04-23,0.0,0.0,0.0,0.0,0.37330310856537313,0.0,0.0,0.6266968914346268,0.0,0.0
2024-04-24,0.0,0.0,0.0,0.0,0.3727002890945371,0.0,0.0,0.6272997109054629,0.0,0.0
2024-04-25,0.0,0.0,0.0,0.0,0.3726950354918474,0.0,0.0,0.6273049645081525,0.0,0.0
2024-04-26,0.0,0.0,0.0,0.0,0.37113158214910913,0.0,0.0,0.6288684178508908,0.0,0.0
2024-04-29,0.0,0.0,0.0,0.0,0.3712484536818622,0.0,0.0,0.6287515463181378,0.0,0.0
2024-04-30,0.0,0.0,0.0,0.0,0.3738843310712323,0.0,0.0,0.6261156689287677,0.0,0.0
2024-05-01,0.0,0.0,0.0,0.0,0.37557239406963794,0.0,0.0,0.6244276059303621,0.0,0.0
2024-05-02,0.0,0.0,0.0,0.0,0.37448900606253477,0.0,0.0,0.6255109939374652,0.0,0.0
2024-05-03,0.0,0.0,0.0,0.0,0.37290024478518463,0.0,0.0,0.6270997552148155,0.0,0.0
2024-05-06,0.0,0.0,0.0,0.0,0.37070271408737604,0.0,0.0,0.6292972859126239,0.0,0.0
2024-05-07,0.0,0.0,0.0,0.0,0.37104974187690487,0.0,0.0,0.628950258123095,0.0,0.0
2024-05-08,0.0,0.0,0.0,0.0,0.3703724598332212,0.0,0.0,0.6296275401667788,0.0,0.0
2024-05-09,0.0,0.0,0.0,0.0,0.36973765615750026,0.0,0.0,0.6302623438424997,0.0,0.0
2024-05-10,0.0,0.0,0.0,0.0,0.3686836791971051,0.0,0.0,0.6313163208028949,0.0,0.0
2024-05-13,0.0,0.0,0.0,0.0,0.36892916851490465,0.0,0.0,0.6310708314850954,0.0,0.0
2024-05-14,0.0,0.0,0.0,0.0,0.3685412221091323,0.0,0.0,0.6314587778908677,0.0,0.0
2024-05-15,0.0,0.0,0.0,0.0,0.3674251636057437,0.0,0.0,0.6325748363942564,0.0,0.0
2024-05-16,0.0,0.0,0.0,0.0,0.3674564089006321,0.0,0.0,0.6325435910993679,0.0,0.0
2024-05-17,0.0,0.0,0.0,0.0,0.36640030559036924,0.0,0.0,0.6335996944096307,0.0,0.0
2024-05-20,0.0,0.0,0.0,0.0,0.3657839451269873,0.0,0.0,0.6342160548730126,0.0,0.0
2024-05-21,0.0,0.0,0.0,0.0,0.3658137591329766,0.0,0.0,0.6341862408670234,0.0,0.0
2024-05-22,0.0,0.0,0.0,0.0,0.3661838979017332,0.0,0.0,0.6338161020982669,0.0,0.0
2024-05-23,0.0,0.0,0.0,0.0,0.36706166985336675,0.0,0.0,0.6329383301466333,0.0,0.0
2024-05-24,0.0,0.0,0.0,0.0,0.36583075809767573,0.0,0.0,0.6341692419023243,0.0,0.0
2024-05-28,0.0,0.0,0.0,0.0,0.3643673661428891,0.0,0.0,0.6356326338571109,0.0,0.0
2024-05-29,0.0,0.0,0.0,0.0,0.3648638361464862,0.0,0.0,0.6351361638535138,0.0,0.0
2024-05-30,0.0,0.0,0.0,0.0,0.3675674623938756,0.0,0.0,0.6324325376061244,0.0,0.0
2024-05-31,0.0,0.0,0.0,0.0,0.3665399764076963,0.0,0.0,0.6334600235923037,0.0,0.0
2024-06-03,0.0,0.0,0.0,0.0,0.36786757296568906,0.0,0.0,0.6321324270343109,0.0,0.0
2024-06-04,0.0,0.0,0.0,0.0,0.36887830831481894,0.0,0.0,0.631121691685181,0.0,0.0
2024-06-05,0.0,0.0,0.0,0.0,0.36697348906162186,0.0,0.0,0.633026510938378,0.0,0.0
2024-06-06,0.0,0.0,0.0,0.0,0.3668789616317301,0.0,0.0,0.6331210383682699,0.0,0.0
2024-06-07,0.0,0.0,0.0,0.0,0.36470324651319536,0.0,0.0,0.6352967534868046,0.0,0.0
2024-06-10,0.0,0.0,0.0,0.0,0.36349035390823975,0.0,0.0,0.6365096460917602,0.0,0.0
2024-06-11,0.0,0.0,0.0,0.0,0.3641531199364311,0.0,0.0,0.6358468800635688,0.0,0.0
2024-06-12,0.0,0.0,0.0,0.0,0.3635472114215907,0.0,0.0,0.6364527885784094,0.0,0.0
2024-06-13,0.0,0.0,0.0,0.0,0.3646074158074537,0.0,0.0,0.6353925841925463,0.0,0.0
2024-06-14,0.0,0.0,0.0,0.0,0.36500600441583836,0.0,0.0,0.6349939955841618,0.0,0.0
2024-06-17,0.0,0.0,0.0,0.0,0.36209313022087825,0.0,0.0,0.6379068697791217,0.0,0.0
2024-06-18,0.0,0.0,0.0,0.0,0.3625106473275028,0.0,0.0,0.6374893526724973,0.0,0.0
2024-06-20,0.0,0.0,0.0,0.0,0.36255204193190815,0.0,0.0,0.6374479580680918,0.0,0.0
2024-06-21,0.0,0.0,0.0,0.0,0.36291115374143146,0.0,0.0,0.6370888462585685,0.0,0.0
2024-06-24,0.0,0.0,0.0,0.0,0.3638604927270649,0.0,0.0,0.6361395072729351,0.0,0.0
2024-06-25,0.0,0.0,0.0,0.0,0.3631671524644506,0.0,0.0,0.6368328475355495,0.0,0.0
2024-06-26,0.0,0.0,0.0,0.0,0.3614812821826498,0.0,0.0,0.6385187178173503,0.0,0.0
2024-06-27,0.0,0.0,0.0,0.0,0.361633068148403,0.0,0.0,0.6383669318515969,0.0,0.0
2024-06-28,0.0,0.0,0.0,0.0,0.36131412314892136,0.0,0.0,0.6386858768510786,0.0,0.0
2024-07-01,0.0,0.0,0.0,0.0,0.35911833147970396,0.0,0.0,0.6408816685202962,0.0,0.0
2024-07-02,0.0,0.0,0.0,0.0,0.35844256929772716,0.0,0.0,0.6415574307022728,0.0,0.0
2024-07-03,0.0,0.0,0.0,0.0,0.3589464010657134,0.0,0.0,0.6410535989342867,0.0,0.0
2024-07-05,0.0,0.0,0.0,0.0,0.3588976716266818,0.0,0.0,0.6411023283733183,0.0,0.0
2024-07-08,0.0,0.0,0.0,0.0,0.3587056524943614,0.0,0.0,0.6412943475056385,0.0,0.0
2024-07-09,0.0,0.0,0.0,0.0,0.3581644505604373,0.0,0.0,0.6418355494395628,0.0,0.0
2024-07-10,0.0,0.0,0.0,0.0,0.35612334103962673,0.0,0.0,0.6438766589603734,0.0,0.0
2024-07-11,0.0,0.0,0.0,0.0,0.35957314065019447,0.0,0.0,0.6404268593498055,0.0,0.0
2024-07-12,0.0,0.0,0.0,0.0,0.3586113000135879,0.0,0.0,0.6413886999864122,0.0,0.0
2024-07-15,0.0,0.0,0.0,0.0,0.35725289989872167,0.0,0.0,0.6427471001012783,0.0,0.0
2024-07-16,0.0,0.0,0.0,0.0,0.3569120280560481,0.0,0.0,0.643087971943952,0.0,0.0
2024-07-17,0.0,0.0,0.0,0.0,0.36035330313972175,0.0,0.0,0.6396466968602782,0.0,0.0
2024-07-18,0.0,0.0,0.0,0.0,0.3614772603393244,0.0,0.0,0.6385227396606755,0.0,0.0
2024-07-19,0.0,0.0,0.0,0.0,0.3622845726505963,0.0,0.0,0.6377154273494036,0.0,0.0
2024-07-22,0.0,0.0,0.0,0.0,0.35969886436898385,0.0,0.0,0.6403011356310162,0.0,0.0
2024-07-23,0.0,0.0,0.0,0.0,0.36023115702046427,0.0,0.0,0.6397688429795357,0.0,0.0
2024-07-24,0.0,0.0,0.0,0.0,0.36501541635556156,0.0,0.0,0.6349845836444384,0.0,0.0
2024-07-25,0.0,0.0,0.0,0.0,0.3667432831545256,0.0,0.0,0.6332567168454745,0.0,0.0
2024-07-26,0.0,0.0,0.0,0.0,0.36526057550462004,0.0,0.0,0.6347394244953799,0.0,0.0
2024-07-29,0.0,0.0,0.0,0.0,0.3655144282229885,0.0,0.0,0.6344855717770115,0.0,0.0
2024-07-30,0.0,0.0,0.0,0.0,0.3671809216450817,0.0,0.0,0.6328190783549182,0.0,0.0
2024-07-31,0.0,0.0,0.0,0.0,0.36513605108259933,0.0,0.0,0.6348639489174007,0.0,0.0
2024-08-01,0.0,0.0,0.0,0.0,0.3694405446838636,0.0,0.0,0.6305594553161363,0.0,0.0
2024-08-02,0.0,0.0,0.0,0.0,0.3774343444108361,0.0,0.0,0.6225656555891639,0.0,0.0
2024-08-05,0.0,0.0,0.0,0.0,0.38464634330700603,0.0,0.0,0.6153536566929939,0.0,0.0
2024-08-06,0.0,0.0,0.0,0.0,0.38036774235965404,0.0,0.0,0.6196322576403461,0.0,0.0
2024-08-07,0.0,0.0,0.0,0.0,0.3810959499732832,0.0,0.0,0.6189040500267169,0.0,0.0
2024-08-08,0.0,0.0,0.0,0.0,0.37501511334963056,0.0,0.0,0.6249848866503693,0.0,0.0
2024-08-09,0.0,0.0,0.0,0.0,0.3749313930148857,0.0,0.0,0.6250686069851144,0.0,0.0
2024-08-12,0.0,0.0,0.0,0.0,0.3754621548583761,0.0,0.0,0.624537845141624,0.0,0.0
2024-08-13,0.0,0.0,0.0,0.0,0.3726793169099173,0.0,0.0,0.6273206830900827,0.0,0.0
2024-08-14,0.0,0.0,0.0,0.0,0.37225496438634437,0.0,0.0,0.6277450356136558,0.0,0.0
2024-08-15,0.0,0.0,0.0,0.0,0.36683319514855434,0.0,0.0,0.6331668048514457,0.0,0.0
2024-08-16,0.0,0.0,0.0,0.0,0.36676809835257174,0.0,0.0,0.6332319016474283,0.0,0.0
2024-08-19,0.0,0.0,0.0,0.0,0.36487087570047483,0.0,0.0,0.6351291242995253,0.0,0.0
2024-08-20,0.0,0.0,0.0,0.0,0.3661769835624857,0.0,0.0,0.6338230164375143,0.0,0.0
2024-08-21,0.0,0.0,0.0,0.0,0.36585603046293036,0.0,0.0,0.6341439695370696,0.0,0.0
2024-08-22,0.0,0.0,0.0,0.0,0.3666143184534989,0.0,0.0,0.6333856815465011,0.0,0.0
2024-08-23,0.0,0.0,0.0,0.0,0.36523222004406936,0.0,0.0,0.6347677799559306,0.0,0.0
2024-08-26,0.0,0.0,0.0,0.0,0.36550087282634586,0.0,0.0,0.6344991271736542,0.0,0.0
2024-08-27,0.0,0.0,0.0,0.0,0.3650877350619923,0.0,0.0,0.6349122649380078,0.0,0.0
2024-08-28,0.0,0.0,0.0,0.0,0.3663194587964997,0.0,0.0,0.6336805412035003,0.0,0.0
2024-08-29,0.0,0.0,0.0,0.0,0.3658940029273323,0.0,0.0,0.6341059970726677,0.0,0.0
2024-08-30,0.0,0.0,0.0,0.0,0.3628837285206197,0.0,0.0,0.6371162714793803,0.0,0.0
2024-09-03,0.0,0.0,0.0,0.0,0.3692338121097321,0.0,0.0,0.630766187890268,0.0,0.0
2024-09-04,0.0,0.0,0.0,0.0,0.3710715522114716,0.0,0.0,0.6289284477885284,0.0,0.0
2024-09-05,0.0,0.0,0.0,0.0,0.3721876519391269,0.0,0.0,0.6278123480608732,0.0,0.0
2024-09-06,0.0,0.0,0.0,0.0,0.3764966159410926,0.0,0.0,0.6235033840589074,0.0,0.0
2024-09-09,0.0,0.0,0.0,0.0,0.37421959318989895,0.0,0.0,0.6257804068101012,0.0,0.0
2024-09-10,0.0,0.0,0.0,0.0,0.3741980844430754,0.0,0.0,0.6258019155569245,0.0,0.0
2024-09-11,0.0,0.0,0.0,0.0,0.37164579668271847,0.0,0.0,0.6283542033172816,0.0,0.0
2024-09-12,0.0,0.0,0.0,0.0,0.3693117414203407,0.0,0.0,0.6306882585796593,0.0,0.0
2024-09-13,0.0,0.0,0.0,0.0,0.36854668614412445,0.0,0.0,0.6314533138558756,0.0,0.0
2024-09-16,0.0,0.0,0.0,0.0,0.3688144553014136,0.0,0.0,0.6311855446985865,0.0,0.0
2024-09-17,0.0,0.0,0.0,0.0,0.3682963786370295,0.0,0.0,0.6317036213629704,0.0,0.0
2024-09-18,0.0,0.0,0.0,0.0,0.36797440800893516,0.0,0.0,0.6320255919910648,0.0,0.0
2024-09-19,0.0,0.0,0.0,0.0,0.3638600456370275,0.0,0.0,0.6361399543629724,0.0,0.0
2024-09-20,0.0,0.0,0.0,0.0,0.3641899960361051,0.0,0.0,0.6358100039638949,0.0,0.0
2024-09-23,0.0,0.0,0.0,0.0,0.3634712753814644,0.0,0.0,0.6365287246185356,0.0,0.0
2024-09-24,0.0,0.0,0.0,0.0,0.36306882229876014,0.0,0.0,0.6369311777012397,0.0,0.0
2024-09-25,0.0,0.0,0.0,0.0,0.36263826389161774,0.0,0.0,0.6373617361083822,0.0,0.0
2024-09-26,0.0,0.0,0.0,0.0,0.3615593786776095,0.0,0.0,0.6384406213223905,0.0,0.0
2024-09-27,0.0,0.0,0.0,0.0,0.36281217773177543,0.0,0.0,0.6371878222682246,0.0,0.0
2024-09-30,0.0,0.0,0.0,0.0,0.36125378521074897,0.0,0.0,0.6387462147892511,0.0,0.0
2024-10-01,0.0,0.0,0.0,0.0,0.3641735008129845,0.0,0.0,0.6358264991870156,0.0,0.0
2024-10-02,0.0,0.0,0.0,0.0,0.36341487369502506,0.0,0.0,0.6365851263049749,0.0,0.0
2024-10-03,0.0,0.0,0.0,0.0,0.3626541086448035,0.0,0.0,0.6373458913551965,0.0,0.0
2024-10-04,0.0,0.0,0.0,0.0,0.35833312433875325,0.0,0.0,0.6416668756612467,0.0,0.0
2024-10-07,0.0,0.0,0.0,0.0,0.35958651839786016,0.0,0.0,0.6404134816021398,0.0,0.0
2024-10-08,0.0,0.0,0.0,0.0,0.3576127708663915,0.0,0.0,0.6423872291336085,0.0,0.0
2024-10-09,0.0,0.0,0.0,0.0,0.3551695708209059,0.0,0.0,0.6448304291790941,0.0,0.0
2024-10-10,0.0,0.0,0.0,0.0,0.35554693067342313,0.0,0.0,0.6444530693265769,0.0,0.0
2024-10-11,0.0,0.0,0.0,0.0,0.35425166180000484,0.0,0.0,0.6457483381999952,0.0,0.0
2024-10-14,0.0,0.0,0.0,0.0,0.3519857077054797,0.0,0.0,0.6480142922945202,0.0,0.0
2024-10-15,0.0,0.0,0.0,0.0,0.35493539486992204,0.0,0.0,0.6450646051300779,0.0,0.0
2024-10-16,0.0,0.0,0.0,0.0,0.35429941583666913,0.0,0.0,0.6457005841633309,0.0,0.0
2024-10-17,0.0,0.0,0.0,0.0,0.3530902869411271,0.0,0.0,0.6469097130588729,0.0,0.0
2024-10-18,0.0,0.0,0.0,0.0,0.3524755960495814,0.0,0.0,0.6475244039504187,0.0,0.0
2024-10-21,0.0,0.0,0.0,0.0,0.3510846964427027,0.0,0.0,0.6489153035572973,0.0,0.0
2024-10-22,0.0,0.0,0.0,0.0,0.35099027373421493,0.0,0.0,0.6490097262657851,0.0,0.0
2024-10-23,0.0,0.0,0.0,0.0,0.352555323867889,0.0,0.0,0.6474446761321109,0.0,0.0
2024-10-24,0.0,0.0,0.0,0.0,0.352566819496507,0.0,0.0,0.647433180503493,0.0,0.0
2024-10-25,0.0,0.0,0.0,0.0,0.3521411667895709,0.0,0.0,0.6478588332104291,0.0,0.0
2024-10-28,0.0,0.0,0.0,0.0,0.3509084243499391,0.0,0.0,0.6490915756500608,0.0,0.0
2024-10-29,0.0,0.0,0.0,0.0,0.35063638027571564,0.0,0.0,0.6493636197242844,0.0,0.0
2024-10-30,0.0,0.0,0.0,0.0,0.35098952594441424,0.0,0.0,0.6490104740555858,0.0,0.0
2024-10-31,0.0,0.0,0.0,0.0,0.35539137513594105,0.0,0.0,0.6446086248640589,0.0,0.0
2024-11-01,0.0,0.0,0.0,0.0,0.353069337670938,0.0,0.0,0.6469306623290619,0.0,0.0
2024-11-04,0.0,0.0,0.0,0.0,0.35477975612480944,0.0,0.0,0.6452202438751906,0.0,0.0
2024-11-05,0.0,0.0,0.0,0.0,0.35215430489070565,0.0,0.0,0.6478456951092945,0.0,0.0
2024-11-06,0.0,0.0,0.0,0.0,0.3442316059362869,0.0,0.0,0.655768394063713,0.0,0.0
2024-11-07,0.0,0.0,0.0,0.0,0.3443012216873977,0.0,0.0,0.6556987783126023,0.0,0.0
2024-11-08,0.0,0.0,0.0,0.0,0.3438053682044195,0.0,0.0,0.6561946317955805,0.0,0.0
2024-11-11,0.0,0.0,0.0,0.0,0.3429675320265361,0.0,0.0,0.6570324679734638,0.0,0.0
2024-11-12,0.0,0.0,0.0,0.0,0.34224918116639186,0.0,0.0,0.6577508188336082,0.0,0.0
2024-11-13,0.0,0.0,0.0,0.0,0.3419950916334459,0.0,0.0,0.6580049083665541,0.0,0.0
2024-11-14,0.0,0.0,0.0,0.0,0.34342413890029877,0.0,0.0,0.6565758610997012,0.0,0.0
2024-11-15,0.0,0.0,0.0,0.0,0.34643377055228297,0.0,0.0,0.653566229447717,0.0,0.0
2024-11-18,0.0,0.0,0.0,0.0,0.3460170444462247,0.0,0.0,0.6539829555537753,0.0,0.0
2024-11-19,0.0,0.0,0.0,0.0,0.3456748116930572,0.0,0.0,0.654325188306943,0.0,0.0
2024-11-20,0.0,0.0,0.0,0.0,0.3452602197078858,0.0,0.0,0.6547397802921142,0.0,0.0
2024-11-21,0.0,0.0,0.0,0.0,0.34393036688536416,0.0,0.0,0.6560696331146357,0.0,0.0
2024-11-22,0.0,0.0,0.0,0.0,0.3433769677880055,0.0,0.0,0.6566230322119945,0.0,0.0
2024-11-25,0.0,0.0,0.0,0.0,0.34503522255988556,0.0,0.0,0.6549647774401146,0.0,0.0
2024-11-26,0.0,0.0,0.0,0.0,0.3433820293988857,0.0,0.0,0.6566179706011142,0.0,0.0
2024-11-27,0.0,0.0,0.0,0.0,0.3449737087688309,0.0,0.0,0.6550262912311692,0.0,0.0
2024-11-29,0.0,0.0,0.0,0.0,0.34452603159649386,0.0,0.0,0.6554739684035061,0.0,0.0
2024-12-02,0.0,0.0,0.0,0.0,0.39954998631987615,0.0,0.0,0.6004500136801239,0.0,0.0
2024-12-03,0.0,0.0,0.0,0.0,0.3987554094859865,0.0,0.0,0.6012445905140136,0.0,0.0
2024-12-04,0.0,0.0,0.0,0.0,0.3981818657071945,0.0,0.0,0.6018181342928055,0.0,0.0
2024-12-05,0.0,0.0,0.0,0.0,0.3985513559559678,0.0,0.0,0.6014486440440322,0.0,0.0
2024-12-06,0.0,0.0,0.0,0.0,0.39885345703394093,0.0,0.0,0.601146542966059,0.0,0.0
2024-12-09,0.0,0.0,0.0,0.0,0.39925946519491046,0.0,0.0,0.6007405348050895,0.0,0.0
2024-12-10,0.0,0.0,0.0,0.0,0.39957654255277214,0.0,0.0,0.6004234574472279,0.0,0.0
2024-12-11,0.0,0.0,0.0,0.0,0.39702179389063424,0.0,0.0,0.6029782061093658,0.0,0.0
2024-12-12,0.0,0.0,0.0,0.0,0.39734480015151546,0.0,0.0,0.6026551998484846,0.0,0.0
2024-12-13,0.0,0.0,0.0,0.0,0.39627090988238445,0.0,0.0,0.6037290901176154,0.0,0.0
2024-12-16,0.0,0.0,0.0,0.0,0.39532849347274046,0.0,0.0,0.6046715065272595,0.0,0.0
2024-12-17,0.0,0.0,0.0,0.0,0.3963158365138548,0.0,0.0,0.6036841634861452,0.0,0.0
2024-12-18,0.0,0.0,0.0,0.0,0.4017106444310616,0.0,0.0,0.5982893555689385,0.0,0.0
2024-12-19,0.0,0.0,0.0,0.0,0.40069342807594144,0.0,0.0,0.5993065719240586,0.0,0.0
2024-12-20,0.0,0.0,0.0,0.0,0.3987111608739648,0.0,0.0,0.6012888391260354,0.0,0.0
2024-12-23,0.0,0.0,0.0,0.0,0.3962186945153193,0.0,0.0,0.6037813054846808,0.0,0.0
2024-12-24,0.0,0.0,0.0,0.0,0.39370681933322754,0.0,0.0,0.6062931806667724,0.0,0.0
2024-12-26,0.0,0.0,0.0,0.0,0.39387198728540185,0.0,0.0,0.6061280127145983,0.0,0.0
2024-12-27,0.0,0.0,0.0,0.0,0.3957785224334606,0.0,0.0,0.6042214775665393,0.0,0.0
2024-12-30,0.0,0.0,0.0,0.0,0.39992886110171016,0.0,0.0,0.6000711388982898,0.0,0.0
2024-12-31,0.0,0.0,0.0,0.0,0.40036270659363143,0.0,0.0,0.5996372934063686,0.0,0.0
2025-01-02,0.0,0.0,0.0,0.0,0.4010833368704626,0.0,0.0,0.5989166631295375,0.0,0.0
2025-01-03,0.0,0.0,0.0,0.0,0.397713307619579,0.0,0.0,0.602286692380421,0.0,0.0
2025-01-06,0.0,0.0,0.0,0.0,0.39610502284537347,0.0,0.0,0.6038949771546266,0.0,0.0
2025-01-07,0.0,0.0,0.0,0.0,0.39773403443063793,0.0,0.0,0.6022659655693622,0.0,0.0
2025-01-08,0.0,0.0,0.0,0.0,0.39780135040509124,0.0,0.0,0.6021986495949088,0.0,0.0
2025-01-10,0.0,0.0,0.0,0.0,0.39973756968743207,0.0,0.0,0.6002624303125679,0.0,0.0
2025-01-13,0.0,0.0,0.0,0.0,0.3989453034655826,0.0,0.0,0.6010546965344175,0.0,0.0
2025-01-14,0.0,0.0,0.0,0.0,0.39869454641198854,0.0,0.0,0.6013054535880116,0.0,0.0
2025-01-15,0.0,0.0,0.0,0.0,0.39688471125937497,0.0,0.0,0.603115288740625,0.0,0.0
2025-01-16,0.0,0.0,0.0,0.0,0.3979166245432574,0.0,0.0,0.6020833754567425,0.0,0.0
2025-01-17,0.0,0.0,0.0,0.0,0.3957068287072006,0.0,0.0,0.6042931712927994,0.0,0.0
2025-01-21,0.0,0.0,0.0,0.0,0.39432932720783287,0.0,0.0,0.6056706727921671,0.0,0.0
2025-01-22,0.0,0.0,0.0,0.0,0.3923733653907277,0.0,0.0,0.6076266346092724,0.0,0.0
2025-01-23,0.0,0.0,0.0,0.0,0.3904580506751787,0.0,0.0,0.6095419493248213,0.0,0.0
2025-01-24,0.0,0.0,0.0,0.0,0.3916440098291789,0.0,0.0,0.6083559901708211,0.0,0.0
2025-01-27,0.0,0.0,0.0,0.0,0.3965903056234922,0.0,0.0,0.6034096943765079,0.0,0.0
2025-01-28,0.0,0.0,0.0,0.0,0.3945702945441743,0.0,0.0,0.6054297054558258,0.0,0.0
2025-01-29,0.0,0.0,0.0,0.0,0.3953614247502688,0.0,0.0,0.6046385752497312,0.0,0.0
2025-01-30,0.0,0.0,0.0,0.0,0.39459586352064213,0.0,0.0,0.6054041364793578,0.0,0.0
2025-01-31,0.0,0.0,0.0,0.0,0.3954859719168606,0.0,0.0,0.6045140280831395,0.0,0.0
2025-02-03,0.0,0.0,0.0,0.0,0.3972718551493206,0.0,0.0,0.6027281448506793,0.0,0.0
2025-02-04,0.0,0.0,0.0,0.0,0.3962641059518835,0.0,0.0,0.6037358940481166,0.0,0.0
2025-02-05,0.0,0.0,0.0,0.0,0.396680952255932,0.0,0.0,0.6033190477440681,0.0,0.0
2025-02-06,0.0,0.0,0.0,0.0,0.39556960399769,0.0,0.0,0.6044303960023102,0.0,0.0
2025-02-07,0.0,0.0,0.0,0.0,0.3969746343650638,0.0,0.0,0.6030253656349363,0.0,0.0
2025-02-10,0.0,0.0,0.0,0.0,0.39530423730353337,0.0,0.0,0.6046957626964666,0.0,0.0
2025-02-11,0.0,0.0,0.0,0.0,0.39450590850695716,0.0,0.0,0.6054940914930428,0.0,0.0
2025-02-12,0.0,0.0,0.0,0.0,0.39362537910671125,0.0,0.0,0.6063746208932889,0.0,0.0
2025-02-13,0.0,0.0,0.0,0.0,0.3928976717414332,0.0,0.0,0.6071023282585668,0.0,0.0
2025-02-14,0.0,0.0,0.0,0.0,0.3939087662023063,0.0,0.0,0.6060912337976937,0.0,0.0
2025-02-18,0.0,0.0,0.0,0.0,0.39192811619340656,0.0,0.0,0.6080718838065935,0.0,0.0
2025-02-19,0.0,0.0,0.0,0.0,0.3917523604419783,0.0,0.0,0.6082476395580215,0.0,0.0
2025-02-20,0.0,0.0,0.0,0.0,0.3932332733411202,0.0,0.0,0.6067667266588799,0.0,0.0
2025-02-21,0.0,0.0,0.0,0.0,0.39876753644573093,0.0,0.0,0.6012324635542691,0.0,0.0
2025-02-24,0.0,0.0,0.0,0.0,0.4003732247418986,0.0,0.0,0.5996267752581013,0.0,0.0
2025-02-25,0.0,0.0,0.0,0.0,0.4034583884532932,0.0,0.0,0.5965416115467068,0.0,0.0
2025-02-26,0.0,0.0,0.0,0.0,0.40399721672508065,0.0,0.0,0.5960027832749193,0.0,0.0
2025-02-27,0.0,0.0,0.0,0.0,0.40759749912138904,0.0,0.0,0.5924025008786109,0.0,0.0
2025-02-28,0.0,0.0,0.0,0.0,0.4051815281103283,0.0,0.0,0.5948184718896717,0.0,0.0
2025-03-03,0.0,0.0,0.0,0.0,0.41032492116411,0.0,0.0,0.5896750788358899,0.0,0.0
2025-03-04,0.0,0.0,0.0,0.0,0.41244553195904804,0.0,0.0,0.587554468040952,0.0,0.0
2025-03-05,0.0,0.0,0.0,0.0,0.4085061150051544,0.0,0.0,0.5914938849948457,0.0,0.0
2025-03-06,0.0,0.0,0.0,0.0,0.4127125916353966,0.0,0.0,0.5872874083646034,0.0,0.0
2025-03-07,0.0,0.0,0.0,0.0,0.4110508974768712,0.0,0.0,0.5889491025231287,0.0,0.0
2025-03-10,0.0,0.0,0.0,0.0,0.41929745803604135,0.0,0.0,0.5807025419639588,0.0,0.0
2025-03-11,0.0,0.0,0.0,0.0,0.42045790787837933,0.0,0.0,0.5795420921216207,0.0,0.0
2025-03-12,0.0,0.0,0.0,0.0,0.41844813556290766,0.0,0.0,0.5815518644370925,0.0,0.0
2025-03-13,0.0,0.0,0.0,0.0,0.42269714282049725,0.0,0.0,0.5773028571795027,0.0,0.0
2025-03-14,0.0,0.0,0.0,0.0,0.41686823383020366,0.0,0.0,0.5831317661697963,0.0,0.0
2025-03-17,0.0,0.0,0.0,0.0,0.4152075979694969,0.0,0.0,0.5847924020305032,0.0,0.0
2025-03-18,0.0,0.0,0.0,0.0,0.4181315396894744,0.0,0.0,0.5818684603105255,0.0,0.0
2025-03-19,0.0,0.0,0.0,0.0,0.41624148715007997,0.0,0.0,0.5837585128499201,0.0,0.0
2025-03-20,0.0,0.0,0.0,0.0,0.4173034822955604,0.0,0.0,0.5826965177044396,0.0,0.0
2025-03-21,0.0,0.0,0.0,0.0,0.41701860178124656,0.0,0.0,0.5829813982187534,0.0,0.0
2025-03-24,0.0,0.0,0.0,0.0,0.41130350321148124,0.0,0.0,0.5886964967885188,0.0,0.0
2025-03-25,0.0,0.0,0.0,0.0,0.41113193649786,0.0,0.0,0.5888680635021399,0.0,0.0
2025-03-26,0.0,0.0,0.0,0.0,0.4134780940703732,0.0,0.0,0.5865219059296268,0.0,0.0
2025-03-27,0.0,0.0,0.0,0.0,0.4139175497356466,0.0,0.0,0.5860824502643533,0.0,0.0
2025-03-28,0.0,0.0,0.0,0.0,0.42081574437760094,0.0,0.0,0.5791842556223991,0.0,0.0
2025-03-31,0.0,0.0,0.0,0.0,0.4199020346351713,0.0,0.0,0.5800979653648288,0.0,0.0
2025-04-01,0.24379190104035897,0.0,0.02655433295464365,0.021305109434519263,0.40020141767974665,1.312971267069631e-17,0.0,0.19644047721290317,0.10927454820139969,0.002432213476428729
2025-04-02,0.24471342218050762,0.0,0.026551445135203362,0.021297062328357097,0.3988545402772442,1.3304680473854792e-17,0.0,0.19720434792063007,0.10893813312142135,0.0024410490366362204
2025-04-03,0.23863229937755878,0.0,0.026409872124960997,0.02150648533278428,0.40939008805789945,1.2649382686805858e-17,0.0,0.19047977889749684,0.11118608417265258,0.002395392036647119
2025-04-04,0.2346093363816921,0.0,0.025165827729325352,0.02142797639523636,0.41883683714098646,1.2329409249069938e-17,0.0,0.18295358627032746,0.11466868158654984,0.0023377544958823717
2025-04-07,0.2340967011026583,0.0,0.02489716800624918,0.02125659373477255,0.41955310107192617,1.2386221191787826e-17,0.0,0.18514503075422892,0.11274363239310918,0.002307772937055689
2025-04-08,0.23174628753869286,0.0,0.02512349467978849,0.02164049051263264,0.4226805236774928,1.221125102459135e-17,0.0,0.18453196616105505,0.11200320730546004,0.00227403012487808
2025-04-09,0.2331505214813639,0.0,0.026274724241731818,0.021788027067724924,0.40908477615359995,1.2863713596339522e-17,0.0,0.19797812944396473,0.10938424568284516,0.0023395759287695925
2025-04-10,0.23427413044717715,0.0,0.026206823506973415,0.02271039306127661,0.4136416681204596,1.2538650575413945e-17,0.0,0.19261250365412,0.10822834073967481,0.0023261404703183715
2025-04-11,0.23621186090267654,0.0,0.026697311312339867,0.023000808364986972,0.40876811558412873,1.2642878315966844e-17,0.0,0.19483750310777348,0.10814437792498717,0.0023400228031072506
2025-04-14,0.23485505022447642,0.0,0.026816857240422858,0.022727344174116274,0.4094841830930608,1.2712141126008181e-17,0.0,0.19550428019682484,0.10823870882714769,0.002373576243951218
2025-04-15,0.23409307205477262,0.0,0.02703551750520109,0.02282664363381178,0.4103478617243943,1.271688589392906e-17,0.0,0.1947892994023574,0.10852884414386633,0.0023787615355963226
2025-04-16,0.23662659229269614,0.0,0.026888275934547866,0.023531648854985304,0.4114667009757816,1.2574807070911537e-17,0.0,0.1901540947051123,0.10895940410502973,0.0023732831318470492
2025-04-17,0.23889113989342764,0.0,0.02715746925871628,0.02340903981279695,0.4099588239662962,1.2667022750052669e-17,0.0,0.19026861138130421,0.10790811113804136,0.0024068045494173382
2025-04-21,0.23929799165941418,0.0,0.027285963723241914,0.02437966560236504,0.4119145320221356,1.2539739912089345e-17,0.0,0.1876365270531055,0.10710461331657349,0.0023807066231642674
2025-04-22,0.23871327008979165,0.0,0.027652342656685574,0.023862242691705185,0.4092820255552375,1.2772606254484035e-17,0.0,0.1911459419507597,0.1069345747803086,0.002409602275511704
2025-04-23,0.2364029822672734,0.0,0.02770268186938644,0.023239305686709264,0.4088234311179373,1.2933765219538315e-17,0.0,0.19368484530075492,0.1077379645701469,0.0024087891877916357
2025-04-24,0.23610540370131491,0.0,0.027786149624316858,0.023338050392369115,0.40685774146297976,1.3058749247335007e-17,0.0,0.1957525470519627,0.10776700390734471,0.0023931038597117984
2025-04-25,0.23550810279554427,0.0,0.027795863810915294,0.022994269132114085,0.40679630182512766,1.3011431105783391e-17,0.0,0.19639181286275179,0.10813405643802866,0.0023795931355182617
2025-04-28,0.2338142162144678,0.0,0.027936674995079586,0.023284889850238116,0.40777425295336595,1.3045739661634909e-17,0.0,0.19615612549986394,0.10864326384941517,0.0023905766375694856
2025-04-29,0.23074302027525034,0.0,0.027980924801755853,0.023048373708214227,0.40900905966016904,1.3117152998706029e-17,0.0,0.1973083325097713,0.10950789503374907,0.002402394011090232
2025-04-30,0.22750950845640652,0.0,0.02807876034360496,0.022982991790536967,0.41156606680032204,1.3095883530524155e-17,0.0,0.19831050163782166,0.10913003181587178,0.0024221391554359907
2025-05-01,0.23154229032564003,9.38236082014682e-18,0.0,0.09089362924555354,0.399385885498403,1.401922830009561e-18,1.25688602644997e-17,0.0940113609957611,0.18416683393464234,2.4436035619709156e-18
2025-05-02,0.23304263701291733,9.67085260451396e-18,0.0,0.09124523302705893,0.39754440076726855,1.4364885891570103e-18,1.2782426799333182e-17,0.0956087869655734,0.1825589422271818,2.4788942865035123e-18
2025-05-05,0.23190504972132062,9.752730561293753e-18,0.0,0.09405548318062333,0.39718957949904005,1.4267428280709272e-18,1.2718082524747893e-17,0.09514648052976002,0.18170340706925606,2.4756043562793374e-18
2025-05-06,0.23376672495737807,9.647100224199218e-18,0.0,0.09602526134037505,0.39545502788724163,1.4014597582214758e-18,1.2512992608866732e-17,0.09370131161884769,0.18105167419615753,2.43959941619494e-18
2025-05-07,0.2313602785702225,9.556452537718981e-18,0.0,0.09478823859931877,0.39734789322258574,1.4091023867363196e-18,1.2589036675127979e-17,0.09429700405763539,0.18220658555023753,2.4475799179882616e-18
2025-05-08,0.23515933800880964,9.581807086731642e-18,0.0,0.09323063908872305,0.3955653273714131,1.4407176642853303e-18,1.2761338496506248e-17,0.09526999228297706,0.18077470324807726,2.4460579622719635e-18
2025-05-09,0.2362659462049333,9.618215899950117e-18,0.0,0.09363413595946325,0.3947087585481297,1.4338894317157007e-18,1.2715918703104204e-17,0.09487214932996318,0.18051900995751063,2.455197414114339e-18
2025-05-12,0.23833928271722998,9.846909943771567e-18,0.0,0.09118857820118664,0.39303507471538734,1.4874668497121639e-18,1.326219022931027e-17,0.09821640522265411,0.17922065914354193,2.472574841192267e-18
2025-05-13,0.2411427966385363,9.82756379494947e-18,0.0,0.0912379424094099,0.39128769342951375,1.4873785032883732e-18,1.341447500743857e-17,0.09849903631292661,0.17783253120961343,2.432079335072434e-18
2025-05-14,0.2412808466104869,9.958813569437276e-18,0.0,0.08982729420233182,0.3920464685090854,1.4825871908897412e-18,1.3571737398298126e-17,0.09918672949675161,0.17765866118134416,2.4218775044085638e-18
2025-05-15,0.23804510933132678,9.91797878856252e-18,0.0,0.09092635800418161,0.39316056667857524,1.4867898441994527e-18,1.3536790161111106e-17,0.09930539641701278,0.17856256956890357,2.4570674166462403e-18
2025-05-16,0.23733076910237652,9.919116125993526e-18,0.0,0.08989588612386007,0.3935862493666405,1.5002208578555488e-18,1.3606086390721223e-17,0.10001067453048307,0.1791764208766398,2.4895451702996197e-18
2025-05-19,0.23694668545183797,9.938540896187122e-18,0.0,0.09103532880421913,0.39329711013543217,1.493626625337907e-18,1.3616366743222381e-17,0.10009975177824768,0.17862112383026288,2.4895910200599582e-18
2025-05-20,0.23934956691989123,9.90215025786252e-18,0.0,0.0924908235973798,0.39177886832484365,1.4905483998620081e-18,1.3535886711838976e-17,0.0995052179732157,0.1768755231846696,2.468582202281268e-18
2025-05-21,0.24071562897330726,9.94678381383845e-18,0.0,0.09383641850521661,0.3918330834344666,1.4590115072131408e-18,1.3442780610799249e-17,0.09852475456245909,0.1750901145245504,2.4199761460180515e-18
2025-05-22,0.23939220132284741,9.910917714422287e-18,0.0,0.09297144885679662,0.3931638633277125,1.458415034564827e-18,1.3463094597077635e-17,0.09852819518786231,0.17594429130478112,2.4080341989526606e-18
2025-05-23,0.2397488171571932,9.910782741727575e-18,0.0,0.09461633938175476,0.3926733043209782,1.4478267697160716e-18,1.3283414692245034e-17,0.0974521559623238,0.17550938317774994,2.4005855785078066e-18
2025-05-27,0.23705759035659937,9.863749209776009e-18,0.0,0.09279206378756852,0.3933712860248592,1.4810444357572295e-18,1.3563662800280274e-17,0.09924230902851058,0.17753675080246226,2.436690320426039e-18
2025-05-28,0.2370861678950511,9.852520845456954e-18,0.0,0.09289940869132204,0.3936308487817911,1.4704556426257248e-18,1.3549876084967586e-17,0.09900663037998561,0.17737694425185008,2.442566322587638e-18
2025-05-29,0.2351512596112084,9.859576551329803e-18,0.0,0.09317172183689036,0.3940894970938716,1.4704313925175144e-18,1.3536111049885369e-17,0.0991016752695365,0.17848584618849309,2.4573069458717278e-18
2025-05-30,0.23361351529702165,9.750210267831168e-18,0.0,0.09265829517253772,0.3956840576967413,1.464511538347379e-18,1.3529267914875677e-17,0.09909709221852163,0.17894703961517774,2.4599447681875822e-18
2025-06-02,0.10138849681913507,0.10001589137133214,0.10035822092033891,0.10193544002783797,0.09895895282300228,0.09960592768646502,0.1000803069244391,0.09985537353637014,0.09837194844704251,0.09942944144403687
2025-06-03,0.10187762537423382,0.10008231229007215,0.09942553585337023,0.1008578677710817,0.0986930049009113,0.10103829887350284,0.10068805775203106,0.10025097906158077,0.09802872501059201,0.09905759311262415
2025-06-04,0.10104107240619363,0.10086756404885362,0.09942254186950299,0.10105077740393313,0.09897121886389587,0.10029970256225622,0.10051437531561827,0.09977303292260223,0.09917171165718676,0.09888800294995728
2025-06-05,0.10162354524739893,0.10149756314300436,0.09946339173047337,0.10064930376844407,0.09878490005662004,0.10045159797069934,0.09986578650671268,0.09939831186092873,0.09934799993014176,0.09891759978557677
2025-06-06,0.10220490075566964,0.10160147780752904,0.09960208726446694,0.0990828664879734,0.09778559904557892,0.10185281557947826,0.10062252870097974,0.10020046931994901,0.09787041093276298,0.09917684410561216
2025-06-09,0.10201666077789238,0.10218452892790603,0.0993158257528635,0.09927533529272146,0.09769270194448312,0.10227123659787182,0.10049220837639772,0.10001368037418085,0.09770293195039453,0.09903489000528869
2025-06-10,0.10139497280776634,0.10237752925710575,0.09907118842041587,0.09892756533189745,0.09748812158528398,0.10243220544334503,0.10077291546028777,0.10019898769060376,0.09783333477166405,0.09950317923163003
2025-06-11,0.10287589595438146,0.10264760779401515,0.09875170237020411,0.09930803524518028,0.09774078747368774,0.1018530676611801,0.10027689747348378,0.09975755618170021,0.09797665303249606,0.0988117968136711
2025-06-12,0.10241809675742537,0.10236188774994762,0.09906850746697307,0.10009405000120039,0.09772919411884293,0.10099636578949787,0.10006503656808448,0.09970833337028946,0.09870696465659469,0.09885156352114413
2025-06-13,0.10610844915315258,0.10123323256356609,0.09827911700760471,0.10190510035343088,0.09784765785418771,0.09963861519033892,0.099295727874336,0.09907948247097952,0.0982375741951363,0.09837504333726728
2025-06-16,0.10563891853639272,0.1022465341041265,0.09842852012580323,0.10022877290190307,0.09735062422462937,0.10058928926148726,0.10045316443211456,0.09979985113459679,0.09703143925208677,0.0982328860268599
2025-06-17,0.10808131987777735,0.10109022162779661,0.09740018952175417,0.10046495788428267,0.09800715327138293,0.09971316972810483,0.09965688405459085,0.09912934653056996,0.0983931970090752,0.09806356049466543
2025-06-18,0.10825917855430216,0.10097235094742177,0.09747535399634666,0.09982880575977994,0.09797607724246644,0.10014371902400736,0.09954510335880531,0.09902009144933563,0.09847003726212476,0.09830928240541002
2025-06-20,0.10903569470726811,0.10058575526263042,0.09679348709798541,0.09998421394450732,0.09823202797510143,0.1001310749515023,0.09933460741820412,0.09898280821104775,0.09848247597501132,0.0984378544567418
2025-06-23,0.10466997518501757,0.10108788836983673,0.09721178809407986,0.09997118760718887,0.09826088233693116,0.10103364463591696,0.10003650297482358,0.09964226479739713,0.09848675226845952,0.09959911373034853
2025-06-24,0.1016439536277211,0.10319611482660378,0.09791220989602248,0.0979154142920464,0.09811715125022163,0.10181819071768879,0.10106639578081957,0.10024721004988849,0.09871358264121283,0.09936977691777489
2025-06-25,0.10184951507884488,0.10363336302963069,0.09770941132297338,0.09854668257312765,0.09849205724852321,0.1009734364425059,0.1016692121780556,0.10064436304208009,0.09917381551091083,0.09730814357334773
2025-06-26,0.10159433190211288,0.10368348053400872,0.0981956041368337,0.09783243065575985,0.09823579038003274,0.10198127573508207,0.10198898504506163,0.1008082221312621,0.09905970414400483,0.09662017533584158
2025-06-27,0.10124296911919085,0.10343758129104509,0.09923839312310007,0.09621014993582008,0.09813281292544168,0.10217456996690587,0.10249882127667653,0.1014681295677339,0.09858351709953718,0.09701305569454866
2025-06-30,0.10079956613464948,0.10325842258533106,0.09881373380088478,0.09689232063230549,0.09804728038540869,0.10182672431000353,0.10266379345551636,0.10146020405523513,0.09907219590871502,0.09716575873195032
2025-07-01,0.0,0.0,0.0,0.0,0.3996323314139431,0.0,0.0,0.600367668586057,0.0,0.0
2025-07-02,0.0,0.0,0.0,0.0,0.398044092025862,0.0,0.0,0.601955907974138,0.0,0.0
2025-07-03,0.0,0.0,0.0,0.0,0.3953333216356676,0.0,0.0,0.6046666783643324,0.0,0.0
2025-07-07,0.0,0.0,0.0,0.0,0.3963637663861204,0.0,0.0,0.6036362336138795,0.0,0.0
2025-07-08,0.0,0.0,0.0,0.0,0.3961400448108439,0.0,0.0,0.6038599551891561,0.0,0.0
2025-07-09,0.0,0.0,0.0,0.0,0.39594935469501896,0.0,0.0,0.604050645304981,0.0,0.0
2025-07-10,0.0,0.0,0.0,0.0,0.39514992331161414,0.0,0.0,0.6048500766883859,0.0,0.0
2025-07-11,0.0,0.0,0.0,0.0,0.3948792872527332,0.0,0.0,0.6051207127472668,0.0,0.0
2025-07-14,0.0,0.0,0.0,0.0,0.39432250736215807,0.0,0.0,0.6056774926378419,0.0,0.0
2025-07-15,0.0,0.0,0.0,0.0,0.39440616889842256,0.0,0.0,0.6055938311015774,0.0,0.0
2025-07-16,0.0,0.0,0.0,0.0,0.3942692963425839,0.0,0.0,0.6057307036574161,0.0,0.0
2025-07-17,0.0,0.0,0.0,0.0,0.3927372577861091,0.0,0.0,0.6072627422138909,0.0,0.0
2025-07-18,0.0,0.0,0.0,0.0,0.39357004779333626,0.0,0.0,0.6064299522066638,0.0,0.0
2025-07-21,0.0,0.0,0.0,0.0,0.3939508903479835,0.0,0.0,0.6060491096520165,0.0,0.0
2025-07-22,0.0,0.0,0.0,0.0,0.39459638645375594,0.0,0.0,0.605403613546244,0.0,0.0
2025-07-23,0.0,0.0,0.0,0.0,0.39171986510820167,0.0,0.0,0.6082801348917984,0.0,0.0
2025-07-24,0.0,0.0,0.0,0.0,0.3912883637653204,0.0,0.0,0.6087116362346796,0.0,0.0
2025-07-25,0.0,0.0,0.0,0.0,0.3908381570950737,0.0,0.0,0.6091618429049265,0.0,0.0
2025-07-28,0.0,0.0,0.0,0.0,0.3903697657732412,0.0,0.0,0.6096302342267589,0.0,0.0
2025-07-29,0.0,0.0,0.0,0.0,0.3925562214634607,0.0,0.0,0.6074437785365393,0.0,0.0
2025-07-30,0.0,0.0,0.0,0.0,0.3920283894982873,0.0,0.0,0.6079716105017127,0.0,0.0
2025-07-31,0.0,0.0,0.0,0.0,0.3931256872931277,0.0,0.0,0.6068743127068723,0.0,0.0
2025-08-01,0.0,0.0,0.0,0.0,0.39981905252684946,0.0,0.0,0.6001809474731505,0.0,0.0
2025-08-04,0.0,0.0,0.0,0.0,0.3965294495600396,0.0,0.0,0.6034705504399603,0.0,0.0
2025-08-05,0.0,0.0,0.0,0.0,0.39757132935360234,0.0,0.0,0.6024286706463977,0.0,0.0
2025-08-06,0.0,0.0,0.0,0.0,0.39557031221243855,0.0,0.0,0.6044296877875615,0.0,0.0
2025-08-07,0.0,0.0,0.0,0.0,0.395595645435045,0.0,0.0,0.604404354564955,0.0,0.0
2025-08-08,0.0,0.0,0.0,0.0,0.3931902216477477,0.0,0.0,0.6068097783522524,0.0,0.0
2025-08-11,0.0,0.0,0.0,0.0,0.3937376252583535,0.0,0.0,0.6062623747416465,0.0,0.0
2025-08-12,0.0,0.0,0.0,0.0,0.39116265554438806,0.0,0.0,0.6088373444556119,0.0,0.0
2025-08-13,0.0,0.0,0.0,0.0,0.39119619797444544,0.0,0.0,0.6088038020255545,0.0,0.0
2025-08-14,0.0,0.0,0.0,0.0,0.39040185554756024,0.0,0.0,0.6095981444524398,0.0,0.0
2025-08-15,0.0,0.0,0.0,0.0,0.3904853490009397,0.0,0.0,0.6095146509990603,0.0,0.0
2025-08-18,0.0,0.0,0.0,0.0,0.39031214858483915,0.0,0.0,0.6096878514151608,0.0,0.0
2025-08-19,0.0,0.0,0.0,0.0,0.39220787327191114,0.0,0.0,0.6077921267280889,0.0,0.0
2025-08-20,0.0,0.0,0.0,0.0,0.3931921533827486,0.0,0.0,0.6068078466172514,0.0,0.0
2025-08-21,0.0,0.0,0.0,0.0,0.3934508752783493,0.0,0.0,0.6065491247216507,0.0,0.0
2025-08-22,0.0,0.0,0.0,0.0,0.3911406377651651,0.0,0.0,0.6088593622348348,0.0,0.0
2025-08-25,0.0,0.0,0.0,0.0,0.39171829834676725,0.0,0.0,0.6082817016532328,0.0,0.0
2025-08-26,0.0,0.0,0.0,0.0,0.391345216092267,0.0,0.0,0.608654783907733,0.0,0.0
2025-08-27,0.0,0.0,0.0,0.0,0.3912500716098302,0.0,0.0,0.6087499283901698,0.0,0.0
2025-08-28,0.0,0.0,0.0,0.0,0.39095329221925545,0.0,0.0,0.6090467077807445,0.0,0.0
2025-08-29,0.0,0.0,0.0,0.0,0.39218020938150294,0.0,0.0,0.6078197906184971,0.0,0.0
2025-09-02,0.0,0.0,0.0,0.0,0.3932412693654977,0.0,0.0,0.6067587306345024,0.0,0.0
2025-09-03,0.0,0.0,0.0,0.0,0.39277436206803445,0.0,0.0,0.6072256379319657,0.0,0.0
2025-09-04,0.0,0.0,0.0,0.0,0.3918570336418702,0.0,0.0,0.6081429663581298,0.0,0.0
2025-09-05,0.0,0.0,0.0,0.0,0.3937099179918712,0.0,0.0,0.6062900820081288,0.0,0.0
2025-09-08,0.0,0.0,0.0,0.0,0.39386298083077287,0.0,0.0,0.6061370191692271,0.0,0.0
2025-09-09,0.0,0.0,0.0,0.0,0.39274596767305286,0.0,0.0,0.6072540323269471,0.0,0.0
2025-09-10,0.0,0.0,0.0,0.0,0.39269692749337703,0.0,0.0,0.6073030725066231,0.0,0.0
2025-09-11,0.0,0.0,0.0,0.0,0.3910925027113121,0.0,0.0,0.6089074972886879,0.0,0.0
2025-09-12,0.0,0.0,0.0,0.0,0.3904858372919363,0.0,0.0,0.6095141627080637,0.0,0.0
2025-09-15,0.0,0.0,0.0,0.0,0.3896147184352941,0.0,0.0,0.610385281564706,0.0,0.0
2025-09-16,0.0,0.0,0.0,0.0,0.39008937425821755,0.0,0.0,0.6099106257417825,0.0,0.0
2025-09-17,0.0,0.0,0.0,0.0,0.38987050869076084,0.0,0.0,0.6101294913092392,0.0,0.0
2025-09-18,0.0,0.0,0.0,0.0,0.3879772439955611,0.0,0.0,0.6120227560044389,0.0,0.0
2025-09-19,0.0,0.0,0.0,0.0,0.38670656659163416,0.0,0.0,0.6132934334083658,0.0,0.0
2025-09-22,0.0,0.0,0.0,0.0,0.38519524820858025,0.0,0.0,0.6148047517914198,0.0,0.0
2025-09-23,0.0,0.0,0.0,0.0,0.3871516476505534,0.0,0.0,0.6128483523494467,0.0,0.0
2025-09-24,0.0,0.0,0.0,0.0,0.3872692323737401,0.0,0.0,0.6127307676262599,0.0,0.0
2025-09-25,0.0,0.0,0.0,0.0,0.38784957396602393,0.0,0.0,0.612150426033976,0.0,0.0
2025-09-26,0.0,0.0,0.0,0.0,0.38637095762464235,0.0,0.0,0.6136290423753575,0.0,0.0
2025-09-29,0.0,0.0,0.0,0.0,0.38639448527732106,0.0,0.0,0.613605514722679,0.0,0.0
2025-09-30,0.0,0.0,0.0,0.0,0.38540525234857737,0.0,0.0,0.6145947476514226,0.0,0.0
2025-10-01,0.0,0.0,0.0,0.0,0.38539619518702123,0.0,0.0,0.6146038048129788,0.0,0.0
2025-10-02,0.0,0.0,0.0,0.0,0.3853688696904466,0.0,0.0,0.6146311303095534,0.0,0.0
2025-10-03,0.0,0.0,0.0,0.0,0.3849061081541878,0.0,0.0,0.6150938918458122,0.0,0.0
2025-10-06,0.0,0.0,0.0,0.0,0.38337108097353295,0.0,0.0,0.616628919026467,0.0,0.0
2025-10-07,0.0,0.0,0.0,0.0,0.3848397679306973,0.0,0.0,0.6151602320693027,0.0,0.0
2025-10-08,0.0,0.0,0.0,0.0,0.38348226089932086,0.0,0.0,0.6165177391006793,0.0,0.0
2025-10-09,0.0,0.0,0.0,0.0,0.38399653028776565,0.0,0.0,0.6160034697122343,0.0,0.0
2025-10-10,0.0,0.0,0.0,0.0,0.39197722406524416,0.0,0.0,0.6080227759347558,0.0,0.0
2025-10-13,0.0,0.0,0.0,0.0,0.38847654139801235,0.0,0.0,0.6115234586019875,0.0,0.0
2025-10-14,0.0,0.0,0.0,0.0,0.38937907245441405,0.0,0.0,0.6106209275455858,0.0,0.0
2025-10-15,0.0,0.0,0.0,0.0,0.3880574601583249,0.0,0.0,0.611942539841675,0.0,0.0
2025-10-16,0.0,0.0,0.0,0.0,0.390781688352676,0.0,0.0,0.609218311647324,0.0,0.0
2025-10-17,0.0,0.0,0.0,0.0,0.3890447191979471,0.0,0.0,0.610955280802053,0.0,0.0
2025-10-20,0.0,0.0,0.0,0.0,0.3869046228566467,0.0,0.0,0.6130953771433533,0.0,0.0
2025-10-21,0.0,0.0,0.0,0.0,0.38734569583553025,0.0,0.0,0.6126543041644699,0.0,0.0
2025-10-22,0.0,0.0,0.0,0.0,0.3886319905404375,0.0,0.0,0.6113680094595625,0.0,0.0
2025-10-23,0.0,0.0,0.0,0.0,0.3864501598142088,0.0,0.0,0.6135498401857913,0.0,0.0
2025-10-24,0.0,0.0,0.0,0.0,0.38474067100345344,0.0,0.0,0.6152593289965467,0.0,0.0
2025-10-27,0.0,0.0,0.0,0.0,0.3819680872517552,0.0,0.0,0.6180319127482449,0.0,0.0
2025-10-28,0.0,0.0,0.0,0.0,0.381559854633853,0.0,0.0,0.6184401453661469,0.0,0.0
2025-10-29,0.0,0.0,0.0,0.0,0.37991944121282883,0.0,0.0,0.6200805587871712,0.0,0.0
2025-10-30,0.0,0.0,0.0,0.0,0.3821869128022421,0.0,0.0,0.6178130871977578,0.0,0.0
2025-10-31,0.0,0.0,0.0,0.0,0.3815114424429727,0.0,0.0,0.6184885575570273,0.0,0.0
2025-11-03,0.0,0.0,0.0,0.0,0.3809567306982983,0.0,0.0,0.6190432693017017,0.0,0.0
2025-11-04,0.0,0.0,0.0,0.0,0.38406675372435356,0.0,0.0,0.6159332462756465,0.0,0.0
2025-11-05,0.0,0.0,0.0,0.0,0.38212132306530916,0.0,0.0,0.6178786769346909,0.0,0.0
2025-11-06,0.0,0.0,0.0,0.0,0.38587527065002913,0.0,0.0,0.6141247293499709,0.0,0.0
2025-11-07,0.0,0.0,0.0,0.0,0.38574012883527214,0.0,0.0,0.6142598711647279,0.0,0.0
2025-11-10,0.0,0.0,0.0,0.0,0.3817602741308445,0.0,0.0,0.6182397258691554,0.0,0.0
2025-11-11,0.0,0.0,0.0,0.0,0.38195272980085315,0.0,0.0,0.6180472701991468,0.0,0.0
2025-11-12,0.0,0.0,0.0,0.0,0.3818701530260512,0.0,0.0,0.6181298469739487,0.0,0.0
2025-11-13,0.0,0.0,0.0,0.0,0.3851420690014983,0.0,0.0,0.6148579309985017,0.0,0.0
2025-11-14,0.0,0.0,0.0,0.0,0.38478836754614937,0.0,0.0,0.6152116324538506,0.0,0.0
2025-11-17,0.0,0.0,0.0,0.0,0.3872769804991097,0.0,0.0,0.6127230195008904,0.0,0.0
2025-11-18,0.0,0.0,0.0,0.0,0.38967366431392475,0.0,0.0,0.6103263356860752,0.0,0.0
2025-11-19,0.0,0.0,0.0,0.0,0.3885850381943484,0.0,0.0,0.6114149618056515,0.0,0.0
2025-11-20,0.0,0.0,0.0,0.0,0.39280725869587857,0.0,0.0,0.6071927413041215,0.0,0.0
2025-11-21,0.0,0.0,0.0,0.0,0.39123089744642386,0.0,0.0,0.6087691025535762,0.0,0.0
2025-11-24,0.0,0.0,0.0,0.0,0.38812270957553996,0.0,0.0,0.6118772904244599,0.0,0.0
2025-11-25,0.0,0.0,0.0,0.0,0.3865097451181059,0.0,0.0,0.6134902548818942,0.0,0.0
2025-11-26,0.0,0.0,0.0,0.0,0.38507370389110096,0.0,0.0,0.614926296108899,0.0,0.0
2025-11-28,0.0,0.0,0.0,0.0,0.383373653894521,0.0,0.0,0.6166263461054791,0.0,0.0
2025-12-01,0.0,0.0,0.0,0.0,0.38318261451818875,0.0,0.0,0.6168173854818113,0.0,0.0
2025-12-02,0.0,0.0,0.0,0.0,0.38294072006399027,0.0,0.0,0.6170592799360097,0.0,0.0
2025-12-03,0.0,0.0,0.0,0.0,0.38261181669663225,0.0,0.0,0.6173881833033679,0.0,0.0
2025-12-04,0.0,0.0,0.0,0.0,0.38170761709597884,0.0,0.0,0.6182923829040212,0.0,0.0
2025-12-05,0.0,0.0,0.0,0.0,0.3807714453394962,0.0,0.0,0.6192285546605037,0.0,0.0
2025-12-08,0.0,0.0,0.0,0.0,0.38099156624132235,0.0,0.0,0.6190084337586776,0.0,0.0
2025-12-09,0.0,0.0,0.0,0.0,0.3808519667977799,0.0,0.0,0.6191480332022202,0.0,0.0
2025-12-10,0.0,0.0,0.0,0.0,0.38005276179655845,0.0,0.0,0.6199472382034416,0.0,0.0
2025-12-11,0.0,0.0,0.0,0.0,0.3795296988766752,0.0,0.0,0.6204703011233249,0.0,0.0
2025-12-12,0.0,0.0,0.0,0.0,0.38144156491865927,0.0,0.0,0.6185584350813408,0.0,0.0
2025-12-15,0.0,0.0,0.0,0.0,0.3819946097014637,0.0,0.0,0.6180053902985363,0.0,0.0
2025-12-16,0.0,0.0,0.0,0.0,0.38330258187649147,0.0,0.0,0.6166974181235086,0.0,0.0
2025-12-17,0.0,0.0,0.0,0.0,0.38587224744875276,0.0,0.0,0.6141277525512473,0.0,0.0
2025-12-18,0.0,0.0,0.0,0.0,0.3847031791457891,0.0,0.0,0.6152968208542109,0.0,0.0
2025-12-19,0.0,0.0,0.0,0.0,0.3820378404983116,0.0,0.0,0.6179621595016884,0.0,0.0
2025-12-22,0.0,0.0,0.0,0.0,0.38032764504516176,0.0,0.0,0.6196723549548383,0.0,0.0
2025-12-23,0.0,0.0,0.0,0.0,0.3791555586164319,0.0,0.0,0.6208444413835681,0.0,0.0
2025-12-24,0.0,0.0,0.0,0.0,0.3789405854391519,0.0,0.0,0.6210594145608481,0.0,0.0
2025-12-26,0.0,0.0,0.0,0.0,0.3791842181705462,0.0,0.0,0.6208157818294538,0.0,0.0
2025-12-29,0.0,0.0,0.0,0.0,0.3803668180279315,0.0,0.0,0.6196331819720685,0.0,0.0
2025-12-30,0.0,0.0,0.0,0.0,0.38041064990206186,0.0,0.0,0.619589350097938,0.0,0.0
2025-12-31,0.0,0.0,0.0,0.0,0.38138085597636023,0.0,0.0,0.6186191440236397,0.0,0.0
2026-01-02,0.0,0.0,0.0,0.0,0.3807526133541169,0.0,0.0,0.619247386645883,0.0,0.0
2026-01-05,0.0,0.0,0.0,0.0,0.37989847317189707,0.0,0.0,0.6201015268281029,0.0,0.0
2026-01-06,0.0,0.0,0.0,0.0,0.37833166487579817,0.0,0.0,0.6216683351242019,0.0,0.0
2026-01-07,0.0,0.0,0.0,0.0,0.3795309831633899,0.0,0.0,0.62046901683661,0.0,0.0
2026-01-08,0.0,0.0,0.0,0.0,0.3788462387032223,0.0,0.0,0.6211537612967777,0.0,0.0
2026-01-09,0.0,0.0,0.0,0.0,0.3775648849625167,0.0,0.0,0.6224351150374833,0.0,0.0
2026-01-12,0.0,0.0,0.0,0.0,0.37690328957321856,0.0,0.0,0.6230967104267815,0.0,0.0
2026-01-13,0.0,0.0,0.0,0.0,0.3776664867197955,0.0,0.0,0.6223335132802045,0.0,0.0
2026-01-14,0.0,0.0,0.0,0.0,0.37931357408554034,0.0,0.0,0.6206864259144597,0.0,0.0
2026-01-15,0.0,0.0,0.0,0.0,0.3781855303513168,0.0,0.0,0.6218144696486833,0.0,0.0
2026-01-16,0.0,0.0,0.0,0.0,0.3774776498898871,0.0,0.0,0.6225223501101129,0.0,0.0
2026-01-20,0.0,0.0,0.0,0.0,0.38138578498171066,0.0,0.0,0.6186142150182894,0.0,0.0
2026-01-21,0.0,0.0,0.0,0.0,0.3792971952848743,0.0,0.0,0.6207028047151257,0.0,0.0
2026-01-22,0.0,0.0,0.0,0.0,0.3780468845523226,0.0,0.0,0.6219531154476774,0.0,0.0
2026-01-23,0.0,0.0,0.0,0.0,0.3783540678929013,0.0,0.0,0.6216459321070985,0.0,0.0
2026-01-26,0.0,0.0,0.0,0.0,0.3775059928890199,0.0,0.0,0.6224940071109801,0.0,0.0
2026-01-27,0.0,0.0,0.0,0.0,0.3763031689272502,0.0,0.0,0.6236968310727499,0.0,0.0
2026-01-28,0.0,0.0,0.0,0.0,0.3761311079824903,0.0,0.0,0.6238688920175097,0.0,0.0
2026-01-29,0.0,0.0,0.0,0.0,0.37684205289818073,0.0,0.0,0.6231579471018193,0.0,0.0
2026-01-30,0.0,0.0,0.0,0.0,0.37739683993648665,0.0,0.0,0.6226031600635134,0.0,0.0
2026-02-02,0.0,0.0,0.0,0.0,0.37577063775237485,0.0,0.0,0.6242293622476252,0.0,0.0
2026-02-03,0.0,0.0,0.0,0.0,0.3779860865461309,0.0,0.0,0.6220139134538691,0.0,0.0
2026-02-04,0.0,0.0,0.0,0.0,0.3790791122668281,0.0,0.0,0.6209208877331719,0.0,0.0
2026-02-05,0.0,0.0,0.0,0.0,0.38342292862181504,0.0,0.0,0.616577071378185,0.0,0.0
2026-02-06,0.0,0.0,0.0,0.0,0.37894047978477813,0.0,0.0,0.6210595202152218,0.0,0.0
2026-02-09,0.0,0.0,0.0,0.0,0.3778579953111356,0.0,0.0,0.6221420046888644,0.0,0.0
2026-02-10,0.0,0.0,0.0,0.0,0.3795054464224846,0.0,0.0,0.6204945535775153,0.0,0.0
2026-02-11,0.0,0.0,0.0,0.0,0.37890035319822135,0.0,0.0,0.6210996468017786,0.0,0.0
2026-02-12,0.0,0.0,0.0,0.0,0.38401593311479437,0.0,0.0,0.6159840668852057,0.0,0.0
2026-02-13,0.0,0.0,0.0,0.0,0.3847761049529321,0.0,0.0,0.6152238950470679,0.0,0.0
2026-02-17,0.0,0.0,0.0,0.0,0.3843701901524791,0.0,0.0,0.6156298098475209,0.0,0.0
2026-02-18,0.0,0.0,0.0,0.0,0.3826951026296831,0.0,0.0,0.6173048973703168,0.0,0.0
2026-02-19,0.0,0.0,0.0,0.0,0.3835384394342278,0.0,0.0,0.6164615605657723,0.0,0.0
2026-02-20,0.0,0.0,0.0,0.0,0.3818361327150307,0.0,0.0,0.6181638672849693,0.0,0.0
2026-02-23,0.0,0.0,0.0,0.0,0.38511344829351535,0.0,0.0,0.6148865517064847,0.0,0.0
2026-02-24,0.0,0.0,0.0,0.0,0.3833514143283221,0.0,0.0,0.6166485856716779,0.0,0.0
2026-02-25,0.0,0.0,0.0,0.0,0.38117317764409125,0.0,0.0,0.6188268223559088,0.0,0.0
2026-02-26,0.0,0.0,0.0,0.0,0.38311813041185655,0.0,0.0,0.6168818695881434,0.0,0.0
2026-02-27,0.0,0.0,0.0,0.0,0.3852003678754483,0.0,0.0,0.6147996321245517,0.0,0.0
2026-03-02,0.0,0.0,0.0,0.0,0.3836398947875935,0.0,0.0,0.6163601052124065,0.0,0.0
2026-03-03,0.0,0.0,0.0,0.0,0.3854670345907653,0.0,0.0,0.6145329654092346,0.0,0.0
2026-03-04,0.0,0.0,0.0,0.0,0.3833150080176233,0.0,0.0,0.6166849919823768,0.0,0.0
2026-03-05,0.0,0.0,0.0,0.0,0.3839031573690513,0.0,0.0,0.6160968426309488,0.0,0.0
2026-03-06,0.0,0.0,0.0,0.0,0.38688097458312537,0.0,0.0,0.6131190254168746,0.0,0.0
2026-03-09,0.0,0.0,0.0,0.0,0.3855496438612877,0.0,0.0,0.6144503561387122,0.0,0.0
2026-03-10,0.0,0.0,0.0,0.0,0.3851704847584282,0.0,0.0,0.6148295152415718,0.0,0.0
2026-03-11,0.0,0.0,0.0,0.0,0.3843852565485729,0.0,0.0,0.6156147434514271,0.0,0.0
2026-03-12,0.0,0.0,0.0,0.0,0.38724469714573945,0.0,0.0,0.6127553028542605,0.0,0.0
2026-03-13,0.0,0.0,0.0,0.0,0.38834403692336167,0.0,0.0,0.6116559630766383,0.0,0.0
2026-03-16,0.0,0.0,0.0,0.0,0.38700590120060213,0.0,0.0,0.6129940987993978,0.0,0.0
2026-03-17,0.0,0.0,0.0,0.0,0.3868023463108728,0.0,0.0,0.6131976536891273,0.0,0.0
2026-03-18,0.0,0.0,0.0,0.0,0.38905018379944467,0.0,0.0,0.6109498162005553,0.0,0.0
2026-03-19,0.0,0.0,0.0,0.0,0.3896119599357818,0.0,0.0,0.6103880400642181,0.0,0.0
2026-03-20,0.0,0.0,0.0,0.0,0.3909008076072369,0.0,0.0,0.609099192392763,0.0,0.0
2026-03-23,0.0,0.0,0.0,0.0,0.38916684916122596,0.0,0.0,0.6108331508387742,0.0,0.0
2026-03-24,0.0,0.0,0.0,0.0,0.3891656167110691,0.0,0.0,0.6108343832889309,0.0,0.0
2026-03-25,0.0,0.0,0.0,0.0,0.3890942776364816,0.0,0.0,0.6109057223635186,0.0,0.0
2026-03-26,0.0,0.0,0.0,0.0,0.3914530561620756,0.0,0.0,0.6085469438379244,0.0,0.0
2026-03-27,0.0,0.0,0.0,0.0,0.3955830109280988,0.0,0.0,0.6044169890719011,0.0,0.0
2026-03-30,0.0,0.0,0.0,0.0,0.3980738574026409,0.0,0.0,0.601926142597359,0.0,0.0
2026-03-31,0.0,0.0,0.0,0.0,0.39165335286122005,0.0,0.0,0.60834664713878,0.0,0.0
2026-04-01,0.0984854319279259,0.10018283123989793,0.10092738911371381,0.10115230041177352,0.09932584605440017,0.10003793115667713,0.10064066122260629,0.10016162096078064,0.09931473923663772,0.09977124867558686
2026-04-02,0.10055261511799651,0.09890032163226226,0.10013885028256683,0.09904687631276857,0.0993928007152423,0.10056651235235038,0.10059111822812744,0.10008769755945683,0.09976136686266604,0.10096184093656269
2026-04-06,0.10078988449013433,0.09953558333509133,0.10036374008144305,0.09837058700484419,0.09886027183976435,0.10071795302647707,0.10091907945196099,0.10028520622207344,0.09932748386797538,0.10083021068023594
2026-04-07,0.1002685063297816,0.09973961912454567,0.10007604845602962,0.09918376669640087,0.09896658404999231,0.10079139996324975,0.10078845933649543,0.10018415307697724,0.09917230646679771,0.10082915649972973
2026-04-08,0.09576690156604005,0.10331381743122214,0.10213177458085064,0.09803120107392209,0.09741855589187205,0.10195577918928717,0.10193696266387606,0.10090634879683498,0.09772110012360431,0.10081755868249069
2026-04-09,0.09597701086787123,0.10272685708514076,0.10158193557344732,0.09849319496414406,0.09709166531993364,0.10222706565605098,0.1023143315282949,0.10117973671768693,0.09717723426203384,0.10123096802539631
2026-04-10,0.09532532300165768,0.10325854810993274,0.1018648941359319,0.09836970319534237,0.09698008545666544,0.10202337476014414,0.10251601786335908,0.1011661979507728,0.0969930677237625,0.10150278780243131
2026-04-13,0.09618615346623843,0.10339955086582824,0.10177581458161807,0.09728588661579834,0.09651380484837435,0.10277121202680478,0.1028515722157044,0.10144006830932065,0.09660395264360476,0.10117198442670793
2026-04-14,0.09475595017051071,0.10424555545717852,0.10149247654374437,0.0983889630987444,0.09578431807593515,0.10306427140465589,0.10359120768185541,0.10157026750270565,0.09607024988929744,0.10103674017537259
2026-04-15,0.0948532794329166,0.10410507985062382,0.10109795973350748,0.09729681003960144,0.09550692854730637,0.1032483757384408,0.10496734419552715,0.10229955289596755,0.09558417776577295,0.10104049180033592
2026-04-16,0.09539513513535408,0.10432614776325247,0.10061404593088119,0.09702931143865086,0.09515704160196636,0.10326764136402072,0.10527375387079788,0.10235730296356763,0.09479938898612127,0.10178023094538746
2026-04-17,0.09181484887177724,0.10528993097857034,0.10091198974044595,0.09737197151320838,0.09475397289673862,0.10448155600025529,0.10562374638683994,0.10259638672308297,0.09474577822127375,0.1024098186678076
2026-04-20,0.09308987896728292,0.10457578166084865,0.1005604845243322,0.09657679238738347,0.09470754427631775,0.10512351115205382,0.1053356462510353,0.10243716055852645,0.09476652759124357,0.10282667263097592
2026-04-21,0.09576599058994063,0.10403891760902242,0.09931089326899861,0.09475475889963164,0.09520991895133644,0.10505938750644442,0.10595596875048259,0.10275663991291545,0.09516090041773191,0.10198662409349589
2026-04-22,0.09603238255707824,0.10514229049478356,0.09890451909206995,0.09529817332452727,0.09460319684886508,0.10502896971538572,0.10693011813926381,0.10302781263747841,0.09464098705894186,0.10039155013160614
2026-04-23,0.0975417626008215,0.10372366703818624,0.0984718405581439,0.09463888029258898,0.09471952330154207,0.10495779525981652,0.10662599368499055,0.10291579149130985,0.09469851093860296,0.10170623483399747
2026-04-24,0.09680071565612405,0.10533617080125894,0.09833400409935562,0.0944962653847956,0.09428179975959841,0.1046926776027559,0.1079482658675672,0.10302878787734948,0.09424739305287615,0.10083391989831872
2026-04-27,0.09767762100272961,0.10531246116951833,0.09808901855274318,0.09388961515848891,0.09419135150716117,0.10501927367489126,0.10815054067139179,0.10334519087309864,0.09390623070409287,0.10041869668588424
2026-04-28,0.0989142026173497,0.1046866748195094,0.0981042055508447,0.09254441538268247,0.09450854336163537,0.10424322902852687,0.10752493324693267,0.103286136330382,0.09440986633716335,0.10177779332497344
2026-04-29,0.10154058211460643,0.10440796208546509,0.09730826674067129,0.09175057838346962,0.09426055945471745,0.10376529147727008,0.10841060086798851,0.10348811778759426,0.0938751889122612,0.10119285217595611
2026-04-30,0.10041750454990668,0.10532655391084784,0.09847018837713677,0.09203516890019744,0.09333493015491418,0.1047716721812439,0.10814183122238756,0.10329530793319905,0.09269058557940023,0.10151625719076626
2026-05-01,0.09939030619771816,0.10546060932913362,0.09816876055948551,0.09184695912552251,0.09332063976130438,0.10516932344150627,0.10908027057256477,0.1034867725934626,0.09293706840624577,0.10113929001305638
2026-05-04,0.10150936914595382,0.10587183831270965,0.09724570021414014,0.09040189858859175,0.09338211256435498,0.10509933040062097,0.10935047615291804,0.10355816057363941,0.09263440877912382,0.10094670526794743
2026-05-05,0.10020796338168694,0.10707846073935047,0.09768172100623308,0.09038402004684924,0.0927063058817087,0.1059388408830635,0.10980469146052967,0.10347997927527891,0.09233580783110518,0.10038220949419432
2026-05-06,0.0957355769723562,0.10902818104794537,0.09899666667764412,0.09188548638683068,0.09192596995499949,0.10609591562566972,0.11059249768596166,0.10352046517584446,0.09179880351956198,0.10042043695318632
2026-05-07,0.0964972087299267,0.10828668762956781,0.09782678315906933,0.09264854653973864,0.09225229895854754,0.10510796238689521,0.11119211594180267,0.10388654713368407,0.09194515738290905,0.10035669213785894
2026-05-08,0.09580018452599873,0.10950299339810739,0.09796822132863153,0.09227213027388155,0.09167616002750717,0.10488150026961526,0.11279012912466743,0.10381605570833424,0.09158790013002026,0.09970472521323642
2026-05-11,0.09795786012468675,0.10914915071529001,0.09751676861935257,0.09222843539733877,0.09113906672245793,0.10504663336811487,0.11283433667722932,0.10379266199169922,0.09080728974107144,0.09952779664275913
2026-05-12,0.10047867523639523,0.10638643170123277,0.09747068019606368,0.09235419895623014,0.0913161158985911,0.10458625546240938,0.11247494332193118,0.10418903713852883,0.09068419209309586,0.10005946999552179
2026-05-13,0.09925135543452358,0.10840080873518644,0.09791291763765157,0.09163943221059917,0.09112083542064678,0.10439952971669031,0.113419863623707,0.10454790196524405,0.09028797587855232,0.09901937937719886
2026-05-14,0.09852583839974315,0.10864251479484946,0.09753484421241583,0.09091191636541329,0.09103565322350758,0.10502554758574234,0.11419187343474606,0.10534174175232973,0.0903887098549662,0.0984013603762862
2026-05-15,0.10029619105277922,0.10666613501147675,0.09749236811063934,0.09028058445308916,0.09181616010290156,0.10420424442530256,0.11434304217082848,0.10580873083081667,0.09053136184093154,0.0985611820012348
2026-05-18,0.10076373774480207,0.10635083989152039,0.0982534553887672,0.09039855029364112,0.0916464339457753,0.10344514434454828,0.11368928195690826,0.1055840096410038,0.0902946173557406,0.09957392943729311
2026-05-19,0.1020944131672356,0.10580225682748934,0.09811425195867156,0.0894199927359154,0.09182602447944418,0.10292882583699219,0.1136478096524143,0.10549256737073989,0.09023443723773049,0.100439420733367
2026-05-20,0.09865590873414619,0.10661014383068707,0.09866988955586152,0.08971923823921225,0.09144558877607453,0.10437561890458592,0.11427837423881498,0.10541893811217246,0.09021353332719284,0.10061276628125215
2026-05-21,0.0978078176069384,0.10723910992234163,0.09893647815687857,0.08938160110903336,0.09124939868478545,0.10505945239730052,0.11417757373565549,0.10533395458177308,0.09029475524754413,0.1005198585577494
2026-05-22,0.0972087209478395,0.1068972298694051,0.0986463983313689,0.0886206609745293,0.09124335206116817,0.10594019457456909,0.11455646794738898,0.10565097090983647,0.09070456446625887,0.10053143991763572
2026-05-26,0.09467280123219418,0.10992657343637005,0.09878517299410505,0.08781274316357474,0.09075727655147305,0.1069123548096036,0.11547730589492791,0.10533696281483451,0.09028415414517557,0.10003465495774137
2026-05-27,0.09329547707150768,0.11029482225600803,0.09879113499587619,0.0869469910934233,0.09111326241494172,0.10723448543451597,0.11574938513091397,0.10568697871520961,0.0908127842436276,0.10007467864397589
2026-05-28,0.09361225908761597,0.11016612251230133,0.09828434651093855,0.08747407575258721,0.09092671562745132,0.10737627008852393,0.11621520669454183,0.10580564245189297,0.09088234426508514,0.09925701700906184
2026-05-29,0.09289256022472284,0.11019307105301422,0.0984260345920042,0.08843044016638,0.0910680561884043,0.10682965429861327,0.11668889363151025,0.10611065996639729,0.09093904218478883,0.09842158769416473
2026-06-01,0.0,0.0,0.0,0.0,0.39893275261830674,0.0,0.0,0.6010672473816933,0.0,0.0
2026-06-02,0.0,0.0,0.0,0.0,0.39878554275296085,0.0,0.0,0.6012144572470391,0.0,0.0
2026-06-03,0.0,0.0,0.0,0.0,0.3998630139809196,0.0,0.0,0.6001369860190805,0.0,0.0
2026-06-04,0.0,0.0,0.0,0.0,0.39926425147021677,0.0,0.0,0.6007357485297832,0.0,0.0
2026-06-05,0.0,0.0,0.0,0.0,0.4042687121307295,0.0,0.0,0.5957312878692705,0.0,0.0
2026-06-08,0.0,0.0,0.0,0.0,0.4034668905743415,0.0,0.0,0.5965331094256584,0.0,0.0
2026-06-09,0.0,0.0,0.0,0.0,0.4048434019146963,0.0,0.0,0.5951565980853037,0.0,0.0
2026-06-10,0.0,0.0,0.0,0.0,0.4084460177762251,0.0,0.0,0.591553982223775,0.0,0.0
2026-06-11,0.0,0.0,0.0,0.0,0.40604647573864633,0.0,0.0,0.5939535242613537,0.0,0.0
2026-06-12,0.0,0.0,0.0,0.0,0.40433744952299044,0.0,0.0,0.5956625504770096,0.0,0.0
2026-06-15,0.0,0.0,0.0,0.0,0.4003892263716896,0.0,0.0,0.5996107736283105,0.0,0.0
2026-06-16,0.0,0.0,0.0,0.0,0.4024368355388234,0.0,0.0,0.5975631644611766,0.0,0.0
2026-06-17,0.0,0.0,0.0,0.0,0.4041845801040449,0.0,0.0,0.5958154198959551,0.0,0.0
2026-06-18,0.0,0.0,0.0,0.0,0.40256406360588726,0.0,0.0,0.5974359363941129,0.0,0.0
2026-06-22,0.0,0.0,0.0,0.0,0.40240280584255855,0.0,0.0,0.5975971941574415,0.0,0.0
2026-06-23,0.0,0.0,0.0,0.0,0.40623323957903174,0.0,0.0,0.5937667604209683,0.0,0.0
2026-06-24,0.0,0.0,0.0,0.0,0.4079043940244765,0.0,0.0,0.5920956059755236,0.0,0.0
2026-06-25,0.0,0.0,0.0,0.0,0.4077084313513967,0.0,0.0,0.5922915686486033,0.0,0.0
2026-06-26,0.0,0.0,0.0,0.0,0.40815784798135446,0.0,0.0,0.5918421520186454,0.0,0.0
